<?xml version="1.0" encoding="utf-8"?>
<export xmlns:xsi="http://www.w3.org/2001/XMLSchema-instance" xmlns:xsd="http://www.w3.org/2001/XMLSchema" datedebut="2024-03-01" datefin="2024-03-31">
  <contrat>
    <numeroseao>1078454</numeroseao>
    <numero>2017-6045-60-01</numero>
    <datefinale>2024-01-31</datefinale>
    <datepublicationfinale>2021-11-15</datepublicationfinale>
    <montantfinal>657692.680000</montantfinal>
    <nomcontractant>Corporation Baxter</nomcontractant>
    <neqcontractant>1160580271</neqcontractant>
  </contrat>
  <contrat>
    <numeroseao>1097347</numeroseao>
    <numero>BC 1171270</numero>
    <datefinale>2017-05-15</datefinale>
    <datepublicationfinale>2019-08-08</datepublicationfinale>
    <montantfinal>31211.220000</montantfinal>
    <nomcontractant>Institut du Nouveau Monde</nomcontractant>
    <neqcontractant>1161264164</neqcontractant>
  </contrat>
  <contrat>
    <numeroseao>1101454</numeroseao>
    <numero>7006-17-HA04</numero>
    <datefinale>2024-02-28</datefinale>
    <datepublicationfinale>2024-02-29</datepublicationfinale>
    <montantfinal>70420.020000</montantfinal>
    <nomcontractant>Services EXP inc., Les</nomcontractant>
    <neqcontractant>1167268128</neqcontractant>
  </contrat>
  <contrat>
    <numeroseao>1126141</numeroseao>
    <numero>44508190</numero>
    <datefinale>2024-02-29</datefinale>
    <datepublicationfinale>2019-01-21</datepublicationfinale>
    <montantfinal>122225.000000</montantfinal>
    <nomcontractant>Ascenseurs TK (Canada) Limitée</nomcontractant>
    <neqcontractant>1166288408</neqcontractant>
  </contrat>
  <contrat>
    <numeroseao>1131747</numeroseao>
    <numero>2503-18-0205</numero>
    <datefinale>2024-03-06</datefinale>
    <datepublicationfinale>2021-09-22</datepublicationfinale>
    <montantfinal>1271676.080000</montantfinal>
    <nomcontractant>CONSTRUCTIONS CONCREATE LTÉE</nomcontractant>
    <neqcontractant>1142587287</neqcontractant>
  </contrat>
  <contrat>
    <numeroseao>1194208</numeroseao>
    <numero>44510809</numero>
    <datefinale>2024-03-12</datefinale>
    <datepublicationfinale>2022-07-04</datepublicationfinale>
    <montantfinal>41822.350000</montantfinal>
    <nomcontractant>ABCP architecture et urbanisme</nomcontractant>
    <neqcontractant>1168446459</neqcontractant>
  </contrat>
  <contrat>
    <numeroseao>1207974</numeroseao>
    <numero>AOP20181019NH-CP</numero>
    <datefinale>2024-03-19</datefinale>
    <datepublicationfinale>2023-11-23</datepublicationfinale>
    <montantfinal>299887.700000</montantfinal>
    <nomcontractant>Raymond Chabot Grant Thornton &amp; Cie S.E.N.C.R.L.</nomcontractant>
    <neqcontractant>3342039677</neqcontractant>
  </contrat>
  <contrat>
    <numeroseao>1211069</numeroseao>
    <numero>AO-2018-037</numero>
    <datefinale>2023-09-30</datefinale>
    <datepublicationfinale>2024-01-05</datepublicationfinale>
    <montantfinal>412883.550000</montantfinal>
    <nomcontractant>Raymond Chabot Grant Thornton &amp; Cie S.E.N.C.R.L.</nomcontractant>
    <neqcontractant>3342039677</neqcontractant>
  </contrat>
  <contrat>
    <numeroseao>1226775</numeroseao>
    <numero>2018-359-GG</numero>
    <datefinale>2020-12-31</datefinale>
    <datepublicationfinale>2021-03-24</datepublicationfinale>
    <montantfinal>19090.830000</montantfinal>
    <nomcontractant>Anne Goubayon (Consultante)</nomcontractant>
    <neqcontractant />
  </contrat>
  <contrat>
    <numeroseao>1229074</numeroseao>
    <numero>34520600</numero>
    <datefinale>2024-01-31</datefinale>
    <datepublicationfinale>2024-02-02</datepublicationfinale>
    <montantfinal>95045.200000</montantfinal>
    <nomcontractant>GROUPE SOUCY INC.</nomcontractant>
    <neqcontractant>1148271365</neqcontractant>
  </contrat>
  <contrat>
    <numeroseao>1296363</numeroseao>
    <numero>2019-0171-GG</numero>
    <datefinale>2022-08-30</datefinale>
    <datepublicationfinale>2023-04-25</datepublicationfinale>
    <montantfinal>72017.500000</montantfinal>
    <nomcontractant>Omnimed</nomcontractant>
    <neqcontractant>1147798178</neqcontractant>
  </contrat>
  <contrat>
    <numeroseao>1315039</numeroseao>
    <numero>MA100992</numero>
    <datefinale>2022-04-27</datefinale>
    <datepublicationfinale>2022-06-30</datepublicationfinale>
    <montantfinal>78515.470000</montantfinal>
    <nomcontractant>LGT</nomcontractant>
    <neqcontractant>1171470132</neqcontractant>
  </contrat>
  <contrat>
    <numeroseao>1336451</numeroseao>
    <numero>4402-18-0401</numero>
    <datefinale>2024-03-06</datefinale>
    <datepublicationfinale>2023-10-25</datepublicationfinale>
    <montantfinal>15277613.560000</montantfinal>
    <nomcontractant>TISSEUR INC.</nomcontractant>
    <neqcontractant>1149222300</neqcontractant>
  </contrat>
  <contrat>
    <numeroseao>1346608</numeroseao>
    <numero>45000979</numero>
    <datefinale>2022-05-06</datefinale>
    <datepublicationfinale>2023-01-13</datepublicationfinale>
    <montantfinal>180799.670000</montantfinal>
    <nomcontractant>Jean-Sébastien Denis</nomcontractant>
    <neqcontractant />
  </contrat>
  <contrat>
    <numeroseao>1355756</numeroseao>
    <numero>8601-19-0003</numero>
    <datefinale>2024-02-27</datefinale>
    <datepublicationfinale>2023-10-23</datepublicationfinale>
    <montantfinal>8396832.560000</montantfinal>
    <nomcontractant>IPR 360 INC.</nomcontractant>
    <neqcontractant>1166303256</neqcontractant>
  </contrat>
  <contrat>
    <numeroseao>1361138</numeroseao>
    <numero>6614-20-HV04</numero>
    <datefinale>2024-02-29</datefinale>
    <datepublicationfinale>2021-01-14</datepublicationfinale>
    <montantfinal>53497.060000</montantfinal>
    <nomcontractant>Fertibeauce inc.</nomcontractant>
    <neqcontractant>1142280917</neqcontractant>
  </contrat>
  <contrat>
    <numeroseao>1384506</numeroseao>
    <numero>933710, 933694 et 935238</numero>
    <datefinale>2020-05-22</datefinale>
    <datepublicationfinale>2024-02-21</datepublicationfinale>
    <montantfinal>156861.940000</montantfinal>
    <nomcontractant>CRYO-QUÉBEC INC</nomcontractant>
    <neqcontractant>1173245862</neqcontractant>
  </contrat>
  <contrat>
    <numeroseao>1385793</numeroseao>
    <numero>44518936</numero>
    <datefinale>2021-10-05</datefinale>
    <datepublicationfinale>2023-09-18</datepublicationfinale>
    <montantfinal>98550.000000</montantfinal>
    <nomcontractant>TRIZART ALLIANCE INC</nomcontractant>
    <neqcontractant>1144582625</neqcontractant>
  </contrat>
  <contrat>
    <numeroseao>1403964</numeroseao>
    <numero>8901-20-0301</numero>
    <datefinale>2024-03-06</datefinale>
    <datepublicationfinale>2021-09-22</datepublicationfinale>
    <montantfinal>393735.440000</montantfinal>
    <nomcontractant>Infratek construction</nomcontractant>
    <neqcontractant>1173678245</neqcontractant>
  </contrat>
  <contrat>
    <numeroseao>1406067</numeroseao>
    <numero>IMM20-08</numero>
    <datefinale>2021-12-04</datefinale>
    <datepublicationfinale>2021-10-14</datepublicationfinale>
    <montantfinal>76801.080000</montantfinal>
    <nomcontractant>Surfaces Carpell Inc (Surface synthétique sportive)</nomcontractant>
    <neqcontractant>1160561420</neqcontractant>
  </contrat>
  <contrat>
    <numeroseao>1406075</numeroseao>
    <numero>IMM20-07</numero>
    <datefinale>2022-05-26</datefinale>
    <datepublicationfinale>2023-02-08</datepublicationfinale>
    <montantfinal>68691.820000</montantfinal>
    <nomcontractant>Toromont Cat (Québec) - Division Énergie</nomcontractant>
    <neqcontractant>1144694263</neqcontractant>
  </contrat>
  <contrat>
    <numeroseao>1414079</numeroseao>
    <numero>9944</numero>
    <datefinale>2024-02-21</datefinale>
    <datepublicationfinale>2024-01-24</datepublicationfinale>
    <montantfinal>330691.500000</montantfinal>
    <nomcontractant>NEWTEC ÉLECTRICITÉ INC.</nomcontractant>
    <neqcontractant>1163800098</neqcontractant>
  </contrat>
  <contrat>
    <numeroseao>1414894</numeroseao>
    <numero>BON202100826</numero>
    <datefinale>2023-08-30</datefinale>
    <datepublicationfinale>2023-08-03</datepublicationfinale>
    <montantfinal>67740.000000</montantfinal>
    <nomcontractant>MINOGUE MEDICAL INC.</nomcontractant>
    <neqcontractant>1143221191</neqcontractant>
  </contrat>
  <contrat>
    <numeroseao>1422748</numeroseao>
    <numero>3301-20-PZ13</numero>
    <datefinale>2024-03-04</datefinale>
    <datepublicationfinale>2024-02-26</datepublicationfinale>
    <montantfinal>1361596.500000</montantfinal>
    <nomcontractant>RAIL CANTECH INC.</nomcontractant>
    <neqcontractant>1144255362</neqcontractant>
  </contrat>
  <contrat>
    <numeroseao>1430663</numeroseao>
    <numero>44521460</numero>
    <datefinale>2023-11-30</datefinale>
    <datepublicationfinale>2024-01-04</datepublicationfinale>
    <montantfinal>39330.920000</montantfinal>
    <nomcontractant>GUARD-X INC. </nomcontractant>
    <neqcontractant>1143398247</neqcontractant>
  </contrat>
  <contrat>
    <numeroseao>1444414</numeroseao>
    <numero>INV-9424-194-AG</numero>
    <datefinale>2023-11-03</datefinale>
    <datepublicationfinale>2024-01-29</datepublicationfinale>
    <montantfinal>20650.000000</montantfinal>
    <nomcontractant>LES SERVICES EXP INC.</nomcontractant>
    <neqcontractant>1167268128</neqcontractant>
  </contrat>
  <contrat>
    <numeroseao>1455431</numeroseao>
    <numero>20-4391</numero>
    <datefinale>2021-08-31</datefinale>
    <datepublicationfinale>2023-01-31</datepublicationfinale>
    <montantfinal>108633.660000</montantfinal>
    <nomcontractant>Groupe ABP</nomcontractant>
    <neqcontractant>1149273287</neqcontractant>
  </contrat>
  <contrat>
    <numeroseao>1495038</numeroseao>
    <numero>21-4648</numero>
    <datefinale>2022-08-13</datefinale>
    <datepublicationfinale>2023-01-31</datepublicationfinale>
    <montantfinal>315787.070000</montantfinal>
    <nomcontractant>VITRERIE R.D. LTÉE</nomcontractant>
    <neqcontractant>1143044528</neqcontractant>
  </contrat>
  <contrat>
    <numeroseao>1502568</numeroseao>
    <numero>44522482</numero>
    <datefinale>2024-01-26</datefinale>
    <datepublicationfinale>2024-02-27</datepublicationfinale>
    <montantfinal>1236080.790000</montantfinal>
    <nomcontractant>COUVERTURE MONTRÉAL-NORD LTÉE</nomcontractant>
    <neqcontractant>1168317445</neqcontractant>
  </contrat>
  <contrat>
    <numeroseao>1514899</numeroseao>
    <numero>2702-19-PV06</numero>
    <datefinale>2024-03-06</datefinale>
    <datepublicationfinale>2023-09-06</datepublicationfinale>
    <montantfinal>96190.670000</montantfinal>
    <nomcontractant>SPI Santé Sécurité inc.</nomcontractant>
    <neqcontractant>1172199615</neqcontractant>
  </contrat>
  <contrat>
    <numeroseao>1519904</numeroseao>
    <numero>45001236</numero>
    <datefinale>2023-01-30</datefinale>
    <datepublicationfinale>2022-06-23</datepublicationfinale>
    <montantfinal>107592.000000</montantfinal>
    <nomcontractant>SETEC ITS SAS</nomcontractant>
    <neqcontractant />
  </contrat>
  <contrat>
    <numeroseao>1524830</numeroseao>
    <numero>10359</numero>
    <datefinale>2022-10-26</datefinale>
    <datepublicationfinale>2022-06-06</datepublicationfinale>
    <montantfinal>285677.820000</montantfinal>
    <nomcontractant>CARL ZEISS CANADA LIMITED</nomcontractant>
    <neqcontractant>1145073822</neqcontractant>
  </contrat>
  <contrat>
    <numeroseao>1528738</numeroseao>
    <numero>36369TT</numero>
    <datefinale>2022-11-18</datefinale>
    <datepublicationfinale>2023-02-14</datepublicationfinale>
    <montantfinal>5814119.400000</montantfinal>
    <nomcontractant>EXCAVATIONS BOURGOIN &amp; DICKNER INC.</nomcontractant>
    <neqcontractant>1142894154</neqcontractant>
  </contrat>
  <contrat>
    <numeroseao>1544876</numeroseao>
    <numero>GRM-1960</numero>
    <datefinale>2023-11-15</datefinale>
    <datepublicationfinale>2024-02-09</datepublicationfinale>
    <montantfinal>41000.000000</montantfinal>
    <nomcontractant>RÉSEAU CIVITAS</nomcontractant>
    <neqcontractant>1175548941</neqcontractant>
  </contrat>
  <contrat>
    <numeroseao>1554222</numeroseao>
    <numero>45001610</numero>
    <datefinale>2022-12-07</datefinale>
    <datepublicationfinale>2023-01-03</datepublicationfinale>
    <montantfinal>54194.400000</montantfinal>
    <nomcontractant>MONDAY.COM, LTD.</nomcontractant>
    <neqcontractant />
  </contrat>
  <contrat>
    <numeroseao>1579144</numeroseao>
    <numero>037429-2131</numero>
    <datefinale>2021-12-15</datefinale>
    <datepublicationfinale>2022-03-14</datepublicationfinale>
    <montantfinal>2422771.560000</montantfinal>
    <nomcontractant>OPTANIA SOLUTIONS INC.</nomcontractant>
    <neqcontractant>1165979452</neqcontractant>
  </contrat>
  <contrat>
    <numeroseao>1582099</numeroseao>
    <numero>44526513</numero>
    <datefinale>2024-01-12</datefinale>
    <datepublicationfinale>2024-01-30</datepublicationfinale>
    <montantfinal>1255249.430000</montantfinal>
    <nomcontractant>SENTERRE ENTREPRENEUR GÉNÉRAL INC.</nomcontractant>
    <neqcontractant>1163476766</neqcontractant>
  </contrat>
  <contrat>
    <numeroseao>1610074</numeroseao>
    <numero>3108-21-0901</numero>
    <datefinale>2024-03-06</datefinale>
    <datepublicationfinale>2024-01-29</datepublicationfinale>
    <montantfinal>9720212.240000</montantfinal>
    <nomcontractant>L.A. HEBERT LTÉE</nomcontractant>
    <neqcontractant>1143421148</neqcontractant>
  </contrat>
  <contrat>
    <numeroseao>1621483</numeroseao>
    <numero>45001224</numero>
    <datefinale>2022-03-04</datefinale>
    <datepublicationfinale>2022-08-31</datepublicationfinale>
    <montantfinal>56797.650000</montantfinal>
    <nomcontractant>ITI INC.</nomcontractant>
    <neqcontractant>1173638405</neqcontractant>
  </contrat>
  <contrat>
    <numeroseao>1622716</numeroseao>
    <numero>44529527</numero>
    <datefinale>2023-11-15</datefinale>
    <datepublicationfinale>2024-01-03</datepublicationfinale>
    <montantfinal>54236.140000</montantfinal>
    <nomcontractant>FIX SYSTÈME INC.</nomcontractant>
    <neqcontractant>1160566551</neqcontractant>
  </contrat>
  <contrat>
    <numeroseao>1631437</numeroseao>
    <numero>45001931</numero>
    <datefinale>2023-06-01</datefinale>
    <datepublicationfinale>2023-06-21</datepublicationfinale>
    <montantfinal>714961.100000</montantfinal>
    <nomcontractant>MARSH CANADA LIMITÉE</nomcontractant>
    <neqcontractant>1149135916</neqcontractant>
  </contrat>
  <contrat>
    <numeroseao>1632286</numeroseao>
    <numero>45001942</numero>
    <datefinale>2022-12-13</datefinale>
    <datepublicationfinale>2023-02-10</datepublicationfinale>
    <montantfinal>24144.750000</montantfinal>
    <nomcontractant>RAYMOND CHABOT GRANT THORNTON</nomcontractant>
    <neqcontractant>3342037838</neqcontractant>
  </contrat>
  <contrat>
    <numeroseao>1645504</numeroseao>
    <numero>2022APP407</numero>
    <datefinale>2024-01-09</datefinale>
    <datepublicationfinale>2023-11-15</datepublicationfinale>
    <montantfinal>71664.170000</montantfinal>
    <nomcontractant>MÉDISOLUTION (2009) INC.</nomcontractant>
    <neqcontractant>1166129388</neqcontractant>
  </contrat>
  <contrat>
    <numeroseao>1645738</numeroseao>
    <numero>2022-18</numero>
    <datefinale>2023-08-09</datefinale>
    <datepublicationfinale>2023-08-16</datepublicationfinale>
    <montantfinal>85206.820000</montantfinal>
    <nomcontractant>EQUIPARC MANUFACTURIER D'EQUIPEMENT DE PARCS INC.</nomcontractant>
    <neqcontractant>1143665777</neqcontractant>
  </contrat>
  <contrat>
    <numeroseao>1648296</numeroseao>
    <numero>45001805</numero>
    <datefinale>2022-08-18</datefinale>
    <datepublicationfinale>2023-01-12</datepublicationfinale>
    <montantfinal>53957.190000</montantfinal>
    <nomcontractant>Margelin Consulting</nomcontractant>
    <neqcontractant />
  </contrat>
  <contrat>
    <numeroseao>1649073</numeroseao>
    <numero>BON222300814</numero>
    <datefinale>2023-06-30</datefinale>
    <datepublicationfinale>2023-08-01</datepublicationfinale>
    <montantfinal>57360.570000</montantfinal>
    <nomcontractant>HONEYWELL LIMITÉE</nomcontractant>
    <neqcontractant>1176296748</neqcontractant>
  </contrat>
  <contrat>
    <numeroseao>1656170</numeroseao>
    <numero>44530204</numero>
    <datefinale>2023-06-30</datefinale>
    <datepublicationfinale>2023-10-24</datepublicationfinale>
    <montantfinal>31800.000000</montantfinal>
    <nomcontractant>9424-6444 Québec inc.</nomcontractant>
    <neqcontractant>1175759035</neqcontractant>
  </contrat>
  <contrat>
    <numeroseao>1662246</numeroseao>
    <numero>AOI-A-1908720-2022-001</numero>
    <datefinale>2023-12-29</datefinale>
    <datepublicationfinale>2024-01-19</datepublicationfinale>
    <montantfinal>42113.000000</montantfinal>
    <nomcontractant>Inventure</nomcontractant>
    <neqcontractant />
  </contrat>
  <contrat>
    <numeroseao>1668217</numeroseao>
    <numero>6803-22-0216</numero>
    <datefinale>2024-03-21</datefinale>
    <datepublicationfinale>2023-12-14</datepublicationfinale>
    <montantfinal>1375004.310000</montantfinal>
    <nomcontractant>Paul Pedneault inc.</nomcontractant>
    <neqcontractant>1170180351</neqcontractant>
  </contrat>
  <contrat>
    <numeroseao>1679956</numeroseao>
    <numero>CGER 22 730092</numero>
    <datefinale>2024-03-05</datefinale>
    <datepublicationfinale>2023-12-15</datepublicationfinale>
    <montantfinal>312408.380000</montantfinal>
    <nomcontractant>CAM-TRAC BERNIÈRES INC.</nomcontractant>
    <neqcontractant>1144395531</neqcontractant>
  </contrat>
  <contrat>
    <numeroseao>1682374</numeroseao>
    <numero>45002274</numero>
    <datefinale>2023-12-31</datefinale>
    <datepublicationfinale>2024-01-05</datepublicationfinale>
    <montantfinal>90768.320000</montantfinal>
    <nomcontractant>Indigo Parc Canada inc.</nomcontractant>
    <neqcontractant>1148256101</neqcontractant>
  </contrat>
  <contrat>
    <numeroseao>1685821</numeroseao>
    <numero>22-23-57</numero>
    <datefinale>2024-02-17</datefinale>
    <datepublicationfinale>2024-01-25</datepublicationfinale>
    <montantfinal>55960.000000</montantfinal>
    <nomcontractant>Stores Sunnex Inc.</nomcontractant>
    <neqcontractant>1175233452</neqcontractant>
  </contrat>
  <contrat>
    <numeroseao>1689001</numeroseao>
    <numero>2509-22-APK9</numero>
    <datefinale />
    <datepublicationfinale>2024-02-13</datepublicationfinale>
    <montantfinal>0.000000</montantfinal>
    <nomcontractant>SOLOTECH INC.</nomcontractant>
    <neqcontractant>1162827803</neqcontractant>
  </contrat>
  <contrat>
    <numeroseao>1717471</numeroseao>
    <numero>20230529</numero>
    <datefinale>2023-06-21</datefinale>
    <datepublicationfinale>2023-08-23</datepublicationfinale>
    <montantfinal>116541.800000</montantfinal>
    <nomcontractant>PROTECTION INCENDIE CFS LTÉE</nomcontractant>
    <neqcontractant>1177171320</neqcontractant>
  </contrat>
  <contrat>
    <numeroseao>1717833</numeroseao>
    <numero>FPT2023-01</numero>
    <datefinale>2023-10-06</datefinale>
    <datepublicationfinale>2023-12-06</datepublicationfinale>
    <montantfinal>17274.890000</montantfinal>
    <nomcontractant>COGIRÈS INC.</nomcontractant>
    <neqcontractant>1140195075</neqcontractant>
  </contrat>
  <contrat>
    <numeroseao>1724203</numeroseao>
    <numero>2509-23-AP83</numero>
    <datefinale>2024-03-22</datefinale>
    <datepublicationfinale>2023-10-18</datepublicationfinale>
    <montantfinal>27066.570000</montantfinal>
    <nomcontractant>LOGIC-CONTRÔLE INC.</nomcontractant>
    <neqcontractant>1143212984</neqcontractant>
  </contrat>
  <contrat>
    <numeroseao>1741490</numeroseao>
    <numero>CA-0117729</numero>
    <datefinale>2024-02-07</datefinale>
    <datepublicationfinale>2024-02-08</datepublicationfinale>
    <montantfinal>134774.610000</montantfinal>
    <nomcontractant>A.G.C. Art public</nomcontractant>
    <neqcontractant>1172989288</neqcontractant>
  </contrat>
  <contrat>
    <numeroseao>1744080</numeroseao>
    <numero>45002634</numero>
    <datefinale>2023-12-14</datefinale>
    <datepublicationfinale>2023-12-14</datepublicationfinale>
    <montantfinal>45277.170000</montantfinal>
    <nomcontractant>Raymond Chabot Ressources Humaines</nomcontractant>
    <neqcontractant>1176777648</neqcontractant>
  </contrat>
  <contrat>
    <numeroseao>1746178</numeroseao>
    <numero>45002640</numero>
    <datefinale>2024-03-06</datefinale>
    <datepublicationfinale>2024-02-02</datepublicationfinale>
    <montantfinal>45990.000000</montantfinal>
    <nomcontractant>Simon Lajoie Allié stratégique inc.</nomcontractant>
    <neqcontractant>1177456135</neqcontractant>
  </contrat>
  <contrat>
    <numeroseao>1746211</numeroseao>
    <numero>45002641</numero>
    <datefinale>2023-07-31</datefinale>
    <datepublicationfinale>2023-09-26</datepublicationfinale>
    <montantfinal>28743.750000</montantfinal>
    <nomcontractant>FRANÇOIS REBELLO INC.</nomcontractant>
    <neqcontractant>1165126609</neqcontractant>
  </contrat>
  <contrat>
    <numeroseao>1750826</numeroseao>
    <numero>44534169</numero>
    <datefinale>2023-10-02</datefinale>
    <datepublicationfinale>2023-11-23</datepublicationfinale>
    <montantfinal>14377.000000</montantfinal>
    <nomcontractant>Petrone Architecture inc</nomcontractant>
    <neqcontractant>1142480095</neqcontractant>
  </contrat>
  <contrat>
    <numeroseao>1757760</numeroseao>
    <numero>9001-23-RZ01</numero>
    <datefinale>2024-03-19</datefinale>
    <datepublicationfinale>2024-01-16</datepublicationfinale>
    <montantfinal>120000.000000</montantfinal>
    <nomcontractant>KPMG S.R.L. / S.E.N.C.R.L.</nomcontractant>
    <neqcontractant>3341653908</neqcontractant>
  </contrat>
  <contrat>
    <numeroseao>1760796</numeroseao>
    <numero>2509-23-APD2</numero>
    <datefinale>2024-03-22</datefinale>
    <datepublicationfinale>2024-02-27</datepublicationfinale>
    <montantfinal>89750.000000</montantfinal>
    <nomcontractant>R. DUMAS (2007) INC.</nomcontractant>
    <neqcontractant>1164283344</neqcontractant>
  </contrat>
  <contrat>
    <numeroseao>1763444</numeroseao>
    <numero>BC00247919</numero>
    <datefinale />
    <datepublicationfinale>2024-02-15</datepublicationfinale>
    <montantfinal>0.000000</montantfinal>
    <nomcontractant>SPENCER STUART &amp; ASSOCIÉS (CANADA) LTÉE</nomcontractant>
    <neqcontractant>1142890095</neqcontractant>
  </contrat>
  <contrat>
    <numeroseao>1764309</numeroseao>
    <numero>45002759</numero>
    <datefinale>2023-12-31</datefinale>
    <datepublicationfinale>2024-02-02</datepublicationfinale>
    <montantfinal>87866.760000</montantfinal>
    <nomcontractant>Centre d'acquisitions gouvenemental</nomcontractant>
    <neqcontractant />
  </contrat>
  <contrat>
    <numeroseao>1772016</numeroseao>
    <numero>DA-045</numero>
    <datefinale>2024-01-12</datefinale>
    <datepublicationfinale>2024-01-22</datepublicationfinale>
    <montantfinal>32975.000000</montantfinal>
    <nomcontractant>PROGAZ D.M.N. INC.</nomcontractant>
    <neqcontractant>1142379412</neqcontractant>
  </contrat>
  <contrat>
    <numeroseao>1786415</numeroseao>
    <numero>8201-23-NB31</numero>
    <datefinale>2024-03-12</datefinale>
    <datepublicationfinale>2024-01-09</datepublicationfinale>
    <montantfinal>44025.290000</montantfinal>
    <nomcontractant>Québec Hélicoptères inc.</nomcontractant>
    <neqcontractant>1146962015</neqcontractant>
  </contrat>
  <contrat>
    <numeroseao>1799427</numeroseao>
    <numero> 44536327</numero>
    <datefinale>2023-12-13</datefinale>
    <datepublicationfinale>2024-01-17</datepublicationfinale>
    <montantfinal>35750.000000</montantfinal>
    <nomcontractant>Groupe SOMR inc.</nomcontractant>
    <neqcontractant>1178132479</neqcontractant>
  </contrat>
  <contrat>
    <numeroseao>1816568</numeroseao>
    <numero>B23_5442</numero>
    <datefinale />
    <datepublicationfinale>2024-02-26</datepublicationfinale>
    <montantfinal>0.000000</montantfinal>
    <nomcontractant>Caroline Maheu</nomcontractant>
    <neqcontractant />
  </contrat>
</export>