<?xml version="1.0" encoding="UTF-8"?>
<metadata xml:lang="fr"><Esri><CreaDate>20161018</CreaDate><CreaTime>10200700</CreaTime><ArcGISFormat>1.0</ArcGISFormat><ArcGISstyle>ISO 19139 Metadata Implementation Specification</ArcGISstyle><SyncOnce>FALSE</SyncOnce><DataProperties><itemProps><itemLocation><linkage Sync="TRUE">file://\\ile.mtl.qc.ca\VDM$\12.UrbanismeHabitation\BureauDuPlan\08. Urbanisme\08.01 SIG\08.01.01 Donnees\_Info\DonneesOuvertes\DonneesTest\DensiteAireTOD2015</linkage><protocol Sync="TRUE">Local Area Network</protocol></itemLocation><itemName Sync="TRUE">DensiteAireTOD2015</itemName><imsContentType Sync="TRUE">002</imsContentType><itemSize Sync="TRUE">0.000</itemSize></itemProps><copyHistory><copy source="S:\Cartographie\CarteReference\Donnees\Amenagement\DensiteAireTOD2015" dest="\\ile.mtl.qc.ca\VDM$\12.UrbanismeHabitation\BureauDuPlan\08. Urbanisme\08.01 SIG\08.01.01 Donnees\_Info\DonneesOuvertes\DonneesTest\DensiteAireTOD2015" date="20161018" time="10200700"></copy></copyHistory><coordRef><type Sync="TRUE">Projected</type><geogcsn Sync="TRUE">GCS_North_American_1983</geogcsn><csUnits Sync="TRUE">Linear Unit: Meter (1.000000)</csUnits><projcsn Sync="TRUE">NAD83_MTM_zone_8</projcsn><peXml Sync="TRUE">&lt;ProjectedCoordinateSystem xsi:type='typens:ProjectedCoordinateSystem' xmlns:xsi='http://www.w3.org/2001/XMLSchema-instance' xmlns:xs='http://www.w3.org/2001/XMLSchema' xmlns:typens='http://www.esri.com/schemas/ArcGIS/10.1'&gt;&lt;WKT&gt;PROJCS[&amp;quot;NAD83_MTM_zone_8&amp;quot;,GEOGCS[&amp;quot;GCS_North_American_1983&amp;quot;,DATUM[&amp;quot;D_North_American_1983&amp;quot;,SPHEROID[&amp;quot;GRS_1980&amp;quot;,6378137.0,298.257222101]],PRIMEM[&amp;quot;Greenwich&amp;quot;,0.0],UNIT[&amp;quot;Degree&amp;quot;,0.0174532925199433]],PROJECTION[&amp;quot;Transverse_Mercator&amp;quot;],PARAMETER[&amp;quot;false_easting&amp;quot;,304800.0],PARAMETER[&amp;quot;false_northing&amp;quot;,0.0],PARAMETER[&amp;quot;central_meridian&amp;quot;,-73.5],PARAMETER[&amp;quot;scale_factor&amp;quot;,0.9999],PARAMETER[&amp;quot;latitude_of_origin&amp;quot;,0.0],UNIT[&amp;quot;Meter&amp;quot;,1.0]]&lt;/WKT&gt;&lt;XOrigin&gt;-5317800&lt;/XOrigin&gt;&lt;YOrigin&gt;-10001100&lt;/YOrigin&gt;&lt;XYScale&gt;450310428.58990461&lt;/XYScale&gt;&lt;ZOrigin&gt;-100000&lt;/ZOrigin&gt;&lt;ZScale&gt;10000&lt;/ZScale&gt;&lt;MOrigin&gt;-100000&lt;/MOrigin&gt;&lt;MScale&gt;10000&lt;/MScale&gt;&lt;XYTolerance&gt;0.001&lt;/XYTolerance&gt;&lt;ZTolerance&gt;0.001&lt;/ZTolerance&gt;&lt;MTolerance&gt;0.001&lt;/MTolerance&gt;&lt;HighPrecision&gt;true&lt;/HighPrecision&gt;&lt;/ProjectedCoordinateSystem&gt;</peXml></coordRef><lineage><Process ToolSource="c:\program files\arcgis\desktop10.1\ArcToolbox\Toolboxes\Conversion Tools.tbx\FeatureClassToFeatureClass" Date="20130904" Time="104414">FeatureClassToFeatureClass "S:\DirDevEconUrb\BureauDuPlan\08. Urbanisme\08.01 SIG\08.01.01 Donnees\Amenagement\AiresTOD\seuils_hors_tod_Mtl.shp" "S:\DirDevEconUrb\BureauDuPlan\08. Urbanisme\08.01 SIG\08.01.01 Donnees\Amenagement\AiresTOD\AiresTOD.gdb" DensiteAireTOD # "gid "gid" true true false 10 Double 0 10 ,First,#,S:\DirDevEconUrb\BureauDuPlan\08. Urbanisme\08.01 SIG\08.01.01 Donnees\Amenagement\AiresTOD\seuils_hors_tod_Mtl.shp,gid,-1,-1;no "no" true true false 254 Text 0 0 ,First,#,S:\DirDevEconUrb\BureauDuPlan\08. Urbanisme\08.01 SIG\08.01.01 Donnees\Amenagement\AiresTOD\seuils_hors_tod_Mtl.shp,no,-1,-1;nom "nom" true true false 254 Text 0 0 ,First,#,S:\DirDevEconUrb\BureauDuPlan\08. Urbanisme\08.01 SIG\08.01.01 Donnees\Amenagement\AiresTOD\seuils_hors_tod_Mtl.shp,nom,-1,-1;_16 "_16" true true false 10 Double 0 10 ,First,#,S:\DirDevEconUrb\BureauDuPlan\08. Urbanisme\08.01 SIG\08.01.01 Donnees\Amenagement\AiresTOD\seuils_hors_tod_Mtl.shp,2011_16,-1,-1;_21 "_21" true true false 10 Double 0 10 ,First,#,S:\DirDevEconUrb\BureauDuPlan\08. Urbanisme\08.01 SIG\08.01.01 Donnees\Amenagement\AiresTOD\seuils_hors_tod_Mtl.shp,2017_21,-1,-1;_26 "_26" true true false 10 Double 0 10 ,First,#,S:\DirDevEconUrb\BureauDuPlan\08. Urbanisme\08.01 SIG\08.01.01 Donnees\Amenagement\AiresTOD\seuils_hors_tod_Mtl.shp,2022_26,-1,-1;_31 "_31" true true false 10 Double 0 10 ,First,#,S:\DirDevEconUrb\BureauDuPlan\08. Urbanisme\08.01 SIG\08.01.01 Donnees\Amenagement\AiresTOD\seuils_hors_tod_Mtl.shp,2027_31,-1,-1" #</Process><Process ToolSource="c:\program files\arcgis\desktop10.1\ArcToolbox\Toolboxes\Conversion Tools.tbx\FeatureClassToFeatureClass" Date="20140115" Time="135835">FeatureClassToFeatureClass "S:\DirDevEconUrb\BureauDuPlan\08. Urbanisme\08.01 SIG\08.01.01 Donnees\Amenagement\AiresTOD\AiresTOD.gdb\DensiteAireTOD" "S:\DirDevEconUrb\BureauDuPlan\08. Urbanisme\08.01 SIG\08.01.01 Donnees\Amenagement\AiresTOD" DensiteAireTOD_1.shp # "Seuil_min "Seuil_min" true true false 2 Short 0 0 ,First,#,S:\DirDevEconUrb\BureauDuPlan\08. Urbanisme\08.01 SIG\08.01.01 Donnees\Amenagement\AiresTOD\AiresTOD.gdb\DensiteAireTOD,Seuil_min,-1,-1;Etat "Etat" true true false 10 Text 0 0 ,First,#,S:\DirDevEconUrb\BureauDuPlan\08. Urbanisme\08.01 SIG\08.01.01 Donnees\Amenagement\AiresTOD\AiresTOD.gdb\DensiteAireTOD,Etat,-1,-1;Shape_Leng "Shape_Length" false true true 8 Double 0 0 ,First,#,S:\DirDevEconUrb\BureauDuPlan\08. Urbanisme\08.01 SIG\08.01.01 Donnees\Amenagement\AiresTOD\AiresTOD.gdb\DensiteAireTOD,Shape_Length,-1,-1;Shape_Area "Shape_Area" false true true 8 Double 0 0 ,First,#,S:\DirDevEconUrb\BureauDuPlan\08. Urbanisme\08.01 SIG\08.01.01 Donnees\Amenagement\AiresTOD\AiresTOD.gdb\DensiteAireTOD,Shape_Area,-1,-1" #</Process><Process ToolSource="c:\program files (x86)\arcgis\desktop10.2\ArcToolbox\Toolboxes\Data Management Tools.tbx\CalculateField" Date="20141023" Time="160210">CalculateField DensiteAireTOD20140918 Seuil_min_text "30" VB #</Process><Process ToolSource="c:\program files (x86)\arcgis\desktop10.2\ArcToolbox\Toolboxes\Data Management Tools.tbx\CalculateField" Date="20141023" Time="160251">CalculateField DensiteAireTOD20140918 Seuil_min_text "60" VB #</Process><Process ToolSource="c:\program files (x86)\arcgis\desktop10.2\ArcToolbox\Toolboxes\Data Management Tools.tbx\CalculateField" Date="20141023" Time="160307">CalculateField DensiteAireTOD20140918 Seuil_min_text "80" VB #</Process><Process ToolSource="c:\program files (x86)\arcgis\desktop10.2\ArcToolbox\Toolboxes\Data Management Tools.tbx\CalculateField" Date="20141023" Time="160322">CalculateField DensiteAireTOD20140918 Seuil_min_text "110" VB #</Process></lineage></DataProperties><SyncDate>20160525</SyncDate><SyncTime>10351700</SyncTime><ModDate>20160525</ModDate><ModTime>10351700</ModTime></Esri><dataIdInfo><envirDesc Sync="TRUE">Microsoft Windows 7 Version 6.1 (Build 7601) Service Pack 1; Esri ArcGIS 10.2.1.3497</envirDesc><dataLang><languageCode value="fra" Sync="TRUE"></languageCode><countryCode value="CAN" Sync="TRUE"></countryCode></dataLang><idCitation><resTitle Sync="TRUE">DensiteAireTOD2015</resTitle><presForm><PresFormCd value="005" Sync="TRUE"></PresFormCd></presForm></idCitation><spatRpType><SpatRepTypCd value="001" Sync="TRUE"></SpatRepTypCd></spatRpType></dataIdInfo><mdLang><languageCode value="fra" Sync="TRUE"></languageCode><countryCode value="CAN" Sync="TRUE"></countryCode></mdLang><distInfo><distFormat><formatName Sync="TRUE">Shapefile</formatName></distFormat><distTranOps><transSize Sync="TRUE">0.000</transSize></distTranOps></distInfo><mdHrLv><ScopeCd value="005" Sync="TRUE"></ScopeCd></mdHrLv><mdHrLvName Sync="TRUE">dataset</mdHrLvName><refSysInfo><RefSystem><refSysID><identCode code="0" Sync="TRUE" value="0"></identCode></refSysID></RefSystem></refSysInfo><spatRepInfo><VectSpatRep><geometObjs Name="DensiteAireTOD2015"><geoObjTyp><GeoObjTypCd value="002" Sync="TRUE"></GeoObjTypCd></geoObjTyp><geoObjCnt Sync="TRUE">0</geoObjCnt></geometObjs><topLvl><TopoLevCd value="001" Sync="TRUE"></TopoLevCd></topLvl></VectSpatRep></spatRepInfo><spdoinfo><ptvctinf><esriterm Name="DensiteAireTOD2015"><efeatyp Sync="TRUE">Simple</efeatyp><efeageom code="4" Sync="TRUE"></efeageom><esritopo Sync="TRUE">FALSE</esritopo><efeacnt Sync="TRUE">0</efeacnt><spindex Sync="TRUE">FALSE</spindex><linrefer Sync="TRUE">FALSE</linrefer></esriterm></ptvctinf></spdoinfo><eainfo><detailed Name="DensiteAireTOD2015"><enttyp><enttypl Sync="TRUE">DensiteAireTOD2015</enttypl><enttypt Sync="TRUE">Feature Class</enttypt><enttypc Sync="TRUE">0</enttypc></enttyp><attr><attrlabl Sync="TRUE">FID</attrlabl><attalias Sync="TRUE">FID</attalias><attrtype Sync="TRUE">OID</attrtype><attwidth Sync="TRUE">4</attwidth><atprecis Sync="TRUE">0</atprecis><attscale Sync="TRUE">0</attscale><attrdef Sync="TRUE">Internal feature number.</attrdef><attrdefs Sync="TRUE">Esri</attrdefs><attrdomv><udom Sync="TRUE">Sequential unique whole numbers that are automatically generated.</udom></attrdomv></attr><attr><attrlabl Sync="TRUE">Shape</attrlabl><attalias Sync="TRUE">Shape</attalias><attrtype Sync="TRUE">Geometry</attrtype><attwidth Sync="TRUE">0</attwidth><atprecis Sync="TRUE">0</atprecis><attscale Sync="TRUE">0</attscale><attrdef Sync="TRUE">Feature geometry.</attrdef><attrdefs Sync="TRUE">Esri</attrdefs><attrdomv><udom Sync="TRUE">Coordinates defining the features.</udom></attrdomv></attr><attr><attrlabl Sync="TRUE">Seuil_min</attrlabl><attalias Sync="TRUE">Seuil_min</attalias><attrtype Sync="TRUE">String</attrtype><attwidth Sync="TRUE">50</attwidth><atprecis Sync="TRUE">0</atprecis><attscale Sync="TRUE">0</attscale></attr><attr><attrlabl Sync="TRUE">Etat</attrlabl><attalias Sync="TRUE">Etat</attalias><attrtype Sync="TRUE">String</attrtype><attwidth Sync="TRUE">10</attwidth><atprecis Sync="TRUE">0</atprecis><attscale Sync="TRUE">0</attscale></attr><attr><attrlabl Sync="TRUE">Shape_Leng</attrlabl><attalias Sync="TRUE">Shape_Leng</attalias><attrtype Sync="TRUE">Double</attrtype><attwidth Sync="TRUE">19</attwidth><atprecis Sync="TRUE">0</atprecis><attscale Sync="TRUE">0</attscale></attr><attr><attrlabl Sync="TRUE">Shape_Area</attrlabl><attalias Sync="TRUE">Shape_Area</attalias><attrtype Sync="TRUE">Double</attrtype><attwidth Sync="TRUE">19</attwidth><atprecis Sync="TRUE">0</atprecis><attscale Sync="TRUE">0</attscale><attrdef Sync="TRUE">Area of feature in internal units squared.</attrdef><attrdefs Sync="TRUE">Esri</attrdefs><attrdomv><udom Sync="TRUE">Positive real numbers that are automatically generated.</udom></attrdomv></attr></detailed></eainfo><mdDateSt Sync="TRUE">20160525</mdDateSt></metadata>
