<?xml version="1.0" encoding="utf-8"?>
<export xmlns:xsi="http://www.w3.org/2001/XMLSchema-instance" xmlns:xsd="http://www.w3.org/2001/XMLSchema" datedebut="2018-07-01" datefin="2018-07-31">
  <contrat>
    <numeroseao>517141</numeroseao>
    <numero>8503-11-1110</numero>
    <datefinale>2018-06-15</datefinale>
    <datepublicationfinale>2018-06-29</datepublicationfinale>
    <montantfinal>7231434.480000</montantfinal>
    <nomcontractant>Construction Garnier Ltée</nomcontractant>
    <neqcontractant>1144452167</neqcontractant>
  </contrat>
  <contrat>
    <numeroseao>518005</numeroseao>
    <numero>2044-04-118</numero>
    <datefinale>2011-05-03</datefinale>
    <datepublicationfinale>2012-07-10</datepublicationfinale>
    <montantfinal>0.000000</montantfinal>
    <nomcontractant>DESJARDINS CHEVROLET BUICK GMC INC.</nomcontractant>
    <neqcontractant />
  </contrat>
  <contrat>
    <numeroseao>518005</numeroseao>
    <numero>2044-04-118</numero>
    <datefinale>2011-05-03</datefinale>
    <datepublicationfinale>2012-07-10</datepublicationfinale>
    <montantfinal>0.000000</montantfinal>
    <nomcontractant>LEBLANC FORD</nomcontractant>
    <neqcontractant />
  </contrat>
  <contrat>
    <numeroseao>518005</numeroseao>
    <numero>2044-04-118</numero>
    <datefinale>2011-05-03</datefinale>
    <datepublicationfinale>2012-07-10</datepublicationfinale>
    <montantfinal>0.000000</montantfinal>
    <nomcontractant>LE GROUPE RÉGATE</nomcontractant>
    <neqcontractant />
  </contrat>
  <contrat>
    <numeroseao>518005</numeroseao>
    <numero>2044-04-118</numero>
    <datefinale>2011-05-03</datefinale>
    <datepublicationfinale>2012-07-10</datepublicationfinale>
    <montantfinal>0.000000</montantfinal>
    <nomcontractant>GENDRON FORD</nomcontractant>
    <neqcontractant />
  </contrat>
  <contrat>
    <numeroseao>518005</numeroseao>
    <numero>2044-04-118</numero>
    <datefinale>2011-05-03</datefinale>
    <datepublicationfinale>2012-07-10</datepublicationfinale>
    <montantfinal>25238.000000</montantfinal>
    <nomcontractant>STE-MARTINE AUTOMOBILE</nomcontractant>
    <neqcontractant />
  </contrat>
  <contrat>
    <numeroseao>604483</numeroseao>
    <numero>UQO-A1308-S051</numero>
    <datefinale>2018-05-17</datefinale>
    <datepublicationfinale>2018-06-29</datepublicationfinale>
    <montantfinal>3316714.360000</montantfinal>
    <nomcontractant>NASCO entretien ménager d'immeubles inc.</nomcontractant>
    <neqcontractant>1143653492</neqcontractant>
  </contrat>
  <contrat>
    <numeroseao>617109</numeroseao>
    <numero>22123200</numero>
    <datefinale>2018-05-31</datefinale>
    <datepublicationfinale>2018-06-06</datepublicationfinale>
    <montantfinal>210714.020000</montantfinal>
    <nomcontractant>Les Ateliers Kami Inc</nomcontractant>
    <neqcontractant />
  </contrat>
  <contrat>
    <numeroseao>703287</numeroseao>
    <numero>22573400</numero>
    <datefinale>2018-06-06</datefinale>
    <datepublicationfinale>2018-06-08</datepublicationfinale>
    <montantfinal>109930.000000</montantfinal>
    <nomcontractant>Les Consultants S.M. inc. Montréal</nomcontractant>
    <neqcontractant />
  </contrat>
  <contrat>
    <numeroseao>761133</numeroseao>
    <numero>RLA-2014-29</numero>
    <datefinale>2018-07-13</datefinale>
    <datepublicationfinale>2016-10-28</datepublicationfinale>
    <montantfinal>1518256.000000</montantfinal>
    <nomcontractant>BFL Canada</nomcontractant>
    <neqcontractant>1142254748</neqcontractant>
  </contrat>
  <contrat>
    <numeroseao>807403</numeroseao>
    <numero>26802600</numero>
    <datefinale>2018-04-03</datefinale>
    <datepublicationfinale>2018-05-03</datepublicationfinale>
    <montantfinal>1365918.430000</montantfinal>
    <nomcontractant>Tuyauterie Expert inc.</nomcontractant>
    <neqcontractant>1167231472</neqcontractant>
  </contrat>
  <contrat>
    <numeroseao>830393</numeroseao>
    <numero>27131000</numero>
    <datefinale>2018-04-30</datefinale>
    <datepublicationfinale>2018-06-11</datepublicationfinale>
    <montantfinal>191362.830000</montantfinal>
    <nomcontractant>Auclair &amp; Landry Québec inc.</nomcontractant>
    <neqcontractant>1144813095</neqcontractant>
  </contrat>
  <contrat>
    <numeroseao>898110</numeroseao>
    <numero>29354900</numero>
    <datefinale>2018-05-29</datefinale>
    <datepublicationfinale>2018-06-07</datepublicationfinale>
    <montantfinal>90773.450000</montantfinal>
    <nomcontractant>Service Alimentaire 2000</nomcontractant>
    <neqcontractant>1161474722</neqcontractant>
  </contrat>
  <contrat>
    <numeroseao>914201</numeroseao>
    <numero>29724500</numero>
    <datefinale>2018-06-06</datefinale>
    <datepublicationfinale>2018-06-21</datepublicationfinale>
    <montantfinal>27014.940000</montantfinal>
    <nomcontractant>Les Excavations Jovanex inc</nomcontractant>
    <neqcontractant>1141992223</neqcontractant>
  </contrat>
  <contrat>
    <numeroseao>920277</numeroseao>
    <numero>CP001972</numero>
    <datefinale>2015-11-30</datefinale>
    <datepublicationfinale>2016-03-16</datepublicationfinale>
    <montantfinal>40740.000000</montantfinal>
    <nomcontractant>EGP Group (Egli Gallacio Palanca Inc)</nomcontractant>
    <neqcontractant>1161388534</neqcontractant>
  </contrat>
  <contrat>
    <numeroseao>931130</numeroseao>
    <numero>30423000</numero>
    <datefinale>2018-06-19</datefinale>
    <datepublicationfinale>2018-06-15</datepublicationfinale>
    <montantfinal>152800.000000</montantfinal>
    <nomcontractant>9185-1204 Québec. inc.</nomcontractant>
    <neqcontractant>1164601628</neqcontractant>
  </contrat>
  <contrat>
    <numeroseao>932526</numeroseao>
    <numero>30137600</numero>
    <datefinale>2018-05-31</datefinale>
    <datepublicationfinale>2018-06-11</datepublicationfinale>
    <montantfinal>31343.940000</montantfinal>
    <nomcontractant>Ferme Blake Hooker</nomcontractant>
    <neqcontractant>1148129134</neqcontractant>
  </contrat>
  <contrat>
    <numeroseao>943012</numeroseao>
    <numero>30129100</numero>
    <datefinale>2018-03-31</datefinale>
    <datepublicationfinale>2018-05-03</datepublicationfinale>
    <montantfinal>53903.340000</montantfinal>
    <nomcontractant>Tetra Tech QB inc.</nomcontractant>
    <neqcontractant>1169411429</neqcontractant>
  </contrat>
  <contrat>
    <numeroseao>959557</numeroseao>
    <numero>058/2016</numero>
    <datefinale>2018-07-04</datefinale>
    <datepublicationfinale>2017-07-04</datepublicationfinale>
    <montantfinal>72688.000000</montantfinal>
    <nomcontractant>Norda Stelo Inc. (siège social)</nomcontractant>
    <neqcontractant>1165310831</neqcontractant>
  </contrat>
  <contrat>
    <numeroseao>973667</numeroseao>
    <numero>30137900</numero>
    <datefinale>2018-05-31</datefinale>
    <datepublicationfinale>2018-06-11</datepublicationfinale>
    <montantfinal>23110.330000</montantfinal>
    <nomcontractant>Progazon LB inc.</nomcontractant>
    <neqcontractant>1165089963</neqcontractant>
  </contrat>
  <contrat>
    <numeroseao>990300</numeroseao>
    <numero>APP-16-047 (2016-GDE-533)</numero>
    <datefinale>2016-09-01</datefinale>
    <datepublicationfinale>2017-01-06</datepublicationfinale>
    <montantfinal>37619.730000</montantfinal>
    <nomcontractant>Loue Froid inc.</nomcontractant>
    <neqcontractant>1149222409</neqcontractant>
  </contrat>
  <contrat>
    <numeroseao>990739</numeroseao>
    <numero>7183-16-0202</numero>
    <datefinale>2018-04-19</datefinale>
    <datepublicationfinale>2018-06-29</datepublicationfinale>
    <montantfinal>495869.850000</montantfinal>
    <nomcontractant>Parko Inc</nomcontractant>
    <neqcontractant>1148136253</neqcontractant>
  </contrat>
  <contrat>
    <numeroseao>1027450</numeroseao>
    <numero>AO20161104</numero>
    <datefinale>2018-06-20</datefinale>
    <datepublicationfinale>2017-06-06</datepublicationfinale>
    <montantfinal>62317.500000</montantfinal>
    <nomcontractant>Les consultants Ammco</nomcontractant>
    <neqcontractant>1149892631</neqcontractant>
  </contrat>
  <contrat>
    <numeroseao>1058916</numeroseao>
    <numero>6603-16-0938</numero>
    <datefinale>2018-04-19</datefinale>
    <datepublicationfinale>2018-06-29</datepublicationfinale>
    <montantfinal>933343.010000</montantfinal>
    <nomcontractant>Giroux &amp; Lessard Ltée.</nomcontractant>
    <neqcontractant>1143548999</neqcontractant>
  </contrat>
  <contrat>
    <numeroseao>1063429</numeroseao>
    <numero>7183-17-0204</numero>
    <datefinale>2018-04-19</datefinale>
    <datepublicationfinale>2018-06-29</datepublicationfinale>
    <montantfinal>835453.520000</montantfinal>
    <nomcontractant>Sotraco Inc.</nomcontractant>
    <neqcontractant>1167203984</neqcontractant>
  </contrat>
  <contrat>
    <numeroseao>1063950</numeroseao>
    <numero>1617-RLA-02</numero>
    <datefinale>2018-06-26</datefinale>
    <datepublicationfinale>2018-05-07</datepublicationfinale>
    <montantfinal>281148.120000</montantfinal>
    <nomcontractant>Construction Benoît Moreau</nomcontractant>
    <neqcontractant>1149837016</neqcontractant>
  </contrat>
  <contrat>
    <numeroseao>1064305</numeroseao>
    <numero>TP-2017-04-018</numero>
    <datefinale>2017-05-31</datefinale>
    <datepublicationfinale>2017-07-06</datepublicationfinale>
    <montantfinal>24024.240000</montantfinal>
    <nomcontractant>Le groupe agritex inc.</nomcontractant>
    <neqcontractant>1172496789</neqcontractant>
  </contrat>
  <contrat>
    <numeroseao>1077414</numeroseao>
    <numero>2017-P-G-16</numero>
    <datefinale />
    <datepublicationfinale>2018-06-15</datepublicationfinale>
    <montantfinal>0.000000</montantfinal>
    <nomcontractant>Les systèmes Cyberkar</nomcontractant>
    <neqcontractant>1170306725</neqcontractant>
  </contrat>
  <contrat>
    <numeroseao>1079084</numeroseao>
    <numero>6803-17-0907</numero>
    <datefinale>2018-06-29</datefinale>
    <datepublicationfinale>2018-06-29</datepublicationfinale>
    <montantfinal>1103144.080000</montantfinal>
    <nomcontractant>Inter-Cité Construction Ltée</nomcontractant>
    <neqcontractant>1143991546</neqcontractant>
  </contrat>
  <contrat>
    <numeroseao>1082640</numeroseao>
    <numero>2110-17-0202</numero>
    <datefinale>2018-03-06</datefinale>
    <datepublicationfinale>2018-06-29</datepublicationfinale>
    <montantfinal>2342984.200000</montantfinal>
    <nomcontractant>Mohawk Bridge Consortium</nomcontractant>
    <neqcontractant>3364361413</neqcontractant>
  </contrat>
  <contrat>
    <numeroseao>1089389</numeroseao>
    <numero>CGER 17 680042</numero>
    <datefinale>2017-11-23</datefinale>
    <datepublicationfinale>2018-01-26</datepublicationfinale>
    <montantfinal>81944.000000</montantfinal>
    <nomcontractant>Services Petroliers Morel Inc.</nomcontractant>
    <neqcontractant>1162010509</neqcontractant>
  </contrat>
  <contrat>
    <numeroseao>1095939</numeroseao>
    <numero>8910-17-PZ04</numero>
    <datefinale>2018-03-05</datefinale>
    <datepublicationfinale>2018-06-29</datepublicationfinale>
    <montantfinal>84200.000000</montantfinal>
    <nomcontractant>Les Constructions Leblanc et Sinotte inc.</nomcontractant>
    <neqcontractant>1165707713</neqcontractant>
  </contrat>
  <contrat>
    <numeroseao>1101403</numeroseao>
    <numero>6301-17-LC04</numero>
    <datefinale>2018-03-09</datefinale>
    <datepublicationfinale>2018-06-29</datepublicationfinale>
    <montantfinal>40475.680000</montantfinal>
    <nomcontractant>Englobe Corp.</nomcontractant>
    <neqcontractant>1167280206</neqcontractant>
  </contrat>
  <contrat>
    <numeroseao>1104126</numeroseao>
    <numero>6301-17-KA18</numero>
    <datefinale>2018-06-05</datefinale>
    <datepublicationfinale>2018-06-29</datepublicationfinale>
    <montantfinal>40103.820000</montantfinal>
    <nomcontractant>Englobe Corp.</nomcontractant>
    <neqcontractant>1167280206</neqcontractant>
  </contrat>
  <contrat>
    <numeroseao>1107563</numeroseao>
    <numero>P0081456</numero>
    <datefinale>2018-02-28</datefinale>
    <datepublicationfinale>2018-05-01</datepublicationfinale>
    <montantfinal>60000.000000</montantfinal>
    <nomcontractant>Spencer Stuart &amp; Associates</nomcontractant>
    <neqcontractant>1142890095</neqcontractant>
  </contrat>
  <contrat>
    <numeroseao>1123719</numeroseao>
    <numero>32911000</numero>
    <datefinale>2018-05-11</datefinale>
    <datepublicationfinale>2018-05-07</datepublicationfinale>
    <montantfinal>252937.100000</montantfinal>
    <nomcontractant>Provencher Roy + Associés Architectes Inc.</nomcontractant>
    <neqcontractant>1172835382</neqcontractant>
  </contrat>
  <contrat>
    <numeroseao>1140375</numeroseao>
    <numero>44509221</numero>
    <datefinale>2018-06-27</datefinale>
    <datepublicationfinale>2018-06-11</datepublicationfinale>
    <montantfinal>79896.140000</montantfinal>
    <nomcontractant>Groupe C. &amp; G. Beaulieu Inc</nomcontractant>
    <neqcontractant>1164819808</neqcontractant>
  </contrat>
  <contrat>
    <numeroseao>1157879</numeroseao>
    <numero>44504744</numero>
    <datefinale>2018-03-28</datefinale>
    <datepublicationfinale>2018-04-20</datepublicationfinale>
    <montantfinal>26815.550000</montantfinal>
    <nomcontractant>Stantec Experts-conseils ltée</nomcontractant>
    <neqcontractant>1170241336</neqcontractant>
  </contrat>
  <contrat>
    <numeroseao>1167991</numeroseao>
    <numero>C.E.17-18-064</numero>
    <datefinale>2018-04-13</datefinale>
    <datepublicationfinale>2018-05-24</datepublicationfinale>
    <montantfinal>27575.000000</montantfinal>
    <nomcontractant>Erika Esmeralda Martinez De Abarca</nomcontractant>
    <neqcontractant />
  </contrat>
</export>