<?xml version="1.0" encoding="utf-8"?>
<export xmlns:xsi="http://www.w3.org/2001/XMLSchema-instance" xmlns:xsd="http://www.w3.org/2001/XMLSchema" datedebut="2018-01-01" datefin="2018-01-31">
  <contrat>
    <numeroseao>598654</numeroseao>
    <numero>23433200</numero>
    <datefinale>2017-10-31</datefinale>
    <datepublicationfinale>2017-11-23</datepublicationfinale>
    <montantfinal>61470.330000</montantfinal>
    <nomcontractant>Ascenseurs Nagle Inc</nomcontractant>
    <neqcontractant>1142957399</neqcontractant>
  </contrat>
  <contrat>
    <numeroseao>604560</numeroseao>
    <numero>2144-04-0019</numero>
    <datefinale>2017-10-16</datefinale>
    <datepublicationfinale>2017-10-23</datepublicationfinale>
    <montantfinal>22557665.850000</montantfinal>
    <nomcontractant>EBC</nomcontractant>
    <neqcontractant>1140169609</neqcontractant>
  </contrat>
  <contrat>
    <numeroseao>618795</numeroseao>
    <numero>10222</numero>
    <datefinale>2017-11-13</datefinale>
    <datepublicationfinale>2016-05-13</datepublicationfinale>
    <montantfinal>1445263.100000</montantfinal>
    <nomcontractant>Groupe Hexagone, s.e.c..</nomcontractant>
    <neqcontractant>3365348633</neqcontractant>
  </contrat>
  <contrat>
    <numeroseao>618799</numeroseao>
    <numero>10221</numero>
    <datefinale>2017-11-13</datefinale>
    <datepublicationfinale>2016-05-13</datepublicationfinale>
    <montantfinal>1207469.860000</montantfinal>
    <nomcontractant>Groupe Hexagone, s.e.c..</nomcontractant>
    <neqcontractant>3365348633</neqcontractant>
  </contrat>
  <contrat>
    <numeroseao>618815</numeroseao>
    <numero>10220</numero>
    <datefinale>2017-11-13</datefinale>
    <datepublicationfinale>2016-08-24</datepublicationfinale>
    <montantfinal>1112472.230000</montantfinal>
    <nomcontractant>Groupe Hexagone, s.e.c..</nomcontractant>
    <neqcontractant>3365348633</neqcontractant>
  </contrat>
  <contrat>
    <numeroseao>656751</numeroseao>
    <numero>10279</numero>
    <datefinale>2017-11-13</datefinale>
    <datepublicationfinale>2016-05-13</datepublicationfinale>
    <montantfinal>153422.030000</montantfinal>
    <nomcontractant>Groupe Hexagone, s.e.c..</nomcontractant>
    <neqcontractant>3365348633</neqcontractant>
  </contrat>
  <contrat>
    <numeroseao>700198</numeroseao>
    <numero>2013-1383-28</numero>
    <datefinale>2016-12-09</datefinale>
    <datepublicationfinale>2017-02-03</datepublicationfinale>
    <montantfinal>18697856.830000</montantfinal>
    <nomcontractant>Équipements JVC Inc. (Les)</nomcontractant>
    <neqcontractant>1143285303</neqcontractant>
  </contrat>
  <contrat>
    <numeroseao>702427</numeroseao>
    <numero>401437-1</numero>
    <datefinale>2016-12-31</datefinale>
    <datepublicationfinale>2017-10-16</datepublicationfinale>
    <montantfinal>1299667.420000</montantfinal>
    <nomcontractant>LE CENTRE D'APPRENTISSAGE INTENSIF DE QUÉBEC</nomcontractant>
    <neqcontractant />
  </contrat>
  <contrat>
    <numeroseao>761033</numeroseao>
    <numero>27074800</numero>
    <datefinale>2017-04-30</datefinale>
    <datepublicationfinale>2017-08-28</datepublicationfinale>
    <montantfinal>73057.290000</montantfinal>
    <nomcontractant>Constructions Roger Fortin inc.</nomcontractant>
    <neqcontractant>1143740851</neqcontractant>
  </contrat>
  <contrat>
    <numeroseao>791080</numeroseao>
    <numero>SAP-2014-07</numero>
    <datefinale>2017-09-30</datefinale>
    <datepublicationfinale>2017-12-21</datepublicationfinale>
    <montantfinal>30945.750000</montantfinal>
    <nomcontractant>Qc Média</nomcontractant>
    <neqcontractant>1166689993</neqcontractant>
  </contrat>
  <contrat>
    <numeroseao>815623</numeroseao>
    <numero>P22334</numero>
    <datefinale>2017-12-22</datefinale>
    <datepublicationfinale>2016-05-26</datepublicationfinale>
    <montantfinal>336912.080000</montantfinal>
    <nomcontractant>Xerox</nomcontractant>
    <neqcontractant>1141555566</neqcontractant>
  </contrat>
  <contrat>
    <numeroseao>837847</numeroseao>
    <numero>27774700</numero>
    <datefinale>2017-11-29</datefinale>
    <datepublicationfinale>2017-12-01</datepublicationfinale>
    <montantfinal>3462279.130000</montantfinal>
    <nomcontractant>Construction Jessiko</nomcontractant>
    <neqcontractant>1164716889</neqcontractant>
  </contrat>
  <contrat>
    <numeroseao>845973</numeroseao>
    <numero>2012-2505</numero>
    <datefinale>2017-12-18</datefinale>
    <datepublicationfinale>2017-11-09</datepublicationfinale>
    <montantfinal>2778875.490000</montantfinal>
    <nomcontractant>Les Entreprises Québechab Ltée</nomcontractant>
    <neqcontractant>1142765446</neqcontractant>
  </contrat>
  <contrat>
    <numeroseao>863325</numeroseao>
    <numero>27655500</numero>
    <datefinale>2017-11-30</datefinale>
    <datepublicationfinale>2017-12-19</datepublicationfinale>
    <montantfinal>40626.160000</montantfinal>
    <nomcontractant>GME Électrique</nomcontractant>
    <neqcontractant>1164064991</neqcontractant>
  </contrat>
  <contrat>
    <numeroseao>865532</numeroseao>
    <numero>BR-032585-14</numero>
    <datefinale>2015-11-09</datefinale>
    <datepublicationfinale>2016-05-06</datepublicationfinale>
    <montantfinal>200000.000000</montantfinal>
    <nomcontractant>Centre de Recherche Informatique de Montréal (CRIM)</nomcontractant>
    <neqcontractant>1144478873</neqcontractant>
  </contrat>
  <contrat>
    <numeroseao>902807</numeroseao>
    <numero>28608</numero>
    <datefinale>2017-10-18</datefinale>
    <datepublicationfinale>2016-05-13</datepublicationfinale>
    <montantfinal>1658938.170000</montantfinal>
    <nomcontractant>Charex</nomcontractant>
    <neqcontractant>1167167742</neqcontractant>
  </contrat>
  <contrat>
    <numeroseao>905074</numeroseao>
    <numero>Contrat 2015-05</numero>
    <datefinale>2017-11-27</datefinale>
    <datepublicationfinale>2016-11-17</datepublicationfinale>
    <montantfinal>755382.260000</montantfinal>
    <nomcontractant>Potosi Construction</nomcontractant>
    <neqcontractant>1166935909</neqcontractant>
  </contrat>
  <contrat>
    <numeroseao>908841</numeroseao>
    <numero>468562-0</numero>
    <datefinale>2016-06-29</datefinale>
    <datepublicationfinale>2016-10-11</datepublicationfinale>
    <montantfinal>15700.000000</montantfinal>
    <nomcontractant>CENTRE LE BOUSCUEIL DE ROBERVAL INC.</nomcontractant>
    <neqcontractant>1142288795</neqcontractant>
  </contrat>
  <contrat>
    <numeroseao>909202</numeroseao>
    <numero>470907-1</numero>
    <datefinale>2016-06-30</datefinale>
    <datepublicationfinale>2017-04-04</datepublicationfinale>
    <montantfinal>408415.870000</montantfinal>
    <nomcontractant>Carrefour Jeunesse Emploi et Option Emploi du Roch</nomcontractant>
    <neqcontractant>1147173935</neqcontractant>
  </contrat>
  <contrat>
    <numeroseao>977183</numeroseao>
    <numero>499730-1</numero>
    <datefinale>2017-03-31</datefinale>
    <datepublicationfinale>2017-09-05</datepublicationfinale>
    <montantfinal>710676.000000</montantfinal>
    <nomcontractant>SAJE MONTRÉAL MÉTRO (NORD-SUD-EST-OUEST)</nomcontractant>
    <neqcontractant>1148240956</neqcontractant>
  </contrat>
  <contrat>
    <numeroseao>984284</numeroseao>
    <numero>367 308 137</numero>
    <datefinale>2016-09-30</datefinale>
    <datepublicationfinale>2016-12-13</datepublicationfinale>
    <montantfinal>86000.000000</montantfinal>
    <nomcontractant>Société de Sauvetage</nomcontractant>
    <neqcontractant>1142555011</neqcontractant>
  </contrat>
  <contrat>
    <numeroseao>1034079</numeroseao>
    <numero>44506413</numero>
    <datefinale>2017-12-05</datefinale>
    <datepublicationfinale>2017-12-15</datepublicationfinale>
    <montantfinal>44723.900000</montantfinal>
    <nomcontractant>Stantec Experts-Conseil Ltée</nomcontractant>
    <neqcontractant>1170241336</neqcontractant>
  </contrat>
  <contrat>
    <numeroseao>1048247</numeroseao>
    <numero>AME-8327-144-JFR</numero>
    <datefinale>2018-01-18</datefinale>
    <datepublicationfinale>2017-11-01</datepublicationfinale>
    <montantfinal>192091.860000</montantfinal>
    <nomcontractant>Les Entreprises Cloutier &amp; Gagnon (1988) Ltée</nomcontractant>
    <neqcontractant>1143021229</neqcontractant>
  </contrat>
  <contrat>
    <numeroseao>1050591</numeroseao>
    <numero>AO170210-15</numero>
    <datefinale>2017-10-20</datefinale>
    <datepublicationfinale>2017-11-17</datepublicationfinale>
    <montantfinal>188965.480000</montantfinal>
    <nomcontractant>C.J. Picard  Inc.</nomcontractant>
    <neqcontractant>1142318204</neqcontractant>
  </contrat>
  <contrat>
    <numeroseao>1055002</numeroseao>
    <numero>16-692</numero>
    <datefinale>2017-11-13</datefinale>
    <datepublicationfinale>2017-11-13</datepublicationfinale>
    <montantfinal>179012.520000</montantfinal>
    <nomcontractant>Construction Éric Longpre</nomcontractant>
    <neqcontractant>1147207568</neqcontractant>
  </contrat>
  <contrat>
    <numeroseao>1066663</numeroseao>
    <numero>7103-15-KA22</numero>
    <datefinale>2017-08-30</datefinale>
    <datepublicationfinale>2017-04-11</datepublicationfinale>
    <montantfinal>108744.340000</montantfinal>
    <nomcontractant>Englobe Corp.</nomcontractant>
    <neqcontractant>1167280206</neqcontractant>
  </contrat>
  <contrat>
    <numeroseao>1071253</numeroseao>
    <numero>CBA-2017-LM-MSHF</numero>
    <datefinale>2017-11-10</datefinale>
    <datepublicationfinale>2017-11-26</datepublicationfinale>
    <montantfinal>101518.000000</montantfinal>
    <nomcontractant>Construction R. Bélanger inc..</nomcontractant>
    <neqcontractant>1140288722</neqcontractant>
  </contrat>
  <contrat>
    <numeroseao>1076044</numeroseao>
    <numero>27747300</numero>
    <datefinale>2017-05-15</datefinale>
    <datepublicationfinale>2017-05-17</datepublicationfinale>
    <montantfinal>25814.930000</montantfinal>
    <nomcontractant>Ferme Berna inc.</nomcontractant>
    <neqcontractant>1143737857</neqcontractant>
  </contrat>
  <contrat>
    <numeroseao>1076903</numeroseao>
    <numero>2017-063</numero>
    <datefinale>2017-12-07</datefinale>
    <datepublicationfinale>2017-11-02</datepublicationfinale>
    <montantfinal>74747.550000</montantfinal>
    <nomcontractant>Duchesne Auto Alma</nomcontractant>
    <neqcontractant>1142456988</neqcontractant>
  </contrat>
  <contrat>
    <numeroseao>1081215</numeroseao>
    <numero>44507818</numero>
    <datefinale>2017-09-25</datefinale>
    <datepublicationfinale>2017-12-15</datepublicationfinale>
    <montantfinal>56705.000000</montantfinal>
    <nomcontractant>Ascenseurs Thyssenkrupp (Canada) Limitée</nomcontractant>
    <neqcontractant>1166288408</neqcontractant>
  </contrat>
  <contrat>
    <numeroseao>1081817</numeroseao>
    <numero>1411-02-0271</numero>
    <datefinale>2017-12-08</datefinale>
    <datepublicationfinale>2017-12-08</datepublicationfinale>
    <montantfinal>227295.500000</montantfinal>
    <nomcontractant>Verreault Navigation Inc.</nomcontractant>
    <neqcontractant>1143165059</neqcontractant>
  </contrat>
  <contrat>
    <numeroseao>1085596</numeroseao>
    <numero>64340650</numero>
    <datefinale>2017-12-22</datefinale>
    <datepublicationfinale>2017-11-07</datepublicationfinale>
    <montantfinal>67526.210000</montantfinal>
    <nomcontractant>Mercedes-Benz St-Nicolas</nomcontractant>
    <neqcontractant>1167736736</neqcontractant>
  </contrat>
  <contrat>
    <numeroseao>1103308</numeroseao>
    <numero>170816-1883</numero>
    <datefinale>2017-10-31</datefinale>
    <datepublicationfinale>2017-11-15</datepublicationfinale>
    <montantfinal>83852.400000</montantfinal>
    <nomcontractant>Helicoptères Canadiens Ltée</nomcontractant>
    <neqcontractant>1164351737</neqcontractant>
  </contrat>
  <contrat>
    <numeroseao>1106482</numeroseao>
    <numero>44508017</numero>
    <datefinale>2017-09-30</datefinale>
    <datepublicationfinale>2017-12-21</datepublicationfinale>
    <montantfinal>355027.000000</montantfinal>
    <nomcontractant>GoSecure</nomcontractant>
    <neqcontractant>1160803210</neqcontractant>
  </contrat>
</export>