<?xml version="1.0" encoding="utf-8"?>
<export xmlns:xsi="http://www.w3.org/2001/XMLSchema-instance" xmlns:xsd="http://www.w3.org/2001/XMLSchema" datedebut="2018-02-01" datefin="2018-02-28">
  <contrat>
    <numeroseao>701371</numeroseao>
    <numero>23071700</numero>
    <datefinale>2018-01-15</datefinale>
    <datepublicationfinale>2018-01-25</datepublicationfinale>
    <montantfinal>1098577.900000</montantfinal>
    <nomcontractant>4182901 CANADA INC.</nomcontractant>
    <neqcontractant>1162809496</neqcontractant>
  </contrat>
  <contrat>
    <numeroseao>701932</numeroseao>
    <numero>18564500</numero>
    <datefinale>2017-11-30</datefinale>
    <datepublicationfinale>2017-01-30</datepublicationfinale>
    <montantfinal>2173460.120000</montantfinal>
    <nomcontractant>BPR - Bâtiment Inc.</nomcontractant>
    <neqcontractant>1164104821</neqcontractant>
  </contrat>
  <contrat>
    <numeroseao>702427</numeroseao>
    <numero>401437-1</numero>
    <datefinale>2016-12-31</datefinale>
    <datepublicationfinale>2017-10-16</datepublicationfinale>
    <montantfinal>1285930.850000</montantfinal>
    <nomcontractant>LE CENTRE D'APPRENTISSAGE INTENSIF DE QUÉBEC</nomcontractant>
    <neqcontractant />
  </contrat>
  <contrat>
    <numeroseao>707036</numeroseao>
    <numero>25359000</numero>
    <datefinale>2017-11-30</datefinale>
    <datepublicationfinale>2017-12-14</datepublicationfinale>
    <montantfinal>1224431.280000</montantfinal>
    <nomcontractant>Maintenance Euréka Ltée</nomcontractant>
    <neqcontractant>1142075036</neqcontractant>
  </contrat>
  <contrat>
    <numeroseao>752979</numeroseao>
    <numero>440003587</numero>
    <datefinale>2017-05-29</datefinale>
    <datepublicationfinale>2017-10-18</datepublicationfinale>
    <montantfinal>3312624.560000</montantfinal>
    <nomcontractant>CONNEX Québec</nomcontractant>
    <neqcontractant>1168018977</neqcontractant>
  </contrat>
  <contrat>
    <numeroseao>793349</numeroseao>
    <numero>52528-531_LM_INV_SA</numero>
    <datefinale>2016-04-29</datefinale>
    <datepublicationfinale>2015-06-08</datepublicationfinale>
    <montantfinal>14896.850000</montantfinal>
    <nomcontractant>Leclerc Associés Architectes inc.</nomcontractant>
    <neqcontractant>1168318849</neqcontractant>
  </contrat>
  <contrat>
    <numeroseao>793931</numeroseao>
    <numero>P22430</numero>
    <datefinale>2017-08-31</datefinale>
    <datepublicationfinale>2017-07-28</datepublicationfinale>
    <montantfinal>123809.940000</montantfinal>
    <nomcontractant>Groupe Nicky</nomcontractant>
    <neqcontractant>1141894387</neqcontractant>
  </contrat>
  <contrat>
    <numeroseao>815623</numeroseao>
    <numero>P22334</numero>
    <datefinale>2018-01-16</datefinale>
    <datepublicationfinale>2016-05-26</datepublicationfinale>
    <montantfinal>336912.080000</montantfinal>
    <nomcontractant>Xerox</nomcontractant>
    <neqcontractant>1141555566</neqcontractant>
  </contrat>
  <contrat>
    <numeroseao>825113</numeroseao>
    <numero>80639827</numero>
    <datefinale>2017-03-31</datefinale>
    <datepublicationfinale>2017-04-10</datepublicationfinale>
    <montantfinal>23601.110000</montantfinal>
    <nomcontractant>Services informatiques Damatex inc.</nomcontractant>
    <neqcontractant>1143897016</neqcontractant>
  </contrat>
  <contrat>
    <numeroseao>842790</numeroseao>
    <numero>27789500</numero>
    <datefinale>2017-11-27</datefinale>
    <datepublicationfinale>2018-01-23</datepublicationfinale>
    <montantfinal>2281910.620000</montantfinal>
    <nomcontractant>Maçonnerie Rainville et Frères Inc.</nomcontractant>
    <neqcontractant>1162473921</neqcontractant>
  </contrat>
  <contrat>
    <numeroseao>844437</numeroseao>
    <numero>80641041</numero>
    <datefinale>2017-10-31</datefinale>
    <datepublicationfinale>2017-11-09</datepublicationfinale>
    <montantfinal>29968.130000</montantfinal>
    <nomcontractant>Siemens Canada Ltée.</nomcontractant>
    <neqcontractant>1161355988</neqcontractant>
  </contrat>
  <contrat>
    <numeroseao>862193</numeroseao>
    <numero>80642392</numero>
    <datefinale>2018-01-31</datefinale>
    <datepublicationfinale>2018-01-19</datepublicationfinale>
    <montantfinal>64810.000000</montantfinal>
    <nomcontractant>Surveillances périodiques DM inc.</nomcontractant>
    <neqcontractant>1170156427</neqcontractant>
  </contrat>
  <contrat>
    <numeroseao>863325</numeroseao>
    <numero>27655500</numero>
    <datefinale>2017-12-08</datefinale>
    <datepublicationfinale>2017-12-19</datepublicationfinale>
    <montantfinal>42165.370000</montantfinal>
    <nomcontractant>GME Électrique</nomcontractant>
    <neqcontractant>1164064991</neqcontractant>
  </contrat>
  <contrat>
    <numeroseao>869283</numeroseao>
    <numero>28462800</numero>
    <datefinale>2018-01-04</datefinale>
    <datepublicationfinale>2017-12-18</datepublicationfinale>
    <montantfinal>58389.680000</montantfinal>
    <nomcontractant>Les Entretiens Yannick Jean ( 2012 ) Inc</nomcontractant>
    <neqcontractant>1167783183</neqcontractant>
  </contrat>
  <contrat>
    <numeroseao>906323</numeroseao>
    <numero>2015-E-P-39</numero>
    <datefinale>2016-09-26</datefinale>
    <datepublicationfinale>2016-09-21</datepublicationfinale>
    <montantfinal>341302.820000</montantfinal>
    <nomcontractant>Mécanique CNC (2002) Inc.</nomcontractant>
    <neqcontractant>1161024147</neqcontractant>
  </contrat>
  <contrat>
    <numeroseao>914173</numeroseao>
    <numero>SE261525</numero>
    <datefinale>2017-11-09</datefinale>
    <datepublicationfinale>2017-05-19</datepublicationfinale>
    <montantfinal>25951.700000</montantfinal>
    <nomcontractant>Vertika</nomcontractant>
    <neqcontractant>1164615859</neqcontractant>
  </contrat>
  <contrat>
    <numeroseao>932430</numeroseao>
    <numero>C-2015-41</numero>
    <datefinale>2016-01-28</datefinale>
    <datepublicationfinale>2016-05-05</datepublicationfinale>
    <montantfinal>43085.280000</montantfinal>
    <nomcontractant>Blainville Ford inc.</nomcontractant>
    <neqcontractant>1143550631</neqcontractant>
  </contrat>
  <contrat>
    <numeroseao>977932</numeroseao>
    <numero>1535-P</numero>
    <datefinale>2017-02-24</datefinale>
    <datepublicationfinale>2017-12-12</datepublicationfinale>
    <montantfinal>28447.640000</montantfinal>
    <nomcontractant>Groupe  ABS</nomcontractant>
    <neqcontractant>1165977969</neqcontractant>
  </contrat>
  <contrat>
    <numeroseao>1014250</numeroseao>
    <numero>44506392</numero>
    <datefinale>2018-01-11</datefinale>
    <datepublicationfinale>2018-01-12</datepublicationfinale>
    <montantfinal>31100.000000</montantfinal>
    <nomcontractant>I.M.E. Experts-Conseils inc.</nomcontractant>
    <neqcontractant>1168503408</neqcontractant>
  </contrat>
  <contrat>
    <numeroseao>1017073</numeroseao>
    <numero>2016-0228</numero>
    <datefinale>2017-12-15</datefinale>
    <datepublicationfinale>2017-09-26</datepublicationfinale>
    <montantfinal>95660.360000</montantfinal>
    <nomcontractant>Ernst &amp; Young LLP/S.EN.C.R.L</nomcontractant>
    <neqcontractant>3342276048</neqcontractant>
  </contrat>
  <contrat>
    <numeroseao>1019653</numeroseao>
    <numero>31606400</numero>
    <datefinale>2018-01-26</datefinale>
    <datepublicationfinale>2018-01-26</datepublicationfinale>
    <montantfinal>84552.080000</montantfinal>
    <nomcontractant>Agences Robert Janvier ltée</nomcontractant>
    <neqcontractant>1143317361</neqcontractant>
  </contrat>
  <contrat>
    <numeroseao>1032035</numeroseao>
    <numero>31932300</numero>
    <datefinale>2017-12-14</datefinale>
    <datepublicationfinale>2017-12-15</datepublicationfinale>
    <montantfinal>43916.000000</montantfinal>
    <nomcontractant>Les céramiques Lindo (2001) inc.</nomcontractant>
    <neqcontractant>1160456431</neqcontractant>
  </contrat>
  <contrat>
    <numeroseao>1055714</numeroseao>
    <numero>AO170302-26</numero>
    <datefinale>2017-08-28</datefinale>
    <datepublicationfinale>2017-12-04</datepublicationfinale>
    <montantfinal>203575.590000</montantfinal>
    <nomcontractant>C.J. Picard  Inc.</nomcontractant>
    <neqcontractant>1142318204</neqcontractant>
  </contrat>
  <contrat>
    <numeroseao>1105175</numeroseao>
    <numero>21824</numero>
    <datefinale>2017-12-27</datefinale>
    <datepublicationfinale>2017-12-28</datepublicationfinale>
    <montantfinal>124300.000000</montantfinal>
    <nomcontractant>1 One production</nomcontractant>
    <neqcontractant>1166473463</neqcontractant>
  </contrat>
  <contrat>
    <numeroseao>1112064</numeroseao>
    <numero>44507791</numero>
    <datefinale>2018-01-25</datefinale>
    <datepublicationfinale>2018-01-25</datepublicationfinale>
    <montantfinal>119153.270000</montantfinal>
    <nomcontractant>Industrielle Alliance, Assurance et services financiers inc.</nomcontractant>
    <neqcontractant>1168366202</neqcontractant>
  </contrat>
  <contrat>
    <numeroseao>1112487</numeroseao>
    <numero>DP-1087208</numero>
    <datefinale>2017-11-16</datefinale>
    <datepublicationfinale>2017-11-02</datepublicationfinale>
    <montantfinal>45411.910000</montantfinal>
    <nomcontractant>Les Pavages Lavallée et Leblanc inc.</nomcontractant>
    <neqcontractant>1170601067</neqcontractant>
  </contrat>
</export>