<?xml version="1.0" encoding="utf-8"?>
<export xmlns:xsi="http://www.w3.org/2001/XMLSchema-instance" xmlns:xsd="http://www.w3.org/2001/XMLSchema" datedebut="2018-10-01" datefin="2018-10-31">
  <contrat>
    <numeroseao>513586</numeroseao>
    <numero>1176</numero>
    <datefinale>2014-03-27</datefinale>
    <datepublicationfinale>2014-04-29</datepublicationfinale>
    <montantfinal>0.000000</montantfinal>
    <nomcontractant>Précision 2K Inc.</nomcontractant>
    <neqcontractant />
  </contrat>
  <contrat>
    <numeroseao>518005</numeroseao>
    <numero>2044-04-118</numero>
    <datefinale>2011-05-03</datefinale>
    <datepublicationfinale>2012-07-10</datepublicationfinale>
    <montantfinal>27178.790000</montantfinal>
    <nomcontractant>STE-MARTINE AUTOMOBILE</nomcontractant>
    <neqcontractant />
  </contrat>
  <contrat>
    <numeroseao>742642</numeroseao>
    <numero>P01088  /  374397</numero>
    <datefinale>2017-12-19</datefinale>
    <datepublicationfinale>2018-05-03</datepublicationfinale>
    <montantfinal>634539.710000</montantfinal>
    <nomcontractant>Norda Stelo Inc. (siège social)</nomcontractant>
    <neqcontractant>1165310831</neqcontractant>
  </contrat>
  <contrat>
    <numeroseao>814491</numeroseao>
    <numero>AOP-2014-S-096</numero>
    <datefinale>2018-06-30</datefinale>
    <datepublicationfinale>2018-05-15</datepublicationfinale>
    <montantfinal>450867.430000</montantfinal>
    <nomcontractant>Maintenance Euréka Ltée</nomcontractant>
    <neqcontractant>1142075036</neqcontractant>
  </contrat>
  <contrat>
    <numeroseao>880818</numeroseao>
    <numero>294069-00</numero>
    <datefinale>2018-07-31</datefinale>
    <datepublicationfinale>2018-09-06</datepublicationfinale>
    <montantfinal>177266.930000</montantfinal>
    <nomcontractant>Multi-Énergie Best Inc</nomcontractant>
    <neqcontractant>1144040194</neqcontractant>
  </contrat>
  <contrat>
    <numeroseao>899377</numeroseao>
    <numero>29126400</numero>
    <datefinale>2018-07-05</datefinale>
    <datepublicationfinale>2018-09-19</datepublicationfinale>
    <montantfinal>49266.200000</montantfinal>
    <nomcontractant>TBC Constructions Inc.</nomcontractant>
    <neqcontractant>1166746835</neqcontractant>
  </contrat>
  <contrat>
    <numeroseao>900478</numeroseao>
    <numero>29295800</numero>
    <datefinale>2018-09-07</datefinale>
    <datepublicationfinale>2018-09-11</datepublicationfinale>
    <montantfinal>270411.460000</montantfinal>
    <nomcontractant>JBA le restaurateur (9280-3949 Qc inc)</nomcontractant>
    <neqcontractant>1169054674</neqcontractant>
  </contrat>
  <contrat>
    <numeroseao>908957</numeroseao>
    <numero>465893-1</numero>
    <datefinale>2018-06-30</datefinale>
    <datepublicationfinale>2018-09-27</datepublicationfinale>
    <montantfinal>1178024.820000</montantfinal>
    <nomcontractant>ATELIER DE PREPARATION A L'EMPLOI (A.P.E.) INC.</nomcontractant>
    <neqcontractant>1144361087</neqcontractant>
  </contrat>
  <contrat>
    <numeroseao>912795</numeroseao>
    <numero>C2015-07</numero>
    <datefinale />
    <datepublicationfinale>2015-12-03</datepublicationfinale>
    <montantfinal>0.000000</montantfinal>
    <nomcontractant>Fondation du Jardin zoologique de Granby</nomcontractant>
    <neqcontractant />
  </contrat>
  <contrat>
    <numeroseao>912807</numeroseao>
    <numero>C2015-09</numero>
    <datefinale />
    <datepublicationfinale>2015-07-23</datepublicationfinale>
    <montantfinal>0.000000</montantfinal>
    <nomcontractant>Solidarité ethnique régionale de la Yamaska</nomcontractant>
    <neqcontractant />
  </contrat>
  <contrat>
    <numeroseao>924649</numeroseao>
    <numero>29980800</numero>
    <datefinale>2018-07-03</datefinale>
    <datepublicationfinale>2018-07-06</datepublicationfinale>
    <montantfinal>262399.880000</montantfinal>
    <nomcontractant>Excellence déneigement</nomcontractant>
    <neqcontractant>2246856167</neqcontractant>
  </contrat>
  <contrat>
    <numeroseao>960334</numeroseao>
    <numero>311-36-400</numero>
    <datefinale>2018-06-02</datefinale>
    <datepublicationfinale>2018-04-18</datepublicationfinale>
    <montantfinal>89866.160000</montantfinal>
    <nomcontractant>Groupe Conseil BC2FP</nomcontractant>
    <neqcontractant>1166369067</neqcontractant>
  </contrat>
  <contrat>
    <numeroseao>977481</numeroseao>
    <numero>BL003671</numero>
    <datefinale>2016-12-16</datefinale>
    <datepublicationfinale>2017-05-29</datepublicationfinale>
    <montantfinal>45248.110000</montantfinal>
    <nomcontractant>Expert au Travail - St. Laurent</nomcontractant>
    <neqcontractant />
  </contrat>
  <contrat>
    <numeroseao>977967</numeroseao>
    <numero>C2016/003</numero>
    <datefinale>2016-12-31</datefinale>
    <datepublicationfinale>2017-02-06</datepublicationfinale>
    <montantfinal>354400.000000</montantfinal>
    <nomcontractant>Corporation d'aménagement récréotouristique de la Haute-Yamaska</nomcontractant>
    <neqcontractant />
  </contrat>
  <contrat>
    <numeroseao>978008</numeroseao>
    <numero>C2016-011</numero>
    <datefinale />
    <datepublicationfinale>2016-07-29</datepublicationfinale>
    <montantfinal>0.000000</montantfinal>
    <nomcontractant>Jeunes entreprises de la région du Haut-Yamaska</nomcontractant>
    <neqcontractant />
  </contrat>
  <contrat>
    <numeroseao>985034</numeroseao>
    <numero>2016-4559</numero>
    <datefinale>2018-02-12</datefinale>
    <datepublicationfinale>2018-03-08</datepublicationfinale>
    <montantfinal>229054.240000</montantfinal>
    <nomcontractant>Construction Olivier &amp; Lyonnais Inc..</nomcontractant>
    <neqcontractant>1142640003</neqcontractant>
  </contrat>
  <contrat>
    <numeroseao>985487</numeroseao>
    <numero>31208400</numero>
    <datefinale>2018-06-15</datefinale>
    <datepublicationfinale>2018-08-06</datepublicationfinale>
    <montantfinal>1483257.220000</montantfinal>
    <nomcontractant>Soucy Aquatik inc.</nomcontractant>
    <neqcontractant>1169588291</neqcontractant>
  </contrat>
  <contrat>
    <numeroseao>991651</numeroseao>
    <numero>CGER 580363</numero>
    <datefinale>2018-06-25</datefinale>
    <datepublicationfinale>2016-08-03</datepublicationfinale>
    <montantfinal>63590.530000</montantfinal>
    <nomcontractant>Intertek Testing Services LA, Ltd</nomcontractant>
    <neqcontractant />
  </contrat>
  <contrat>
    <numeroseao>1028620</numeroseao>
    <numero>2016-1027-19</numero>
    <datefinale>2018-10-26</datefinale>
    <datepublicationfinale>2017-04-28</datepublicationfinale>
    <montantfinal>28775.110000</montantfinal>
    <nomcontractant>SNC-Lavalin Stavibel inc.</nomcontractant>
    <neqcontractant>1168081983</neqcontractant>
  </contrat>
  <contrat>
    <numeroseao>1046276</numeroseao>
    <numero>2016CSU012</numero>
    <datefinale>2018-05-14</datefinale>
    <datepublicationfinale>2018-05-14</datepublicationfinale>
    <montantfinal>874872.370000</montantfinal>
    <nomcontractant>Qualité Construction (CDN) Ltée</nomcontractant>
    <neqcontractant>1141465030</neqcontractant>
  </contrat>
  <contrat>
    <numeroseao>1062494</numeroseao>
    <numero>16-17-82</numero>
    <datefinale>2018-03-20</datefinale>
    <datepublicationfinale>2018-03-22</datepublicationfinale>
    <montantfinal>602434.390000</montantfinal>
    <nomcontractant>AMB Modulaire</nomcontractant>
    <neqcontractant>1171905582</neqcontractant>
  </contrat>
  <contrat>
    <numeroseao>1068784</numeroseao>
    <numero>32458500</numero>
    <datefinale>2018-08-24</datefinale>
    <datepublicationfinale>2018-08-29</datepublicationfinale>
    <montantfinal>267220.500000</montantfinal>
    <nomcontractant>Ascenseurs Vertec</nomcontractant>
    <neqcontractant>1149394703</neqcontractant>
  </contrat>
  <contrat>
    <numeroseao>1074923</numeroseao>
    <numero>32456200</numero>
    <datefinale>2018-07-17</datefinale>
    <datepublicationfinale>2018-07-30</datepublicationfinale>
    <montantfinal>121122.300000</montantfinal>
    <nomcontractant>Construction LFG inc.</nomcontractant>
    <neqcontractant>1143505312</neqcontractant>
  </contrat>
  <contrat>
    <numeroseao>1086749</numeroseao>
    <numero>AO 74-2017-09</numero>
    <datefinale>2018-09-25</datefinale>
    <datepublicationfinale>2018-03-14</datepublicationfinale>
    <montantfinal>1550107.680000</montantfinal>
    <nomcontractant>Les Couvertures St-Léonard Inc</nomcontractant>
    <neqcontractant>1164967250</neqcontractant>
  </contrat>
  <contrat>
    <numeroseao>1086920</numeroseao>
    <numero>1086920</numero>
    <datefinale>2018-03-31</datefinale>
    <datepublicationfinale>2018-06-20</datepublicationfinale>
    <montantfinal>140123.510000</montantfinal>
    <nomcontractant>Équipements JKL Inc.</nomcontractant>
    <neqcontractant>1165577132</neqcontractant>
  </contrat>
  <contrat>
    <numeroseao>1089844</numeroseao>
    <numero>33112500</numero>
    <datefinale>2018-05-18</datefinale>
    <datepublicationfinale>2018-08-30</datepublicationfinale>
    <montantfinal>5734.020000</montantfinal>
    <nomcontractant>Conseil du Bâtiment Durable du Canada</nomcontractant>
    <neqcontractant>1167210815</neqcontractant>
  </contrat>
  <contrat>
    <numeroseao>1091039</numeroseao>
    <numero>532435-1</numero>
    <datefinale>2018-06-30</datefinale>
    <datepublicationfinale>2018-09-24</datepublicationfinale>
    <montantfinal>577781.020000</montantfinal>
    <nomcontractant>CENTRE R.I.R.E. 2000</nomcontractant>
    <neqcontractant>1145776382</neqcontractant>
  </contrat>
  <contrat>
    <numeroseao>1091071</numeroseao>
    <numero>540071-1</numero>
    <datefinale>2018-06-30</datefinale>
    <datepublicationfinale>2018-09-27</datepublicationfinale>
    <montantfinal>390231.000000</montantfinal>
    <nomcontractant>FORMATION ACCÈS INTÉGRATION TRAVAIL (FAIT) INC.</nomcontractant>
    <neqcontractant>1142108548</neqcontractant>
  </contrat>
  <contrat>
    <numeroseao>1091176</numeroseao>
    <numero>543078-1</numero>
    <datefinale>2018-06-30</datefinale>
    <datepublicationfinale>2018-09-20</datepublicationfinale>
    <montantfinal>130249.200000</montantfinal>
    <nomcontractant>CENTRE GÉNÉRATION EMPLOI</nomcontractant>
    <neqcontractant>1147487848</neqcontractant>
  </contrat>
  <contrat>
    <numeroseao>1091177</numeroseao>
    <numero>543093-1</numero>
    <datefinale>2018-06-30</datefinale>
    <datepublicationfinale>2018-09-20</datepublicationfinale>
    <montantfinal>524143.910000</montantfinal>
    <nomcontractant>CENTRE GÉNÉRATION EMPLOI</nomcontractant>
    <neqcontractant>1147487848</neqcontractant>
  </contrat>
  <contrat>
    <numeroseao>1091347</numeroseao>
    <numero>545038-1</numero>
    <datefinale>2018-06-30</datefinale>
    <datepublicationfinale>2018-09-27</datepublicationfinale>
    <montantfinal>838735.000000</montantfinal>
    <nomcontractant>VISION TRAVAIL ABITIBI-TEMISCAMINGUE</nomcontractant>
    <neqcontractant>1143399229</neqcontractant>
  </contrat>
  <contrat>
    <numeroseao>1091472</numeroseao>
    <numero>545882-1</numero>
    <datefinale>2018-06-30</datefinale>
    <datepublicationfinale>2018-09-20</datepublicationfinale>
    <montantfinal>441419.000000</montantfinal>
    <nomcontractant>GROUPE PARADOXE</nomcontractant>
    <neqcontractant>1146848040</neqcontractant>
  </contrat>
  <contrat>
    <numeroseao>1091608</numeroseao>
    <numero>545394-1</numero>
    <datefinale>2018-06-30</datefinale>
    <datepublicationfinale>2018-09-27</datepublicationfinale>
    <montantfinal>67555.440000</montantfinal>
    <nomcontractant>CARREFOUR JEUNESSE-EMPLOI RIVIÈRE-DU-NORD</nomcontractant>
    <neqcontractant>1160485984</neqcontractant>
  </contrat>
  <contrat>
    <numeroseao>1091614</numeroseao>
    <numero>545542-1</numero>
    <datefinale>2018-06-30</datefinale>
    <datepublicationfinale>2018-09-27</datepublicationfinale>
    <montantfinal>65643.380000</montantfinal>
    <nomcontractant>CARREFOUR JEUNESSE-EMPLOI RIVIÈRE-DU-NORD</nomcontractant>
    <neqcontractant>1160485984</neqcontractant>
  </contrat>
  <contrat>
    <numeroseao>1091712</numeroseao>
    <numero>547512-1</numero>
    <datefinale>2018-06-30</datefinale>
    <datepublicationfinale>2018-09-25</datepublicationfinale>
    <montantfinal>67976.000000</montantfinal>
    <nomcontractant>SEMO SAGUENAY-LAC-ST-JEAN INC.</nomcontractant>
    <neqcontractant>1143514850</neqcontractant>
  </contrat>
  <contrat>
    <numeroseao>1091970</numeroseao>
    <numero>17-261 - 062107572</numero>
    <datefinale>2017-11-29</datefinale>
    <datepublicationfinale>2018-06-26</datepublicationfinale>
    <montantfinal>18884.000000</montantfinal>
    <nomcontractant>Anjalec Construction inc.</nomcontractant>
    <neqcontractant>1146549275</neqcontractant>
  </contrat>
  <contrat>
    <numeroseao>1111214</numeroseao>
    <numero>8881-2</numero>
    <datefinale>2018-10-31</datefinale>
    <datepublicationfinale>2018-05-30</datepublicationfinale>
    <montantfinal>42560.000000</montantfinal>
    <nomcontractant>Cofomo Québec inc</nomcontractant>
    <neqcontractant>1167786996</neqcontractant>
  </contrat>
  <contrat>
    <numeroseao>1112774</numeroseao>
    <numero>2017SCA807</numero>
    <datefinale />
    <datepublicationfinale>2018-09-24</datepublicationfinale>
    <montantfinal>0.000000</montantfinal>
    <nomcontractant>KIWI Technologies inc.</nomcontractant>
    <neqcontractant>1149267974</neqcontractant>
  </contrat>
  <contrat>
    <numeroseao>1114447</numeroseao>
    <numero>700 272 961</numero>
    <datefinale>2018-06-30</datefinale>
    <datepublicationfinale>2018-09-26</datepublicationfinale>
    <montantfinal>23519.990000</montantfinal>
    <nomcontractant>E.L.D. Gestion des ressources humaines</nomcontractant>
    <neqcontractant>2266332800</neqcontractant>
  </contrat>
  <contrat>
    <numeroseao>1115790</numeroseao>
    <numero>32985800</numero>
    <datefinale>2018-08-28</datefinale>
    <datepublicationfinale>2018-08-29</datepublicationfinale>
    <montantfinal>213346.330000</montantfinal>
    <nomcontractant>Boless Inc</nomcontractant>
    <neqcontractant>1143021625</neqcontractant>
  </contrat>
  <contrat>
    <numeroseao>1128021</numeroseao>
    <numero>44508583</numero>
    <datefinale>2018-08-29</datefinale>
    <datepublicationfinale>2018-08-21</datepublicationfinale>
    <montantfinal>153094.190000</montantfinal>
    <nomcontractant>Ventil-Air</nomcontractant>
    <neqcontractant>1164245855</neqcontractant>
  </contrat>
  <contrat>
    <numeroseao>1167144</numeroseao>
    <numero>2E1031</numero>
    <datefinale>2018-09-19</datefinale>
    <datepublicationfinale>2018-09-07</datepublicationfinale>
    <montantfinal>40735.090000</montantfinal>
    <nomcontractant>Gervais Jacques Inc.</nomcontractant>
    <neqcontractant>1141051343</neqcontractant>
  </contrat>
  <contrat>
    <numeroseao>1173809</numeroseao>
    <numero>44510534</numero>
    <datefinale>2018-09-14</datefinale>
    <datepublicationfinale>2018-09-19</datepublicationfinale>
    <montantfinal>83483.000000</montantfinal>
    <nomcontractant>9112-2762 Québec inc. (Nord Roy)</nomcontractant>
    <neqcontractant>1160545811</neqcontractant>
  </contrat>
  <contrat>
    <numeroseao>1174892</numeroseao>
    <numero>44510370</numero>
    <datefinale>2018-09-11</datefinale>
    <datepublicationfinale>2018-09-11</datepublicationfinale>
    <montantfinal>29368.000000</montantfinal>
    <nomcontractant>Groupe Vigneault Lumilec / 9144-6823 Québec inc</nomcontractant>
    <neqcontractant>1172668916</neqcontractant>
  </contrat>
  <contrat>
    <numeroseao>1180778</numeroseao>
    <numero>34408100</numero>
    <datefinale>2018-07-19</datefinale>
    <datepublicationfinale>2018-08-31</datepublicationfinale>
    <montantfinal>59968.000000</montantfinal>
    <nomcontractant>Englobe</nomcontractant>
    <neqcontractant>1167280206</neqcontractant>
  </contrat>
  <contrat>
    <numeroseao>1198182</numeroseao>
    <numero>80668022</numero>
    <datefinale>2018-09-04</datefinale>
    <datepublicationfinale>2018-09-10</datepublicationfinale>
    <montantfinal>34284.590000</montantfinal>
    <nomcontractant>Langlois avocat, S.E.N.C.R.L.</nomcontractant>
    <neqcontractant>3341287426</neqcontractant>
  </contrat>
</export>