<?xml version="1.0" encoding="utf-8"?>
<export xmlns:xsi="http://www.w3.org/2001/XMLSchema-instance" xmlns:xsd="http://www.w3.org/2001/XMLSchema" datedebut="2018-03-01" datefin="2018-03-31">
  <contrat>
    <numeroseao>545640</numeroseao>
    <numero>20120229</numero>
    <datefinale>2012-09-19</datefinale>
    <datepublicationfinale>2013-02-19</datepublicationfinale>
    <montantfinal>212341.150000</montantfinal>
    <nomcontractant>Les Pavage Céka inc</nomcontractant>
    <neqcontractant>1160427812</neqcontractant>
  </contrat>
  <contrat>
    <numeroseao>549067</numeroseao>
    <numero>20120214</numero>
    <datefinale>2012-06-28</datefinale>
    <datepublicationfinale>2013-02-19</datepublicationfinale>
    <montantfinal>52646.950000</montantfinal>
    <nomcontractant>Lestage &amp; Fils Chrysler</nomcontractant>
    <neqcontractant>1140708455</neqcontractant>
  </contrat>
  <contrat>
    <numeroseao>557307</numeroseao>
    <numero>2012-622-01-01</numero>
    <datefinale>2017-06-30</datefinale>
    <datepublicationfinale>2017-12-14</datepublicationfinale>
    <montantfinal>268020.830000</montantfinal>
    <nomcontractant>Somagen Diagnostics Inc.</nomcontractant>
    <neqcontractant />
  </contrat>
  <contrat>
    <numeroseao>557307</numeroseao>
    <numero>2012-622-01-01</numero>
    <datefinale>2017-06-30</datefinale>
    <datepublicationfinale>2017-12-14</datepublicationfinale>
    <montantfinal>339049.920000</montantfinal>
    <nomcontractant>ALERE Canada</nomcontractant>
    <neqcontractant />
  </contrat>
  <contrat>
    <numeroseao>557307</numeroseao>
    <numero>2012-622-01-01</numero>
    <datefinale>2017-06-30</datefinale>
    <datepublicationfinale>2017-12-14</datepublicationfinale>
    <montantfinal>535320.320000</montantfinal>
    <nomcontractant>bioMerieux Canada, Inc.</nomcontractant>
    <neqcontractant>1143870633</neqcontractant>
  </contrat>
  <contrat>
    <numeroseao>557307</numeroseao>
    <numero>2012-622-01-01</numero>
    <datefinale>2017-06-30</datefinale>
    <datepublicationfinale>2017-12-14</datepublicationfinale>
    <montantfinal>571023.330000</montantfinal>
    <nomcontractant>Bio-Rad Laboratories (Canada) Ltd.</nomcontractant>
    <neqcontractant>1147660378</neqcontractant>
  </contrat>
  <contrat>
    <numeroseao>557307</numeroseao>
    <numero>2012-622-01-01</numero>
    <datefinale>2017-06-30</datefinale>
    <datepublicationfinale>2017-12-14</datepublicationfinale>
    <montantfinal>17067.050000</montantfinal>
    <nomcontractant>Les Produits Scientifiques ESBE</nomcontractant>
    <neqcontractant>1162170386</neqcontractant>
  </contrat>
  <contrat>
    <numeroseao>557307</numeroseao>
    <numero>2012-622-01-01</numero>
    <datefinale>2017-06-30</datefinale>
    <datepublicationfinale>2017-12-14</datepublicationfinale>
    <montantfinal>5170.910000</montantfinal>
    <nomcontractant>Produits Chimiques ACP Inc.</nomcontractant>
    <neqcontractant>1144303568</neqcontractant>
  </contrat>
  <contrat>
    <numeroseao>557307</numeroseao>
    <numero>2012-622-01-01</numero>
    <datefinale>2017-06-30</datefinale>
    <datepublicationfinale>2017-12-14</datepublicationfinale>
    <montantfinal>289600.100000</montantfinal>
    <nomcontractant>Inter Medico</nomcontractant>
    <neqcontractant />
  </contrat>
  <contrat>
    <numeroseao>557307</numeroseao>
    <numero>2012-622-01-01</numero>
    <datefinale>2017-06-30</datefinale>
    <datepublicationfinale>2017-12-14</datepublicationfinale>
    <montantfinal>90217.110000</montantfinal>
    <nomcontractant>Fisher Scientific</nomcontractant>
    <neqcontractant>1147627393</neqcontractant>
  </contrat>
  <contrat>
    <numeroseao>572697</numeroseao>
    <numero>111-12</numero>
    <datefinale>2012-06-28</datefinale>
    <datepublicationfinale>2013-02-19</datepublicationfinale>
    <montantfinal>25458.430000</montantfinal>
    <nomcontractant>Lestage &amp; Fils Chrysler</nomcontractant>
    <neqcontractant>1140708455</neqcontractant>
  </contrat>
  <contrat>
    <numeroseao>585618</numeroseao>
    <numero>04569</numero>
    <datefinale>2015-12-31</datefinale>
    <datepublicationfinale>2016-03-21</datepublicationfinale>
    <montantfinal>1322578.370000</montantfinal>
    <nomcontractant>C.D.E.S.C. de Rock Forest Inc.</nomcontractant>
    <neqcontractant />
  </contrat>
  <contrat>
    <numeroseao>588300</numeroseao>
    <numero>20120821</numero>
    <datefinale>2012-12-17</datefinale>
    <datepublicationfinale>2013-02-19</datepublicationfinale>
    <montantfinal>31855.550000</montantfinal>
    <nomcontractant>National Vacuum Services égout-aqueduc</nomcontractant>
    <neqcontractant>1167748715</neqcontractant>
  </contrat>
  <contrat>
    <numeroseao>599238</numeroseao>
    <numero>ENV-2012-08-034</numero>
    <datefinale>2017-10-31</datefinale>
    <datepublicationfinale>2017-07-06</datepublicationfinale>
    <montantfinal>42756.820000</montantfinal>
    <nomcontractant>Récupération Mario Hart</nomcontractant>
    <neqcontractant />
  </contrat>
  <contrat>
    <numeroseao>623289</numeroseao>
    <numero>201304CF</numero>
    <datefinale>2015-12-02</datefinale>
    <datepublicationfinale>2014-01-28</datepublicationfinale>
    <montantfinal>105000.000000</montantfinal>
    <nomcontractant>Un itinéraire pour tous</nomcontractant>
    <neqcontractant />
  </contrat>
  <contrat>
    <numeroseao>644568</numeroseao>
    <numero>PRO-HON13-15</numero>
    <datefinale>2017-06-01</datefinale>
    <datepublicationfinale>2015-02-23</datepublicationfinale>
    <montantfinal>99300.740000</montantfinal>
    <nomcontractant>Norda Stelo Inc. (siège social)</nomcontractant>
    <neqcontractant>1165310831</neqcontractant>
  </contrat>
  <contrat>
    <numeroseao>680879</numeroseao>
    <numero>RP-13-CONV-008</numero>
    <datefinale>2017-12-31</datefinale>
    <datepublicationfinale>2016-09-27</datepublicationfinale>
    <montantfinal>442270.800000</montantfinal>
    <nomcontractant>Maison des jeunes de Pointe-aux-Trembles</nomcontractant>
    <neqcontractant />
  </contrat>
  <contrat>
    <numeroseao>698488</numeroseao>
    <numero>21237800</numero>
    <datefinale>2018-02-20</datefinale>
    <datepublicationfinale>2018-02-22</datepublicationfinale>
    <montantfinal>276809.140000</montantfinal>
    <nomcontractant>Birtz Bastien Beaudoin Laforest architectes</nomcontractant>
    <neqcontractant>1143998624</neqcontractant>
  </contrat>
  <contrat>
    <numeroseao>701371</numeroseao>
    <numero>23071700</numero>
    <datefinale>2018-01-15</datefinale>
    <datepublicationfinale>2018-01-25</datepublicationfinale>
    <montantfinal>1098577.900000</montantfinal>
    <nomcontractant>4182901 CANADA INC.</nomcontractant>
    <neqcontractant>1162809496</neqcontractant>
  </contrat>
  <contrat>
    <numeroseao>701382</numeroseao>
    <numero>2013-10</numero>
    <datefinale>2017-05-24</datefinale>
    <datepublicationfinale>2017-12-01</datepublicationfinale>
    <montantfinal>565666.750000</montantfinal>
    <nomcontractant>IMDS Canada</nomcontractant>
    <neqcontractant>1148820351</neqcontractant>
  </contrat>
  <contrat>
    <numeroseao>701931</numeroseao>
    <numero>18564400</numero>
    <datefinale>2017-12-06</datefinale>
    <datepublicationfinale>2018-02-27</datepublicationfinale>
    <montantfinal>4633559.370000</montantfinal>
    <nomcontractant>Consortium BPR_Unigec</nomcontractant>
    <neqcontractant />
  </contrat>
  <contrat>
    <numeroseao>791616</numeroseao>
    <numero>25708900</numero>
    <datefinale>2017-11-30</datefinale>
    <datepublicationfinale>2018-02-23</datepublicationfinale>
    <montantfinal>58270.910000</montantfinal>
    <nomcontractant>Magnor</nomcontractant>
    <neqcontractant>1171048847</neqcontractant>
  </contrat>
  <contrat>
    <numeroseao>797990</numeroseao>
    <numero>P22266</numero>
    <datefinale>2017-12-21</datefinale>
    <datepublicationfinale>2018-01-30</datepublicationfinale>
    <montantfinal>314608.340000</montantfinal>
    <nomcontractant>Atelier 21 inc</nomcontractant>
    <neqcontractant>1162415864</neqcontractant>
  </contrat>
  <contrat>
    <numeroseao>798001</numeroseao>
    <numero>P22389</numero>
    <datefinale>2017-12-19</datefinale>
    <datepublicationfinale>2018-01-30</datepublicationfinale>
    <montantfinal>1964881.000000</montantfinal>
    <nomcontractant>Neptune Security Services Inc</nomcontractant>
    <neqcontractant>1168627108</neqcontractant>
  </contrat>
  <contrat>
    <numeroseao>812984</numeroseao>
    <numero>440726827</numero>
    <datefinale>2017-05-29</datefinale>
    <datepublicationfinale>2018-02-09</datepublicationfinale>
    <montantfinal>1262518.840000</montantfinal>
    <nomcontractant>Société TELUS Communications</nomcontractant>
    <neqcontractant>3363451546</neqcontractant>
  </contrat>
  <contrat>
    <numeroseao>840753</numeroseao>
    <numero>SP20140092</numero>
    <datefinale>2017-09-01</datefinale>
    <datepublicationfinale>2016-08-10</datepublicationfinale>
    <montantfinal>897807.170000</montantfinal>
    <nomcontractant>Accuracy Canada inc.</nomcontractant>
    <neqcontractant>1167318568</neqcontractant>
  </contrat>
  <contrat>
    <numeroseao>848534</numeroseao>
    <numero>28360400</numero>
    <datefinale>2018-02-09</datefinale>
    <datepublicationfinale>2018-02-12</datepublicationfinale>
    <montantfinal>21541.110000</montantfinal>
    <nomcontractant>Av-Tech INC..</nomcontractant>
    <neqcontractant>1143543099</neqcontractant>
  </contrat>
  <contrat>
    <numeroseao>868807</numeroseao>
    <numero>SP9290-89 </numero>
    <datefinale>2014-12-31</datefinale>
    <datepublicationfinale>2015-02-26</datepublicationfinale>
    <montantfinal>40050.000000</montantfinal>
    <nomcontractant>Jean-Pierre Legault Consultant</nomcontractant>
    <neqcontractant />
  </contrat>
  <contrat>
    <numeroseao>898044</numeroseao>
    <numero>29628900</numero>
    <datefinale>2018-02-21</datefinale>
    <datepublicationfinale>2018-02-20</datepublicationfinale>
    <montantfinal>63768.110000</montantfinal>
    <nomcontractant>PLANIFITECH INC.</nomcontractant>
    <neqcontractant>1142416487</neqcontractant>
  </contrat>
  <contrat>
    <numeroseao>933795</numeroseao>
    <numero>QC-RAMQ-20150012(2)</numero>
    <datefinale>2017-03-31</datefinale>
    <datepublicationfinale>2017-06-07</datepublicationfinale>
    <montantfinal>3642248.970000</montantfinal>
    <nomcontractant>CGI Inc.</nomcontractant>
    <neqcontractant>1160358728</neqcontractant>
  </contrat>
  <contrat>
    <numeroseao>947585</numeroseao>
    <numero>École Beau-Soleil 2016</numero>
    <datefinale>2017-11-14</datefinale>
    <datepublicationfinale>2017-11-14</datepublicationfinale>
    <montantfinal>2356095.700000</montantfinal>
    <nomcontractant>Paul A. Bisson Inc.</nomcontractant>
    <neqcontractant>1142841130</neqcontractant>
  </contrat>
  <contrat>
    <numeroseao>968239</numeroseao>
    <numero>44505259</numero>
    <datefinale>2017-11-23</datefinale>
    <datepublicationfinale>2018-02-07</datepublicationfinale>
    <montantfinal>125990.920000</montantfinal>
    <nomcontractant>L'Heureux Mongeau JC lauzon (9106-4154 Québec inc.)</nomcontractant>
    <neqcontractant>1160226933</neqcontractant>
  </contrat>
  <contrat>
    <numeroseao>999811</numeroseao>
    <numero>CT1041746</numero>
    <datefinale>2017-12-31</datefinale>
    <datepublicationfinale>2018-02-01</datepublicationfinale>
    <montantfinal>45985.000000</montantfinal>
    <nomcontractant>Gestion de projets Quenny inc.</nomcontractant>
    <neqcontractant>1164944721</neqcontractant>
  </contrat>
  <contrat>
    <numeroseao>1028865</numeroseao>
    <numero>AO 14096</numero>
    <datefinale>2017-10-30</datefinale>
    <datepublicationfinale>2018-02-06</datepublicationfinale>
    <montantfinal>98520.730000</montantfinal>
    <nomcontractant>Fortier Auto (Montréal) Ltée</nomcontractant>
    <neqcontractant>1140587461</neqcontractant>
  </contrat>
  <contrat>
    <numeroseao>1050615</numeroseao>
    <numero>160700012</numero>
    <datefinale>2017-11-16</datefinale>
    <datepublicationfinale>2018-01-10</datepublicationfinale>
    <montantfinal>40665.540000</montantfinal>
    <nomcontractant>B. Frégeau &amp; Fils Inc</nomcontractant>
    <neqcontractant>1144350247</neqcontractant>
  </contrat>
  <contrat>
    <numeroseao>1056387</numeroseao>
    <numero>0020026052</numero>
    <datefinale>2018-02-21</datefinale>
    <datepublicationfinale>2018-02-28</datepublicationfinale>
    <montantfinal>103896.000000</montantfinal>
    <nomcontractant>Bayer Inc.</nomcontractant>
    <neqcontractant>1146514154</neqcontractant>
  </contrat>
  <contrat>
    <numeroseao>1062878</numeroseao>
    <numero>2016CSU019</numero>
    <datefinale>2017-11-21</datefinale>
    <datepublicationfinale>2017-11-21</datepublicationfinale>
    <montantfinal>107942.250000</montantfinal>
    <nomcontractant>Excavation Drouin Doris inc.</nomcontractant>
    <neqcontractant>1149000946</neqcontractant>
  </contrat>
  <contrat>
    <numeroseao>1072526</numeroseao>
    <numero>2017CSU022</numero>
    <datefinale>2017-07-14</datefinale>
    <datepublicationfinale>2017-08-09</datepublicationfinale>
    <montantfinal>659937.070000</montantfinal>
    <nomcontractant>LES CONSTRUCTIONS RÉSICOM (2001) INC.</nomcontractant>
    <neqcontractant>1160110277</neqcontractant>
  </contrat>
  <contrat>
    <numeroseao>1073845</numeroseao>
    <numero>ING-2017-2500</numero>
    <datefinale>2017-12-31</datefinale>
    <datepublicationfinale>2018-02-27</datepublicationfinale>
    <montantfinal>1.000000</montantfinal>
    <nomcontractant>LOCATION DE L'ANSE DE SEPT-ÎLES</nomcontractant>
    <neqcontractant>1143073592</neqcontractant>
  </contrat>
  <contrat>
    <numeroseao>1077340</numeroseao>
    <numero>445760024</numero>
    <datefinale>2018-01-31</datefinale>
    <datepublicationfinale>2018-02-09</datepublicationfinale>
    <montantfinal>35287.500000</montantfinal>
    <nomcontractant>Couture &amp; associés, ergonomes inc.</nomcontractant>
    <neqcontractant>1160033958</neqcontractant>
  </contrat>
  <contrat>
    <numeroseao>1124129</numeroseao>
    <numero>28466100</numero>
    <datefinale>2017-12-01</datefinale>
    <datepublicationfinale>2018-02-01</datepublicationfinale>
    <montantfinal>26733.180000</montantfinal>
    <nomcontractant>Éric Morissette</nomcontractant>
    <neqcontractant>2270758594</neqcontractant>
  </contrat>
  <contrat>
    <numeroseao>1127884</numeroseao>
    <numero>27661900</numero>
    <datefinale>2017-11-28</datefinale>
    <datepublicationfinale>2018-01-11</datepublicationfinale>
    <montantfinal>30602.350000</montantfinal>
    <nomcontractant>9273-5943 Québec inc.</nomcontractant>
    <neqcontractant>1168729987</neqcontractant>
  </contrat>
</export>