<?xml version="1.0" encoding="utf-8"?>
<export xmlns:xsi="http://www.w3.org/2001/XMLSchema-instance" xmlns:xsd="http://www.w3.org/2001/XMLSchema" datedebut="2018-10-01" datefin="2018-10-31">
  <avis>
    <numeroseao>464910</numeroseao>
    <numero>2010-213-01-01</numero>
    <depenses>
      <depense>
        <datedepense>2018-10-23</datedepense>
        <datepublicationdepense>2018-10-23</datepublicationdepense>
        <montantdepense>52342.000000</montantdepense>
        <description>Le dossier "couches jetables pour bébés" de la Montérégie a été intégré au dossier "Fournitures de soins" du secteur Nord pour un prochain appel d'offres regroupant toutes les régions de l'Ouest.</description>
        <nomcontractant>Cardinal Health Canada inc.</nomcontractant>
        <neqcontractant>1147150800</neqcontractant>
      </depense>
    </depenses>
  </avis>
  <avis>
    <numeroseao>577624</numeroseao>
    <numero>LL2012-320-01-01</numero>
    <depenses>
      <depense>
        <datedepense>2018-10-31</datedepense>
        <datepublicationdepense>2018-10-31</datepublicationdepense>
        <montantdepense>2514691.000000</montantdepense>
        <description>La dépense supplémentaire s'explique par une prolongation de contrat, non-prévue, d'une année et 2.5 mois</description>
        <nomcontractant>Novexco Inc.</nomcontractant>
        <neqcontractant>1146540985</neqcontractant>
      </depense>
    </depenses>
  </avis>
  <avis>
    <numeroseao>706535</numeroseao>
    <numero>2013-710-01-01</numero>
    <depenses>
      <depense>
        <datedepense>2018-10-16</datedepense>
        <datepublicationdepense>2018-10-16</datepublicationdepense>
        <montantdepense>328942.000000</montantdepense>
        <description>Il y a plus de demande que prévu, de la part des établissements, puisque c'est un contrat à commande.</description>
        <nomcontractant>Maranda Lauzon Inc.</nomcontractant>
        <neqcontractant>1143222983</neqcontractant>
      </depense>
      <depense>
        <datedepense>2018-10-16</datedepense>
        <datepublicationdepense>2018-10-16</datepublicationdepense>
        <montantdepense>749960.000000</montantdepense>
        <description>Il y a plus de demande que prévu, de la part des établissements, puisque c'est un contrat à commande.</description>
        <nomcontractant>Stryker</nomcontractant>
        <neqcontractant>1162485792</neqcontractant>
      </depense>
    </depenses>
  </avis>
  <avis>
    <numeroseao>914459</numeroseao>
    <numero>CISSSO-1516-22-S</numero>
    <depenses>
      <depense>
        <datedepense>2018-09-30</datedepense>
        <datepublicationdepense>2018-10-03</datepublicationdepense>
        <montantdepense>21000.000000</montantdepense>
        <description> Cette augmentation des tarifs est dû à des heures additionnelles au contrat et non-prévues à l'appel d'offre.</description>
        <nomcontractant>Deloite S.E.N.C.R.L./s.r.l</nomcontractant>
        <neqcontractant>3345704335</neqcontractant>
      </depense>
    </depenses>
  </avis>
  <avis>
    <numeroseao>933553</numeroseao>
    <numero>QC-RAMQ-20150194</numero>
    <depenses>
      <depense>
        <datedepense>2018-06-11</datedepense>
        <datepublicationdepense>2018-07-11</datepublicationdepense>
        <montantdepense>1467590.000000</montantdepense>
        <description>Une somme supplémentaire est ajoutée afin de permettre l'évolution du système « Rendez-vous Santé Québec »</description>
        <nomcontractant>CGI inc. et Gorendezvous inc.</nomcontractant>
        <neqcontractant />
      </depense>
    </depenses>
  </avis>
  <avis>
    <numeroseao>969567</numeroseao>
    <numero>44505181</numero>
    <depenses>
      <depense>
        <datedepense>2017-10-17</datedepense>
        <datepublicationdepense>2018-10-01</datepublicationdepense>
        <montantdepense>2800.000000</montantdepense>
        <description>Avenant 1 - Recherche, analyse et modification plans devis</description>
        <nomcontractant>Bouthillette Parizeau Inc.</nomcontractant>
        <neqcontractant>1142591438</neqcontractant>
      </depense>
      <depense>
        <datedepense>2018-08-03</datedepense>
        <datepublicationdepense>2018-10-01</datepublicationdepense>
        <montantdepense>1850.000000</montantdepense>
        <description>Avenant 2 - Modification conception plans et devis</description>
        <nomcontractant>Bouthillette Parizeau Inc.</nomcontractant>
        <neqcontractant>1142591438</neqcontractant>
      </depense>
    </depenses>
  </avis>
  <avis>
    <numeroseao>972572</numeroseao>
    <numero>25-2338P</numero>
    <depenses>
      <depense>
        <datedepense>2018-10-17</datedepense>
        <datepublicationdepense>2018-10-25</datepublicationdepense>
        <montantdepense>0.000000</montantdepense>
        <description>Correction</description>
        <nomcontractant>GROUPE CIRTECH INC.</nomcontractant>
        <neqcontractant>1143095462</neqcontractant>
      </depense>
    </depenses>
  </avis>
  <avis>
    <numeroseao>1000513</numeroseao>
    <numero>163600004</numero>
    <depenses>
      <depense>
        <datedepense>2016-11-14</datedepense>
        <datepublicationdepense>2018-10-25</datepublicationdepense>
        <montantdepense>1339.160000</montantdepense>
        <description>Travaux supplémentaire, solidifier mur maçonnerie</description>
        <nomcontractant>Construction Larco</nomcontractant>
        <neqcontractant>1141979170</neqcontractant>
      </depense>
    </depenses>
  </avis>
  <avis>
    <numeroseao>1006403</numeroseao>
    <numero>AO 63-2016-03</numero>
    <depenses>
      <depense>
        <datedepense>2018-06-29</datedepense>
        <datepublicationdepense>2018-06-29</datepublicationdepense>
        <montantdepense>26053.860000</montantdepense>
        <description>Besoins d'appoint en effectif pour desservir les événements qui se tiennent au Palais</description>
        <nomcontractant>Bédard Ressources inc.</nomcontractant>
        <neqcontractant>1146208831</neqcontractant>
      </depense>
      <depense>
        <datedepense>2018-07-04</datedepense>
        <datepublicationdepense>2018-07-04</datepublicationdepense>
        <montantdepense>6065.160000</montantdepense>
        <description>Événement SIAL a requis des effectifs externes supérieurs aux estimés</description>
        <nomcontractant>Bédard Ressources inc.</nomcontractant>
        <neqcontractant>1146208831</neqcontractant>
      </depense>
      <depense>
        <datedepense>2018-08-24</datedepense>
        <datepublicationdepense>2018-08-24</datepublicationdepense>
        <montantdepense>31369.730000</montantdepense>
        <description>Plusieurs événements simultanés ont requis plus que le personnel régulier travaillant à l'événement</description>
        <nomcontractant>Bédard Ressources inc.</nomcontractant>
        <neqcontractant>1146208831</neqcontractant>
      </depense>
      <depense>
        <datedepense>2018-10-11</datedepense>
        <datepublicationdepense>2018-10-11</datepublicationdepense>
        <montantdepense>4516.440000</montantdepense>
        <description>Événements qui ont requis du personnel supplémentaires</description>
        <nomcontractant>Bédard Ressources inc.</nomcontractant>
        <neqcontractant>1146208831</neqcontractant>
      </depense>
    </depenses>
  </avis>
  <avis>
    <numeroseao>1007672</numeroseao>
    <numero>AO 74-2016-03</numero>
    <depenses>
      <depense>
        <datedepense>2017-10-31</datedepense>
        <datepublicationdepense>2018-02-08</datepublicationdepense>
        <montantdepense>10046.160000</montantdepense>
        <description>Tonnage de déchets supérieur à l'estimé de l'appel d'offres. Plus d'événements pendant la période. Autorisation du dirigeant non requis. AO à prix unitaire</description>
        <nomcontractant>EBI Montréal inc.</nomcontractant>
        <neqcontractant>1146887220</neqcontractant>
      </depense>
      <depense>
        <datedepense>2018-09-13</datedepense>
        <datepublicationdepense>2018-09-13</datepublicationdepense>
        <montantdepense>4776.070000</montantdepense>
        <description>Tonnage de déchets supérieur à l'estimé de l'appel d'offres. Plus d'événements pendant la période. Autorisation du dirigeant non requis. AO à prix unitaire</description>
        <nomcontractant>EBI Montréal inc.</nomcontractant>
        <neqcontractant>1146887220</neqcontractant>
      </depense>
      <depense>
        <datedepense>2018-10-10</datedepense>
        <datepublicationdepense>2018-10-10</datepublicationdepense>
        <montantdepense>8559.170000</montantdepense>
        <description>Tonnage de déchets supérieur à l'estimé de l'appel d'offres. Plus d'événements pendant la période. Autorisation du dirigeant non requis. AO à prix unitaire </description>
        <nomcontractant>EBI Montréal inc.</nomcontractant>
        <neqcontractant>1146887220</neqcontractant>
      </depense>
    </depenses>
  </avis>
  <avis>
    <numeroseao>1017913</numeroseao>
    <numero>70000-EC-PUB-SI</numero>
    <depenses>
      <depense>
        <datedepense>2018-05-10</datedepense>
        <datepublicationdepense>2018-05-29</datepublicationdepense>
        <montantdepense>100021.020000</montantdepense>
        <description>Mandat de contrôle de matériaux a été octroyé le 19 décembre 2016, suite à un A/O public. L'enveloppe budgétaire de ce mandat (incl avenant 01) s'avère insuffisant pour compléter les services requis.</description>
        <nomcontractant>Englobe</nomcontractant>
        <neqcontractant>1167280206</neqcontractant>
      </depense>
    </depenses>
  </avis>
  <avis>
    <numeroseao>1040577</numeroseao>
    <numero>44506320</numero>
    <depenses>
      <depense>
        <datedepense>2017-08-09</datedepense>
        <datepublicationdepense>2017-09-06</datepublicationdepense>
        <montantdepense>113183.410000</montantdepense>
        <description>Imprévu de chantier, autres</description>
        <nomcontractant>Nova Construction C.P. inc.</nomcontractant>
        <neqcontractant>1140224495</neqcontractant>
      </depense>
      <depense>
        <datedepense>2017-09-05</datedepense>
        <datepublicationdepense>2017-09-06</datepublicationdepense>
        <montantdepense>32428.000000</montantdepense>
        <description>condition imprévisible de chantier</description>
        <nomcontractant>Nova Construction C.P. inc.</nomcontractant>
        <neqcontractant>1140224495</neqcontractant>
      </depense>
      <depense>
        <datedepense>2017-09-06</datedepense>
        <datepublicationdepense>2017-09-06</datepublicationdepense>
        <montantdepense>4865.720000</montantdepense>
        <description>Changement programme client, imprévu chantier et imprévu design</description>
        <nomcontractant>Nova Construction C.P. inc.</nomcontractant>
        <neqcontractant>1140224495</neqcontractant>
      </depense>
      <depense>
        <datedepense>2017-09-07</datedepense>
        <datepublicationdepense>2017-09-22</datepublicationdepense>
        <montantdepense>4169.050000</montantdepense>
        <description>Changement programme client, imprévu chantier et imprévu design</description>
        <nomcontractant>Nova Construction C.P. inc.</nomcontractant>
        <neqcontractant>1140224495</neqcontractant>
      </depense>
      <depense>
        <datedepense>2017-09-13</datedepense>
        <datepublicationdepense>2017-09-22</datepublicationdepense>
        <montantdepense>490.080000</montantdepense>
        <description>Imprévu de chantier</description>
        <nomcontractant>Nova Construction C.P. inc.</nomcontractant>
        <neqcontractant>1140224495</neqcontractant>
      </depense>
      <depense>
        <datedepense>2017-09-21</datedepense>
        <datepublicationdepense>2017-09-27</datepublicationdepense>
        <montantdepense>713.620000</montantdepense>
        <description>Imprévu de chantier</description>
        <nomcontractant>Nova Construction C.P. inc.</nomcontractant>
        <neqcontractant>1140224495</neqcontractant>
      </depense>
      <depense>
        <datedepense>2017-09-26</datedepense>
        <datepublicationdepense>2017-09-27</datepublicationdepense>
        <montantdepense>3658.770000</montantdepense>
        <description>Autres, modification significative SQI</description>
        <nomcontractant>Nova Construction C.P. inc.</nomcontractant>
        <neqcontractant>1140224495</neqcontractant>
      </depense>
      <depense>
        <datedepense>2017-09-27</datedepense>
        <datepublicationdepense>2017-09-27</datepublicationdepense>
        <montantdepense>1224.510000</montantdepense>
        <description>Autres: erreur ou omission</description>
        <nomcontractant>Nova Construction C.P. inc.</nomcontractant>
        <neqcontractant>1140224495</neqcontractant>
      </depense>
      <depense>
        <datedepense>2017-09-28</datedepense>
        <datepublicationdepense>2017-09-28</datepublicationdepense>
        <montantdepense>15000.000000</montantdepense>
        <description>Condition imprévisible de chantier</description>
        <nomcontractant>Nova Construction C.P. inc.</nomcontractant>
        <neqcontractant>1140224495</neqcontractant>
      </depense>
      <depense>
        <datedepense>2017-11-16</datedepense>
        <datepublicationdepense>2017-11-16</datepublicationdepense>
        <montantdepense>437.000000</montantdepense>
        <description>Modification mineure</description>
        <nomcontractant>Nova Construction C.P. inc.</nomcontractant>
        <neqcontractant>1140224495</neqcontractant>
      </depense>
      <depense>
        <datedepense>2018-09-18</datedepense>
        <datepublicationdepense>2018-10-04</datepublicationdepense>
        <montantdepense>767.840000</montantdepense>
        <description>Modification mineure</description>
        <nomcontractant>Nova Construction C.P. inc.</nomcontractant>
        <neqcontractant>1140224495</neqcontractant>
      </depense>
    </depenses>
  </avis>
  <avis>
    <numeroseao>1046140</numeroseao>
    <numero>SR20160205</numero>
    <depenses>
      <depense>
        <datedepense>2018-04-23</datedepense>
        <datepublicationdepense>2018-09-10</datepublicationdepense>
        <montantdepense>10000.000000</montantdepense>
        <description>Ajout et prolongation suite à la décision de ne pas prendre part à l'entente avec le CSPQ et préparer l'Appel d'offres public</description>
        <nomcontractant>Recyclage Vanier</nomcontractant>
        <neqcontractant>1142390518</neqcontractant>
      </depense>
      <depense>
        <datedepense>2018-07-10</datedepense>
        <datepublicationdepense>2018-09-10</datepublicationdepense>
        <montantdepense>10000.000000</montantdepense>
        <description>Ajout et prolongation pour compléter l'appel d'offres suite à la décision de pas prendre part à l'entente du CSPQ</description>
        <nomcontractant>Recyclage Vanier</nomcontractant>
        <neqcontractant>1142390518</neqcontractant>
      </depense>
    </depenses>
  </avis>
  <avis>
    <numeroseao>1054793</numeroseao>
    <numero>2016/17-195</numero>
    <depenses>
      <depense>
        <datedepense>2017-11-08</datedepense>
        <datepublicationdepense>2018-07-13</datepublicationdepense>
        <montantdepense>186611.850000</montantdepense>
        <description>Modifications multiples suite à l'aménagement nouvelle école primaire Pont-Viau </description>
        <nomcontractant>Le Groupe St-Lambert</nomcontractant>
        <neqcontractant>1143585801</neqcontractant>
      </depense>
      <depense>
        <datedepense>2018-11-08</datedepense>
        <datepublicationdepense>2018-07-13</datepublicationdepense>
        <montantdepense>2048.250000</montantdepense>
        <description>AM#20 DM-A L'Entrepreneur devra sceller toutes HSS ouvertes de deux nouvelles plateformes au toit et galvanisation structure DEDS unités mécaniques au toit</description>
        <nomcontractant>Le Groupe St-Lambert</nomcontractant>
        <neqcontractant>1143585801</neqcontractant>
      </depense>
      <depense>
        <datedepense>2018-11-08</datedepense>
        <datepublicationdepense>2018-07-13</datepublicationdepense>
        <montantdepense>13795.710000</montantdepense>
        <description>AN#27 DM-A-02 -R01: Désamiantage toilette 203 et autres travaux au gymnase- Décapage peinture murale du gymnase et plafonds de 3 locaux </description>
        <nomcontractant>Le Groupe St-Lambert</nomcontractant>
        <neqcontractant>1143585801</neqcontractant>
      </depense>
      <depense>
        <datedepense>2017-11-08</datedepense>
        <datepublicationdepense>2018-07-13</datepublicationdepense>
        <montantdepense>4654.070000</montantdepense>
        <description>Am#22 Démentèlement conduit ventilation pour permettre décontamination plafond derrière chaufferie-Retirer brides brisées et installer de nouvelles - Divers travaux classes corridors</description>
        <nomcontractant>Le Groupe St-Lambert</nomcontractant>
        <neqcontractant>1143585801</neqcontractant>
      </depense>
      <depense>
        <datedepense>2017-11-21</datedepense>
        <datepublicationdepense>2018-11-01</datepublicationdepense>
        <montantdepense>25797.920000</montantdepense>
        <description>AM#31R1 - Démolition Terrazzo 375,13$-Ragréage dépôts15052,51$-Modification cadre porte 361,15$-Nouveau soufflage bureau#124 2877,04$-Démolition béton toiture 2287,78$-Rempl. tuiles plafonds 3795,22$-Démolition dalle panneauR3 1049,09$</description>
        <nomcontractant>Le Groupe St-Lambert</nomcontractant>
        <neqcontractant>1143585801</neqcontractant>
      </depense>
    </depenses>
  </avis>
  <avis>
    <numeroseao>1069908</numeroseao>
    <numero>O16 63</numero>
    <depenses>
      <depense>
        <datedepense>2018-04-06</datedepense>
        <datepublicationdepense>2018-04-06</datepublicationdepense>
        <montantdepense>11830.000000</montantdepense>
        <description>Avenant #2 (I17-426)</description>
        <nomcontractant>Claude Cormier et Associés</nomcontractant>
        <neqcontractant>1141487133</neqcontractant>
      </depense>
      <depense>
        <datedepense>2017-07-07</datedepense>
        <datepublicationdepense>2018-04-09</datepublicationdepense>
        <montantdepense>23730.000000</montantdepense>
        <description>Avenant # 1 (O17-4)</description>
        <nomcontractant>Claude Cormier et Associés</nomcontractant>
        <neqcontractant>1141487133</neqcontractant>
      </depense>
      <depense>
        <datedepense>2018-10-10</datedepense>
        <datepublicationdepense>2018-10-10</datepublicationdepense>
        <montantdepense>8300.000000</montantdepense>
        <description>Avenant #3 (O18 58)</description>
        <nomcontractant>Claude Cormier et Associés</nomcontractant>
        <neqcontractant>1141487133</neqcontractant>
      </depense>
    </depenses>
  </avis>
  <avis>
    <numeroseao>1075582</numeroseao>
    <numero>AO 74-2017-01</numero>
    <depenses>
      <depense>
        <datedepense>2017-12-01</datedepense>
        <datepublicationdepense>2017-12-20</datepublicationdepense>
        <montantdepense>131366.000000</montantdepense>
        <description>Réparations en-deça des heures estimées de la partie du contrat qui est à l'heure dues à un dégât d'eau et autres. Aucune modification nécessaire au contrat car la partie des réparations sur demande est à l'heure sur un nombre d'heures estimé</description>
        <nomcontractant>OTIS CANADA INC..</nomcontractant>
        <neqcontractant>1143380385</neqcontractant>
      </depense>
      <depense>
        <datedepense>2018-03-23</datedepense>
        <datepublicationdepense>2018-03-24</datepublicationdepense>
        <montantdepense>11095.000000</montantdepense>
        <description>Présence d'un technicien requise durant événements à haut profil (ex. allocuation Mme Obama)en raison du haut potentiel de bris des appareils en ce moment. Aucun addenda au contrat requis ni approbation du dirigeant car partie sur demande à l'heure.</description>
        <nomcontractant>OTIS CANADA INC..</nomcontractant>
        <neqcontractant>1143380385</neqcontractant>
      </depense>
      <depense>
        <datedepense>2018-07-05</datedepense>
        <datepublicationdepense>2018-07-05</datepublicationdepense>
        <montantdepense>38114.700000</montantdepense>
        <description>Présence d'un technicien requise durant 2 événements à haut volume en raison du haut potentiel de bris des appareils en ce moment + changement de variateur de vitesse. Aucun addenda au contrat requis ni approbation du dirigeant car partie sur demande à l'heure</description>
        <nomcontractant>OTIS CANADA INC..</nomcontractant>
        <neqcontractant>1143380385</neqcontractant>
      </depense>
      <depense>
        <datedepense>2018-10-18</datedepense>
        <datepublicationdepense>2018-10-18</datepublicationdepense>
        <montantdepense>9940.390000</montantdepense>
        <description>Changement de bordures endommagées, changement de variateurs de vitesse pour AS2 et AS3.Présence d'un technicien pour assistance et surveillance lors de 3 événements importants. Aucun addenda au contrat requis ni approbation du dirigeant car partie sur demande à l'heure </description>
        <nomcontractant>OTIS CANADA INC..</nomcontractant>
        <neqcontractant>1143380385</neqcontractant>
      </depense>
    </depenses>
  </avis>
  <avis>
    <numeroseao>1077720</numeroseao>
    <numero>16-17-111</numero>
    <depenses>
      <depense>
        <datedepense>2018-09-13</datedepense>
        <datepublicationdepense>2018-10-04</datepublicationdepense>
        <montantdepense>5280.630000</montantdepense>
        <description>OC1 -  Ajout de détecteurs de fumée dans les ascenseurs - câblé des réseaux de détection sur une zone séparée au puits ASC de l'administration</description>
        <nomcontractant>Bruneau Électrique Inc.</nomcontractant>
        <neqcontractant>1142851337</neqcontractant>
      </depense>
      <depense>
        <datedepense>2018-09-13</datedepense>
        <datepublicationdepense>2018-10-04</datepublicationdepense>
        <montantdepense>7786.730000</montantdepense>
        <description>OC2 - Divers travaux dans les locaux G125 - G237 - G205A - G1A</description>
        <nomcontractant>Bruneau Électrique Inc.</nomcontractant>
        <neqcontractant>1142851337</neqcontractant>
      </depense>
      <depense>
        <datedepense>2018-09-13</datedepense>
        <datepublicationdepense>2018-10-04</datepublicationdepense>
        <montantdepense>6605.130000</montantdepense>
        <description>OC3 - Fournir et installer 5 nouveaux détecteurs de gaine aux systèmes de ventilation existants desservant le secteur administration</description>
        <nomcontractant>Bruneau Électrique Inc.</nomcontractant>
        <neqcontractant>1142851337</neqcontractant>
      </depense>
      <depense>
        <datedepense>2018-09-13</datedepense>
        <datepublicationdepense>2018-10-04</datepublicationdepense>
        <montantdepense>7039.960000</montantdepense>
        <description>OC4 - Fournir un boîtier d'alarme intrusion verrouillable contenant les composantes DSC</description>
        <nomcontractant>Bruneau Électrique Inc.</nomcontractant>
        <neqcontractant>1142851337</neqcontractant>
      </depense>
      <depense>
        <datedepense>2018-09-13</datedepense>
        <datepublicationdepense>2018-10-04</datepublicationdepense>
        <montantdepense>4211.580000</montantdepense>
        <description>OC5 - Ajout d'un haut-parleur dans les locaux A108 - A207A - B115-1 - salle mécanique - ascenseur - E130 et G159</description>
        <nomcontractant>Bruneau Électrique Inc.</nomcontractant>
        <neqcontractant>1142851337</neqcontractant>
      </depense>
      <depense>
        <datedepense>2018-09-13</datedepense>
        <datepublicationdepense>2018-10-04</datepublicationdepense>
        <montantdepense>2110.730000</montantdepense>
        <description>OC6 - Ajout d'un haut-parleur dans les 4 petits locaux contigus au local C123</description>
        <nomcontractant>Bruneau Électrique Inc.</nomcontractant>
        <neqcontractant>1142851337</neqcontractant>
      </depense>
      <depense>
        <datedepense>2018-09-13</datedepense>
        <datepublicationdepense>2018-10-04</datepublicationdepense>
        <montantdepense>5743.350000</montantdepense>
        <description>OC7 - Modification des détecteurs de fumée dans les locaux A128 et E228 - Travaux divers dans les locaux A108 - A212 - C106 - C149 et G258</description>
        <nomcontractant>Bruneau Électrique Inc.</nomcontractant>
        <neqcontractant>1142851337</neqcontractant>
      </depense>
    </depenses>
  </avis>
  <avis>
    <numeroseao>1082707</numeroseao>
    <numero>AO1617-041</numero>
    <depenses>
      <depense>
        <datedepense>2018-04-26</datedepense>
        <datepublicationdepense>2018-05-02</datepublicationdepense>
        <montantdepense>176588.310000</montantdepense>
        <description>Plusieurs demandes de changement </description>
        <nomcontractant>Innovtech Construction INC..</nomcontractant>
        <neqcontractant>1160526621</neqcontractant>
      </depense>
      <depense>
        <datedepense>2018-05-16</datedepense>
        <datepublicationdepense>2018-05-17</datepublicationdepense>
        <montantdepense>9945.870000</montantdepense>
        <description>Demande de changement ODC#5</description>
        <nomcontractant>Innovtech Construction INC..</nomcontractant>
        <neqcontractant>1160526621</neqcontractant>
      </depense>
      <depense>
        <datedepense>2018-10-05</datedepense>
        <datepublicationdepense>2018-10-09</datepublicationdepense>
        <montantdepense>1080.800000</montantdepense>
        <description>Ajout à l'ODC#5</description>
        <nomcontractant>Innovtech Construction INC..</nomcontractant>
        <neqcontractant>1160526621</neqcontractant>
      </depense>
    </depenses>
  </avis>
  <avis>
    <numeroseao>1099522</numeroseao>
    <numero>US-17-CP-582-00</numero>
    <depenses>
      <depense>
        <datedepense>2018-05-31</datedepense>
        <datepublicationdepense>2018-08-28</datepublicationdepense>
        <montantdepense>4764.570000</montantdepense>
        <description>Dépense supplémentaire</description>
        <nomcontractant>Les Services exp inc.</nomcontractant>
        <neqcontractant>1167268128</neqcontractant>
      </depense>
    </depenses>
  </avis>
  <avis>
    <numeroseao>1101136</numeroseao>
    <numero>SRM020556</numero>
    <depenses>
      <depense>
        <datedepense>2018-01-24</datedepense>
        <datepublicationdepense>2018-03-01</datepublicationdepense>
        <montantdepense>24825.650000</montantdepense>
        <description>SRM022059</description>
        <nomcontractant>Lemay CO inc.</nomcontractant>
        <neqcontractant />
      </depense>
      <depense>
        <datedepense>2018-10-09</datedepense>
        <datepublicationdepense>2018-10-18</datepublicationdepense>
        <montantdepense>5620.000000</montantdepense>
        <description>SRM024223 (028 074 650)</description>
        <nomcontractant>Lemay CO inc.</nomcontractant>
        <neqcontractant />
      </depense>
    </depenses>
  </avis>
  <avis>
    <numeroseao>1101986</numeroseao>
    <numero>32717100</numero>
    <depenses>
      <depense>
        <datedepense>2017-11-02</datedepense>
        <datepublicationdepense>2018-01-24</datepublicationdepense>
        <montantdepense>2418.900000</montantdepense>
        <description>Décaper la poutre principale de toiture des galeries et les boiseries.</description>
        <nomcontractant>Maçonnerie Rainville et Frères Inc.</nomcontractant>
        <neqcontractant>1162473921</neqcontractant>
      </depense>
      <depense>
        <datedepense>2018-05-02</datedepense>
        <datepublicationdepense>2018-05-22</datepublicationdepense>
        <montantdepense>3199.900000</montantdepense>
        <description>Procéder au sondage et à la localisation des corbeaux existant.</description>
        <nomcontractant>Maçonnerie Rainville et Frères Inc.</nomcontractant>
        <neqcontractant>1162473921</neqcontractant>
      </depense>
      <depense>
        <datedepense>2018-05-23</datedepense>
        <datepublicationdepense>2018-05-23</datepublicationdepense>
        <montantdepense>4680.500000</montantdepense>
        <description>Fourniture et mise en place de 6 rallonges de pieux.</description>
        <nomcontractant>Maçonnerie Rainville et Frères Inc.</nomcontractant>
        <neqcontractant>1162473921</neqcontractant>
      </depense>
      <depense>
        <datedepense>2018-05-29</datedepense>
        <datepublicationdepense>2018-06-21</datepublicationdepense>
        <montantdepense>807.400000</montantdepense>
        <description>Percement exploratoire au sous-sol pour des travaux de pieutage futur.</description>
        <nomcontractant>Maçonnerie Rainville et Frères Inc.</nomcontractant>
        <neqcontractant>1162473921</neqcontractant>
      </depense>
      <depense>
        <datedepense>2018-06-21</datedepense>
        <datepublicationdepense>2018-06-21</datepublicationdepense>
        <montantdepense>4405.040000</montantdepense>
        <description>Location d'équipement durant l'arrêt du chantier </description>
        <nomcontractant>Maçonnerie Rainville et Frères Inc.</nomcontractant>
        <neqcontractant>1162473921</neqcontractant>
      </depense>
      <depense>
        <datedepense>2018-08-13</datedepense>
        <datepublicationdepense>2018-08-27</datepublicationdepense>
        <montantdepense>16335.000000</montantdepense>
        <description>Remplacement du type de fondation + un crédit de 4 680.50$ en date du 2018-08-10 Changement de concept</description>
        <nomcontractant>Maçonnerie Rainville et Frères Inc.</nomcontractant>
        <neqcontractant>1162473921</neqcontractant>
      </depense>
      <depense>
        <datedepense>2018-08-10</datedepense>
        <datepublicationdepense>2018-08-27</datepublicationdepense>
        <montantdepense>3622.500000</montantdepense>
        <description>Frais d’entreposage et manutention supplémentaire :</description>
        <nomcontractant>Maçonnerie Rainville et Frères Inc.</nomcontractant>
        <neqcontractant>1162473921</neqcontractant>
      </depense>
      <depense>
        <datedepense>2018-08-10</datedepense>
        <datepublicationdepense>2018-08-27</datepublicationdepense>
        <montantdepense>2221.000000</montantdepense>
        <description>Fournir et installer des solins métalliques - un crédit de 700,00 pour travaux de pavage</description>
        <nomcontractant>Maçonnerie Rainville et Frères Inc.</nomcontractant>
        <neqcontractant>1162473921</neqcontractant>
      </depense>
      <depense>
        <datedepense>2018-08-10</datedepense>
        <datepublicationdepense>2018-08-27</datepublicationdepense>
        <montantdepense>1891.100000</montantdepense>
        <description>Déplacement d'une conduite protection incendie</description>
        <nomcontractant>Maçonnerie Rainville et Frères Inc.</nomcontractant>
        <neqcontractant>1162473921</neqcontractant>
      </depense>
    </depenses>
  </avis>
  <avis>
    <numeroseao>1103652</numeroseao>
    <numero>44507862</numero>
    <depenses>
      <depense>
        <datedepense>2018-06-18</datedepense>
        <datepublicationdepense>2018-07-27</datepublicationdepense>
        <montantdepense>22862.110000</montantdepense>
        <description>Condition imprévisible de chantier</description>
        <nomcontractant>PAX EXCAVATION INC</nomcontractant>
        <neqcontractant>1143758283</neqcontractant>
      </depense>
      <depense>
        <datedepense>2018-10-01</datedepense>
        <datepublicationdepense>2018-10-15</datepublicationdepense>
        <montantdepense>1798.700000</montantdepense>
        <description>Modification mineure</description>
        <nomcontractant>PAX EXCAVATION INC</nomcontractant>
        <neqcontractant>1143758283</neqcontractant>
      </depense>
    </depenses>
  </avis>
  <avis>
    <numeroseao>1110557</numeroseao>
    <numero>M17600501</numero>
    <depenses>
      <depense>
        <datedepense>2017-12-22</datedepense>
        <datepublicationdepense>2018-02-14</datepublicationdepense>
        <montantdepense>34408.000000</montantdepense>
        <description>Supplément associé des travaux supplémentaires (désamiantage)</description>
        <nomcontractant>Les Constructions Technipro (1998) inc.</nomcontractant>
        <neqcontractant>1146507059</neqcontractant>
      </depense>
      <depense>
        <datedepense>2018-08-28</datedepense>
        <datepublicationdepense>2018-10-29</datepublicationdepense>
        <montantdepense>72478.550000</montantdepense>
        <description>Sols contaminés - Quantité supplémentaire</description>
        <nomcontractant>Les Constructions Technipro (1998) inc.</nomcontractant>
        <neqcontractant>1146507059</neqcontractant>
      </depense>
    </depenses>
  </avis>
  <avis>
    <numeroseao>1113071</numeroseao>
    <numero>SRM021075</numero>
    <depenses>
      <depense>
        <datedepense>2018-10-03</datedepense>
        <datepublicationdepense>2018-10-22</datepublicationdepense>
        <montantdepense>33000.000000</montantdepense>
        <description>SRM024448 (303 020 480) - Rapport A-33-1148 - Résolution 20 - CÉ 30 janvier 2018</description>
        <nomcontractant>BGLA | Architecture + Design Urbain</nomcontractant>
        <neqcontractant>1140294530</neqcontractant>
      </depense>
    </depenses>
  </avis>
  <avis>
    <numeroseao>1113477</numeroseao>
    <numero>32724200</numero>
    <depenses>
      <depense>
        <datedepense>2018-07-28</datedepense>
        <datepublicationdepense>2018-08-01</datepublicationdepense>
        <montantdepense>121448.690000</montantdepense>
        <description>Ajustement des honoraires</description>
        <nomcontractant>WSP Canada Inc.</nomcontractant>
        <neqcontractant>1148357057</neqcontractant>
      </depense>
      <depense>
        <datedepense>2018-08-21</datedepense>
        <datepublicationdepense>2018-08-27</datepublicationdepense>
        <montantdepense>3900.000000</montantdepense>
        <description>Ajout d'honoraires pour services supplémentaires</description>
        <nomcontractant>WSP Canada Inc.</nomcontractant>
        <neqcontractant>1148357057</neqcontractant>
      </depense>
    </depenses>
  </avis>
  <avis>
    <numeroseao>1115168</numeroseao>
    <numero>17-300 - 5JO23M.02</numero>
    <depenses>
      <depense>
        <datedepense>2018-05-10</datedepense>
        <datepublicationdepense>2018-08-20</datepublicationdepense>
        <montantdepense>1261.560000</montantdepense>
        <description># 1 - Omission -ARCHITECTURE: ajout  de deux (2) rangs de gypse sur colombage métallique sous l'ouverture de la scène pour la résistance au feu.</description>
        <nomcontractant>Les Constructions B. Martel</nomcontractant>
        <neqcontractant>1147360532</neqcontractant>
      </depense>
      <depense>
        <datedepense>2018-05-10</datedepense>
        <datepublicationdepense>2018-08-20</datepublicationdepense>
        <montantdepense>3588.450000</montantdepense>
        <description># 2 - Condition de chantier - ARCHITECTURE: lors de la démolition du soufflage de plancher d'un rangement en vu du percement de la dalle de béton pour le passage des conduits de ventilation, nous avons découvert de la vermiculite. après analyse, cette vermiculite contient de l'amiante et avec une...</description>
        <nomcontractant>Les Constructions B. Martel</nomcontractant>
        <neqcontractant>1147360532</neqcontractant>
      </depense>
      <depense>
        <datedepense>2018-05-10</datedepense>
        <datepublicationdepense>2018-08-20</datepublicationdepense>
        <montantdepense>1705.100000</montantdepense>
        <description># 3 -Omission -ARCHITECTURE: obturation d'une ouverture avec un scellant coupe-feu. cette ouverture était prévisible.</description>
        <nomcontractant>Les Constructions B. Martel</nomcontractant>
        <neqcontractant>1147360532</neqcontractant>
      </depense>
      <depense>
        <datedepense>2018-05-10</datedepense>
        <datepublicationdepense>2018-08-20</datepublicationdepense>
        <montantdepense>1257.550000</montantdepense>
        <description># 4 - Omission - ARCHITECTURE: un manque de coordination entre les professionnels nécessite  l'ajout d'un soufflage de gypse sur certains murs pour l'installation de luminaires et miroirs.</description>
        <nomcontractant>Les Constructions B. Martel</nomcontractant>
        <neqcontractant>1147360532</neqcontractant>
      </depense>
      <depense>
        <datedepense>2018-05-10</datedepense>
        <datepublicationdepense>2018-08-20</datepublicationdepense>
        <montantdepense>2343.800000</montantdepense>
        <description># 5 - Condition du chantier - ARCHITECTURE: suite à l'enlèvement du soufflage de plancher contenant de la vermiculite avec amiante , reconstruction d'un nouveau soufflage de plancher peint.</description>
        <nomcontractant>Les Constructions B. Martel</nomcontractant>
        <neqcontractant>1147360532</neqcontractant>
      </depense>
      <depense>
        <datedepense>2018-05-10</datedepense>
        <datepublicationdepense>2018-08-20</datepublicationdepense>
        <montantdepense>263.020000</montantdepense>
        <description># 6 -Demande du propriétaire - ARCHITECTURE: remplacement du gypse recouvrant les côtés de la régie par du contreplaqué. les usagés utilisent cet emplacement pour faire du rangement.</description>
        <nomcontractant>Les Constructions B. Martel</nomcontractant>
        <neqcontractant>1147360532</neqcontractant>
      </depense>
      <depense>
        <datedepense>2018-05-15</datedepense>
        <datepublicationdepense>2018-08-20</datepublicationdepense>
        <montantdepense>3095.550000</montantdepense>
        <description># 7 - Condition de chantier -ÉLECTRICITÉ: l'entrepreneur a percé accidentellement un conduit EMT qui est coulé dans la dalle de béton provovant une mise èa la terre sur le système d'alarme incendie. nous devons refaire un conduit en surface entre deux (2) cloches. </description>
        <nomcontractant>Les Constructions B. Martel</nomcontractant>
        <neqcontractant>1147360532</neqcontractant>
      </depense>
      <depense>
        <datedepense>2018-05-15</datedepense>
        <datepublicationdepense>2018-08-20</datepublicationdepense>
        <montantdepense>2699.640000</montantdepense>
        <description># 8 -Omission -ÉLECTRICITÉ: un conduit électrique doit être déplacé mais il n'était pas aux plans et devis de l'ingénieur électrique. il était évident que ce conduit était à déplacer.</description>
        <nomcontractant>Les Constructions B. Martel</nomcontractant>
        <neqcontractant>1147360532</neqcontractant>
      </depense>
      <depense>
        <datedepense>2018-05-15</datedepense>
        <datepublicationdepense>2018-08-20</datepublicationdepense>
        <montantdepense>0.000000</montantdepense>
        <description># 9 -Condition de chantier -ÉLECTRICITÉ: travaux sans frais.</description>
        <nomcontractant>Les Constructions B. Martel</nomcontractant>
        <neqcontractant>1147360532</neqcontractant>
      </depense>
      <depense>
        <datedepense>2018-05-15</datedepense>
        <datepublicationdepense>2018-08-20</datepublicationdepense>
        <montantdepense>0.000000</montantdepense>
        <description># 10 -Mauvaise coordination -MÉCANIQUE: travaux sans frais.</description>
        <nomcontractant>Les Constructions B. Martel</nomcontractant>
        <neqcontractant>1147360532</neqcontractant>
      </depense>
      <depense>
        <datedepense>2018-05-15</datedepense>
        <datepublicationdepense>2018-08-20</datepublicationdepense>
        <montantdepense>3063.640000</montantdepense>
        <description># 11 -Omission - ÉLECTRICITÉ: un manque de coordination entre les professionnels nécessite la modification du modèle de certains appareils de chauffage.</description>
        <nomcontractant>Les Constructions B. Martel</nomcontractant>
        <neqcontractant>1147360532</neqcontractant>
      </depense>
      <depense>
        <datedepense>2018-05-15</datedepense>
        <datepublicationdepense>2018-08-20</datepublicationdepense>
        <montantdepense>0.000000</montantdepense>
        <description># 12 -Mauvaise coordination -ÉLECTRICITÉ: travaux sans frais.</description>
        <nomcontractant>Les Constructions B. Martel</nomcontractant>
        <neqcontractant>1147360532</neqcontractant>
      </depense>
      <depense>
        <datedepense>2018-05-15</datedepense>
        <datepublicationdepense>2018-08-20</datepublicationdepense>
        <montantdepense>168.220000</montantdepense>
        <description># 13 - Mauvaise coordination - MÉCANIQUE: remplacement de deux (2) grilles de ventilation en raison d'une mauvaise coordination entre la mécanique et l'architecture.</description>
        <nomcontractant>Les Constructions B. Martel</nomcontractant>
        <neqcontractant>1147360532</neqcontractant>
      </depense>
      <depense>
        <datedepense>2018-05-15</datedepense>
        <datepublicationdepense>2018-08-20</datepublicationdepense>
        <montantdepense>0.000000</montantdepense>
        <description># 14 -Condition de chantier - ÉLECTRICITÉ:  travaux sans frais.</description>
        <nomcontractant>Les Constructions B. Martel</nomcontractant>
        <neqcontractant>1147360532</neqcontractant>
      </depense>
      <depense>
        <datedepense>2018-05-15</datedepense>
        <datepublicationdepense>2018-08-20</datepublicationdepense>
        <montantdepense>1355.030000</montantdepense>
        <description># 15 -Omission -ÉLECTRICITÉ/MÉCANIQUE: mauvaise coordination des plans de plomberie et ventilation qui a demandé une modification du trajet de la tuyauterie.</description>
        <nomcontractant>Les Constructions B. Martel</nomcontractant>
        <neqcontractant>1147360532</neqcontractant>
      </depense>
      <depense>
        <datedepense>2018-05-15</datedepense>
        <datepublicationdepense>2018-08-20</datepublicationdepense>
        <montantdepense>684.660000</montantdepense>
        <description># 16 -Mauvaise coordination - ÉLECTRICITÉ: relocalisation de la sonde et du thermostat en raison d'une mauvaise localisation au départ ( près d'un luminaire mural/ source de chaleur).</description>
        <nomcontractant>Les Constructions B. Martel</nomcontractant>
        <neqcontractant>1147360532</neqcontractant>
      </depense>
      <depense>
        <datedepense>2018-05-15</datedepense>
        <datepublicationdepense>2018-08-20</datepublicationdepense>
        <montantdepense>649.380000</montantdepense>
        <description># 17 - Condition de chantier - ÉLECTRICITÉ: ajout de disjoncteurs dans les panneaux électriques afin d'être aux normes.</description>
        <nomcontractant>Les Constructions B. Martel</nomcontractant>
        <neqcontractant>1147360532</neqcontractant>
      </depense>
      <depense>
        <datedepense>2018-05-15</datedepense>
        <datepublicationdepense>2018-08-20</datepublicationdepense>
        <montantdepense>590.200000</montantdepense>
        <description># 18 - Condition de chantier -STRUCTURE: après la démolition, un muret de béton a été découvert et doit être enlever pour l'installation de la porte.</description>
        <nomcontractant>Les Constructions B. Martel</nomcontractant>
        <neqcontractant>1147360532</neqcontractant>
      </depense>
      <depense>
        <datedepense>2018-05-15</datedepense>
        <datepublicationdepense>2018-08-20</datepublicationdepense>
        <montantdepense>190.240000</montantdepense>
        <description># 19 -Condition de chantier -STRUCTURE: modification mineures de la structure au chantier  en raison des conditions existantes.</description>
        <nomcontractant>Les Constructions B. Martel</nomcontractant>
        <neqcontractant>1147360532</neqcontractant>
      </depense>
      <depense>
        <datedepense>2018-05-15</datedepense>
        <datepublicationdepense>2018-08-20</datepublicationdepense>
        <montantdepense>1209.510000</montantdepense>
        <description># 20 - Condition de chantier - STRUCTURE: combler les dépressions suite à l'enlèvement des anciennes toilettes (béton effrité).</description>
        <nomcontractant>Les Constructions B. Martel</nomcontractant>
        <neqcontractant>1147360532</neqcontractant>
      </depense>
      <depense>
        <datedepense>2018-10-25</datedepense>
        <datepublicationdepense>2018-10-29</datepublicationdepense>
        <montantdepense>3038.250000</montantdepense>
        <description># 21: Condition de chantier: Architecture: Démolition d'un mur de bloc en mauvais état pour en reconstruire un en gypse + ajout d'un souflage de gypse à l'arrière des toilettes. Nous n'aurions pas pu finir les murs sans interventions. </description>
        <nomcontractant>Les Constructions B. Martel</nomcontractant>
        <neqcontractant>1147360532</neqcontractant>
      </depense>
      <depense>
        <datedepense>2018-10-25</datedepense>
        <datepublicationdepense>2018-10-29</datepublicationdepense>
        <montantdepense>1874.070000</montantdepense>
        <description># 22 Mauvaise coordinaton - Mécanique: Démontage d'une partie de la scène tempouraire pour le passage de l'unité ventilation. Lors de la conception, les professionnels n'ont pas vérifiés l'accès pour le passage de l'unité. </description>
        <nomcontractant>Les Constructions B. Martel</nomcontractant>
        <neqcontractant>1147360532</neqcontractant>
      </depense>
      <depense>
        <datedepense>2018-10-25</datedepense>
        <datepublicationdepense>2018-10-29</datepublicationdepense>
        <montantdepense>4387.530000</montantdepense>
        <description># 23: Mauvais coordination: Architecture: Manque de coordination pour les dimensions. Remplacement de la base de douche préfabriquée trop grande pour l'espace par une base de douche en béton avec céramique.</description>
        <nomcontractant>Les Constructions B. Martel</nomcontractant>
        <neqcontractant>1147360532</neqcontractant>
      </depense>
      <depense>
        <datedepense>2018-10-25</datedepense>
        <datepublicationdepense>2018-10-29</datepublicationdepense>
        <montantdepense>0.000000</montantdepense>
        <description># 24: Crédit (404,70 $) Mécanique: Omission de professionnel: Étant donné que l'ingénieur n'avait pas prévu d'électricité pour les chasses d'eau électriques, celles-ci ont été remplacées par un modèle manuel.</description>
        <nomcontractant>Les Constructions B. Martel</nomcontractant>
        <neqcontractant>1147360532</neqcontractant>
      </depense>
      <depense>
        <datedepense>2018-10-25</datedepense>
        <datepublicationdepense>2018-10-29</datepublicationdepense>
        <montantdepense>0.000000</montantdepense>
        <description># 25: Condition de chantier: Mécanique: Sans frais.</description>
        <nomcontractant>Les Constructions B. Martel</nomcontractant>
        <neqcontractant>1147360532</neqcontractant>
      </depense>
      <depense>
        <datedepense>2018-10-25</datedepense>
        <datepublicationdepense>2018-10-29</datepublicationdepense>
        <montantdepense>1778.430000</montantdepense>
        <description># 26: Omission - Électricité: Les ingénieurs n'ont pas indiqués aux plans et devis les racordements électriques des transformateurs pour le contrôle des thermopompes. De plus, le diagramme était manquant.</description>
        <nomcontractant>Les Constructions B. Martel</nomcontractant>
        <neqcontractant>1147360532</neqcontractant>
      </depense>
      <depense>
        <datedepense>2018-10-25</datedepense>
        <datepublicationdepense>2018-10-29</datepublicationdepense>
        <montantdepense>1200.800000</montantdepense>
        <description># 27: Mauvaise coordination - Électricité: Fournir, installer et raccorder un aéroconvecteur commercial de plafond OACP 2000 ainsi que la boite pour montage en surface, unité simple.</description>
        <nomcontractant>Les Constructions B. Martel</nomcontractant>
        <neqcontractant>1147360532</neqcontractant>
      </depense>
      <depense>
        <datedepense>2018-10-25</datedepense>
        <datepublicationdepense>2018-10-29</datepublicationdepense>
        <montantdepense>901.620000</montantdepense>
        <description># 28: Mauvaise coordination - MÉCANIQUE: Modification du contrôle des unités de thermopompe et des plinthes électriques qui n'était pas efficace (mauvaise conception).</description>
        <nomcontractant>Les Constructions B. Martel</nomcontractant>
        <neqcontractant>1147360532</neqcontractant>
      </depense>
      <depense>
        <datedepense>2018-10-25</datedepense>
        <datepublicationdepense>2018-10-29</datepublicationdepense>
        <montantdepense>853.560000</montantdepense>
        <description># 31: Demande du propriétaire: Architecture: Fournir quincaillerie robuste pour porte coulissante 1016F; modèle KN Crowder rail double C-500, cache rail C-130, rail guide encastre C-201, pivot C-200 et poignées encastrés C-908.</description>
        <nomcontractant>Les Constructions B. Martel</nomcontractant>
        <neqcontractant>1147360532</neqcontractant>
      </depense>
      <depense>
        <datedepense>2018-10-25</datedepense>
        <datepublicationdepense>2018-10-29</datepublicationdepense>
        <montantdepense>942.590000</montantdepense>
        <description># 32: Demande du propriétaire - Architecture: Installer deux poubelles en surfaces Forst 415-14C dans les salles de toilettes (réf.: Mémo 05).</description>
        <nomcontractant>Les Constructions B. Martel</nomcontractant>
        <neqcontractant>1147360532</neqcontractant>
      </depense>
      <depense>
        <datedepense>2018-10-25</datedepense>
        <datepublicationdepense>2018-10-29</datepublicationdepense>
        <montantdepense>459.600000</montantdepense>
        <description># 29: Mauvaise coordination - Architecture: Seuil pour la porte 1016 (jonction plancher en bois et plancher époxydique).</description>
        <nomcontractant>Les Constructions B. Martel</nomcontractant>
        <neqcontractant>1147360532</neqcontractant>
      </depense>
      <depense>
        <datedepense>2018-10-25</datedepense>
        <datepublicationdepense>2018-10-30</datepublicationdepense>
        <montantdepense>456.020000</montantdepense>
        <description># 30: Demande du propriétaire - Architecture: Modifier les cadre les portes 1011 et 1014 afin de pouvoir installer la nouvelle quincaillerie.</description>
        <nomcontractant>Les Constructions B. Martel</nomcontractant>
        <neqcontractant>1147360532</neqcontractant>
      </depense>
    </depenses>
  </avis>
  <avis>
    <numeroseao>1116242</numeroseao>
    <numero>CLL-2040.2 et .3</numero>
    <depenses>
      <depense>
        <datedepense>2018-09-21</datedepense>
        <datepublicationdepense>2018-10-15</datepublicationdepense>
        <montantdepense>224317.230000</montantdepense>
        <description>Changement de programme (ajout de 4 toilettes) et imprévus au chantier (ODC-1 à ODC-48)</description>
        <nomcontractant>Les Constructions Pierre Blouin Inc.</nomcontractant>
        <neqcontractant>1168936053</neqcontractant>
      </depense>
    </depenses>
  </avis>
  <avis>
    <numeroseao>1119269</numeroseao>
    <numero>44508020</numero>
    <depenses>
      <depense>
        <datedepense>2018-05-14</datedepense>
        <datepublicationdepense>2018-05-16</datepublicationdepense>
        <montantdepense>56841.340000</montantdepense>
        <description>Conditions imprévisible de chantier  - Modification significative du client - Erreur ou omission - Modification mineure</description>
        <nomcontractant>Construction R. Cloutier Inc..</nomcontractant>
        <neqcontractant>1141083171</neqcontractant>
      </depense>
      <depense>
        <datedepense>2018-04-25</datedepense>
        <datepublicationdepense>2018-05-16</datepublicationdepense>
        <montantdepense>2062.140000</montantdepense>
        <description>Condition imprévisible de chantier (OCD # 030)</description>
        <nomcontractant>Construction R. Cloutier Inc..</nomcontractant>
        <neqcontractant>1141083171</neqcontractant>
      </depense>
      <depense>
        <datedepense>2018-05-22</datedepense>
        <datepublicationdepense>2018-07-05</datepublicationdepense>
        <montantdepense>3408.870000</montantdepense>
        <description>Changement de programme et conditions imprévisibles de chantier (ODC #31-32-33)</description>
        <nomcontractant>Construction R. Cloutier Inc..</nomcontractant>
        <neqcontractant>1141083171</neqcontractant>
      </depense>
      <depense>
        <datedepense>2018-07-11</datedepense>
        <datepublicationdepense>2018-10-04</datepublicationdepense>
        <montantdepense>6766.860000</montantdepense>
        <description>Modification mineure</description>
        <nomcontractant>Construction R. Cloutier Inc..</nomcontractant>
        <neqcontractant>1141083171</neqcontractant>
      </depense>
    </depenses>
  </avis>
  <avis>
    <numeroseao>1130557</numeroseao>
    <numero>RM-2017-107-01</numero>
    <depenses>
      <depense>
        <datedepense>2018-07-04</datedepense>
        <datepublicationdepense>2018-08-20</datepublicationdepense>
        <montantdepense>1049.960000</montantdepense>
        <description>Enlever en condition d'amiante les panneaux de soffite de fribrociment qui sont en contact avec le cadre de porte à démolir de l'entrée principale.</description>
        <nomcontractant>Construction et rénovation Jeremie Houle inc.</nomcontractant>
        <neqcontractant>1163800650</neqcontractant>
      </depense>
      <depense>
        <datedepense>2018-08-06</datedepense>
        <datepublicationdepense>2018-08-20</datepublicationdepense>
        <montantdepense>2177.180000</montantdepense>
        <description>Dalle de béton avait une épaisseur de 8" vs 6" au plans;Plus grande quantité de tuyaux recouverts d'amiante dans les murs; Installation de cloison de toilette qui seront fixées au sol à cause d'un problème de poutrelles; travaux électrique</description>
        <nomcontractant>Construction et rénovation Jeremie Houle inc.</nomcontractant>
        <neqcontractant>1163800650</neqcontractant>
      </depense>
      <depense>
        <datedepense>2018-08-06</datedepense>
        <datepublicationdepense>2018-08-20</datepublicationdepense>
        <montantdepense>4574.170000</montantdepense>
        <description>Structure de bois dans les poutrelles des salles de bain au rez-de-chaussée et entrée pour installation du plafond de gypse.+ 6 857.41 et crédit pour le travail du sciage de béton qui n'a pas été réalisé (2 656.28)</description>
        <nomcontractant>Construction et rénovation Jeremie Houle inc.</nomcontractant>
        <neqcontractant>1163800650</neqcontractant>
      </depense>
      <depense>
        <datedepense>2018-08-07</datedepense>
        <datepublicationdepense>2018-08-30</datepublicationdepense>
        <montantdepense>902.850000</montantdepense>
        <description>Fournir et installer un volet coupe feu dans la conduite d'évacuation des salles de bain de l'étage et installer les poste d'accès requises. </description>
        <nomcontractant>Construction et rénovation Jeremie Houle inc.</nomcontractant>
        <neqcontractant>1163800650</neqcontractant>
      </depense>
      <depense>
        <datedepense>2018-08-17</datedepense>
        <datepublicationdepense>2018-08-30</datepublicationdepense>
        <montantdepense>3783.440000</montantdepense>
        <description>Fournir le matériel et installer trois nouveaux panneaux de béton 13mm avec système d'enduit sur nouvelle fourrure métallique galvanisé cal. 20 @ 300 mm c/c vissée au bâti existant. Peinturer le plafond sous la section de l'entrée de la marquise. </description>
        <nomcontractant>Construction et rénovation Jeremie Houle inc.</nomcontractant>
        <neqcontractant>1163800650</neqcontractant>
      </depense>
      <depense>
        <datedepense>2018-08-29</datedepense>
        <datepublicationdepense>2018-08-30</datepublicationdepense>
        <montantdepense>1193.000000</montantdepense>
        <description>Refaire le plancher en Stonehard, utiliser le même fini et couleur que les autres planchers.</description>
        <nomcontractant>Construction et rénovation Jeremie Houle inc.</nomcontractant>
        <neqcontractant>1163800650</neqcontractant>
      </depense>
      <depense>
        <datedepense>2018-06-07</datedepense>
        <datepublicationdepense>2018-08-30</datepublicationdepense>
        <montantdepense>4131.440000</montantdepense>
        <description>Démolir la cloison vitrée existante et faire la finition intérieure et extérieure au périmètre de la nouvelle cloison vitrée. Fournir et installer une nouvelle cloison vitrée en aluminium pour remplacer celle existante qui sert d'encadrement au portes du vestibule # 130. </description>
        <nomcontractant>Construction et rénovation Jeremie Houle inc.</nomcontractant>
        <neqcontractant>1163800650</neqcontractant>
      </depense>
      <depense>
        <datedepense>2018-10-05</datedepense>
        <datepublicationdepense>2018-10-09</datepublicationdepense>
        <montantdepense>965.740000</montantdepense>
        <description>Remplacer et raccorder l'interrupteur 200A, 120/240V se trouvant dans le local de salle électrique pour un disjoncteur principal 200A, 120/240V.</description>
        <nomcontractant>Construction et rénovation Jeremie Houle inc.</nomcontractant>
        <neqcontractant>1163800650</neqcontractant>
      </depense>
      <depense>
        <datedepense>2018-10-05</datedepense>
        <datepublicationdepense>2018-10-09</datepublicationdepense>
        <montantdepense>561.470000</montantdepense>
        <description>Fournir le matériel et la main-d'oeuvre requis pour le nivelage de plancher de la salle de bain handicapé.</description>
        <nomcontractant>Construction et rénovation Jeremie Houle inc.</nomcontractant>
        <neqcontractant>1163800650</neqcontractant>
      </depense>
      <depense>
        <datedepense>2018-10-05</datedepense>
        <datepublicationdepense>2018-10-09</datepublicationdepense>
        <montantdepense>1684.420000</montantdepense>
        <description>Plinthes de terrazzo à ajouter dans le hall d'entrée.</description>
        <nomcontractant>Construction et rénovation Jeremie Houle inc.</nomcontractant>
        <neqcontractant>1163800650</neqcontractant>
      </depense>
      <depense>
        <datedepense>2018-10-09</datedepense>
        <datepublicationdepense>2018-10-12</datepublicationdepense>
        <montantdepense>9252.310000</montantdepense>
        <description>Travaux de plomberie divers - Modification de l'alimentation d'eau froide des salles de bain </description>
        <nomcontractant>Construction et rénovation Jeremie Houle inc.</nomcontractant>
        <neqcontractant>1163800650</neqcontractant>
      </depense>
      <depense>
        <datedepense>2018-10-10</datedepense>
        <datepublicationdepense>2018-10-12</datepublicationdepense>
        <montantdepense>2676.920000</montantdepense>
        <description>conduit d'évacuation - dévier le conduit d'évacuation afin d'éviter les tuyauteries de plomberie et de pouvoir installer le volet coupe-feu adéquatement. remplacer un conet isoler un conduit d'évacuation dans la salle de bain 105.</description>
        <nomcontractant>Construction et rénovation Jeremie Houle inc.</nomcontractant>
        <neqcontractant>1163800650</neqcontractant>
      </depense>
      <depense>
        <datedepense>2018-10-10</datedepense>
        <datepublicationdepense>2018-10-12</datepublicationdepense>
        <montantdepense>193.150000</montantdepense>
        <description>Remplacer le volet anti-retour qui est défectueux par un nouveau volet anti-retour. </description>
        <nomcontractant>Construction et rénovation Jeremie Houle inc.</nomcontractant>
        <neqcontractant>1163800650</neqcontractant>
      </depense>
    </depenses>
  </avis>
  <avis>
    <numeroseao>1137222</numeroseao>
    <numero>34019600</numero>
    <depenses>
      <depense>
        <datedepense>2018-09-28</datedepense>
        <datepublicationdepense>2018-10-02</datepublicationdepense>
        <montantdepense>41445.450000</montantdepense>
        <description>Conditions imprévisibles de chantier</description>
        <nomcontractant>Englobe</nomcontractant>
        <neqcontractant>1167280206</neqcontractant>
      </depense>
    </depenses>
  </avis>
  <avis>
    <numeroseao>1138809</numeroseao>
    <numero>17BLH188_CSE</numero>
    <depenses>
      <depense>
        <datedepense>2018-08-30</datedepense>
        <datepublicationdepense>2018-10-04</datepublicationdepense>
        <montantdepense>15163.160000</montantdepense>
        <description>Étanchéité mur fondation existant, partie 1 et 2</description>
        <nomcontractant>Construction R. Cloutier Inc..</nomcontractant>
        <neqcontractant>1141083171</neqcontractant>
      </depense>
      <depense>
        <datedepense>2018-08-30</datedepense>
        <datepublicationdepense>2018-10-04</datepublicationdepense>
        <montantdepense>10594.720000</montantdepense>
        <description>Soufflages et modifications partitions, mur wc adapté, modification aux retombées corridor 038, cloison temporaire, rangement service de garde, remplacement partiel tvc corridor, modification finition escalier, ajout colombage, ajout trappes d'accès et correction taux d'humidité dalle de béton</description>
        <nomcontractant>Construction R. Cloutier Inc..</nomcontractant>
        <neqcontractant>1141083171</neqcontractant>
      </depense>
      <depense>
        <datedepense>2018-08-30</datedepense>
        <datepublicationdepense>2018-10-04</datepublicationdepense>
        <montantdepense>4289.110000</montantdepense>
        <description>Cassage de la dalle, aérothermes à remplacer et intervention plinthes corridor 038</description>
        <nomcontractant>Construction R. Cloutier Inc..</nomcontractant>
        <neqcontractant>1141083171</neqcontractant>
      </depense>
    </depenses>
  </avis>
  <avis>
    <numeroseao>1144913</numeroseao>
    <numero>0211D1617_0211M1617</numero>
    <depenses>
      <depense>
        <datedepense>2018-10-04</datedepense>
        <datepublicationdepense>2018-10-09</datepublicationdepense>
        <montantdepense>72128.710000</montantdepense>
        <description>Remplacement de plomberie jusqu'à l'entrée principale, modification structurale due à l'instabilité des blocs et modification à la ventilation.</description>
        <nomcontractant>Rénovation CM Inc.</nomcontractant>
        <neqcontractant>1167532143</neqcontractant>
      </depense>
      <depense>
        <datedepense>2018-10-04</datedepense>
        <datepublicationdepense>2018-10-09</datepublicationdepense>
        <montantdepense>6739.120000</montantdepense>
        <description>Modification et réparation supplémentaires des seuils des fenêtres du gymnase en condition d'amiante</description>
        <nomcontractant>Rénovation CM Inc.</nomcontractant>
        <neqcontractant>1167532143</neqcontractant>
      </depense>
    </depenses>
  </avis>
  <avis>
    <numeroseao>1148576</numeroseao>
    <numero>A18-0302</numero>
    <depenses>
      <depense>
        <datedepense>2018-10-05</datedepense>
        <datepublicationdepense>2018-10-11</datepublicationdepense>
        <montantdepense>874353.200000</montantdepense>
        <description>Changement mode de réalisation : ajout au niveau de la réalisation salles 4 et 7 bloc op. et retrait de réalisation du mode de gestion de chantier salles 4 et 7 bloc op.</description>
        <nomcontractant>Construction TransParent</nomcontractant>
        <neqcontractant>1166552357</neqcontractant>
      </depense>
    </depenses>
  </avis>
  <avis>
    <numeroseao>1157391</numeroseao>
    <numero>012-2018-01</numero>
    <depenses>
      <depense>
        <datedepense>2018-08-09</datedepense>
        <datepublicationdepense>2018-08-14</datepublicationdepense>
        <montantdepense>228.540000</montantdepense>
        <description>Modifier la céramique murale prévu au devis et annuler la fourniture et l'installation de 2 poubellles.</description>
        <nomcontractant>Constructions Guy Sebas Inc.</nomcontractant>
        <neqcontractant>1144279677</neqcontractant>
      </depense>
      <depense>
        <datedepense>2018-08-20</datedepense>
        <datepublicationdepense>2018-08-14</datepublicationdepense>
        <montantdepense>2592.520000</montantdepense>
        <description>Remplacement du revêtement de plancher dans les locaux 104-105</description>
        <nomcontractant>Constructions Guy Sebas Inc.</nomcontractant>
        <neqcontractant>1144279677</neqcontractant>
      </depense>
      <depense>
        <datedepense>2018-08-20</datedepense>
        <datepublicationdepense>2018-08-20</datepublicationdepense>
        <montantdepense>6314.220000</montantdepense>
        <description>Réparer le trottoir </description>
        <nomcontractant>Constructions Guy Sebas Inc.</nomcontractant>
        <neqcontractant>1144279677</neqcontractant>
      </depense>
    </depenses>
  </avis>
  <avis>
    <numeroseao>1158048</numeroseao>
    <numero>132-2018-01</numero>
    <depenses>
      <depense>
        <datedepense>2018-07-03</datedepense>
        <datepublicationdepense>2018-09-20</datepublicationdepense>
        <montantdepense>1339.290000</montantdepense>
        <description>Changement de revêtement de sol dans le local 025</description>
        <nomcontractant>Construction Longer inc</nomcontractant>
        <neqcontractant>1140862559</neqcontractant>
      </depense>
      <depense>
        <datedepense>2018-07-12</datedepense>
        <datepublicationdepense>2018-09-20</datepublicationdepense>
        <montantdepense>3478.700000</montantdepense>
        <description>Crédit de 462.77 pour la fourniture de la quincaillerie - ajout de gypse de type GYP.2, démantèlement supplémentaire du plafondde gypse dans les vestiaires, ragréage des fourrures métalliques existantes, remplacement du granulat existant par du MG-20 puisque présence de sable sous la dalle</description>
        <nomcontractant>Construction Longer inc</nomcontractant>
        <neqcontractant>1140862559</neqcontractant>
      </depense>
      <depense>
        <datedepense>2018-08-29</datedepense>
        <datepublicationdepense>2018-09-20</datepublicationdepense>
        <montantdepense>4836.830000</montantdepense>
        <description>Ajout d'une membrane de type Flextile WP-900 pour l'isolation des fissures dans la dalle, ragréage autour de la grille gratte-pieds existante du vestibule 040, application d'un plâtre sur les murs de bloc de béton existant, travaux supplémentaires de démolition de céramique, </description>
        <nomcontractant>Construction Longer inc</nomcontractant>
        <neqcontractant>1140862559</neqcontractant>
      </depense>
      <depense>
        <datedepense>2018-08-30</datedepense>
        <datepublicationdepense>2018-09-20</datepublicationdepense>
        <montantdepense>1464.480000</montantdepense>
        <description>Fournir la peinture et peinturer de deux murs supplémentaires. Sablage de toutes les portes et cadres existants à peindre pour lesquelles la peinture semble s'écailler et repeindre. </description>
        <nomcontractant>Construction Longer inc</nomcontractant>
        <neqcontractant>1140862559</neqcontractant>
      </depense>
      <depense>
        <datedepense>2018-10-05</datedepense>
        <datepublicationdepense>2018-10-09</datepublicationdepense>
        <montantdepense>333.590000</montantdepense>
        <description>Il doit changer le diaphragme de chauq robinet de chasse des nouveaux appareils de plomberie.</description>
        <nomcontractant>Construction Longer inc</nomcontractant>
        <neqcontractant>1140862559</neqcontractant>
      </depense>
    </depenses>
  </avis>
  <avis>
    <numeroseao>1160212</numeroseao>
    <numero>171803239</numero>
    <depenses>
      <depense>
        <datedepense>2018-06-18</datedepense>
        <datepublicationdepense>2018-10-01</datepublicationdepense>
        <montantdepense>11330.000000</montantdepense>
        <description>Ajout de travaux dans une école</description>
        <nomcontractant>Maçonnerie Marco Lussier</nomcontractant>
        <neqcontractant>1168716976</neqcontractant>
      </depense>
    </depenses>
  </avis>
  <avis>
    <numeroseao>1160946</numeroseao>
    <numero>i17-24-05</numero>
    <depenses>
      <depense>
        <datedepense>2018-06-19</datedepense>
        <datepublicationdepense>2018-10-11</datepublicationdepense>
        <montantdepense>2106.040000</montantdepense>
        <description>Demande de changement # 1 : Travaux de démolition de céramique / Changer câbles électriques de l'éclairage bas voltage</description>
        <nomcontractant>GP Construction De Val D'Or Inc.</nomcontractant>
        <neqcontractant>1170390141</neqcontractant>
      </depense>
    </depenses>
  </avis>
  <avis>
    <numeroseao>1176229</numeroseao>
    <numero>CP003568</numero>
    <depenses>
      <depense>
        <datedepense>2018-09-11</datedepense>
        <datepublicationdepense>2018-10-11</datepublicationdepense>
        <montantdepense>4246.000000</montantdepense>
        <description>Ordre de changement 1</description>
        <nomcontractant>Solotech Inc.</nomcontractant>
        <neqcontractant>1162827803</neqcontractant>
      </depense>
    </depenses>
  </avis>
  <avis>
    <numeroseao>1177176</numeroseao>
    <numero>CGER 680208</numero>
    <depenses>
      <depense>
        <datedepense>2018-10-01</datedepense>
        <datepublicationdepense>2018-10-05</datepublicationdepense>
        <montantdepense>6653.000000</montantdepense>
        <description>Ajout d'une suspension arrière pneumatique</description>
        <nomcontractant>Autobus Girardin Inc.</nomcontractant>
        <neqcontractant>1142795534</neqcontractant>
      </depense>
    </depenses>
  </avis>
  <avis>
    <numeroseao>1180298</numeroseao>
    <numero>44510221</numero>
    <depenses>
      <depense>
        <datedepense>2018-09-28</datedepense>
        <datepublicationdepense>2018-10-09</datepublicationdepense>
        <montantdepense>6235.220000</montantdepense>
        <description>Modification significative SQI</description>
        <nomcontractant>Construction Bruno Blanchette</nomcontractant>
        <neqcontractant>1146681011</neqcontractant>
      </depense>
    </depenses>
  </avis>
  <avis>
    <numeroseao>1189098</numeroseao>
    <numero>201632</numero>
    <depenses />
  </avis>
  <avis>
    <numeroseao>1190755</numeroseao>
    <numero>44510859</numero>
    <depenses>
      <depense>
        <datedepense>2018-09-10</datedepense>
        <datepublicationdepense>2018-10-09</datepublicationdepense>
        <montantdepense>3566.130000</montantdepense>
        <description>Imprévu de chantier</description>
        <nomcontractant>Groupe BGR Construction</nomcontractant>
        <neqcontractant>1173118796</neqcontractant>
      </depense>
    </depenses>
  </avis>
  <avis>
    <numeroseao>1203650</numeroseao>
    <numero>SRM004409</numero>
    <depenses>
      <depense>
        <datedepense>2010-06-01</datedepense>
        <datepublicationdepense>2018-10-01</datepublicationdepense>
        <montantdepense>2517.300000</montantdepense>
        <description>SRM005113</description>
        <nomcontractant>Les Clôtures Arboit inc.</nomcontractant>
        <neqcontractant>1140753246</neqcontractant>
      </depense>
      <depense>
        <datedepense>2010-11-03</datedepense>
        <datepublicationdepense>2018-10-01</datepublicationdepense>
        <montantdepense>4422.800000</montantdepense>
        <description>srm005314</description>
        <nomcontractant>Les Clôtures Arboit inc.</nomcontractant>
        <neqcontractant>1140753246</neqcontractant>
      </depense>
      <depense>
        <datedepense>2010-06-23</datedepense>
        <datepublicationdepense>2018-10-01</datepublicationdepense>
        <montantdepense>2598.800000</montantdepense>
        <description>SRM004902</description>
        <nomcontractant>Les Clôtures Arboit inc.</nomcontractant>
        <neqcontractant>1140753246</neqcontractant>
      </depense>
    </depenses>
  </avis>
  <avis>
    <numeroseao>1207584</numeroseao>
    <numero>CT4247</numero>
    <depenses>
      <depense>
        <datedepense>2018-08-01</datedepense>
        <datepublicationdepense>2018-10-19</datepublicationdepense>
        <montantdepense>23333.320000</montantdepense>
        <description>Prolongation à l'abonnement afin de trouver une solution définitive.</description>
        <nomcontractant>Centre d'accès équitable aux bibliothèques</nomcontractant>
        <neqcontractant />
      </depense>
    </depenses>
  </avis>
  <avis>
    <numeroseao>1208884</numeroseao>
    <numero>2018.2019/501</numero>
    <depenses>
      <depense>
        <datedepense>2018-09-05</datedepense>
        <datepublicationdepense>2018-10-23</datepublicationdepense>
        <montantdepense>23807.690000</montantdepense>
        <description>Mise aux normes des gicleurs au CFER phase II, extra entrée d'eau sous-terrain</description>
        <nomcontractant>Gicleurs Exclusifs inc.</nomcontractant>
        <neqcontractant>1144933182</neqcontractant>
      </depense>
    </depenses>
  </avis>
</export>