<?xml version="1.0" encoding="utf-8"?>
<export xmlns:xsi="http://www.w3.org/2001/XMLSchema-instance" xmlns:xsd="http://www.w3.org/2001/XMLSchema" datedebut="2021-02-01" datefin="2021-02-28">
  <contrat>
    <numeroseao>680889</numeroseao>
    <numero>RP-13-CONV-009</numero>
    <datefinale>2020-04-17</datefinale>
    <datepublicationfinale>2016-09-27</datepublicationfinale>
    <montantfinal>613210.000000</montantfinal>
    <nomcontractant>ÉQUIPE R.D.P.</nomcontractant>
    <neqcontractant />
  </contrat>
  <contrat>
    <numeroseao>680900</numeroseao>
    <numero>RP-13-CONV-010</numero>
    <datefinale>2020-04-17</datefinale>
    <datepublicationfinale>2016-09-27</datepublicationfinale>
    <montantfinal>273546.000000</montantfinal>
    <nomcontractant>CLUB AQUATIQUE RIVIÈRE-DES-PRAIRIES (C.A.R.P.)</nomcontractant>
    <neqcontractant />
  </contrat>
  <contrat>
    <numeroseao>680915</numeroseao>
    <numero>RP-13-CONV-011</numero>
    <datefinale>2019-04-10</datefinale>
    <datepublicationfinale>2016-09-27</datepublicationfinale>
    <montantfinal>130390.000000</montantfinal>
    <nomcontractant>SOCIÉTÉ RESSOURCES-LOISIRS DE POINTE-AUX-TREMBLES</nomcontractant>
    <neqcontractant />
  </contrat>
  <contrat>
    <numeroseao>680931</numeroseao>
    <numero>RP-13-CONV-012</numero>
    <datefinale>2020-04-17</datefinale>
    <datepublicationfinale>2016-09-27</datepublicationfinale>
    <montantfinal>406858.000000</montantfinal>
    <nomcontractant>CENTRE DE LEADERSHIP POUR LA JEUNESSE DON BOSCO</nomcontractant>
    <neqcontractant />
  </contrat>
  <contrat>
    <numeroseao>681942</numeroseao>
    <numero>RP-13-CONV-015</numero>
    <datefinale>2020-01-27</datefinale>
    <datepublicationfinale>2016-09-27</datepublicationfinale>
    <montantfinal>135794.000000</montantfinal>
    <nomcontractant>CLUB GYMNACENTRE INC.</nomcontractant>
    <neqcontractant />
  </contrat>
  <contrat>
    <numeroseao>681948</numeroseao>
    <numero>RP-13-CONV-016</numero>
    <datefinale>2020-04-17</datefinale>
    <datepublicationfinale>2016-09-27</datepublicationfinale>
    <montantfinal>643884.000000</montantfinal>
    <nomcontractant>LOISIRS COMMUNAUTAIRES LE RELAIS DU BOUT</nomcontractant>
    <neqcontractant />
  </contrat>
  <contrat>
    <numeroseao>681959</numeroseao>
    <numero>RP-13-CONV-018</numero>
    <datefinale>2020-01-27</datefinale>
    <datepublicationfinale>2016-09-27</datepublicationfinale>
    <montantfinal>493733.000000</montantfinal>
    <nomcontractant>MAISON DES JEUNES DE RIVIÈRE-DES-PRAIRIES</nomcontractant>
    <neqcontractant />
  </contrat>
  <contrat>
    <numeroseao>835924</numeroseao>
    <numero>RP-13-CONV-24</numero>
    <datefinale>2020-01-27</datefinale>
    <datepublicationfinale>2016-09-28</datepublicationfinale>
    <montantfinal>91772.000000</montantfinal>
    <nomcontractant>CLUB DE PATINAGE DE VITESSE DE POINTE-AUX-TREMBLES</nomcontractant>
    <neqcontractant>1143767318</neqcontractant>
  </contrat>
  <contrat>
    <numeroseao>837370</numeroseao>
    <numero>RP-14-CONV02-01</numero>
    <datefinale>2020-01-27</datefinale>
    <datepublicationfinale>2016-09-28</datepublicationfinale>
    <montantfinal>123432.000000</montantfinal>
    <nomcontractant>CENTRE DE PROMOTION COMMUNAUTAIRE LE PHARE INC.</nomcontractant>
    <neqcontractant>1143282979</neqcontractant>
  </contrat>
  <contrat>
    <numeroseao>900175</numeroseao>
    <numero>29169800</numero>
    <datefinale>2020-09-28</datefinale>
    <datepublicationfinale>2020-09-28</datepublicationfinale>
    <montantfinal>30777.390000</montantfinal>
    <nomcontractant>Les Produits Énergétiques GAL inc.</nomcontractant>
    <neqcontractant>1146046280</neqcontractant>
  </contrat>
  <contrat>
    <numeroseao>982573</numeroseao>
    <numero>16-15103</numero>
    <datefinale>2016-05-12</datefinale>
    <datepublicationfinale>2020-12-10</datepublicationfinale>
    <montantfinal>694238.660000</montantfinal>
    <nomcontractant>Toyota Drummondville</nomcontractant>
    <neqcontractant>1160501012</neqcontractant>
  </contrat>
  <contrat>
    <numeroseao>1036937</numeroseao>
    <numero>CT1041820</numero>
    <datefinale>2020-09-30</datefinale>
    <datepublicationfinale>2020-12-22</datepublicationfinale>
    <montantfinal>143827.000000</montantfinal>
    <nomcontractant>Normandin Beaudry Actuaires Inc.</nomcontractant>
    <neqcontractant>1144181287</neqcontractant>
  </contrat>
  <contrat>
    <numeroseao>1050585</numeroseao>
    <numero>AP279 </numero>
    <datefinale>2019-03-26</datefinale>
    <datepublicationfinale>2019-04-30</datepublicationfinale>
    <montantfinal>341861.500000</montantfinal>
    <nomcontractant>CGI Inc.</nomcontractant>
    <neqcontractant>1160358728</neqcontractant>
  </contrat>
  <contrat>
    <numeroseao>1050585</numeroseao>
    <numero>AP279 </numero>
    <datefinale>2020-10-02</datefinale>
    <datepublicationfinale>2020-10-26</datepublicationfinale>
    <montantfinal>799414.130000</montantfinal>
    <nomcontractant>Bell Canada</nomcontractant>
    <neqcontractant>1172462849</neqcontractant>
  </contrat>
  <contrat>
    <numeroseao>1055263</numeroseao>
    <numero>16-17-02-156</numero>
    <datefinale>2020-12-31</datefinale>
    <datepublicationfinale>2020-07-08</datepublicationfinale>
    <montantfinal>229600.000000</montantfinal>
    <nomcontractant>Getinge Canada</nomcontractant>
    <neqcontractant>1162756184</neqcontractant>
  </contrat>
  <contrat>
    <numeroseao>1077316</numeroseao>
    <numero>6609-17-4507</numero>
    <datefinale>2021-01-07</datefinale>
    <datepublicationfinale>2020-07-06</datepublicationfinale>
    <montantfinal>1137692.640000</montantfinal>
    <nomcontractant>LES EXCAVATIONS LAFONTAINE INC.</nomcontractant>
    <neqcontractant>1143662378</neqcontractant>
  </contrat>
  <contrat>
    <numeroseao>1129397</numeroseao>
    <numero>SI17-022</numero>
    <datefinale>2020-07-31</datefinale>
    <datepublicationfinale>2021-01-05</datepublicationfinale>
    <montantfinal>71175.560000</montantfinal>
    <nomcontractant>WSP Canada Inc.</nomcontractant>
    <neqcontractant>1148357057</neqcontractant>
  </contrat>
  <contrat>
    <numeroseao>1143177</numeroseao>
    <numero>APP-170829-01</numero>
    <datefinale>2020-12-14</datefinale>
    <datepublicationfinale>2020-02-22</datepublicationfinale>
    <montantfinal>1159635.360000</montantfinal>
    <nomcontractant>Gaston Champoux (1973) Inc.</nomcontractant>
    <neqcontractant>1142837930</neqcontractant>
  </contrat>
  <contrat>
    <numeroseao>1164224</numeroseao>
    <numero>9159</numero>
    <datefinale>2020-08-30</datefinale>
    <datepublicationfinale>2020-09-29</datepublicationfinale>
    <montantfinal>10624460.000000</montantfinal>
    <nomcontractant>Les constructions BÉLAND &amp; Lapointe Inc..</nomcontractant>
    <neqcontractant>1142908889</neqcontractant>
  </contrat>
  <contrat>
    <numeroseao>1186119</numeroseao>
    <numero>999108301-1</numero>
    <datefinale>2020-08-27</datefinale>
    <datepublicationfinale>2020-08-27</datepublicationfinale>
    <montantfinal>276275.260000</montantfinal>
    <nomcontractant>Edgenda Technologie inc.</nomcontractant>
    <neqcontractant>1161955134</neqcontractant>
  </contrat>
  <contrat>
    <numeroseao>1187580</numeroseao>
    <numero>18-19-07-066</numero>
    <datefinale>2020-09-21</datefinale>
    <datepublicationfinale>2020-12-18</datepublicationfinale>
    <montantfinal>636800.000000</montantfinal>
    <nomcontractant>Medtronic</nomcontractant>
    <neqcontractant>1149830540</neqcontractant>
  </contrat>
  <contrat>
    <numeroseao>1201510</numeroseao>
    <numero>553049792</numero>
    <datefinale>2020-03-31</datefinale>
    <datepublicationfinale>2020-08-17</datepublicationfinale>
    <montantfinal>24052.800000</montantfinal>
    <nomcontractant>Espace Courbe inc.</nomcontractant>
    <neqcontractant>1145288750</neqcontractant>
  </contrat>
  <contrat>
    <numeroseao>1216069</numeroseao>
    <numero>42A1801-01</numero>
    <datefinale>2020-12-16</datefinale>
    <datepublicationfinale>2021-01-05</datepublicationfinale>
    <montantfinal>159547.000000</montantfinal>
    <nomcontractant>Plomberie du Portage Inc.</nomcontractant>
    <neqcontractant>1141948605</neqcontractant>
  </contrat>
  <contrat>
    <numeroseao>1216953</numeroseao>
    <numero>SA-181122-PB</numero>
    <datefinale>2020-10-21</datefinale>
    <datepublicationfinale>2021-01-29</datepublicationfinale>
    <montantfinal>25965.720000</montantfinal>
    <nomcontractant>Stantec Experts-conseils ltée</nomcontractant>
    <neqcontractant>1170241336</neqcontractant>
  </contrat>
  <contrat>
    <numeroseao>1220497</numeroseao>
    <numero>7001-19-0201</numero>
    <datefinale>2021-01-18</datefinale>
    <datepublicationfinale>2020-10-08</datepublicationfinale>
    <montantfinal>1855743.130000</montantfinal>
    <nomcontractant>Eurovia Québec Construction inc.</nomcontractant>
    <neqcontractant>1169491884</neqcontractant>
  </contrat>
  <contrat>
    <numeroseao>1248190</numeroseao>
    <numero>2503-19-0201</numero>
    <datefinale>2021-01-18</datefinale>
    <datepublicationfinale>2020-10-15</datepublicationfinale>
    <montantfinal>2031907.870000</montantfinal>
    <nomcontractant>Constructions BSL Inc.</nomcontractant>
    <neqcontractant>1141120692</neqcontractant>
  </contrat>
  <contrat>
    <numeroseao>1265489</numeroseao>
    <numero>8901-16-0208</numero>
    <datefinale>2021-01-19</datefinale>
    <datepublicationfinale>2020-12-15</datepublicationfinale>
    <montantfinal>696710.690000</montantfinal>
    <nomcontractant>Constructions Randard Inc.</nomcontractant>
    <neqcontractant>1142000042</neqcontractant>
  </contrat>
  <contrat>
    <numeroseao>1281525</numeroseao>
    <numero>RPPV19-04033-OP</numero>
    <datefinale>2019-07-02</datefinale>
    <datepublicationfinale>2019-08-13</datepublicationfinale>
    <montantfinal>78731.520000</montantfinal>
    <nomcontractant>Excellent Pavage.</nomcontractant>
    <neqcontractant>1165106494</neqcontractant>
  </contrat>
  <contrat>
    <numeroseao>1285117</numeroseao>
    <numero>BC00167911</numero>
    <datefinale>2021-02-01</datefinale>
    <datepublicationfinale>2021-01-21</datepublicationfinale>
    <montantfinal>31990.890000</montantfinal>
    <nomcontractant>Dufort &amp; Lavigne Ltée</nomcontractant>
    <neqcontractant>1161996294</neqcontractant>
  </contrat>
  <contrat>
    <numeroseao>1285581</numeroseao>
    <numero>CO2019-5004</numero>
    <datefinale>2019-09-30</datefinale>
    <datepublicationfinale>2020-03-18</datepublicationfinale>
    <montantfinal>112926.000000</montantfinal>
    <nomcontractant>Philips Santé</nomcontractant>
    <neqcontractant>1166356130</neqcontractant>
  </contrat>
  <contrat>
    <numeroseao>1376096</numeroseao>
    <numero>1207059</numero>
    <datefinale>2019-06-01</datefinale>
    <datepublicationfinale>2020-07-17</datepublicationfinale>
    <montantfinal>165764.640000</montantfinal>
    <nomcontractant>spca de montréal</nomcontractant>
    <neqcontractant>1145994555</neqcontractant>
  </contrat>
  <contrat>
    <numeroseao>1378440</numeroseao>
    <numero>9215083</numero>
    <datefinale>2020-10-31</datefinale>
    <datepublicationfinale>2020-12-01</datepublicationfinale>
    <montantfinal>30496.900000</montantfinal>
    <nomcontractant>Le Cabinet RH inc.</nomcontractant>
    <neqcontractant>1173696007</neqcontractant>
  </contrat>
  <contrat>
    <numeroseao>1383172</numeroseao>
    <numero>CG-200621-RY</numero>
    <datefinale>2020-11-26</datefinale>
    <datepublicationfinale>2021-01-19</datepublicationfinale>
    <montantfinal>39799.170000</montantfinal>
    <nomcontractant>Entreprise Électrique MJL inc</nomcontractant>
    <neqcontractant>1149018211</neqcontractant>
  </contrat>
  <contrat>
    <numeroseao>1394625</numeroseao>
    <numero>07-12947 - 2020-07-27</numero>
    <datefinale>2020-10-06</datefinale>
    <datepublicationfinale>2020-12-16</datepublicationfinale>
    <montantfinal>29889.170000</montantfinal>
    <nomcontractant>DHC Énergie inc.</nomcontractant>
    <neqcontractant>1169465615</neqcontractant>
  </contrat>
  <contrat>
    <numeroseao>1416146</numeroseao>
    <numero>PRO-N-EB164</numero>
    <datefinale>2020-10-08</datefinale>
    <datepublicationfinale>2020-10-19</datepublicationfinale>
    <montantfinal>96751.320000</montantfinal>
    <nomcontractant>90394701 Québec Inc. Entreprises Carl Marchand Inc.</nomcontractant>
    <neqcontractant>1146082350</neqcontractant>
  </contrat>
  <contrat>
    <numeroseao>1434484</numeroseao>
    <numero>SC-1906</numero>
    <datefinale>2020-08-31</datefinale>
    <datepublicationfinale>2020-12-16</datepublicationfinale>
    <montantfinal>30562.500000</montantfinal>
    <nomcontractant>I.M. Prévention et règlement des conflits</nomcontractant>
    <neqcontractant>1169930725</neqcontractant>
  </contrat>
  <contrat>
    <numeroseao>1439746</numeroseao>
    <numero>1-2020</numero>
    <datefinale>2019-12-31</datefinale>
    <datepublicationfinale>2021-01-20</datepublicationfinale>
    <montantfinal>28080.000000</montantfinal>
    <nomcontractant>Central Maine &amp; Québec Railway</nomcontractant>
    <neqcontractant>1169842169</neqcontractant>
  </contrat>
  <contrat>
    <numeroseao>1443187</numeroseao>
    <numero>9001-20-PVE1</numero>
    <datefinale>2020-09-11</datefinale>
    <datepublicationfinale>2021-01-27</datepublicationfinale>
    <montantfinal>18479.160000</montantfinal>
    <nomcontractant>Newcastle Aviation Partners LLC</nomcontractant>
    <neqcontractant />
  </contrat>
</export>