<?xml version="1.0" encoding="utf-8"?>
<export xmlns:xsi="http://www.w3.org/2001/XMLSchema-instance" xmlns:xsd="http://www.w3.org/2001/XMLSchema" datedebut="2021-02-01" datefin="2021-02-28">
  <avis>
    <numeroseao>877247</numeroseao>
    <numero>SRM013577</numero>
    <depenses>
      <depense>
        <datedepense>2015-12-10</datedepense>
        <datepublicationdepense>2016-05-17</datepublicationdepense>
        <montantdepense>71537.000000</montantdepense>
        <description>SRM016137 (rapport A-33-923)</description>
        <nomcontractant>Les Services Exp Inc</nomcontractant>
        <neqcontractant>1167268128</neqcontractant>
      </depense>
      <depense>
        <datedepense>2015-02-16</datedepense>
        <datepublicationdepense>2021-01-29</datepublicationdepense>
        <montantdepense>0.000000</montantdepense>
        <description>SRM013934 - (347 031 710 ) - ceci n'est pas une dépense supplémentaire</description>
        <nomcontractant>Les Services Exp Inc</nomcontractant>
        <neqcontractant>1167268128</neqcontractant>
      </depense>
      <depense>
        <datedepense>2015-12-10</datedepense>
        <datepublicationdepense>2021-01-29</datepublicationdepense>
        <montantdepense>0.000000</montantdepense>
        <description>SRM016137 - (347 031 710 ) - A-33-923- publication en double</description>
        <nomcontractant>Les Services Exp Inc</nomcontractant>
        <neqcontractant>1167268128</neqcontractant>
      </depense>
    </depenses>
  </avis>
  <avis>
    <numeroseao>895317</numeroseao>
    <numero>28384800</numero>
    <depenses>
      <depense>
        <datedepense>2020-06-01</datedepense>
        <datepublicationdepense>2020-06-01</datepublicationdepense>
        <montantdepense>270185.100000</montantdepense>
        <description>Prolongation du contrat</description>
        <nomcontractant>Derko Ltée.</nomcontractant>
        <neqcontractant>1166131624</neqcontractant>
      </depense>
      <depense>
        <datedepense>2020-11-12</datedepense>
        <datepublicationdepense>2020-12-11</datepublicationdepense>
        <montantdepense>51297.950000</montantdepense>
        <description>Prolongation du contrat</description>
        <nomcontractant>Derko Ltée.</nomcontractant>
        <neqcontractant>1166131624</neqcontractant>
      </depense>
      <depense>
        <datedepense>2020-10-31</datedepense>
        <datepublicationdepense>2021-01-27</datepublicationdepense>
        <montantdepense>3900.900000</montantdepense>
        <description>Ajout clause Covid</description>
        <nomcontractant>Derko Ltée.</nomcontractant>
        <neqcontractant>1166131624</neqcontractant>
      </depense>
    </depenses>
  </avis>
  <avis>
    <numeroseao>927790</numeroseao>
    <numero>AP263</numero>
    <depenses>
      <depense>
        <datedepense>2016-04-26</datedepense>
        <datepublicationdepense>2021-02-18</datepublicationdepense>
        <montantdepense>43065.000000</montantdepense>
        <description>Avenant 1 Augmentation du montant consenti pour fixé le contrat à 596 680.00</description>
        <nomcontractant>KMBT</nomcontractant>
        <neqcontractant>1162304308</neqcontractant>
      </depense>
      <depense>
        <datedepense>2017-07-31</datedepense>
        <datepublicationdepense>2021-02-18</datepublicationdepense>
        <montantdepense>1248.000000</montantdepense>
        <description>Avenant 2 Augmentation du montant consenti pour fixer le contrat à 597 928.00 $</description>
        <nomcontractant>KMBT</nomcontractant>
        <neqcontractant>1162304308</neqcontractant>
      </depense>
      <depense>
        <datedepense>2021-02-10</datedepense>
        <datepublicationdepense>2021-02-18</datepublicationdepense>
        <montantdepense>25000.000000</montantdepense>
        <description>Avenant 3 Augmentation du montant consenti pour fixé le contrat à 622 928.00</description>
        <nomcontractant>KMBT</nomcontractant>
        <neqcontractant>1162304308</neqcontractant>
      </depense>
    </depenses>
  </avis>
  <avis>
    <numeroseao>981561</numeroseao>
    <numero>SRM015558</numero>
    <depenses>
      <depense>
        <datedepense>2015-10-03</datedepense>
        <datepublicationdepense>2016-05-25</datepublicationdepense>
        <montantdepense>0.000000</montantdepense>
        <description>SRM015556 - Correction, ce BC n'est pas un ajout à ce contrat</description>
        <nomcontractant>Roland Grenier Construction</nomcontractant>
        <neqcontractant>1142915231</neqcontractant>
      </depense>
      <depense>
        <datedepense>2015-10-05</datedepense>
        <datepublicationdepense>2016-05-25</datepublicationdepense>
        <montantdepense>0.000000</montantdepense>
        <description>SRM015557, correction, ce BC n'est pas un ajout à ce contrat</description>
        <nomcontractant>Roland Grenier Construction</nomcontractant>
        <neqcontractant>1142915231</neqcontractant>
      </depense>
    </depenses>
  </avis>
  <avis>
    <numeroseao>1047804</numeroseao>
    <numero>999728901</numero>
    <depenses>
      <depense>
        <datedepense>2020-11-30</datedepense>
        <datepublicationdepense>2021-02-19</datepublicationdepense>
        <montantdepense>4000000.000000</montantdepense>
        <description>Un montant additionnel a été alloué afin de mener à terme le contrat.</description>
        <nomcontractant>ORACLE CANADA ULC</nomcontractant>
        <neqcontractant>1166275785</neqcontractant>
      </depense>
    </depenses>
  </avis>
  <avis>
    <numeroseao>1124101</numeroseao>
    <numero>32910100</numero>
    <depenses>
      <depense>
        <datedepense>2020-06-11</datedepense>
        <datepublicationdepense>2020-08-12</datepublicationdepense>
        <montantdepense>994334.250000</montantdepense>
        <description>Conditions de chantier</description>
        <nomcontractant>Construction Unibec Inc.</nomcontractant>
        <neqcontractant>1143119502</neqcontractant>
      </depense>
      <depense>
        <datedepense>2020-09-17</datedepense>
        <datepublicationdepense>2020-10-27</datepublicationdepense>
        <montantdepense>106426.850000</montantdepense>
        <description>Conditions de chantier</description>
        <nomcontractant>Construction Unibec Inc.</nomcontractant>
        <neqcontractant>1143119502</neqcontractant>
      </depense>
      <depense>
        <datedepense>2020-10-28</datedepense>
        <datepublicationdepense>2020-12-17</datepublicationdepense>
        <montantdepense>22790.590000</montantdepense>
        <description>Conditions de chantier</description>
        <nomcontractant>Construction Unibec Inc.</nomcontractant>
        <neqcontractant>1143119502</neqcontractant>
      </depense>
      <depense>
        <datedepense>2020-12-18</datedepense>
        <datepublicationdepense>2021-02-10</datepublicationdepense>
        <montantdepense>45260.060000</montantdepense>
        <description>Conditions de chantier</description>
        <nomcontractant>Construction Unibec Inc.</nomcontractant>
        <neqcontractant>1143119502</neqcontractant>
      </depense>
    </depenses>
  </avis>
  <avis>
    <numeroseao>1143633</numeroseao>
    <numero>MODL-049</numero>
    <depenses>
      <depense>
        <datedepense>2019-05-24</datedepense>
        <datepublicationdepense>2021-02-18</datepublicationdepense>
        <montantdepense>0.000000</montantdepense>
        <description>Avenant de modification AM-01 et 02</description>
        <nomcontractant>AMB Modulaire</nomcontractant>
        <neqcontractant>1171905582</neqcontractant>
      </depense>
    </depenses>
  </avis>
  <avis>
    <numeroseao>1171389</numeroseao>
    <numero>24-520P1</numero>
    <depenses>
      <depense>
        <datedepense>2019-11-19</datedepense>
        <datepublicationdepense>2019-12-19</datepublicationdepense>
        <montantdepense>6060.000000</montantdepense>
        <description>SRM028986 - 177 013 680</description>
        <nomcontractant>GR7 Architecture inc.</nomcontractant>
        <neqcontractant>1143500214</neqcontractant>
      </depense>
      <depense>
        <datedepense>2019-12-09</datedepense>
        <datepublicationdepense>2020-01-13</datepublicationdepense>
        <montantdepense>8888.000000</montantdepense>
        <description>SRM029371 Projet : 135A01060</description>
        <nomcontractant>GR7 Architecture inc.</nomcontractant>
        <neqcontractant>1143500214</neqcontractant>
      </depense>
      <depense>
        <datedepense>2020-03-12</datedepense>
        <datepublicationdepense>2020-04-01</datepublicationdepense>
        <montantdepense>44988.170000</montantdepense>
        <description>SRM029878 (303 019 940)</description>
        <nomcontractant>GR7 Architecture inc.</nomcontractant>
        <neqcontractant>1143500214</neqcontractant>
      </depense>
      <depense>
        <datedepense>2020-06-22</datedepense>
        <datepublicationdepense>2020-06-30</datepublicationdepense>
        <montantdepense>45812.670000</montantdepense>
        <description>SRM031556  (111 046 920) </description>
        <nomcontractant>GR7 Architecture inc.</nomcontractant>
        <neqcontractant>1143500214</neqcontractant>
      </depense>
      <depense>
        <datedepense>2020-08-18</datedepense>
        <datepublicationdepense>2020-08-28</datepublicationdepense>
        <montantdepense>87354.220000</montantdepense>
        <description>SRM031748 (199 015 450) Rapport A-33-1543-A Résolution no.16</description>
        <nomcontractant>GR7 Architecture inc.</nomcontractant>
        <neqcontractant>1143500214</neqcontractant>
      </depense>
      <depense>
        <datedepense>2020-08-18</datedepense>
        <datepublicationdepense>2020-09-02</datepublicationdepense>
        <montantdepense>8165.140000</montantdepense>
        <description>SRM031915 (177 013 680)</description>
        <nomcontractant>GR7 Architecture inc.</nomcontractant>
        <neqcontractant>1143500214</neqcontractant>
      </depense>
      <depense>
        <datedepense>2020-09-24</datedepense>
        <datepublicationdepense>2020-10-21</datepublicationdepense>
        <montantdepense>2367.160000</montantdepense>
        <description>SRM033042 (111 046 920) A-33-1543 résolution no.16</description>
        <nomcontractant>GR7 Architecture inc.</nomcontractant>
        <neqcontractant>1143500214</neqcontractant>
      </depense>
      <depense>
        <datedepense>2020-10-29</datedepense>
        <datepublicationdepense>2020-11-12</datepublicationdepense>
        <montantdepense>41173.760000</montantdepense>
        <description>SRM029896 (303 019 940) - Rapport A-33-1564</description>
        <nomcontractant>GR7 Architecture inc.</nomcontractant>
        <neqcontractant>1143500214</neqcontractant>
      </depense>
      <depense>
        <datedepense>2019-12-09</datedepense>
        <datepublicationdepense>2021-01-19</datepublicationdepense>
        <montantdepense>8888.000000</montantdepense>
        <description>SRM029371 - 135 A01 060 - 1er Ajout du BC initial (APP31955)		</description>
        <nomcontractant>GR7 Architecture inc.</nomcontractant>
        <neqcontractant>1143500214</neqcontractant>
      </depense>
      <depense>
        <datedepense>2020-12-07</datedepense>
        <datepublicationdepense>2021-01-19</datepublicationdepense>
        <montantdepense>23382.000000</montantdepense>
        <description>SRM033078 - 135 A01 060 - 2e Ajout au BC initial (APP31955)</description>
        <nomcontractant>GR7 Architecture inc.</nomcontractant>
        <neqcontractant>1143500214</neqcontractant>
      </depense>
      <depense>
        <datedepense>2021-01-06</datedepense>
        <datepublicationdepense>2021-01-29</datepublicationdepense>
        <montantdepense>19889.690000</montantdepense>
        <description>SRM032661 - 135 A01 060 - rapport A-33-1564</description>
        <nomcontractant>GR7 Architecture inc.</nomcontractant>
        <neqcontractant>1143500214</neqcontractant>
      </depense>
      <depense>
        <datedepense>2021-01-26</datedepense>
        <datepublicationdepense>2021-02-24</datepublicationdepense>
        <montantdepense>3550.000000</montantdepense>
        <description>SRM034399 (111 046 920) - Résolution 16 du rapport A-33-1543-A</description>
        <nomcontractant>GR7 Architecture inc.</nomcontractant>
        <neqcontractant>1143500214</neqcontractant>
      </depense>
      <depense>
        <datedepense>2021-02-02</datedepense>
        <datepublicationdepense>2021-02-24</datepublicationdepense>
        <montantdepense>2775.730000</montantdepense>
        <description>SRM034170 (177 013 680)</description>
        <nomcontractant>GR7 Architecture inc.</nomcontractant>
        <neqcontractant>1143500214</neqcontractant>
      </depense>
    </depenses>
  </avis>
  <avis>
    <numeroseao>1179781</numeroseao>
    <numero>44516395 </numero>
    <depenses>
      <depense>
        <datedepense>2020-10-01</datedepense>
        <datepublicationdepense>2020-10-13</datepublicationdepense>
        <montantdepense>100927.410000</montantdepense>
        <description>Honoraires additionnels </description>
        <nomcontractant>PRA / BBL / YMA architectes en consortium</nomcontractant>
        <neqcontractant>1172835382</neqcontractant>
      </depense>
    </depenses>
  </avis>
  <avis>
    <numeroseao>1194401</numeroseao>
    <numero>24-533P2</numero>
    <depenses>
      <depense>
        <datedepense>2019-07-11</datedepense>
        <datepublicationdepense>2019-07-15</datepublicationdepense>
        <montantdepense>53313.400000</montantdepense>
        <description>SRM027287 - 050 019 480</description>
        <nomcontractant>GBi</nomcontractant>
        <neqcontractant>1148115281</neqcontractant>
      </depense>
      <depense>
        <datedepense>2020-08-21</datedepense>
        <datepublicationdepense>2020-09-09</datepublicationdepense>
        <montantdepense>130401.550000</montantdepense>
        <description>GC-18579-Révisé 5 - (130 020 810)</description>
        <nomcontractant>GBi</nomcontractant>
        <neqcontractant>1148115281</neqcontractant>
      </depense>
      <depense>
        <datedepense>2021-01-28</datedepense>
        <datepublicationdepense>2021-02-04</datepublicationdepense>
        <montantdepense>24756.250000</montantdepense>
        <description>SRM031905 - 130 020 810 - Ajout au BC initial (APP11296) - Décision #25 du 19 janvier 2021 (Rapport A-33-1666)</description>
        <nomcontractant>GBi</nomcontractant>
        <neqcontractant>1148115281</neqcontractant>
      </depense>
    </depenses>
  </avis>
  <avis>
    <numeroseao>1205027</numeroseao>
    <numero>186110054</numero>
    <depenses>
      <depense>
        <datedepense>2019-01-23</datedepense>
        <datepublicationdepense>2019-04-03</datepublicationdepense>
        <montantdepense>79.950000</montantdepense>
        <description>Amendement # 1 - Ajout de temps supplémentaire pour relevé de toiture</description>
        <nomcontractant>Globe architecture inc.</nomcontractant>
        <neqcontractant>1170500137</neqcontractant>
      </depense>
      <depense>
        <datedepense>2019-05-14</datedepense>
        <datepublicationdepense>2020-02-18</datepublicationdepense>
        <montantdepense>3853.450000</montantdepense>
        <description>Amendement # 2 - Ajustement d'honoraires selon l'estimation finale.</description>
        <nomcontractant>Globe architecture inc.</nomcontractant>
        <neqcontractant>1170500137</neqcontractant>
      </depense>
      <depense>
        <datedepense>2020-01-13</datedepense>
        <datepublicationdepense>2020-02-18</datepublicationdepense>
        <montantdepense>9382.830000</montantdepense>
        <description>Amendement # 3 - Honoraires pour réunions extraordinaires, acceptation anticipée des travaux, visites de chantier, suivis supplémentaires.</description>
        <nomcontractant>Globe architecture inc.</nomcontractant>
        <neqcontractant>1170500137</neqcontractant>
      </depense>
      <depense>
        <datedepense>2020-08-18</datedepense>
        <datepublicationdepense>2021-02-05</datepublicationdepense>
        <montantdepense>377.270000</montantdepense>
        <description>Amendement # 4 - Ajustement des honoraires pour P&amp;D préliminaires pour Gestion des changements selon la méthode à pourcentage.</description>
        <nomcontractant>Globe architecture inc.</nomcontractant>
        <neqcontractant>1170500137</neqcontractant>
      </depense>
      <depense>
        <datedepense>2020-08-18</datedepense>
        <datepublicationdepense>2021-02-05</datepublicationdepense>
        <montantdepense>565.900000</montantdepense>
        <description>Amendement # 5 - Ajustement des honoraires pour P&amp;D définitifs pour gestion des changements selon la méthode à pourcentage.</description>
        <nomcontractant>Globe architecture inc.</nomcontractant>
        <neqcontractant>1170500137</neqcontractant>
      </depense>
      <depense>
        <datedepense>2020-08-18</datedepense>
        <datepublicationdepense>2021-02-05</datepublicationdepense>
        <montantdepense>1835.170000</montantdepense>
        <description>Amendement # 6 - Ajustement des honoraires de surveillance pour Gestion des changements selon la méthode à pourcentage.</description>
        <nomcontractant>Globe architecture inc.</nomcontractant>
        <neqcontractant>1170500137</neqcontractant>
      </depense>
    </depenses>
  </avis>
  <avis>
    <numeroseao>1229707</numeroseao>
    <numero>033-2018-01</numero>
    <depenses>
      <depense>
        <datedepense>2019-07-18</datedepense>
        <datepublicationdepense>2019-08-14</datepublicationdepense>
        <montantdepense>62118.120000</montantdepense>
        <description>Ajout d'un pare-vapeur à joints scellés, remplacemnt de gypse par un contreplaqué 15.9mm, ajout d'un panneau acoustique mural, ajout d'isolant soufflé R30 dans l'entretoit. Nouvelle entrée gaz naturel, nouveau système interphone et système haut-parleur. </description>
        <nomcontractant>Tijaro Ltée.</nomcontractant>
        <neqcontractant>1146585337</neqcontractant>
      </depense>
      <depense>
        <datedepense>2019-08-29</datedepense>
        <datepublicationdepense>2019-09-26</datepublicationdepense>
        <montantdepense>31337.350000</montantdepense>
        <description>Coordination supplémentaire gérée en dessin d'atelier concernant la quincaillerie du projet et mise à jour de l'alarme d'intrusion et informatique.</description>
        <nomcontractant>Tijaro Ltée.</nomcontractant>
        <neqcontractant>1146585337</neqcontractant>
      </depense>
      <depense>
        <datedepense>2019-09-10</datedepense>
        <datepublicationdepense>2019-09-26</datepublicationdepense>
        <montantdepense>11599.870000</montantdepense>
        <description>Plomberie pour les lavabos des classes de maternelles 010, 011, 017 (évier avec buvette). Installer un nouvel évier local 110 et effectuer les raccordements de plomberie. Installation de drain de ventilation. Étancher les supports ajoutés en structure pour soutenir l'oeuvre d'art.</description>
        <nomcontractant>Tijaro Ltée.</nomcontractant>
        <neqcontractant>1146585337</neqcontractant>
      </depense>
      <depense>
        <datedepense>2019-09-26</datedepense>
        <datepublicationdepense>2019-10-22</datepublicationdepense>
        <montantdepense>10531.920000</montantdepense>
        <description>Fournir un cout pour l'agrandir le local 100-A afin d'y installer laveuse-sécheuse. Faire le raccordement électrique de la laveuse et sécheuse. Faire le raccordement de l'alimentation d'eau chaude, froide, de drainage et d'évent.</description>
        <nomcontractant>Tijaro Ltée.</nomcontractant>
        <neqcontractant>1146585337</neqcontractant>
      </depense>
      <depense>
        <datedepense>2019-10-23</datedepense>
        <datepublicationdepense>2019-10-31</datepublicationdepense>
        <montantdepense>29925.380000</montantdepense>
        <description>Remplacer le système de distribution électrique, isoler les conduits de ventilation, remplacer 3 poutres composées, installer un plafond suspendues au lieu du gypse</description>
        <nomcontractant>Tijaro Ltée.</nomcontractant>
        <neqcontractant>1146585337</neqcontractant>
      </depense>
      <depense>
        <datedepense>2019-10-24</datedepense>
        <datepublicationdepense>2019-10-31</datepublicationdepense>
        <montantdepense>11939.340000</montantdepense>
        <description>Réalisation de nouveaux soufflages, modifier les dimensions de la trappe d'accès, fournir et installer un ouvre-porte et un ferme-porte, fournir et installer un nouveau vitrage en verre armé, ajouter le lignage de 2 terrains de basket, fournir &amp; installer 2 tapis amovibles et de la plinthe de vinyle</description>
        <nomcontractant>Tijaro Ltée.</nomcontractant>
        <neqcontractant>1146585337</neqcontractant>
      </depense>
      <depense>
        <datedepense>2019-11-01</datedepense>
        <datepublicationdepense>2019-11-05</datepublicationdepense>
        <montantdepense>10374.470000</montantdepense>
        <description>Augmentation des dimensions de conduits de ventilation, déplacer la tuyauterie de gicleur et ajouter une nouvelle tête de gicleur, installer une borne de recharge électrique, ragréer une colonne de bois, remplacer 2 stores par des toiles. </description>
        <nomcontractant>Tijaro Ltée.</nomcontractant>
        <neqcontractant>1146585337</neqcontractant>
      </depense>
      <depense>
        <datedepense>2019-11-06</datedepense>
        <datepublicationdepense>2019-11-15</datepublicationdepense>
        <montantdepense>58655.030000</montantdepense>
        <description>Agrandir et modifier l'aire de jeu existant et modifier le remblai de l'agora. Fournir et installer des conduits vides pour besoins informatiques futurs. Ajouter une borne de recharge. Ajout de prises. Modifier les fermes de toit et isolation afin d'installer la persienne de ventilation.</description>
        <nomcontractant>Tijaro Ltée.</nomcontractant>
        <neqcontractant>1146585337</neqcontractant>
      </depense>
      <depense>
        <datedepense>2019-11-19</datedepense>
        <datepublicationdepense>2019-12-18</datepublicationdepense>
        <montantdepense>18941.110000</montantdepense>
        <description>Modifier les démarreurs et les sectionneurs pour certains équipements; ajout de prises dans différents locaux; changement du raccordement Hydro-Magog; Ajout de câble chauffant persienne salle mécanique; Ajout prise extérieure; Remplacement de pompe de chauffage.</description>
        <nomcontractant>Tijaro Ltée.</nomcontractant>
        <neqcontractant>1146585337</neqcontractant>
      </depense>
      <depense>
        <datedepense>2020-01-17</datedepense>
        <datepublicationdepense>2020-01-20</datepublicationdepense>
        <montantdepense>12100.120000</montantdepense>
        <description>Déplacement des équipements existants sur les soffites et trappe d'accès, raccordement de l'éclairage de l'unité de ventilation, ajout et modification de chauffage, détecteur monoxyde et câble réseau, ajout contrôle d'accès sur ascenseur, modification des volets coupe-feu, installer un plexiglass.</description>
        <nomcontractant>Tijaro Ltée.</nomcontractant>
        <neqcontractant>1146585337</neqcontractant>
      </depense>
      <depense>
        <datedepense>2020-02-05</datedepense>
        <datepublicationdepense>2020-04-02</datepublicationdepense>
        <montantdepense>6602.810000</montantdepense>
        <description>Modification pour la clôture, barrière double et porte; Soufflage en colombage de la dimension requise pour camoufler les nouveaux conduits; fournir et installer un limon de vinyle de chaque côté de l'escalier ESC-04.</description>
        <nomcontractant>Tijaro Ltée.</nomcontractant>
        <neqcontractant>1146585337</neqcontractant>
      </depense>
      <depense>
        <datedepense>2020-02-13</datedepense>
        <datepublicationdepense>2020-04-02</datepublicationdepense>
        <montantdepense>11969.330000</montantdepense>
        <description>Divers travaux en architecture; soufflage en colombage dans la pièce 100-A; installation d'un amorceur de siphon; raccordement d'un drain de la persienne d'air frais; ajout de deux tamis et de la modulation de la VFD de l'unité UV-02; Remplacement câble entre le transformateur 400V et le répartiteur</description>
        <nomcontractant>Tijaro Ltée.</nomcontractant>
        <neqcontractant>1146585337</neqcontractant>
      </depense>
      <depense>
        <datedepense>2020-06-09</datedepense>
        <datepublicationdepense>2020-06-22</datepublicationdepense>
        <montantdepense>15178.400000</montantdepense>
        <description>Retirer les éléments muraux supplémentaires et ragréer les secteurs. Intallation un panneau d'agro blanc avec moulure. Retirer des tableaux et ragréer les secteur. Ajout de panier protecteur sur chacune des têtes de gicleurs automatiques.</description>
        <nomcontractant>Tijaro Ltée.</nomcontractant>
        <neqcontractant>1146585337</neqcontractant>
      </depense>
      <depense>
        <datedepense>2020-08-12</datedepense>
        <datepublicationdepense>2020-08-31</datepublicationdepense>
        <montantdepense>16925.160000</montantdepense>
        <description>Fournir et installer une retombée et un plafond afin de séparer les conduits mécanique/électrique de l'escalier 01; les conduits qui ne servent pas à la cage d'escalier doivent être emboîtés; les zones érodées causées par une venue d'eau souterrain ou une pente trop forte doivent être empierrées. </description>
        <nomcontractant>Tijaro Ltée.</nomcontractant>
        <neqcontractant>1146585337</neqcontractant>
      </depense>
    </depenses>
  </avis>
  <avis>
    <numeroseao>1229937</numeroseao>
    <numero>20190121-01</numero>
    <depenses>
      <depense>
        <datedepense>2019-09-06</datedepense>
        <datepublicationdepense>2019-12-18</datepublicationdepense>
        <montantdepense>115486.330000</montantdepense>
        <description>ODC 1,2 et 3 - démolition céramique, réparation de surface, ouverture plafond, location de conduit électrique, remplacement complet des serpentins de ventilation, travaux de peinture</description>
        <nomcontractant>Construction Mafranc Inc.</nomcontractant>
        <neqcontractant>1143061902</neqcontractant>
      </depense>
      <depense>
        <datedepense>2019-11-13</datedepense>
        <datepublicationdepense>2021-02-12</datepublicationdepense>
        <montantdepense>19670.240000</montantdepense>
        <description>Peinture salle mécanique, nettoyage eau refroidie, génératrice, protection incendie, drainage serpentins, pompe incendie, soupape déluge, remplacement disjoncteur sous station</description>
        <nomcontractant>Construction Mafranc Inc.</nomcontractant>
        <neqcontractant>1143061902</neqcontractant>
      </depense>
    </depenses>
  </avis>
  <avis>
    <numeroseao>1237000</numeroseao>
    <numero>APL181900218</numero>
    <depenses>
      <depense>
        <datedepense>2021-02-17</datedepense>
        <datepublicationdepense>2021-02-18</datepublicationdepense>
        <montantdepense>6595.560000</montantdepense>
        <description>Heures supplémentaires (service de gardiennage) (mois de décembre 2020)</description>
        <nomcontractant>Neptune Security Services Inc</nomcontractant>
        <neqcontractant>1168627108</neqcontractant>
      </depense>
      <depense>
        <datedepense>2021-02-17</datedepense>
        <datepublicationdepense>2021-02-18</datepublicationdepense>
        <montantdepense>7799.590000</montantdepense>
        <description>Heures supplémentaires (service de gardiennage) (mois de janvier 2021)</description>
        <nomcontractant>Neptune Security Services Inc</nomcontractant>
        <neqcontractant>1168627108</neqcontractant>
      </depense>
    </depenses>
  </avis>
  <avis>
    <numeroseao>1239674</numeroseao>
    <numero>34011300</numero>
    <depenses>
      <depense>
        <datedepense>2020-11-19</datedepense>
        <datepublicationdepense>2020-08-14</datepublicationdepense>
        <montantdepense>210971.400000</montantdepense>
        <description>Imprévu de design</description>
        <nomcontractant>Boless Inc</nomcontractant>
        <neqcontractant>1143021625</neqcontractant>
      </depense>
    </depenses>
  </avis>
  <avis>
    <numeroseao>1240086</numeroseao>
    <numero>8801-18-0010</numero>
    <depenses>
      <depense>
        <datedepense>2020-06-22</datedepense>
        <datepublicationdepense>2020-01-13</datepublicationdepense>
        <montantdepense>123390.140000</montantdepense>
        <description>Dépassement relié à des variations de quantité et/ou des modifications au contrat de construction ou de services de nature technique</description>
        <nomcontractant>Uniroc Construction inc</nomcontractant>
        <neqcontractant>1168784057</neqcontractant>
      </depense>
    </depenses>
  </avis>
  <avis>
    <numeroseao>1245658</numeroseao>
    <numero>SRM026048</numero>
    <depenses>
      <depense>
        <datedepense>2020-02-27</datedepense>
        <datepublicationdepense>2020-03-05</datepublicationdepense>
        <montantdepense>41380.000000</montantdepense>
        <description>SRM030148 - 130020810</description>
        <nomcontractant>DKA architectes.</nomcontractant>
        <neqcontractant>1165814287</neqcontractant>
      </depense>
      <depense>
        <datedepense>2021-01-28</datedepense>
        <datepublicationdepense>2021-02-24</datepublicationdepense>
        <montantdepense>13800.000000</montantdepense>
        <description>SRM031902 (130 020 810) - Décision #25 du 19 janvier 2021 (Rapport A-33-1666)</description>
        <nomcontractant>DKA architectes.</nomcontractant>
        <neqcontractant>1165814287</neqcontractant>
      </depense>
    </depenses>
  </avis>
  <avis>
    <numeroseao>1245993</numeroseao>
    <numero>SRM026388</numero>
    <depenses>
      <depense>
        <datedepense>2021-01-26</datedepense>
        <datepublicationdepense>2021-02-02</datepublicationdepense>
        <montantdepense>27679.000000</montantdepense>
        <description>SRM034189 - 338 012 660 - Ajout au BC initial (SRM026388)</description>
        <nomcontractant>Pageau Morel et associés inc.</nomcontractant>
        <neqcontractant>1140030215</neqcontractant>
      </depense>
    </depenses>
  </avis>
  <avis>
    <numeroseao>1252167</numeroseao>
    <numero>19-064 - 016137669</numero>
    <depenses>
      <depense>
        <datedepense>2019-10-21</datedepense>
        <datepublicationdepense>2021-02-04</datepublicationdepense>
        <montantdepense>32014.920000</montantdepense>
        <description>#1- Changement des revêtements du plancher.</description>
        <nomcontractant>Rénovacoeur</nomcontractant>
        <neqcontractant>1165065229</neqcontractant>
      </depense>
      <depense>
        <datedepense>2019-10-21</datedepense>
        <datepublicationdepense>2021-02-04</datepublicationdepense>
        <montantdepense>2467.140000</montantdepense>
        <description>#2- Rajout des conduits pour contrôles d'éclairage.</description>
        <nomcontractant>Rénovacoeur</nomcontractant>
        <neqcontractant>1165065229</neqcontractant>
      </depense>
      <depense>
        <datedepense>2019-10-21</datedepense>
        <datepublicationdepense>2021-02-04</datepublicationdepense>
        <montantdepense>1450.710000</montantdepense>
        <description>#3- Ajout de contrôlleurs sans fils.</description>
        <nomcontractant>Rénovacoeur</nomcontractant>
        <neqcontractant>1165065229</neqcontractant>
      </depense>
      <depense>
        <datedepense>2019-10-21</datedepense>
        <datepublicationdepense>2021-02-04</datepublicationdepense>
        <montantdepense>1685.710000</montantdepense>
        <description>#4- Ajout des enseignes de sortie et déplacer un détecteur de mouvement.</description>
        <nomcontractant>Rénovacoeur</nomcontractant>
        <neqcontractant>1165065229</neqcontractant>
      </depense>
      <depense>
        <datedepense>2019-11-19</datedepense>
        <datepublicationdepense>2021-02-04</datepublicationdepense>
        <montantdepense>4565.410000</montantdepense>
        <description>#5- Divers travaux - réparation des fissures dans le terrazzo, modification du lavabo et armoire, etc.</description>
        <nomcontractant>Rénovacoeur</nomcontractant>
        <neqcontractant>1165065229</neqcontractant>
      </depense>
      <depense>
        <datedepense>2019-11-19</datedepense>
        <datepublicationdepense>2021-02-04</datepublicationdepense>
        <montantdepense>7989.780000</montantdepense>
        <description>#6- Ajouts de travaux de peinture.</description>
        <nomcontractant>Rénovacoeur</nomcontractant>
        <neqcontractant>1165065229</neqcontractant>
      </depense>
    </depenses>
  </avis>
  <avis>
    <numeroseao>1262690</numeroseao>
    <numero>SRM027016</numero>
    <depenses>
      <depense>
        <datedepense>2020-06-11</datedepense>
        <datepublicationdepense>2020-06-22</datepublicationdepense>
        <montantdepense>30898.330000</montantdepense>
        <description>SRM031525 - 4930C3260</description>
        <nomcontractant>Les Produits Énergétiques GAL inc.</nomcontractant>
        <neqcontractant>1146046280</neqcontractant>
      </depense>
      <depense>
        <datedepense>2021-02-01</datedepense>
        <datepublicationdepense>2021-02-24</datepublicationdepense>
        <montantdepense>4669.980000</montantdepense>
        <description>SRM034515 (493 0C3260) - Décision #17 du 1er décembre 2020 (Rapport A-33-1652)</description>
        <nomcontractant>Les Produits Énergétiques GAL inc.</nomcontractant>
        <neqcontractant>1146046280</neqcontractant>
      </depense>
    </depenses>
  </avis>
  <avis>
    <numeroseao>1270351</numeroseao>
    <numero>SRM026821 </numero>
    <depenses>
      <depense>
        <datedepense>2021-02-02</datedepense>
        <datepublicationdepense>2021-02-03</datepublicationdepense>
        <montantdepense>53158.440000</montantdepense>
        <description>SRM034213 - 012 014 370 - Ajout au BC initial (SRM026821)</description>
        <nomcontractant>Bergeron Bouthillier architectes</nomcontractant>
        <neqcontractant>1166980830</neqcontractant>
      </depense>
    </depenses>
  </avis>
  <avis>
    <numeroseao>1284615</numeroseao>
    <numero>7103-19-0216</numero>
    <depenses>
      <depense>
        <datedepense>2020-06-19</datedepense>
        <datepublicationdepense>2020-07-23</datepublicationdepense>
        <montantdepense>91061.300000</montantdepense>
        <description>Dépassement relié à des variations de quantité et/ou des modifications au contrat de construction ou de services de nature technique</description>
        <nomcontractant>Construction Carbo Inc.</nomcontractant>
        <neqcontractant>1140137085</neqcontractant>
      </depense>
    </depenses>
  </avis>
  <avis>
    <numeroseao>1287315</numeroseao>
    <numero>OPQ360-2019-4</numero>
    <depenses>
      <depense>
        <datedepense>2020-04-29</datedepense>
        <datepublicationdepense>2020-05-13</datepublicationdepense>
        <montantdepense>65000.000000</montantdepense>
        <description>Services juridiques</description>
        <nomcontractant>Tremblay Bois Mignault Lemay, S.E.N.C.R.L.</nomcontractant>
        <neqcontractant>3341670498</neqcontractant>
      </depense>
      <depense>
        <datedepense>2021-02-16</datedepense>
        <datepublicationdepense>2021-02-17</datepublicationdepense>
        <montantdepense>65000.000000</montantdepense>
        <description>Services juridiques</description>
        <nomcontractant>Tremblay Bois Mignault Lemay, S.E.N.C.R.L.</nomcontractant>
        <neqcontractant>3341670498</neqcontractant>
      </depense>
    </depenses>
  </avis>
  <avis>
    <numeroseao>1290325</numeroseao>
    <numero>2019-1261(DST-2019-28)</numero>
    <depenses>
      <depense>
        <datedepense>2019-11-22</datedepense>
        <datepublicationdepense>2019-11-25</datepublicationdepense>
        <montantdepense>1575.000000</montantdepense>
        <description>ODC #1 </description>
        <nomcontractant>Construction Transit 2eG</nomcontractant>
        <neqcontractant>1168120534</neqcontractant>
      </depense>
      <depense>
        <datedepense>2019-11-27</datedepense>
        <datepublicationdepense>2019-11-28</datepublicationdepense>
        <montantdepense>6545.000000</montantdepense>
        <description>ODC #2</description>
        <nomcontractant>Construction Transit 2eG</nomcontractant>
        <neqcontractant>1168120534</neqcontractant>
      </depense>
      <depense>
        <datedepense>2019-12-02</datedepense>
        <datepublicationdepense>2019-12-04</datepublicationdepense>
        <montantdepense>2531.100000</montantdepense>
        <description>ODC #3</description>
        <nomcontractant>Construction Transit 2eG</nomcontractant>
        <neqcontractant>1168120534</neqcontractant>
      </depense>
      <depense>
        <datedepense>2020-04-07</datedepense>
        <datepublicationdepense>2020-04-07</datepublicationdepense>
        <montantdepense>50667.400000</montantdepense>
        <description>ODC#5 + ODC #6 + ODC #7 + ODC #10</description>
        <nomcontractant>Construction Transit 2eG</nomcontractant>
        <neqcontractant>1168120534</neqcontractant>
      </depense>
      <depense>
        <datedepense>2020-04-28</datedepense>
        <datepublicationdepense>2020-04-29</datepublicationdepense>
        <montantdepense>5796.620000</montantdepense>
        <description>ODC# 11 à ODC# 12</description>
        <nomcontractant>Construction Transit 2eG</nomcontractant>
        <neqcontractant>1168120534</neqcontractant>
      </depense>
      <depense>
        <datedepense>2020-04-28</datedepense>
        <datepublicationdepense>2020-06-15</datepublicationdepense>
        <montantdepense>34841.720000</montantdepense>
        <description>ODC#8 ET ODC#9</description>
        <nomcontractant>Construction Transit 2eG</nomcontractant>
        <neqcontractant>1168120534</neqcontractant>
      </depense>
      <depense>
        <datedepense>2020-06-26</datedepense>
        <datepublicationdepense>2020-07-01</datepublicationdepense>
        <montantdepense>22358.280000</montantdepense>
        <description>ODC #4 &amp; #13</description>
        <nomcontractant>Construction Transit 2eG</nomcontractant>
        <neqcontractant>1168120534</neqcontractant>
      </depense>
      <depense>
        <datedepense>2020-09-15</datedepense>
        <datepublicationdepense>2020-09-17</datepublicationdepense>
        <montantdepense>4393.800000</montantdepense>
        <description>ODC#14</description>
        <nomcontractant>Construction Transit 2eG</nomcontractant>
        <neqcontractant>1168120534</neqcontractant>
      </depense>
      <depense>
        <datedepense>2021-02-23</datedepense>
        <datepublicationdepense>2021-02-25</datepublicationdepense>
        <montantdepense>3030.100000</montantdepense>
        <description>ODC# 16 À ODC# 18</description>
        <nomcontractant>Construction Transit 2eG</nomcontractant>
        <neqcontractant>1168120534</neqcontractant>
      </depense>
      <depense>
        <datedepense>2020-12-17</datedepense>
        <datepublicationdepense>2021-02-25</datepublicationdepense>
        <montantdepense>6545.000000</montantdepense>
        <description>ODC# 15</description>
        <nomcontractant>Construction Transit 2eG</nomcontractant>
        <neqcontractant>1168120534</neqcontractant>
      </depense>
    </depenses>
  </avis>
  <avis>
    <numeroseao>1310372</numeroseao>
    <numero>2019-02</numero>
    <depenses>
      <depense>
        <datedepense>2020-09-09</datedepense>
        <datepublicationdepense>2021-02-10</datepublicationdepense>
        <montantdepense>22290.000000</montantdepense>
        <description>Précision et modification de certaines chaises, de partition et de bureaux de travail</description>
        <nomcontractant>Brassardburo Inc.</nomcontractant>
        <neqcontractant>1143866854</neqcontractant>
      </depense>
    </depenses>
  </avis>
  <avis>
    <numeroseao>1310401</numeroseao>
    <numero>15-067-1</numero>
    <depenses>
      <depense>
        <datedepense>2020-11-23</datedepense>
        <datepublicationdepense>2020-12-04</datepublicationdepense>
        <montantdepense>35306.410000</montantdepense>
        <description>ODC-011</description>
        <nomcontractant>Construction Genfor Ltée.</nomcontractant>
        <neqcontractant>1144135697</neqcontractant>
      </depense>
      <depense>
        <datedepense>2020-12-04</datedepense>
        <datepublicationdepense>2020-12-04</datepublicationdepense>
        <montantdepense>19668.830000</montantdepense>
        <description>ODC-012</description>
        <nomcontractant>Construction Genfor Ltée.</nomcontractant>
        <neqcontractant>1144135697</neqcontractant>
      </depense>
      <depense>
        <datedepense>2020-12-11</datedepense>
        <datepublicationdepense>2020-12-14</datepublicationdepense>
        <montantdepense>22351.160000</montantdepense>
        <description>ODC-013</description>
        <nomcontractant>Construction Genfor Ltée.</nomcontractant>
        <neqcontractant>1144135697</neqcontractant>
      </depense>
      <depense>
        <datedepense>2021-01-26</datedepense>
        <datepublicationdepense>2021-01-27</datepublicationdepense>
        <montantdepense>43963.890000</montantdepense>
        <description>ODC-014</description>
        <nomcontractant>Construction Genfor Ltée.</nomcontractant>
        <neqcontractant>1144135697</neqcontractant>
      </depense>
      <depense>
        <datedepense>2021-02-11</datedepense>
        <datepublicationdepense>2021-02-15</datepublicationdepense>
        <montantdepense>9122.780000</montantdepense>
        <description>ODC-015</description>
        <nomcontractant>Construction Genfor Ltée.</nomcontractant>
        <neqcontractant>1144135697</neqcontractant>
      </depense>
      <depense>
        <datedepense>2021-02-11</datedepense>
        <datepublicationdepense>2021-02-15</datepublicationdepense>
        <montantdepense>56027.150000</montantdepense>
        <description>ODC-016</description>
        <nomcontractant>Construction Genfor Ltée.</nomcontractant>
        <neqcontractant>1144135697</neqcontractant>
      </depense>
    </depenses>
  </avis>
  <avis>
    <numeroseao>1315039</numeroseao>
    <numero>MA100992</numero>
    <depenses>
      <depense>
        <datedepense>2019-12-20</datedepense>
        <datepublicationdepense>2021-02-05</datepublicationdepense>
        <montantdepense>7156.800000</montantdepense>
        <description>Ordre de changement 1 étude de pré concept</description>
        <nomcontractant>LGT</nomcontractant>
        <neqcontractant>1171470132</neqcontractant>
      </depense>
      <depense>
        <datedepense>2020-08-25</datedepense>
        <datepublicationdepense>2021-02-05</datepublicationdepense>
        <montantdepense>17012.570000</montantdepense>
        <description>Avenant 2 - précisions mécaniques électriques </description>
        <nomcontractant>LGT</nomcontractant>
        <neqcontractant>1171470132</neqcontractant>
      </depense>
    </depenses>
  </avis>
  <avis>
    <numeroseao>1328435</numeroseao>
    <numero>9113-19-0001</numero>
    <depenses>
      <depense>
        <datedepense>2020-10-09</datedepense>
        <datepublicationdepense>2020-11-18</datepublicationdepense>
        <montantdepense>580134.300000</montantdepense>
        <description>Dommages ou contraintes imprévisibles ne pouvant être connus avant les travaux</description>
        <nomcontractant>Lamothe Divison de Sintra</nomcontractant>
        <neqcontractant>1145755295</neqcontractant>
      </depense>
      <depense>
        <datedepense>2021-02-09</datedepense>
        <datepublicationdepense>2021-01-29</datepublicationdepense>
        <montantdepense>599408.000000</montantdepense>
        <description>Dépassement relié à des variations de quantité et/ou des modifications au contrat de construction ou de services de nature technique</description>
        <nomcontractant>Lamothe Divison de Sintra</nomcontractant>
        <neqcontractant>1145755295</neqcontractant>
      </depense>
    </depenses>
  </avis>
  <avis>
    <numeroseao>1329563</numeroseao>
    <numero>44516246</numero>
    <depenses>
      <depense>
        <datedepense>2020-02-24</datedepense>
        <datepublicationdepense>2020-04-16</datepublicationdepense>
        <montantdepense>13100.710000</montantdepense>
        <description>Le montant représente 2 ordres de changements (condition imprévisible de chantier et modification significative du client)</description>
        <nomcontractant>Industrielle Alliance, assurances et services financiers inc.</nomcontractant>
        <neqcontractant>1168366202</neqcontractant>
      </depense>
    </depenses>
  </avis>
  <avis>
    <numeroseao>1332216</numeroseao>
    <numero>GRM-1545</numero>
    <depenses>
      <depense>
        <datedepense>2021-01-11</datedepense>
        <datepublicationdepense>2021-01-04</datepublicationdepense>
        <montantdepense>21840.000000</montantdepense>
        <description>PROLONGATION DU MANDAT</description>
        <nomcontractant>Murielle Mailhac</nomcontractant>
        <neqcontractant />
      </depense>
    </depenses>
  </avis>
  <avis>
    <numeroseao>1333412</numeroseao>
    <numero>2020SPR002</numero>
    <depenses>
      <depense>
        <datedepense>2021-02-23</datedepense>
        <datepublicationdepense>2021-02-23</datepublicationdepense>
        <montantdepense>2298.240000</montantdepense>
        <description>avenant 1 </description>
        <nomcontractant>BRYAN FECTEAU-BERMAN </nomcontractant>
        <neqcontractant>2273097404</neqcontractant>
      </depense>
    </depenses>
  </avis>
  <avis>
    <numeroseao>1337039</numeroseao>
    <numero>BC# 200395</numero>
    <depenses>
      <depense>
        <datedepense>2020-01-24</datedepense>
        <datepublicationdepense>2020-07-23</datepublicationdepense>
        <montantdepense>23400.000000</montantdepense>
        <description>Rehaussement 100%</description>
        <nomcontractant>Via construction Inc.</nomcontractant>
        <neqcontractant>1167997999</neqcontractant>
      </depense>
      <depense>
        <datedepense>2020-05-27</datedepense>
        <datepublicationdepense>2020-07-23</datepublicationdepense>
        <montantdepense>6203.350000</montantdepense>
        <description>Rehaussement pour location de crash deck</description>
        <nomcontractant>Via construction Inc.</nomcontractant>
        <neqcontractant>1167997999</neqcontractant>
      </depense>
      <depense>
        <datedepense>2020-08-20</datedepense>
        <datepublicationdepense>2020-12-10</datepublicationdepense>
        <montantdepense>6203.350000</montantdepense>
        <description>Un mois de location supplémentaire d'échaffaudage</description>
        <nomcontractant>Via construction Inc.</nomcontractant>
        <neqcontractant>1167997999</neqcontractant>
      </depense>
      <depense>
        <datedepense>2021-01-19</datedepense>
        <datepublicationdepense>2021-02-10</datepublicationdepense>
        <montantdepense>6203.350000</montantdepense>
        <description>Location échafaudage mois août 2020.</description>
        <nomcontractant>Via construction Inc.</nomcontractant>
        <neqcontractant>1167997999</neqcontractant>
      </depense>
      <depense>
        <datedepense>2021-01-20</datedepense>
        <datepublicationdepense>2021-02-10</datepublicationdepense>
        <montantdepense>15000.000000</montantdepense>
        <description>Location échafaudage pour deux mois supplémentaires</description>
        <nomcontractant>Via construction Inc.</nomcontractant>
        <neqcontractant>1167997999</neqcontractant>
      </depense>
    </depenses>
  </avis>
  <avis>
    <numeroseao>1338846</numeroseao>
    <numero>AO20200127</numero>
    <depenses>
      <depense>
        <datedepense>2020-10-14</datedepense>
        <datepublicationdepense>2020-12-16</datepublicationdepense>
        <montantdepense>103237.080000</montantdepense>
        <description>Avenants 1 (3.3% 21/08/2020)  et 2 (18.5% 14/10/2020) -  Divers travaux supplémentaires </description>
        <nomcontractant>Balex Construction (9207-2289 Québec inc.)</nomcontractant>
        <neqcontractant>1165728081</neqcontractant>
      </depense>
      <depense>
        <datedepense>2020-12-16</datedepense>
        <datepublicationdepense>2021-02-15</datepublicationdepense>
        <montantdepense>2035.090000</montantdepense>
        <description>Avenant 3 (0.4%) Rejointoiement et Pics anti-pigeons hauts conduits ventilation avant</description>
        <nomcontractant>Balex Construction (9207-2289 Québec inc.)</nomcontractant>
        <neqcontractant>1165728081</neqcontractant>
      </depense>
    </depenses>
  </avis>
  <avis>
    <numeroseao>1340014</numeroseao>
    <numero>7183-20-0001</numero>
    <depenses>
      <depense>
        <datedepense>2020-07-17</datedepense>
        <datepublicationdepense>2020-08-26</datepublicationdepense>
        <montantdepense>39508.720000</montantdepense>
        <description>Dépassement relié à des variations de quantité et/ou des modifications au contrat de construction ou de services de nature technique</description>
        <nomcontractant>CIMOTA inc..</nomcontractant>
        <neqcontractant>1169588333</neqcontractant>
      </depense>
    </depenses>
  </avis>
  <avis>
    <numeroseao>1347193</numeroseao>
    <numero>44514362</numero>
    <depenses>
      <depense>
        <datedepense>2020-12-08</datedepense>
        <datepublicationdepense>2020-07-20</datepublicationdepense>
        <montantdepense>60787.230000</montantdepense>
        <description>Condition imprévisible de chantier</description>
        <nomcontractant>GÉNIAL Construction Inc.</nomcontractant>
        <neqcontractant>1162306188</neqcontractant>
      </depense>
    </depenses>
  </avis>
  <avis>
    <numeroseao>1351673</numeroseao>
    <numero>25-2815P</numero>
    <depenses>
      <depense>
        <datedepense>2021-01-19</datedepense>
        <datepublicationdepense>2021-01-29</datepublicationdepense>
        <montantdepense>181631.460000</montantdepense>
        <description>SRM034239 (308 022 020) - Décision 22 du 3 novembre 2020 (rapport A-33-1635)</description>
        <nomcontractant>Constructions Larco Inc</nomcontractant>
        <neqcontractant>1141979170</neqcontractant>
      </depense>
    </depenses>
  </avis>
  <avis>
    <numeroseao>1353960</numeroseao>
    <numero>20-220-AO-C</numero>
    <depenses>
      <depense>
        <datedepense>2020-10-13</datedepense>
        <datepublicationdepense>2020-10-13</datepublicationdepense>
        <montantdepense>17376.380000</montantdepense>
        <description>ODC 01:  Erreur échelle des plans et augmentation calibre câblage ( + 24.13%) </description>
        <nomcontractant>Quantum Électrique inc.</nomcontractant>
        <neqcontractant>1172558943</neqcontractant>
      </depense>
      <depense>
        <datedepense>2020-10-21</datedepense>
        <datepublicationdepense>2020-10-30</datepublicationdepense>
        <montantdepense>14397.640000</montantdepense>
        <description>ODC 02:  Remplacement du câblage et du disjoncteur reliant la génératrice ( +44.13%)  </description>
        <nomcontractant>Quantum Électrique inc.</nomcontractant>
        <neqcontractant>1172558943</neqcontractant>
      </depense>
      <depense>
        <datedepense>2021-02-04</datedepense>
        <datepublicationdepense>2021-02-04</datepublicationdepense>
        <montantdepense>9995.630000</montantdepense>
        <description>ODC 03:  LT-QUA-CISSS-03-R01: Ajout d’un disjoncteur de banc de charge dans le panneau PPDU ( 58.01%)</description>
        <nomcontractant>Quantum Électrique inc.</nomcontractant>
        <neqcontractant>1172558943</neqcontractant>
      </depense>
    </depenses>
  </avis>
  <avis>
    <numeroseao>1355766</numeroseao>
    <numero>AME-9302-285-SS</numero>
    <depenses>
      <depense>
        <datedepense>2020-09-02</datedepense>
        <datepublicationdepense>2020-10-19</datepublicationdepense>
        <montantdepense>14460.640000</montantdepense>
        <description>2 avenants pour Caudition de chantier et demande du client</description>
        <nomcontractant>Senterre Entrepreneur Général inc</nomcontractant>
        <neqcontractant>1163476766</neqcontractant>
      </depense>
      <depense>
        <datedepense>2021-02-03</datedepense>
        <datepublicationdepense>2021-02-15</datepublicationdepense>
        <montantdepense>2272.110000</montantdepense>
        <description>ME-02: raccordement serpentins </description>
        <nomcontractant>Senterre Entrepreneur Général inc</nomcontractant>
        <neqcontractant>1163476766</neqcontractant>
      </depense>
    </depenses>
  </avis>
  <avis>
    <numeroseao>1357079</numeroseao>
    <numero>2020CNT026</numero>
    <depenses>
      <depense>
        <datedepense>2020-09-10</datedepense>
        <datepublicationdepense>2020-09-10</datepublicationdepense>
        <montantdepense>0.000000</montantdepense>
        <description>voir le total </description>
        <nomcontractant>Les Constructions R.Paradis.</nomcontractant>
        <neqcontractant>1170397633</neqcontractant>
      </depense>
      <depense>
        <datedepense>2020-11-03</datedepense>
        <datepublicationdepense>2020-11-03</datepublicationdepense>
        <montantdepense>0.000000</montantdepense>
        <description>voir le total </description>
        <nomcontractant>Les Constructions R.Paradis.</nomcontractant>
        <neqcontractant>1170397633</neqcontractant>
      </depense>
      <depense>
        <datedepense>2021-02-11</datedepense>
        <datepublicationdepense>2021-02-11</datepublicationdepense>
        <montantdepense>1049.960000</montantdepense>
        <description>odc 1 a 6 </description>
        <nomcontractant>Les Constructions R.Paradis.</nomcontractant>
        <neqcontractant>1170397633</neqcontractant>
      </depense>
    </depenses>
  </avis>
  <avis>
    <numeroseao>1367333</numeroseao>
    <numero>SRM030231</numero>
    <depenses>
      <depense>
        <datedepense>2020-12-09</datedepense>
        <datepublicationdepense>2020-12-16</datepublicationdepense>
        <montantdepense>31200.000000</montantdepense>
        <description>SRM033395 - 084 070 510</description>
        <nomcontractant>Location CVAC inc.</nomcontractant>
        <neqcontractant>1174329699</neqcontractant>
      </depense>
      <depense>
        <datedepense>2021-02-04</datedepense>
        <datepublicationdepense>2021-02-05</datepublicationdepense>
        <montantdepense>40300.000000</montantdepense>
        <description>SRM034265 - 084 070 510 - 2e Ajout au BC initial (SRM030231)</description>
        <nomcontractant>Location CVAC inc.</nomcontractant>
        <neqcontractant>1174329699</neqcontractant>
      </depense>
    </depenses>
  </avis>
  <avis>
    <numeroseao>1368158</numeroseao>
    <numero>196110215</numero>
    <depenses>
      <depense>
        <datedepense>2020-04-27</datedepense>
        <datepublicationdepense>2021-02-05</datepublicationdepense>
        <montantdepense>0.000000</montantdepense>
        <description>#1- Crédit (3 154,54 ) - Honoraires pour P&amp;D définitifs selon la méthode à pourcentage.</description>
        <nomcontractant>Bouthillette Parizeau Inc.</nomcontractant>
        <neqcontractant>1142591438</neqcontractant>
      </depense>
      <depense>
        <datedepense>2020-04-27</datedepense>
        <datepublicationdepense>2021-02-05</datepublicationdepense>
        <montantdepense>0.000000</montantdepense>
        <description>#2- crédit (2 235,40) - Honoraires pour Surveillance selon la méthode à pourcentage.</description>
        <nomcontractant>Bouthillette Parizeau Inc.</nomcontractant>
        <neqcontractant>1142591438</neqcontractant>
      </depense>
      <depense>
        <datedepense>2021-01-28</datedepense>
        <datepublicationdepense>2021-02-05</datepublicationdepense>
        <montantdepense>101.670000</montantdepense>
        <description>#3- Ajustement des honoraires sur P&amp;D préliminaires pour Gestion des changements selon la méthode à pourcentage.</description>
        <nomcontractant>Bouthillette Parizeau Inc.</nomcontractant>
        <neqcontractant>1142591438</neqcontractant>
      </depense>
      <depense>
        <datedepense>2021-01-28</datedepense>
        <datepublicationdepense>2021-02-05</datepublicationdepense>
        <montantdepense>152.500000</montantdepense>
        <description>#4- Ajustement des honoraires sur P&amp;D définitifs pour Gestion des changements selon la méthode à pourcentage.</description>
        <nomcontractant>Bouthillette Parizeau Inc.</nomcontractant>
        <neqcontractant>1142591438</neqcontractant>
      </depense>
      <depense>
        <datedepense>2021-01-28</datedepense>
        <datepublicationdepense>2021-02-05</datepublicationdepense>
        <montantdepense>84.720000</montantdepense>
        <description>#5- Ajustement des honoraires de surveillance pour Gestion des changements selon la méthode à pourcentage.</description>
        <nomcontractant>Bouthillette Parizeau Inc.</nomcontractant>
        <neqcontractant>1142591438</neqcontractant>
      </depense>
    </depenses>
  </avis>
  <avis>
    <numeroseao>1382746</numeroseao>
    <numero>SRM031264</numero>
    <depenses>
      <depense>
        <datedepense>2021-01-28</datedepense>
        <datepublicationdepense>2021-02-04</datepublicationdepense>
        <montantdepense>29951.000000</montantdepense>
        <description>SRM034124 - 040 021 760 - Ajout au BC initial (SRM031264)</description>
        <nomcontractant>Stantec Experts-conseils ltée</nomcontractant>
        <neqcontractant>1170241336</neqcontractant>
      </depense>
    </depenses>
  </avis>
  <avis>
    <numeroseao>1384126</numeroseao>
    <numero>2019-PLR-69</numero>
    <depenses>
      <depense>
        <datedepense>2020-09-30</datedepense>
        <datepublicationdepense>2020-10-23</datepublicationdepense>
        <montantdepense>21148.270000</montantdepense>
        <description>Modification pour les murs, les portes Avenant A-2R</description>
        <nomcontractant>Construction Turco inc.</nomcontractant>
        <neqcontractant>1141862822</neqcontractant>
      </depense>
      <depense>
        <datedepense>2020-12-12</datedepense>
        <datepublicationdepense>2020-10-26</datepublicationdepense>
        <montantdepense>9850.850000</montantdepense>
        <description>Travaux électriques supplémentaires. </description>
        <nomcontractant>Construction Turco inc.</nomcontractant>
        <neqcontractant>1141862822</neqcontractant>
      </depense>
      <depense>
        <datedepense>2020-11-06</datedepense>
        <datepublicationdepense>2021-02-11</datepublicationdepense>
        <montantdepense>5536.450000</montantdepense>
        <description>Scier céramique, casser le béton et nettoyage. Réparation du plancher de béton. Enlever tuile et scarification des locaux 1058 et 1059.Réparation du bas des portes. Poser nouvelle tuile local 1058-1059.</description>
        <nomcontractant>Construction Turco inc.</nomcontractant>
        <neqcontractant>1141862822</neqcontractant>
      </depense>
      <depense>
        <datedepense>2020-11-06</datedepense>
        <datepublicationdepense>2021-02-11</datepublicationdepense>
        <montantdepense>7743.230000</montantdepense>
        <description>Enlever banc vis-à vis la nouvelle porte du local 1058 et l'agora. Faire le rond sur la section du comptoir à l'axe 6. Modifier 2 étagères. </description>
        <nomcontractant>Construction Turco inc.</nomcontractant>
        <neqcontractant>1141862822</neqcontractant>
      </depense>
      <depense>
        <datedepense>2020-11-06</datedepense>
        <datepublicationdepense>2021-02-11</datepublicationdepense>
        <montantdepense>798.410000</montantdepense>
        <description>Installation de la quincaillerie.</description>
        <nomcontractant>Construction Turco inc.</nomcontractant>
        <neqcontractant>1141862822</neqcontractant>
      </depense>
      <depense>
        <datedepense>2020-12-10</datedepense>
        <datepublicationdepense>2021-02-11</datepublicationdepense>
        <montantdepense>33502.510000</montantdepense>
        <description>Travaux relatif à l'enlèvement du plafond du secteur bibliothèque.</description>
        <nomcontractant>Construction Turco inc.</nomcontractant>
        <neqcontractant>1141862822</neqcontractant>
      </depense>
    </depenses>
  </avis>
  <avis>
    <numeroseao>1391301</numeroseao>
    <numero>CGER 19 700183</numero>
    <depenses>
      <depense>
        <datedepense>2021-02-02</datedepense>
        <datepublicationdepense>2021-02-03</datepublicationdepense>
        <montantdepense>1290.000000</montantdepense>
        <description>Livraison 1 modication 1 - Valve de contrôle pneumatique à trois positions et assécheur d’air et contrôleur de débit</description>
        <nomcontractant>FÉRICAR INC</nomcontractant>
        <neqcontractant>1143333939</neqcontractant>
      </depense>
    </depenses>
  </avis>
  <avis>
    <numeroseao>1397187</numeroseao>
    <numero>44517630</numero>
    <depenses>
      <depense>
        <datedepense>2020-09-15</datedepense>
        <datepublicationdepense>2021-02-26</datepublicationdepense>
        <montantdepense>8500.000000</montantdepense>
        <description>Remplacement des encadrements des grilles de drainage</description>
        <nomcontractant>Construction STGC</nomcontractant>
        <neqcontractant>2264852320</neqcontractant>
      </depense>
      <depense>
        <datedepense>2020-09-08</datedepense>
        <datepublicationdepense>2021-02-26</datepublicationdepense>
        <montantdepense>6200.000000</montantdepense>
        <description>Modification pour les marches plateau zone 1</description>
        <nomcontractant>Construction STGC</nomcontractant>
        <neqcontractant>2264852320</neqcontractant>
      </depense>
      <depense>
        <datedepense>2020-10-14</datedepense>
        <datepublicationdepense>2021-02-26</datepublicationdepense>
        <montantdepense>46147.000000</montantdepense>
        <description>Remise à l'état palier Est - Réparation trottoir Charest</description>
        <nomcontractant>Construction STGC</nomcontractant>
        <neqcontractant>2264852320</neqcontractant>
      </depense>
    </depenses>
  </avis>
  <avis>
    <numeroseao>1405670</numeroseao>
    <numero>20-185 - 098154323</numero>
    <depenses>
      <depense>
        <datedepense>2020-12-21</datedepense>
        <datepublicationdepense>2021-02-10</datepublicationdepense>
        <montantdepense>1896.660000</montantdepense>
        <description>#1- Démolition de cloison et ragréage local 132.</description>
        <nomcontractant>Ralvec Construction Inc.</nomcontractant>
        <neqcontractant>1144002160</neqcontractant>
      </depense>
      <depense>
        <datedepense>2020-12-21</datedepense>
        <datepublicationdepense>2021-02-10</datepublicationdepense>
        <montantdepense>4617.570000</montantdepense>
        <description>#2- Démolition de cloisons et travaux mécanique suite au démantèlement et au  capage d'un conduit de ventilation.</description>
        <nomcontractant>Ralvec Construction Inc.</nomcontractant>
        <neqcontractant>1144002160</neqcontractant>
      </depense>
      <depense>
        <datedepense>2020-12-21</datedepense>
        <datepublicationdepense>2021-02-10</datepublicationdepense>
        <montantdepense>1288.620000</montantdepense>
        <description>#3- Modifications de travaux en électricité.</description>
        <nomcontractant>Ralvec Construction Inc.</nomcontractant>
        <neqcontractant>1144002160</neqcontractant>
      </depense>
      <depense>
        <datedepense>2020-12-21</datedepense>
        <datepublicationdepense>2021-02-10</datepublicationdepense>
        <montantdepense>0.000000</montantdepense>
        <description>#4- Crédit (-65,30) - Travaux annulés.</description>
        <nomcontractant>Ralvec Construction Inc.</nomcontractant>
        <neqcontractant>1144002160</neqcontractant>
      </depense>
      <depense>
        <datedepense>2020-12-21</datedepense>
        <datepublicationdepense>2021-02-10</datepublicationdepense>
        <montantdepense>2588.830000</montantdepense>
        <description>#5- Modification de travaux en électricité.</description>
        <nomcontractant>Ralvec Construction Inc.</nomcontractant>
        <neqcontractant>1144002160</neqcontractant>
      </depense>
      <depense>
        <datedepense>2021-02-05</datedepense>
        <datepublicationdepense>2021-02-10</datepublicationdepense>
        <montantdepense>260.280000</montantdepense>
        <description>#6- Ragréage local 132.1.</description>
        <nomcontractant>Ralvec Construction Inc.</nomcontractant>
        <neqcontractant>1144002160</neqcontractant>
      </depense>
      <depense>
        <datedepense>2021-02-05</datedepense>
        <datepublicationdepense>2021-02-10</datepublicationdepense>
        <montantdepense>1258.050000</montantdepense>
        <description>#7- Localisation d'un panneau pour l'alimentation des circuits dans la zone de travaux.</description>
        <nomcontractant>Ralvec Construction Inc.</nomcontractant>
        <neqcontractant>1144002160</neqcontractant>
      </depense>
      <depense>
        <datedepense>2021-02-05</datedepense>
        <datepublicationdepense>2021-02-10</datepublicationdepense>
        <montantdepense>2887.090000</montantdepense>
        <description>#8- Localisation d'un panneau pour l'alimentation des circuits dans la zone de travaux.</description>
        <nomcontractant>Ralvec Construction Inc.</nomcontractant>
        <neqcontractant>1144002160</neqcontractant>
      </depense>
    </depenses>
  </avis>
  <avis>
    <numeroseao>1408823</numeroseao>
    <numero>2020CNT069</numero>
    <depenses>
      <depense>
        <datedepense>2021-01-06</datedepense>
        <datepublicationdepense>2021-01-06</datepublicationdepense>
        <montantdepense>174281.950000</montantdepense>
        <description>ODC-1</description>
        <nomcontractant>Lévis Construction</nomcontractant>
        <neqcontractant>1140477598</neqcontractant>
      </depense>
    </depenses>
  </avis>
  <avis>
    <numeroseao>1416549</numeroseao>
    <numero>CG-201020-RY</numero>
    <depenses>
      <depense>
        <datedepense>2020-11-26</datedepense>
        <datepublicationdepense>2020-12-14</datepublicationdepense>
        <montantdepense>131268.880000</montantdepense>
        <description>Ajouts imprévus aux travaux de réaménagement pour la relocalisation vers le site Casavant</description>
        <nomcontractant>Construction Jimmy Laramée inc.</nomcontractant>
        <neqcontractant>1164123979</neqcontractant>
      </depense>
    </depenses>
  </avis>
  <avis>
    <numeroseao>1416689</numeroseao>
    <numero>APP-201016-01</numero>
    <depenses>
      <depense>
        <datedepense>2021-02-19</datedepense>
        <datepublicationdepense>2021-02-19</datepublicationdepense>
        <montantdepense>0.000000</montantdepense>
        <description>Correction d'une dépense supplémentaire inscrite par erreur car le montant était déjà inclus dans le montant total du contrat incluant les options.</description>
        <nomcontractant>SERTI placement TI inc.</nomcontractant>
        <neqcontractant>1171482699</neqcontractant>
      </depense>
    </depenses>
  </avis>
  <avis>
    <numeroseao>1422332</numeroseao>
    <numero>SC-2684</numero>
    <depenses>
      <depense>
        <datedepense>2020-11-23</datedepense>
        <datepublicationdepense>2020-11-26</datepublicationdepense>
        <montantdepense>19425.000000</montantdepense>
        <description>Avenant - prolongation de contrat </description>
        <nomcontractant>Pierre Fauteux</nomcontractant>
        <neqcontractant>2273345365</neqcontractant>
      </depense>
      <depense>
        <datedepense>2020-12-15</datedepense>
        <datepublicationdepense>2020-12-15</datepublicationdepense>
        <montantdepense>6895.000000</montantdepense>
        <description>Avenant 2 - prolongation de contrat </description>
        <nomcontractant>Pierre Fauteux</nomcontractant>
        <neqcontractant>2273345365</neqcontractant>
      </depense>
    </depenses>
  </avis>
  <avis>
    <numeroseao>1430273</numeroseao>
    <numero>370101279</numero>
    <depenses>
      <depense>
        <datedepense>2021-02-04</datedepense>
        <datepublicationdepense>2021-02-04</datepublicationdepense>
        <montantdepense>24000.000000</montantdepense>
        <description>Ajout de travaux optionnels mentionnés dans le bordereaux de prix.</description>
        <nomcontractant>Groupe Éclair</nomcontractant>
        <neqcontractant>1142370163</neqcontractant>
      </depense>
    </depenses>
  </avis>
  <avis>
    <numeroseao>1448583</numeroseao>
    <numero>196110196</numero>
    <depenses>
      <depense>
        <datedepense>2020-04-30</datedepense>
        <datepublicationdepense>2021-02-03</datepublicationdepense>
        <montantdepense>4583.640000</montantdepense>
        <description>#1- Ajustement des honoraires pour P&amp;D selon la méthode à pourcentage.</description>
        <nomcontractant>Riopel &amp; Associés</nomcontractant>
        <neqcontractant>1163438360</neqcontractant>
      </depense>
      <depense>
        <datedepense>2020-11-26</datedepense>
        <datepublicationdepense>2021-02-18</datepublicationdepense>
        <montantdepense>0.000000</montantdepense>
        <description>#2- Crédit (-1 194,10) - Ajustement honoraires pour relevés selon la méthode à taux horaire (sur présentation des pièces justificatives).</description>
        <nomcontractant>Riopel &amp; Associés</nomcontractant>
        <neqcontractant>1163438360</neqcontractant>
      </depense>
      <depense>
        <datedepense>2020-11-26</datedepense>
        <datepublicationdepense>2021-02-18</datepublicationdepense>
        <montantdepense>0.000000</montantdepense>
        <description>#3- Crédit (-293,05) - Ajustement honoraires pour étude préparatoire selon la méthode à taux horaire (sur présentation des pièces justificatives).</description>
        <nomcontractant>Riopel &amp; Associés</nomcontractant>
        <neqcontractant>1163438360</neqcontractant>
      </depense>
      <depense>
        <datedepense>2020-11-26</datedepense>
        <datepublicationdepense>2021-02-18</datepublicationdepense>
        <montantdepense>0.000000</montantdepense>
        <description>#4- Crédit (-7 510,80) - Ajustement honoraires pour services d'un entrepreneur pour ouverture exploratoire + 10% de gestion selon la méthode à forfait.</description>
        <nomcontractant>Riopel &amp; Associés</nomcontractant>
        <neqcontractant>1163438360</neqcontractant>
      </depense>
      <depense>
        <datedepense>2020-11-26</datedepense>
        <datepublicationdepense>2021-02-18</datepublicationdepense>
        <montantdepense>2277.000000</montantdepense>
        <description>#5- Honoraires pour frais de gestion d'un nouvel appel d'offres selon la méthode taux horaire.</description>
        <nomcontractant>Riopel &amp; Associés</nomcontractant>
        <neqcontractant>1163438360</neqcontractant>
      </depense>
    </depenses>
  </avis>
</export>