<metadata xml:lang="fr"><Esri><CreaDate>20221108</CreaDate><CreaTime>15153700</CreaTime><ArcGISFormat>1.0</ArcGISFormat><SyncOnce>FALSE</SyncOnce><DataProperties><lineage><Process ToolSource="c:\program files\arcgis\pro\Resources\ArcToolbox\toolboxes\Data Management Tools.tbx\AddField" Date="20221102" Time="232532">AddField GPLYR_{9D647822-FE01-4739-BAC5-D53DCFC2521A} VulnerabiliteChaleur_MANUAL "Long (large integer)" # # # VulnerabiliteChaleur_MANUAL_CLASS NULLABLE NON_REQUIRED #</Process><Process ToolSource="c:\program files\arcgis\pro\Resources\ArcToolbox\toolboxes\Data Management Tools.tbx\AddField" Date="20221102" Time="232533">AddField GPLYR_{B91E9652-78E2-495B-8C5C-8BA5B09EC898} VulnerabiliteChaleur_MANUAL_RANGE Text # # # VulnerabiliteChaleur_MANUAL_RANGE NULLABLE NON_REQUIRED #</Process><Process ToolSource="c:\program files\arcgis\pro\Resources\ArcToolbox\toolboxes\Data Management Tools.tbx\ReclassifyField" Date="20221102" Time="232636">ReclassifyField Vulnerabilite_Finale VulnerabiliteChaleur "Manual interval" # # "One standard deviation" "0,111 1;0,148 2;0,217 3;0,26 4;1 5" # VulnerabiliteChaleur_MANUAL</Process><Process ToolSource="c:\program files\arcgis\pro\Resources\ArcToolbox\toolboxes\Data Management Tools.tbx\AddField" Date="20221102" Time="232906">AddField GPLYR_{3C11C7AA-CF1B-47B9-84FE-6704A05B5B20} VulnerabiliteSecheresse_MANUAL "Long (large integer)" # # # VulnerabiliteSecheresse_MANUAL_CLASS NULLABLE NON_REQUIRED #</Process><Process ToolSource="c:\program files\arcgis\pro\Resources\ArcToolbox\toolboxes\Data Management Tools.tbx\AddField" Date="20221102" Time="232906">AddField GPLYR_{8EB7D887-E9DE-40C7-9A36-6B4DD3FCFFCF} VulnerabiliteSecheresse_MANUAL_RANGE Text # # # VulnerabiliteSecheresse_MANUAL_RANGE NULLABLE NON_REQUIRED #</Process><Process ToolSource="c:\program files\arcgis\pro\Resources\ArcToolbox\toolboxes\Data Management Tools.tbx\ReclassifyField" Date="20221102" Time="233003">ReclassifyField Vulnerabilite_Finale VulnerabiliteSecheresse "Manual interval" # # "One standard deviation" "0,161 1;0,19 2;0,221 3;0,299 4;1 5" # VulnerabiliteSecheresse_MANUAL</Process><Process ToolSource="c:\program files\arcgis\pro\Resources\ArcToolbox\toolboxes\Data Management Tools.tbx\AddField" Date="20221102" Time="234019">AddField GPLYR_{E5DDBFF2-F50A-4019-B9E3-373FFAC02004} VulnerabilitePluies_MANUAL "Long (large integer)" # # # VulnerabilitePluies_MANUAL_CLASS NULLABLE NON_REQUIRED #</Process><Process ToolSource="c:\program files\arcgis\pro\Resources\ArcToolbox\toolboxes\Data Management Tools.tbx\AddField" Date="20221102" Time="234019">AddField GPLYR_{871EE7FE-D3FF-4DC1-A8C0-941D89209411} VulnerabilitePluies_MANUAL_RANGE Text # # # VulnerabilitePluies_MANUAL_RANGE NULLABLE NON_REQUIRED #</Process><Process ToolSource="c:\program files\arcgis\pro\Resources\ArcToolbox\toolboxes\Data Management Tools.tbx\ReclassifyField" Date="20221102" Time="234123">ReclassifyField Vulnerabilite_Finale VulnerabilitePluies "Manual interval" # # "One standard deviation" "0,025 1;0,082 2;0,132 3;0,206 4;1 5" # VulnerabilitePluies_MANUAL</Process><Process ToolSource="c:\program files\arcgis\pro\Resources\ArcToolbox\toolboxes\Data Management Tools.tbx\AddField" Date="20221102" Time="234313">AddField GPLYR_{47E80B5D-623B-4DCC-B8AA-16DE103E54CA} VulnerabiliteCrues_MANUAL "Long (large integer)" # # # VulnerabiliteCrues_MANUAL_CLASS NULLABLE NON_REQUIRED #</Process><Process ToolSource="c:\program files\arcgis\pro\Resources\ArcToolbox\toolboxes\Data Management Tools.tbx\AddField" Date="20221102" Time="234313">AddField GPLYR_{7662CCD2-C882-422B-9CDD-A8DF75EA7729} VulnerabiliteCrues_MANUAL_RANGE Text # # # VulnerabiliteCrues_MANUAL_RANGE NULLABLE NON_REQUIRED #</Process><Process ToolSource="c:\program files\arcgis\pro\Resources\ArcToolbox\toolboxes\Data Management Tools.tbx\ReclassifyField" Date="20221102" Time="234413">ReclassifyField Vulnerabilite_Finale VulnerabiliteCrues "Manual interval" # # "One standard deviation" "0,061 1;0,165 2;0,251 3;0,33 4;1 5" # VulnerabiliteCrues_MANUAL</Process><Process ToolSource="c:\program files\arcgis\pro\Resources\ArcToolbox\toolboxes\Data Management Tools.tbx\AddField" Date="20221102" Time="234520">AddField GPLYR_{DAEAB4A5-680C-4E94-90F4-9EBBB96DFEA1} VulnerabiliteTempetes_MANUAL "Long (large integer)" # # # VulnerabiliteTempetes_MANUAL_CLASS NULLABLE NON_REQUIRED #</Process><Process ToolSource="c:\program files\arcgis\pro\Resources\ArcToolbox\toolboxes\Data Management Tools.tbx\AddField" Date="20221102" Time="234521">AddField GPLYR_{996E73AD-55EF-4149-8255-79942E719D9B} VulnerabiliteTempetes_MANUAL_RANGE Text # # # VulnerabiliteTempetes_MANUAL_RANGE NULLABLE NON_REQUIRED #</Process><Process ToolSource="c:\program files\arcgis\pro\Resources\ArcToolbox\toolboxes\Data Management Tools.tbx\ReclassifyField" Date="20221102" Time="234619">ReclassifyField Vulnerabilite_Finale VulnerabiliteTempetes "Manual interval" # # "One standard deviation" "0,143 1;0,213 2;0,252 3;0,352 4;1 5" # VulnerabiliteTempetes_MANUAL</Process><Process ToolSource="c:\program files\arcgis\pro\Resources\ArcToolbox\toolboxes\Data Management Tools.tbx\CopyMultiple" Date="20221103" Time="004634">CopyMultiple "C:\Users\emile\Downloads\Vulnerabilite2021.gdb\Vulnerabilite_Finale FeatureClass" D:\DESS\STAGE\PROJET_MTL_HIVER_2022\DonneesEmile2021\ProjetVulnerabilite\ProjetVulnerabilite2022\VULNERABILITE_FINALE.gdb Vulnerabilite_Finale_1 "Vulnerabilite_Finale FeatureClass Vulnerabilite_Finale_1 #"</Process><Process ToolSource="c:\program files\arcgis\pro\Resources\ArcToolbox\Toolboxes\Data Management Tools.tbx\DeleteField" Date="20221103" Time="192926">DeleteField Vulnerabilite_Finale VulnerabilitePluies_MANUAL "Delete Fields"</Process><Process ToolSource="c:\program files\arcgis\pro\Resources\ArcToolbox\Toolboxes\Data Management Tools.tbx\DeleteField" Date="20221103" Time="193222">DeleteField Vulnerabilite_Finale VulnerabilitePluies_MANUAL_RANGE "Delete Fields"</Process><Process ToolSource="c:\program files\arcgis\pro\Resources\ArcToolbox\toolboxes\Data Management Tools.tbx\AddField" Date="20221103" Time="193608">AddField GPLYR_{AA296E4E-F46C-4B5E-BDAA-3C521DEF8B06} VulnerabilitePluies_MANUAL "Long (large integer)" # # # VulnerabilitePluies_MANUAL_CLASS NULLABLE NON_REQUIRED #</Process><Process ToolSource="c:\program files\arcgis\pro\Resources\ArcToolbox\toolboxes\Data Management Tools.tbx\AddField" Date="20221103" Time="193609">AddField GPLYR_{3A886209-951F-4233-B70D-6A2264A415C8} VulnerabilitePluies_MANUAL_RANGE Text # # # VulnerabilitePluies_MANUAL_RANGE NULLABLE NON_REQUIRED #</Process><Process ToolSource="c:\program files\arcgis\pro\Resources\ArcToolbox\toolboxes\Data Management Tools.tbx\ReclassifyField" Date="20221103" Time="193709">ReclassifyField Vulnerabilite_Finale VulnerabilitePluies "Manual interval" # # "One standard deviation" "0,009 1;0,025 2;0,082 3;0,132 4;1 5" # VulnerabilitePluies_MANUAL</Process><Process ToolSource="c:\program files\arcgis\pro\Resources\ArcToolbox\toolboxes\Data Management Tools.tbx\CalculateField" Date="20221103" Time="232156">CalculateField Vulnerabilite_Finale VulnerabiliteCrues "Null" "Python 3" # Text NO_ENFORCE_DOMAINS</Process><Process ToolSource="c:\program files\arcgis\pro\Resources\ArcToolbox\toolboxes\Data Management Tools.tbx\AddField" Date="20221103" Time="233845">AddField GPLYR_{B67EACA9-9478-4D7B-8888-B6C1A76A1C24} VulnerabiliteCrues_MANUAL1 Text # # # VulnerabiliteCrues_MANUAL1_CLASS NULLABLE NON_REQUIRED #</Process><Process ToolSource="c:\program files\arcgis\pro\Resources\ArcToolbox\toolboxes\Data Management Tools.tbx\AddField" Date="20221103" Time="233846">AddField GPLYR_{1D097620-0116-4938-9EA5-A6848662C104} VulnerabiliteCrues_MANUAL1_RANGE Text # # # VulnerabiliteCrues_MANUAL1_RANGE NULLABLE NON_REQUIRED #</Process><Process ToolSource="c:\program files\arcgis\pro\Resources\ArcToolbox\toolboxes\Data Management Tools.tbx\ReclassifyField" Date="20221103" Time="233951">ReclassifyField Vulnerabilite_Finale VulnerabiliteCrues "Manual interval" # # "One standard deviation" "0 NoData;0,061 1;0,165 2;0,251 3;0,33 4;1 5" # VulnerabiliteCrues_MANUAL1</Process><Process ToolSource="c:\users\umallra\appdata\local\programs\arcgis\pro\Resources\ArcToolbox\Toolboxes\Data Management Tools.tbx\DeleteField" Date="20221104" Time="091425">DeleteField Vulnerabilite_Finale VulnerabiliteCrues_MANUAL;VulnerabiliteCrues_MANUAL_RANGE "Delete Fields"</Process><Process ToolSource="c:\users\umallra\appdata\local\programs\arcgis\pro\Resources\ArcToolbox\Toolboxes\Data Management Tools.tbx\UpdateSchema" Date="20221108" Time="121420">UpdateSchema "CIMDATA=&lt;CIMStandardDataConnection xsi:type='typens:CIMStandardDataConnection' xmlns:xsi='http://www.w3.org/2001/XMLSchema-instance' xmlns:xs='http://www.w3.org/2001/XMLSchema' xmlns:typens='http://www.esri.com/schemas/ArcGIS/2.9.0'&gt;&lt;WorkspaceConnectionString&gt;DATABASE=C:\Users\umallra\Desktop\09_VULNERABILITE_2022_Shape.gdb&lt;/WorkspaceConnectionString&gt;&lt;WorkspaceFactory&gt;FileGDB&lt;/WorkspaceFactory&gt;&lt;Dataset&gt;Vulnerabilite_Finale_1&lt;/Dataset&gt;&lt;DatasetType&gt;esriDTFeatureClass&lt;/DatasetType&gt;&lt;/CIMStandardDataConnection&gt;" &lt;operationSequence&gt;&lt;workflow&gt;&lt;DeleteField&gt;&lt;field_name&gt;VulnerabiliteChaleur_MANUAL_RANGE&lt;/field_name&gt;&lt;field_name&gt;VulnerabiliteSecheresse_MANUAL_RANGE&lt;/field_name&gt;&lt;field_name&gt;VulnerabiliteTempetes_MANUAL_RANGE&lt;/field_name&gt;&lt;field_name&gt;VulnerabilitePluies_MANUAL_RANGE&lt;/field_name&gt;&lt;field_name&gt;VulnerabiliteCrues_MANUAL1_RANGE&lt;/field_name&gt;&lt;/DeleteField&gt;&lt;/workflow&gt;&lt;/operationSequence&gt;</Process><Process ToolSource="c:\users\umallra\appdata\local\programs\arcgis\pro\Resources\ArcToolbox\Toolboxes\Data Management Tools.tbx\UpdateSchema" Date="20221108" Time="121918">UpdateSchema "CIMDATA=&lt;CIMStandardDataConnection xsi:type='typens:CIMStandardDataConnection' xmlns:xsi='http://www.w3.org/2001/XMLSchema-instance' xmlns:xs='http://www.w3.org/2001/XMLSchema' xmlns:typens='http://www.esri.com/schemas/ArcGIS/2.9.0'&gt;&lt;WorkspaceConnectionString&gt;DATABASE=C:\Users\umallra\Desktop\09_VULNERABILITE_2022_Shape.gdb&lt;/WorkspaceConnectionString&gt;&lt;WorkspaceFactory&gt;FileGDB&lt;/WorkspaceFactory&gt;&lt;Dataset&gt;Vulnerabilite_Finale_1&lt;/Dataset&gt;&lt;DatasetType&gt;esriDTFeatureClass&lt;/DatasetType&gt;&lt;/CIMStandardDataConnection&gt;" &lt;operationSequence&gt;&lt;workflow&gt;&lt;AlterField&gt;&lt;field_name&gt;VulnerabiliteChaleur&lt;/field_name&gt;&lt;new_field_name&gt;Chaleur&lt;/new_field_name&gt;&lt;field_is_nullable&gt;True&lt;/field_is_nullable&gt;&lt;clear_field_alias&gt;False&lt;/clear_field_alias&gt;&lt;/AlterField&gt;&lt;/workflow&gt;&lt;workflow&gt;&lt;AlterField&gt;&lt;field_name&gt;VulnerabiliteSecheresse&lt;/field_name&gt;&lt;new_field_name&gt;Secheresse&lt;/new_field_name&gt;&lt;field_is_nullable&gt;True&lt;/field_is_nullable&gt;&lt;clear_field_alias&gt;False&lt;/clear_field_alias&gt;&lt;/AlterField&gt;&lt;/workflow&gt;&lt;workflow&gt;&lt;AlterField&gt;&lt;field_name&gt;VulnerabilitePluies&lt;/field_name&gt;&lt;new_field_name&gt;Pluies&lt;/new_field_name&gt;&lt;field_is_nullable&gt;True&lt;/field_is_nullable&gt;&lt;clear_field_alias&gt;False&lt;/clear_field_alias&gt;&lt;/AlterField&gt;&lt;/workflow&gt;&lt;workflow&gt;&lt;AlterField&gt;&lt;field_name&gt;VulnerabiliteCrues&lt;/field_name&gt;&lt;new_field_name&gt;Crues&lt;/new_field_name&gt;&lt;field_is_nullable&gt;True&lt;/field_is_nullable&gt;&lt;clear_field_alias&gt;False&lt;/clear_field_alias&gt;&lt;/AlterField&gt;&lt;/workflow&gt;&lt;workflow&gt;&lt;AlterField&gt;&lt;field_name&gt;VulnerabiliteTempetes&lt;/field_name&gt;&lt;new_field_name&gt;Tempetes&lt;/new_field_name&gt;&lt;field_is_nullable&gt;True&lt;/field_is_nullable&gt;&lt;clear_field_alias&gt;False&lt;/clear_field_alias&gt;&lt;/AlterField&gt;&lt;/workflow&gt;&lt;workflow&gt;&lt;AlterField&gt;&lt;field_name&gt;VulnerabiliteChaleur_MANUAL&lt;/field_name&gt;&lt;new_field_name&gt;ChaleurCl&lt;/new_field_name&gt;&lt;field_is_nullable&gt;True&lt;/field_is_nullable&gt;&lt;clear_field_alias&gt;False&lt;/clear_field_alias&gt;&lt;/AlterField&gt;&lt;/workflow&gt;&lt;workflow&gt;&lt;AlterField&gt;&lt;field_name&gt;VulnerabiliteSecheresse_MANUAL&lt;/field_name&gt;&lt;new_field_name&gt;SecheresCl&lt;/new_field_name&gt;&lt;field_is_nullable&gt;True&lt;/field_is_nullable&gt;&lt;clear_field_alias&gt;False&lt;/clear_field_alias&gt;&lt;/AlterField&gt;&lt;/workflow&gt;&lt;workflow&gt;&lt;AlterField&gt;&lt;field_name&gt;VulnerabiliteTempetes_MANUAL&lt;/field_name&gt;&lt;new_field_name&gt;TempeteCl&lt;/new_field_name&gt;&lt;field_is_nullable&gt;True&lt;/field_is_nullable&gt;&lt;clear_field_alias&gt;False&lt;/clear_field_alias&gt;&lt;/AlterField&gt;&lt;/workflow&gt;&lt;workflow&gt;&lt;AlterField&gt;&lt;field_name&gt;VulnerabilitePluies_MANUAL&lt;/field_name&gt;&lt;new_field_name&gt;PluiesCl&lt;/new_field_name&gt;&lt;field_is_nullable&gt;True&lt;/field_is_nullable&gt;&lt;clear_field_alias&gt;False&lt;/clear_field_alias&gt;&lt;/AlterField&gt;&lt;/workflow&gt;&lt;workflow&gt;&lt;AlterField&gt;&lt;field_name&gt;VulnerabiliteCrues_MANUAL1&lt;/field_name&gt;&lt;new_field_name&gt;CruesCl&lt;/new_field_name&gt;&lt;field_type&gt;TEXT&lt;/field_type&gt;&lt;field_is_nullable&gt;True&lt;/field_is_nullable&gt;&lt;clear_field_alias&gt;False&lt;/clear_field_alias&gt;&lt;/AlterField&gt;&lt;/workflow&gt;&lt;workflow&gt;&lt;AddField&gt;&lt;field_name&gt;ChaleurCat&lt;/field_name&gt;&lt;field_type&gt;TEXT&lt;/field_type&gt;&lt;field_length&gt;25&lt;/field_length&gt;&lt;field_alias&gt;ChaleurCategorie&lt;/field_alias&gt;&lt;field_is_nullable&gt;True&lt;/field_is_nullable&gt;&lt;field_is_required&gt;False&lt;/field_is_required&gt;&lt;/AddField&gt;&lt;/workflow&gt;&lt;workflow&gt;&lt;AddField&gt;&lt;field_name&gt;PluiesCat&lt;/field_name&gt;&lt;field_type&gt;TEXT&lt;/field_type&gt;&lt;field_length&gt;25&lt;/field_length&gt;&lt;field_alias&gt;PluiesCategorie&lt;/field_alias&gt;&lt;field_is_nullable&gt;True&lt;/field_is_nullable&gt;&lt;field_is_required&gt;False&lt;/field_is_required&gt;&lt;/AddField&gt;&lt;/workflow&gt;&lt;workflow&gt;&lt;AddField&gt;&lt;field_name&gt;SechereCat&lt;/field_name&gt;&lt;field_type&gt;TEXT&lt;/field_type&gt;&lt;field_length&gt;25&lt;/field_length&gt;&lt;field_alias&gt;SecheresseCategorie&lt;/field_alias&gt;&lt;field_is_nullable&gt;True&lt;/field_is_nullable&gt;&lt;field_is_required&gt;False&lt;/field_is_required&gt;&lt;/AddField&gt;&lt;/workflow&gt;&lt;workflow&gt;&lt;AddField&gt;&lt;field_name&gt;CruesCat&lt;/field_name&gt;&lt;field_type&gt;TEXT&lt;/field_type&gt;&lt;field_length&gt;25&lt;/field_length&gt;&lt;field_alias&gt;CruesCategorie&lt;/field_alias&gt;&lt;field_is_nullable&gt;True&lt;/field_is_nullable&gt;&lt;field_is_required&gt;False&lt;/field_is_required&gt;&lt;/AddField&gt;&lt;/workflow&gt;&lt;workflow&gt;&lt;AddField&gt;&lt;field_name&gt;TempeteCat&lt;/field_name&gt;&lt;field_type&gt;TEXT&lt;/field_type&gt;&lt;field_length&gt;25&lt;/field_length&gt;&lt;field_alias&gt;TempeteCategorie&lt;/field_alias&gt;&lt;field_is_nullable&gt;True&lt;/field_is_nullable&gt;&lt;field_is_required&gt;False&lt;/field_is_required&gt;&lt;/AddField&gt;&lt;/workflow&gt;&lt;/operationSequence&gt;</Process><Process ToolSource="c:\users\umallra\appdata\local\programs\arcgis\pro\Resources\ArcToolbox\toolboxes\Data Management Tools.tbx\CalculateField" Date="20221108" Time="122024">CalculateField Vulnerabilite_Finale ChaleurCat "Non significative" "Python 3" # Text NO_ENFORCE_DOMAINS</Process><Process ToolSource="c:\users\umallra\appdata\local\programs\arcgis\pro\Resources\ArcToolbox\toolboxes\Data Management Tools.tbx\CalculateField" Date="20221108" Time="122112">CalculateField Vulnerabilite_Finale PluiesCat "Non significative" "Python 3" # Text NO_ENFORCE_DOMAINS</Process><Process ToolSource="c:\users\umallra\appdata\local\programs\arcgis\pro\Resources\ArcToolbox\toolboxes\Data Management Tools.tbx\CalculateField" Date="20221108" Time="122148">CalculateField Vulnerabilite_Finale SechereCat "Non significative" "Python 3" # Text NO_ENFORCE_DOMAINS</Process><Process ToolSource="c:\users\umallra\appdata\local\programs\arcgis\pro\Resources\ArcToolbox\toolboxes\Data Management Tools.tbx\CalculateField" Date="20221108" Time="122213">CalculateField Vulnerabilite_Finale CruesCat "Non significative" "Python 3" # Text NO_ENFORCE_DOMAINS</Process><Process ToolSource="c:\users\umallra\appdata\local\programs\arcgis\pro\Resources\ArcToolbox\toolboxes\Data Management Tools.tbx\CalculateField" Date="20221108" Time="122334">CalculateField Vulnerabilite_Finale CruesCat "s.o." "Python 3" # Text NO_ENFORCE_DOMAINS</Process><Process ToolSource="c:\users\umallra\appdata\local\programs\arcgis\pro\Resources\ArcToolbox\toolboxes\Data Management Tools.tbx\CalculateField" Date="20221108" Time="122423">CalculateField Vulnerabilite_Finale TempeteCat "Non significative" "Python 3" # Text NO_ENFORCE_DOMAINS</Process><Process ToolSource="c:\users\umallra\appdata\local\programs\arcgis\pro\Resources\ArcToolbox\toolboxes\Data Management Tools.tbx\CalculateField" Date="20221108" Time="122502">CalculateField Vulnerabilite_Finale ChaleurCat "Mineure" "Python 3" # Text NO_ENFORCE_DOMAINS</Process><Process ToolSource="c:\users\umallra\appdata\local\programs\arcgis\pro\Resources\ArcToolbox\toolboxes\Data Management Tools.tbx\CalculateField" Date="20221108" Time="122535">CalculateField Vulnerabilite_Finale PluiesCat "Mineure" "Python 3" # Text NO_ENFORCE_DOMAINS</Process><Process ToolSource="c:\users\umallra\appdata\local\programs\arcgis\pro\Resources\ArcToolbox\toolboxes\Data Management Tools.tbx\CalculateField" Date="20221108" Time="122612">CalculateField Vulnerabilite_Finale SechereCat "Mineure" "Python 3" # Text NO_ENFORCE_DOMAINS</Process><Process ToolSource="c:\users\umallra\appdata\local\programs\arcgis\pro\Resources\ArcToolbox\toolboxes\Data Management Tools.tbx\CalculateField" Date="20221108" Time="122642">CalculateField Vulnerabilite_Finale CruesCat "Mineure" "Python 3" # Text NO_ENFORCE_DOMAINS</Process><Process ToolSource="c:\users\umallra\appdata\local\programs\arcgis\pro\Resources\ArcToolbox\toolboxes\Data Management Tools.tbx\CalculateField" Date="20221108" Time="122726">CalculateField Vulnerabilite_Finale TempeteCat "Mineure" "Python 3" # Text NO_ENFORCE_DOMAINS</Process><Process ToolSource="c:\users\umallra\appdata\local\programs\arcgis\pro\Resources\ArcToolbox\toolboxes\Data Management Tools.tbx\CalculateField" Date="20221108" Time="122808">CalculateField Vulnerabilite_Finale ChaleurCat "Modérée" "Python 3" # Text NO_ENFORCE_DOMAINS</Process><Process ToolSource="c:\users\umallra\appdata\local\programs\arcgis\pro\Resources\ArcToolbox\toolboxes\Data Management Tools.tbx\CalculateField" Date="20221108" Time="122851">CalculateField Vulnerabilite_Finale PluiesCat "Modérée" "Python 3" # Text NO_ENFORCE_DOMAINS</Process><Process ToolSource="c:\users\umallra\appdata\local\programs\arcgis\pro\Resources\ArcToolbox\toolboxes\Data Management Tools.tbx\CalculateField" Date="20221108" Time="122938">CalculateField Vulnerabilite_Finale SechereCat "Modérée" "Python 3" # Text NO_ENFORCE_DOMAINS</Process><Process ToolSource="c:\users\umallra\appdata\local\programs\arcgis\pro\Resources\ArcToolbox\toolboxes\Data Management Tools.tbx\CalculateField" Date="20221108" Time="123009">CalculateField Vulnerabilite_Finale CruesCat "Modérée" "Python 3" # Text NO_ENFORCE_DOMAINS</Process><Process ToolSource="c:\users\umallra\appdata\local\programs\arcgis\pro\Resources\ArcToolbox\toolboxes\Data Management Tools.tbx\CalculateField" Date="20221108" Time="123034">CalculateField Vulnerabilite_Finale TempeteCat "Modérée" "Python 3" # Text NO_ENFORCE_DOMAINS</Process><Process ToolSource="c:\users\umallra\appdata\local\programs\arcgis\pro\Resources\ArcToolbox\toolboxes\Data Management Tools.tbx\CalculateField" Date="20221108" Time="123109">CalculateField Vulnerabilite_Finale ChaleurCat "Élevée" "Python 3" # Text NO_ENFORCE_DOMAINS</Process><Process ToolSource="c:\users\umallra\appdata\local\programs\arcgis\pro\Resources\ArcToolbox\toolboxes\Data Management Tools.tbx\CalculateField" Date="20221108" Time="123137">CalculateField Vulnerabilite_Finale PluiesCat "Élevée" "Python 3" # Text NO_ENFORCE_DOMAINS</Process><Process ToolSource="c:\users\umallra\appdata\local\programs\arcgis\pro\Resources\ArcToolbox\toolboxes\Data Management Tools.tbx\CalculateField" Date="20221108" Time="123209">CalculateField Vulnerabilite_Finale SechereCat "Élevée" "Python 3" # Text NO_ENFORCE_DOMAINS</Process><Process ToolSource="c:\users\umallra\appdata\local\programs\arcgis\pro\Resources\ArcToolbox\toolboxes\Data Management Tools.tbx\CalculateField" Date="20221108" Time="123238">CalculateField Vulnerabilite_Finale CruesCat "Élevée" "Python 3" # Text NO_ENFORCE_DOMAINS</Process><Process ToolSource="c:\users\umallra\appdata\local\programs\arcgis\pro\Resources\ArcToolbox\toolboxes\Data Management Tools.tbx\CalculateField" Date="20221108" Time="123319">CalculateField Vulnerabilite_Finale TempeteCat "Élevée" "Python 3" # Text NO_ENFORCE_DOMAINS</Process><Process ToolSource="c:\users\umallra\appdata\local\programs\arcgis\pro\Resources\ArcToolbox\toolboxes\Data Management Tools.tbx\CalculateField" Date="20221108" Time="123359">CalculateField Vulnerabilite_Finale ChaleurCat "Majeure" "Python 3" # Text NO_ENFORCE_DOMAINS</Process><Process ToolSource="c:\users\umallra\appdata\local\programs\arcgis\pro\Resources\ArcToolbox\toolboxes\Data Management Tools.tbx\CalculateField" Date="20221108" Time="123432">CalculateField Vulnerabilite_Finale PluiesCat "Majeure" "Python 3" # Text NO_ENFORCE_DOMAINS</Process><Process ToolSource="c:\users\umallra\appdata\local\programs\arcgis\pro\Resources\ArcToolbox\toolboxes\Data Management Tools.tbx\CalculateField" Date="20221108" Time="123503">CalculateField Vulnerabilite_Finale SechereCat "Majeure" "Python 3" # Text NO_ENFORCE_DOMAINS</Process><Process ToolSource="c:\users\umallra\appdata\local\programs\arcgis\pro\Resources\ArcToolbox\toolboxes\Data Management Tools.tbx\CalculateField" Date="20221108" Time="123533">CalculateField Vulnerabilite_Finale CruesCat "Majeure" "Python 3" # Text NO_ENFORCE_DOMAINS</Process><Process ToolSource="c:\users\umallra\appdata\local\programs\arcgis\pro\Resources\ArcToolbox\toolboxes\Data Management Tools.tbx\CalculateField" Date="20221108" Time="123604">CalculateField Vulnerabilite_Finale TempeteCat "Majeure" "Python 3" # Text NO_ENFORCE_DOMAINS</Process><Process ToolSource="c:\users\umallra\appdata\local\programs\arcgis\pro\Resources\ArcToolbox\Toolboxes\Data Management Tools.tbx\CopyMultiple" Date="20221108" Time="151537">CopyMultiple "C:\Users\umallra\Desktop\09_VULNERABILITE_2022_Shapev2.gdb\Vulnerabilite_Finale_1 FeatureClass" C:\Users\umallra\Desktop\09_VULNERABILITE_2022_Shape.gdb Vulnerabilite_Finale_1 "Vulnerabilite_Finale_1 FeatureClass Vulnerabilite_Finale_1 #"</Process><Process ToolSource="c:\users\umallra\appdata\local\programs\arcgis\pro\Resources\ArcToolbox\Toolboxes\Data Management Tools.tbx\Rename" Date="20221108" Time="151628">Rename C:\Users\umallra\Desktop\09_VULNERABILITE_2022_Shape.gdb\Vulnerabilite_Finale_1 C:\Users\umallra\Desktop\09_VULNERABILITE_2022_Shape.gdb\Vulnerabilite_Finale FeatureClass</Process><Process ToolSource="c:\users\umallra\appdata\local\programs\arcgis\pro\Resources\ArcToolbox\Toolboxes\Data Management Tools.tbx\UpdateSchema" Date="20221108" Time="152118">UpdateSchema "CIMDATA=&lt;CIMStandardDataConnection xsi:type='typens:CIMStandardDataConnection' xmlns:xsi='http://www.w3.org/2001/XMLSchema-instance' xmlns:xs='http://www.w3.org/2001/XMLSchema' xmlns:typens='http://www.esri.com/schemas/ArcGIS/2.9.0'&gt;&lt;WorkspaceConnectionString&gt;DATABASE=C:\Users\umallra\Desktop\09_VULNERABILITE_2022_Shape.gdb&lt;/WorkspaceConnectionString&gt;&lt;WorkspaceFactory&gt;FileGDB&lt;/WorkspaceFactory&gt;&lt;Dataset&gt;Vulnerabilite_Finale&lt;/Dataset&gt;&lt;DatasetType&gt;esriDTFeatureClass&lt;/DatasetType&gt;&lt;/CIMStandardDataConnection&gt;" &lt;operationSequence&gt;&lt;workflow&gt;&lt;DeleteField&gt;&lt;field_name&gt;Chaleur&lt;/field_name&gt;&lt;field_name&gt;Secheresse&lt;/field_name&gt;&lt;field_name&gt;Pluies&lt;/field_name&gt;&lt;field_name&gt;Crues&lt;/field_name&gt;&lt;field_name&gt;Tempetes&lt;/field_name&gt;&lt;/DeleteField&gt;&lt;/workflow&gt;&lt;/operationSequence&gt;</Process><Process ToolSource="c:\users\umallra\appdata\local\programs\arcgis\pro\Resources\ArcToolbox\toolboxes\Conversion Tools.tbx\FeatureClassToFeatureClass" Date="20221108" Time="154134">FeatureClassToFeatureClass C:\Users\umallra\Desktop\09_VULNERABILITE_2022_Shape.gdb\Vulnerabilite_Finale C:\Users\umallra\Desktop\09_Vulnerabilite_Shape Vulnerabilite_2022.shp # "PageName "PageName" true true false 255 Text 0 0,First,#,C:\Users\umallra\Desktop\09_VULNERABILITE_2022_Shape.gdb\Vulnerabilite_Finale,PageName,0,255;PageNumber "PageNumber" true true false 4 Long 0 0,First,#,C:\Users\umallra\Desktop\09_VULNERABILITE_2022_Shape.gdb\Vulnerabilite_Finale,PageNumber,-1,-1;ChaleurCl "VulnerabiliteChaleur_MANUAL_CLASS" true true false 4 Long 0 0,First,#,C:\Users\umallra\Desktop\09_VULNERABILITE_2022_Shape.gdb\Vulnerabilite_Finale,ChaleurCl,-1,-1;SecheresCl "VulnerabiliteSecheresse_MANUAL_CLASS" true true false 4 Long 0 0,First,#,C:\Users\umallra\Desktop\09_VULNERABILITE_2022_Shape.gdb\Vulnerabilite_Finale,SecheresCl,-1,-1;TempeteCl "VulnerabiliteTempetes_MANUAL_CLASS" true true false 4 Long 0 0,First,#,C:\Users\umallra\Desktop\09_VULNERABILITE_2022_Shape.gdb\Vulnerabilite_Finale,TempeteCl,-1,-1;PluiesCl "VulnerabilitePluies_MANUAL_CLASS" true true false 4 Long 0 0,First,#,C:\Users\umallra\Desktop\09_VULNERABILITE_2022_Shape.gdb\Vulnerabilite_Finale,PluiesCl,-1,-1;CruesCl "VulnerabiliteCrues_MANUAL1_CLASS" true true false 255 Text 0 0,First,#,C:\Users\umallra\Desktop\09_VULNERABILITE_2022_Shape.gdb\Vulnerabilite_Finale,CruesCl,0,255;ChaleurCat "ChaleurCategorie" true true false 25 Text 0 0,First,#,C:\Users\umallra\Desktop\09_VULNERABILITE_2022_Shape.gdb\Vulnerabilite_Finale,ChaleurCat,0,25;PluiesCat "PluiesCategorie" true true false 25 Text 0 0,First,#,C:\Users\umallra\Desktop\09_VULNERABILITE_2022_Shape.gdb\Vulnerabilite_Finale,PluiesCat,0,25;SechereCat "SecheresseCategorie" true true false 25 Text 0 0,First,#,C:\Users\umallra\Desktop\09_VULNERABILITE_2022_Shape.gdb\Vulnerabilite_Finale,SechereCat,0,25;CruesCat "CruesCategorie" true true false 25 Text 0 0,First,#,C:\Users\umallra\Desktop\09_VULNERABILITE_2022_Shape.gdb\Vulnerabilite_Finale,CruesCat,0,25;TempeteCat "TempeteCategorie" true true false 25 Text 0 0,First,#,C:\Users\umallra\Desktop\09_VULNERABILITE_2022_Shape.gdb\Vulnerabilite_Finale,TempeteCat,0,25;SHAPE_Length "SHAPE_Length" false true true 8 Double 0 0,First,#,C:\Users\umallra\Desktop\09_VULNERABILITE_2022_Shape.gdb\Vulnerabilite_Finale,SHAPE_Length,-1,-1;SHAPE_Area "SHAPE_Area" false true true 8 Double 0 0,First,#,C:\Users\umallra\Desktop\09_VULNERABILITE_2022_Shape.gdb\Vulnerabilite_Finale,SHAPE_Area,-1,-1" #</Process></lineage><itemProps><itemLocation><linkage Sync="TRUE">file://\\VP1356131\C$\Users\umallra\Desktop\09_Vulnerabilite_Shape\Vulnerabilite_2022.shp</linkage><protocol Sync="TRUE">Local Area Network</protocol></itemLocation><itemName Sync="TRUE">Vulnerabilite_2022</itemName><imsContentType Sync="TRUE">002</imsContentType><itemSize Sync="TRUE">0.000</itemSize></itemProps><coordRef><type Sync="TRUE">Projected</type><geogcsn Sync="TRUE">GCS_North_American_1983_CSRS</geogcsn><csUnits Sync="TRUE">Linear Unit: Meter (1.000000)</csUnits><projcsn Sync="TRUE">NAD_1983_CSRS_MTM_8</projcsn><peXml Sync="TRUE">&lt;ProjectedCoordinateSystem xsi:type='typens:ProjectedCoordinateSystem' xmlns:xsi='http://www.w3.org/2001/XMLSchema-instance' xmlns:xs='http://www.w3.org/2001/XMLSchema' xmlns:typens='http://www.esri.com/schemas/ArcGIS/2.9.0'&gt;&lt;WKT&gt;PROJCS[&amp;quot;NAD_1983_CSRS_MTM_8&amp;quot;,GEOGCS[&amp;quot;GCS_North_American_1983_CSRS&amp;quot;,DATUM[&amp;quot;D_North_American_1983_CSRS&amp;quot;,SPHEROID[&amp;quot;GRS_1980&amp;quot;,6378137.0,298.257222101]],PRIMEM[&amp;quot;Greenwich&amp;quot;,0.0],UNIT[&amp;quot;Degree&amp;quot;,0.0174532925199433]],PROJECTION[&amp;quot;Transverse_Mercator&amp;quot;],PARAMETER[&amp;quot;False_Easting&amp;quot;,304800.0],PARAMETER[&amp;quot;False_Northing&amp;quot;,0.0],PARAMETER[&amp;quot;Central_Meridian&amp;quot;,-73.5],PARAMETER[&amp;quot;Scale_Factor&amp;quot;,0.9999],PARAMETER[&amp;quot;Latitude_Of_Origin&amp;quot;,0.0],UNIT[&amp;quot;Meter&amp;quot;,1.0],AUTHORITY[&amp;quot;EPSG&amp;quot;,2950]]&lt;/WKT&gt;&lt;XOrigin&gt;-5317800&lt;/XOrigin&gt;&lt;YOrigin&gt;-10001100&lt;/YOrigin&gt;&lt;XYScale&gt;450310428.58990461&lt;/XYScale&gt;&lt;ZOrigin&gt;-100000&lt;/ZOrigin&gt;&lt;ZScale&gt;10000&lt;/ZScale&gt;&lt;MOrigin&gt;-100000&lt;/MOrigin&gt;&lt;MScale&gt;10000&lt;/MScale&gt;&lt;XYTolerance&gt;0.001&lt;/XYTolerance&gt;&lt;ZTolerance&gt;0.001&lt;/ZTolerance&gt;&lt;MTolerance&gt;0.001&lt;/MTolerance&gt;&lt;HighPrecision&gt;true&lt;/HighPrecision&gt;&lt;WKID&gt;2145&lt;/WKID&gt;&lt;LatestWKID&gt;2950&lt;/LatestWKID&gt;&lt;/ProjectedCoordinateSystem&gt;</peXml></coordRef></DataProperties><SyncDate>20221108</SyncDate><SyncTime>15404400</SyncTime><ModDate>20221108</ModDate><ModTime>15404400</ModTime></Esri><dataIdInfo><envirDesc Sync="TRUE">Microsoft Windows 10 Version 10.0 (Build 19044) ; Esri ArcGIS 12.9.0.32739</envirDesc><dataLang><languageCode value="fra" Sync="TRUE"></languageCode><countryCode value="CAN" Sync="TRUE"></countryCode></dataLang><idCitation><resTitle Sync="TRUE">Vulnerabilite_2022</resTitle><presForm><PresFormCd value="005" Sync="TRUE"></PresFormCd></presForm></idCitation><spatRpType><SpatRepTypCd value="001" Sync="TRUE"></SpatRepTypCd></spatRpType></dataIdInfo><mdLang><languageCode value="fra" Sync="TRUE"></languageCode><countryCode value="CAN" Sync="TRUE"></countryCode></mdLang><distInfo><distFormat><formatName Sync="TRUE">Shapefile</formatName></distFormat><distTranOps><transSize Sync="TRUE">0.000</transSize></distTranOps></distInfo><mdHrLv><ScopeCd value="005" Sync="TRUE"></ScopeCd></mdHrLv><mdHrLvName Sync="TRUE">dataset</mdHrLvName><refSysInfo><RefSystem><refSysID><identCode code="2950" Sync="TRUE"></identCode><idCodeSpace Sync="TRUE">EPSG</idCodeSpace><idVersion Sync="TRUE">6.15(9.3.0.0)</idVersion></refSysID></RefSystem></refSysInfo><spatRepInfo><VectSpatRep><geometObjs Name="Vulnerabilite_2022"><geoObjTyp><GeoObjTypCd value="002" Sync="TRUE"></GeoObjTypCd></geoObjTyp><geoObjCnt Sync="TRUE">0</geoObjCnt></geometObjs><topLvl><TopoLevCd value="001" Sync="TRUE"></TopoLevCd></topLvl></VectSpatRep></spatRepInfo><spdoinfo><ptvctinf><esriterm Name="Vulnerabilite_2022"><efeatyp Sync="TRUE">Simple</efeatyp><efeageom code="4" Sync="TRUE"></efeageom><esritopo Sync="TRUE">FALSE</esritopo><efeacnt Sync="TRUE">0</efeacnt><spindex Sync="TRUE">FALSE</spindex><linrefer Sync="TRUE">FALSE</linrefer></esriterm></ptvctinf></spdoinfo><eainfo><detailed Name="Vulnerabilite_2022"><enttyp><enttypl Sync="TRUE">Vulnerabilite_2022</enttypl><enttypt Sync="TRUE">Feature Class</enttypt><enttypc Sync="TRUE">0</enttypc></enttyp><attr><attrlabl Sync="TRUE">FID</attrlabl><attalias Sync="TRUE">FID</attalias><attrtype Sync="TRUE">OID</attrtype><attwidth Sync="TRUE">4</attwidth><atprecis Sync="TRUE">0</atprecis><attscale Sync="TRUE">0</attscale><attrdef Sync="TRUE">Internal feature number.</attrdef><attrdefs Sync="TRUE">Esri</attrdefs><attrdomv><udom Sync="TRUE">Sequential unique whole numbers that are automatically generated.</udom></attrdomv></attr><attr><attrlabl Sync="TRUE">Shape</attrlabl><attalias Sync="TRUE">Shape</attalias><attrtype Sync="TRUE">Geometry</attrtype><attwidth Sync="TRUE">0</attwidth><atprecis Sync="TRUE">0</atprecis><attscale Sync="TRUE">0</attscale><attrdef Sync="TRUE">Feature geometry.</attrdef><attrdefs Sync="TRUE">Esri</attrdefs><attrdomv><udom Sync="TRUE">Coordinates defining the features.</udom></attrdomv></attr><attr><attrlabl Sync="TRUE">PageName</attrlabl><attalias Sync="TRUE">PageName</attalias><attrtype Sync="TRUE">String</attrtype><attwidth Sync="TRUE">254</attwidth><atprecis Sync="TRUE">0</atprecis><attscale Sync="TRUE">0</attscale></attr><attr><attrlabl Sync="TRUE">PageNumber</attrlabl><attalias Sync="TRUE">PageNumber</attalias><attrtype Sync="TRUE">Integer</attrtype><attwidth Sync="TRUE">10</attwidth><atprecis Sync="TRUE">10</atprecis><attscale Sync="TRUE">0</attscale></attr><attr><attrlabl Sync="TRUE">ChaleurCl</attrlabl><attalias Sync="TRUE">ChaleurCl</attalias><attrtype Sync="TRUE">Integer</attrtype><attwidth Sync="TRUE">10</attwidth><atprecis Sync="TRUE">10</atprecis><attscale Sync="TRUE">0</attscale></attr><attr><attrlabl Sync="TRUE">SecheresCl</attrlabl><attalias Sync="TRUE">SecheresCl</attalias><attrtype Sync="TRUE">Integer</attrtype><attwidth Sync="TRUE">10</attwidth><atprecis Sync="TRUE">10</atprecis><attscale Sync="TRUE">0</attscale></attr><attr><attrlabl Sync="TRUE">TempeteCl</attrlabl><attalias Sync="TRUE">TempeteCl</attalias><attrtype Sync="TRUE">Integer</attrtype><attwidth Sync="TRUE">10</attwidth><atprecis Sync="TRUE">10</atprecis><attscale Sync="TRUE">0</attscale></attr><attr><attrlabl Sync="TRUE">PluiesCl</attrlabl><attalias Sync="TRUE">PluiesCl</attalias><attrtype Sync="TRUE">Integer</attrtype><attwidth Sync="TRUE">10</attwidth><atprecis Sync="TRUE">10</atprecis><attscale Sync="TRUE">0</attscale></attr><attr><attrlabl Sync="TRUE">CruesCl</attrlabl><attalias Sync="TRUE">CruesCl</attalias><attrtype Sync="TRUE">String</attrtype><attwidth Sync="TRUE">254</attwidth><atprecis Sync="TRUE">0</atprecis><attscale Sync="TRUE">0</attscale></attr><attr><attrlabl Sync="TRUE">ChaleurCat</attrlabl><attalias Sync="TRUE">ChaleurCat</attalias><attrtype Sync="TRUE">String</attrtype><attwidth Sync="TRUE">25</attwidth><atprecis Sync="TRUE">0</atprecis><attscale Sync="TRUE">0</attscale></attr><attr><attrlabl Sync="TRUE">PluiesCat</attrlabl><attalias Sync="TRUE">PluiesCat</attalias><attrtype Sync="TRUE">String</attrtype><attwidth Sync="TRUE">25</attwidth><atprecis Sync="TRUE">0</atprecis><attscale Sync="TRUE">0</attscale></attr><attr><attrlabl Sync="TRUE">SechereCat</attrlabl><attalias Sync="TRUE">SechereCat</attalias><attrtype Sync="TRUE">String</attrtype><attwidth Sync="TRUE">25</attwidth><atprecis Sync="TRUE">0</atprecis><attscale Sync="TRUE">0</attscale></attr><attr><attrlabl Sync="TRUE">CruesCat</attrlabl><attalias Sync="TRUE">CruesCat</attalias><attrtype Sync="TRUE">String</attrtype><attwidth Sync="TRUE">25</attwidth><atprecis Sync="TRUE">0</atprecis><attscale Sync="TRUE">0</attscale></attr><attr><attrlabl Sync="TRUE">TempeteCat</attrlabl><attalias Sync="TRUE">TempeteCat</attalias><attrtype Sync="TRUE">String</attrtype><attwidth Sync="TRUE">25</attwidth><atprecis Sync="TRUE">0</atprecis><attscale Sync="TRUE">0</attscale></attr><attr><attrlabl Sync="TRUE">SHAPE_Leng</attrlabl><attalias Sync="TRUE">SHAPE_Leng</attalias><attrtype Sync="TRUE">Double</attrtype><attwidth Sync="TRUE">19</attwidth><atprecis Sync="TRUE">0</atprecis><attscale Sync="TRUE">0</attscale></attr><attr><attrlabl Sync="TRUE">SHAPE_Area</attrlabl><attalias Sync="TRUE">SHAPE_Area</attalias><attrtype Sync="TRUE">Double</attrtype><attwidth Sync="TRUE">19</attwidth><atprecis Sync="TRUE">0</atprecis><attscale Sync="TRUE">0</attscale><attrdef Sync="TRUE">Area of feature in internal units squared.</attrdef><attrdefs Sync="TRUE">Esri</attrdefs><attrdomv><udom Sync="TRUE">Positive real numbers that are automatically generated.</udom></attrdomv></attr></detailed></eainfo><mdDateSt Sync="TRUE">20221108</mdDateSt></metadata>
