,,,,,,,
,,"Arrondissement de LaSalle",,,,,
,,,,,,,
"Répartition des activités régulières offertes en fonction des disciplines et selon les groupes d'âge",,,,,,,
"Discipline","0-14 ans Nb d'activités","15-34 ans Nb d'activités","35-54 ans Nb d'activités","55 ans et + Nb d'activités","Multi-âge","Parents enfants","Total"
"Arts visuels",4,3,16,12,,,35
"Arts dramatiques",5,4,3,1,,,13
"Arts du cirque",1,,,,,,1
"Arts urbains",5,8,,,,,13
"Arts médiatiques",1,,7,,,,8
"Musique",2,4,4,2,7,,19
"Danse",15,9,13,21,4,,62
"Métiers d'art",,,9,12,,,21
"Création et performance littéraire",,1,,2,,,3
"TOTAL",33,29,52,50,11,0,175
,,,,,,,
,,,,,,,
"Importance relative des activités régulières offertes en fonction des disciplines et selon les groupes d'âge",,,,,,,
"Discipline","0-14 ans % d'activités","15-34 ans % d'activités","35-54 ans % d'activités","55 ans et + % d'activités","Multi-âge","Parents enfants","Total
%"
"Arts visuels","11,4285714285714%","8,57142857142857%","45,7142857142857%","34,2857142857143%",0%,0%,100%
"Arts dramatiques","38,4615384615385%","30,7692307692308%","23,0769230769231%","7,69230769230769%",0%,0%,100%
"Arts du cirque",100%,0%,0%,0%,0%,0%,100%
"Arts urbains","38,4615384615385%","61,5384615384615%",0%,0%,0%,0%,100%
"Arts médiatiques","12,5%",0%,"87,5%",0%,0%,0%,100%
"Musique","10,5263157894737%","21,0526315789474%","21,0526315789474%","10,5263157894737%","36,8421052631579%",0%,100%
"Danse","24,1935483870968%","14,5161290322581%","20,9677419354839%","33,8709677419355%","6,45161290322581%",0%,100%
"Métiers d'art",0%,0%,"42,8571428571429%","57,1428571428571%",0%,0%,100%
"Création et performance littéraire",0%,"33,3333333333333%",0%,"66,6666666666667%",0%,0%,100%
,,,,,,,
"Toutes les disciplines","18,8571428571429%","16,5714285714286%","29,7142857142857%","28,5714285714286%","6,28571428571429%",0%,100%
"Répartition de la population (2006)","15,2%","24,7%","29,6%","30,4%",,,
