<?xml version="1.0" encoding="utf-8"?>
<export xmlns:xsi="http://www.w3.org/2001/XMLSchema-instance" xmlns:xsd="http://www.w3.org/2001/XMLSchema" datedebut="2022-05-01" datefin="2022-05-31">
  <contrat>
    <numeroseao>874702</numeroseao>
    <numero>8903-14-QA02</numero>
    <datefinale>2022-02-14</datefinale>
    <datepublicationfinale>2022-06-01</datepublicationfinale>
    <montantfinal>25991.550000</montantfinal>
    <nomcontractant>Inspec-Sol inc.</nomcontractant>
    <neqcontractant>1148070619</neqcontractant>
  </contrat>
  <contrat>
    <numeroseao>946481</numeroseao>
    <numero>2016-55-03</numero>
    <datefinale>2021-12-31</datefinale>
    <datepublicationfinale>2020-02-18</datepublicationfinale>
    <montantfinal>1001133.340000</montantfinal>
    <nomcontractant>SNC-LAVALIN INC.</nomcontractant>
    <neqcontractant>1142775999</neqcontractant>
  </contrat>
  <contrat>
    <numeroseao>950736</numeroseao>
    <numero>12FI35</numero>
    <datefinale>2021-12-31</datefinale>
    <datepublicationfinale>2019-03-21</datepublicationfinale>
    <montantfinal>52757.770000</montantfinal>
    <nomcontractant>C3F Télécom Inc.</nomcontractant>
    <neqcontractant>1170617154</neqcontractant>
  </contrat>
  <contrat>
    <numeroseao>957462</numeroseao>
    <numero>2016-65-08</numero>
    <datefinale>2020-05-01</datefinale>
    <datepublicationfinale>2018-11-01</datepublicationfinale>
    <montantfinal>77332.320000</montantfinal>
    <nomcontractant>SNC-LAVALIN INC.</nomcontractant>
    <neqcontractant>1142775999</neqcontractant>
  </contrat>
  <contrat>
    <numeroseao>1016485</numeroseao>
    <numero>7001-16-MA01</numero>
    <datefinale>2022-03-03</datefinale>
    <datepublicationfinale>2021-11-03</datepublicationfinale>
    <montantfinal>149900.000000</montantfinal>
    <nomcontractant>Servitech Services-Conseil inc.</nomcontractant>
    <neqcontractant>1148738850</neqcontractant>
  </contrat>
  <contrat>
    <numeroseao>1017909</numeroseao>
    <numero>2016-50-120</numero>
    <datefinale>2019-12-31</datefinale>
    <datepublicationfinale>2019-11-08</datepublicationfinale>
    <montantfinal>251357.720000</montantfinal>
    <nomcontractant>KIK Holdco Company inc.</nomcontractant>
    <neqcontractant>1170262100</neqcontractant>
  </contrat>
  <contrat>
    <numeroseao>1150559</numeroseao>
    <numero>2018-50-31</numero>
    <datefinale>2020-08-31</datefinale>
    <datepublicationfinale>2019-11-20</datepublicationfinale>
    <montantfinal>537136.810000</montantfinal>
    <nomcontractant>VOLTEC LTÉE</nomcontractant>
    <neqcontractant>1143714153</neqcontractant>
  </contrat>
  <contrat>
    <numeroseao>1152023</numeroseao>
    <numero>999108578</numero>
    <datefinale>2022-03-31</datefinale>
    <datepublicationfinale>2020-01-16</datepublicationfinale>
    <montantfinal>2098139.970000</montantfinal>
    <nomcontractant>Brad inc.</nomcontractant>
    <neqcontractant>1173612723</neqcontractant>
  </contrat>
  <contrat>
    <numeroseao>1162825</numeroseao>
    <numero>5306-17-QF03</numero>
    <datefinale>2022-02-25</datefinale>
    <datepublicationfinale>2022-02-28</datepublicationfinale>
    <montantfinal>0.000000</montantfinal>
    <nomcontractant>MOMENTUM TECHNOLOGIES INC.</nomcontractant>
    <neqcontractant>1172183106</neqcontractant>
  </contrat>
  <contrat>
    <numeroseao>1162825</numeroseao>
    <numero>5306-17-QF03</numero>
    <datefinale>2022-02-25</datefinale>
    <datepublicationfinale>2022-02-28</datepublicationfinale>
    <montantfinal>14550.000000</montantfinal>
    <nomcontractant>SOCIÉTÉ CONSEIL GROUPE LGS</nomcontractant>
    <neqcontractant>1142691709</neqcontractant>
  </contrat>
  <contrat>
    <numeroseao>1164588</numeroseao>
    <numero>2018SCA126</numero>
    <datefinale>2021-05-31</datefinale>
    <datepublicationfinale>2021-06-01</datepublicationfinale>
    <montantfinal>27705.000000</montantfinal>
    <nomcontractant>SVM Services canada LTD</nomcontractant>
    <neqcontractant>1170346192</neqcontractant>
  </contrat>
  <contrat>
    <numeroseao>1168741</numeroseao>
    <numero>2018-03</numero>
    <datefinale>2020-07-31</datefinale>
    <datepublicationfinale>2020-09-01</datepublicationfinale>
    <montantfinal>34547.790000</montantfinal>
    <nomcontractant>Godbout et fils</nomcontractant>
    <neqcontractant>3362569470</neqcontractant>
  </contrat>
  <contrat>
    <numeroseao>1193744</numeroseao>
    <numero>7186-18-NO01</numero>
    <datefinale>2022-05-06</datefinale>
    <datepublicationfinale>2021-06-17</datepublicationfinale>
    <montantfinal>155812.660000</montantfinal>
    <nomcontractant>Ferme J.P. Côté et fils inc.</nomcontractant>
    <neqcontractant>2270292214</neqcontractant>
  </contrat>
  <contrat>
    <numeroseao>1200276</numeroseao>
    <numero>30577000</numero>
    <datefinale>2021-09-30</datefinale>
    <datepublicationfinale>2021-12-22</datepublicationfinale>
    <montantfinal>75987.670000</montantfinal>
    <nomcontractant>137269 CANADA LTÉE</nomcontractant>
    <neqcontractant>1143264449</neqcontractant>
  </contrat>
  <contrat>
    <numeroseao>1209433</numeroseao>
    <numero>34018100</numero>
    <datefinale />
    <datepublicationfinale>2022-03-17</datepublicationfinale>
    <montantfinal>0.000000</montantfinal>
    <nomcontractant>LES AGENCES ROBERT JANVIER LTÉE</nomcontractant>
    <neqcontractant>1143317361</neqcontractant>
  </contrat>
  <contrat>
    <numeroseao>1210556</numeroseao>
    <numero>8611-17-0301</numero>
    <datefinale>2022-05-17</datefinale>
    <datepublicationfinale>2022-03-23</datepublicationfinale>
    <montantfinal>274469.430000</montantfinal>
    <nomcontractant>ENTREPRISE D'ÉLECTRICITÉ LAURENT SOREL INC.</nomcontractant>
    <neqcontractant>1141784729</neqcontractant>
  </contrat>
  <contrat>
    <numeroseao>1211910</numeroseao>
    <numero>S18-10-23-642</numero>
    <datefinale>2022-02-01</datefinale>
    <datepublicationfinale>2022-01-14</datepublicationfinale>
    <montantfinal>271335.970000</montantfinal>
    <nomcontractant>MÉCANICACTION INC.</nomcontractant>
    <neqcontractant>1166046475</neqcontractant>
  </contrat>
  <contrat>
    <numeroseao>1239632</numeroseao>
    <numero>34996000</numero>
    <datefinale>2022-02-03</datefinale>
    <datepublicationfinale>2021-12-20</datepublicationfinale>
    <montantfinal>1054895.230000</montantfinal>
    <nomcontractant>REVÊTEMENTS MÉTALLIQUES PRÉVOST INC.</nomcontractant>
    <neqcontractant>1149183791</neqcontractant>
  </contrat>
  <contrat>
    <numeroseao>1259598</numeroseao>
    <numero>HM-130</numero>
    <datefinale>2019-12-31</datefinale>
    <datepublicationfinale>2021-05-27</datepublicationfinale>
    <montantfinal>41090.910000</montantfinal>
    <nomcontractant>Xylem inc.</nomcontractant>
    <neqcontractant>1140373151</neqcontractant>
  </contrat>
  <contrat>
    <numeroseao>1259609</numeroseao>
    <numero>TP-206</numero>
    <datefinale>2019-12-31</datefinale>
    <datepublicationfinale>2021-05-27</datepublicationfinale>
    <montantfinal>42206.160000</montantfinal>
    <nomcontractant>Entretiens J.R. Villeneuve</nomcontractant>
    <neqcontractant>1140399651</neqcontractant>
  </contrat>
  <contrat>
    <numeroseao>1261244</numeroseao>
    <numero>VB8966-290419</numero>
    <datefinale>2020-11-26</datefinale>
    <datepublicationfinale>2022-04-19</datepublicationfinale>
    <montantfinal>2034785.410000</montantfinal>
    <nomcontractant>ENTREPRISES G.N.P. INC.</nomcontractant>
    <neqcontractant>1143695105</neqcontractant>
  </contrat>
  <contrat>
    <numeroseao>1261466</numeroseao>
    <numero>2019-70-32</numero>
    <datefinale>2020-08-27</datefinale>
    <datepublicationfinale>2020-03-11</datepublicationfinale>
    <montantfinal>79533.960000</montantfinal>
    <nomcontractant>Ébénisterie BPM inc.</nomcontractant>
    <neqcontractant>1170141361</neqcontractant>
  </contrat>
  <contrat>
    <numeroseao>1270000</numeroseao>
    <numero>950500-190517</numero>
    <datefinale>2022-01-17</datefinale>
    <datepublicationfinale>2022-01-17</datepublicationfinale>
    <montantfinal>428340.830000</montantfinal>
    <nomcontractant>2646-1871 QUÉBEC INC.</nomcontractant>
    <neqcontractant>1143216548</neqcontractant>
  </contrat>
  <contrat>
    <numeroseao>1288446</numeroseao>
    <numero>7000686</numero>
    <datefinale>2020-04-30</datefinale>
    <datepublicationfinale>2020-08-04</datepublicationfinale>
    <montantfinal>14227.980000</montantfinal>
    <nomcontractant>Média-Transcontinental S.E.N.C / Groupe Constructo</nomcontractant>
    <neqcontractant>3361761490</neqcontractant>
  </contrat>
  <contrat>
    <numeroseao>1293337</numeroseao>
    <numero>7001-19-PA04</numero>
    <datefinale>2022-03-31</datefinale>
    <datepublicationfinale>2022-04-05</datepublicationfinale>
    <montantfinal>5850.000000</montantfinal>
    <nomcontractant>Contrôle de la faune Trappeurs experts Nord-Sud</nomcontractant>
    <neqcontractant>2248911259</neqcontractant>
  </contrat>
  <contrat>
    <numeroseao>1307700</numeroseao>
    <numero>999109203</numero>
    <datefinale>2021-04-30</datefinale>
    <datepublicationfinale>2021-09-09</datepublicationfinale>
    <montantfinal>606543.630000</montantfinal>
    <nomcontractant>ENVELOPPE CONCEPT INC.</nomcontractant>
    <neqcontractant>1146424859</neqcontractant>
  </contrat>
  <contrat>
    <numeroseao>1314397</numeroseao>
    <numero>TP-212</numero>
    <datefinale>2022-02-07</datefinale>
    <datepublicationfinale>2021-05-25</datepublicationfinale>
    <montantfinal>114147.170000</montantfinal>
    <nomcontractant>Gestion Unisol inc.</nomcontractant>
    <neqcontractant>1145951472</neqcontractant>
  </contrat>
  <contrat>
    <numeroseao>1346798</numeroseao>
    <numero>45000981</numero>
    <datefinale />
    <datepublicationfinale>2022-04-12</datepublicationfinale>
    <montantfinal>0.000000</montantfinal>
    <nomcontractant>Hexarem Inc.</nomcontractant>
    <neqcontractant>1168891381</neqcontractant>
  </contrat>
  <contrat>
    <numeroseao>1351918</numeroseao>
    <numero>MH-2019-2020-23</numero>
    <datefinale>2022-05-10</datefinale>
    <datepublicationfinale>2021-10-28</datepublicationfinale>
    <montantfinal>103112.230000</montantfinal>
    <nomcontractant>AGILENT TECHNOLOGIES CANADA INC.</nomcontractant>
    <neqcontractant>1148717821</neqcontractant>
  </contrat>
  <contrat>
    <numeroseao>1354042</numeroseao>
    <numero>19-02-49-141</numero>
    <datefinale>2021-02-18</datefinale>
    <datepublicationfinale>2021-02-19</datepublicationfinale>
    <montantfinal>42072.000000</montantfinal>
    <nomcontractant>GOSecure inc.</nomcontractant>
    <neqcontractant>1173628513</neqcontractant>
  </contrat>
  <contrat>
    <numeroseao>1355495</numeroseao>
    <numero>6708-20-SH01</numero>
    <datefinale>2022-04-07</datefinale>
    <datepublicationfinale>2021-07-30</datepublicationfinale>
    <montantfinal>85603.750000</montantfinal>
    <nomcontractant>Veolis ES Canada Services Industrioels inc.</nomcontractant>
    <neqcontractant>1166357260</neqcontractant>
  </contrat>
  <contrat>
    <numeroseao>1358615</numeroseao>
    <numero>9008-20-PA01</numero>
    <datefinale>2022-05-06</datefinale>
    <datepublicationfinale>2022-04-08</datepublicationfinale>
    <montantfinal>50287.500000</montantfinal>
    <nomcontractant>Récupération L. Maillé 2016</nomcontractant>
    <neqcontractant>2271283709</neqcontractant>
  </contrat>
  <contrat>
    <numeroseao>1386126</numeroseao>
    <numero>DA-462403</numero>
    <datefinale>2022-02-03</datefinale>
    <datepublicationfinale>2020-11-24</datepublicationfinale>
    <montantfinal>80581.000000</montantfinal>
    <nomcontractant>Malvern Panalytical</nomcontractant>
    <neqcontractant>1169728640</neqcontractant>
  </contrat>
  <contrat>
    <numeroseao>1395730</numeroseao>
    <numero>44511331</numero>
    <datefinale />
    <datepublicationfinale>2022-04-14</datepublicationfinale>
    <montantfinal>0.000000</montantfinal>
    <nomcontractant>MLC Associés</nomcontractant>
    <neqcontractant>1148027114</neqcontractant>
  </contrat>
  <contrat>
    <numeroseao>1412309</numeroseao>
    <numero>2020-0246-06</numero>
    <datefinale>2022-04-18</datefinale>
    <datepublicationfinale>2021-09-24</datepublicationfinale>
    <montantfinal>93244.340000</montantfinal>
    <nomcontractant>SNC-Lavalin Stavibel inc.</nomcontractant>
    <neqcontractant>1168081983</neqcontractant>
  </contrat>
  <contrat>
    <numeroseao>1412824</numeroseao>
    <numero>20-423-GG-S-1</numero>
    <datefinale>2020-07-13</datefinale>
    <datepublicationfinale>2021-08-10</datepublicationfinale>
    <montantfinal>413482.500000</montantfinal>
    <nomcontractant>Solution idoine inc</nomcontractant>
    <neqcontractant>1175385351</neqcontractant>
  </contrat>
  <contrat>
    <numeroseao>1437964</numeroseao>
    <numero>499542-040121</numero>
    <datefinale>2021-12-07</datefinale>
    <datepublicationfinale>2022-03-16</datepublicationfinale>
    <montantfinal>70191.380000</montantfinal>
    <nomcontractant>CONSTRUCTION G. LEPAGE INC.</nomcontractant>
    <neqcontractant>1166220146</neqcontractant>
  </contrat>
  <contrat>
    <numeroseao>1442762</numeroseao>
    <numero>6401-21-0006</numero>
    <datefinale>2021-09-13</datefinale>
    <datepublicationfinale>2021-10-07</datepublicationfinale>
    <montantfinal>310420.300000</montantfinal>
    <nomcontractant>MASKIMO CONSTRUCTION INC.</nomcontractant>
    <neqcontractant>1164900954</neqcontractant>
  </contrat>
  <contrat>
    <numeroseao>1448950</numeroseao>
    <numero>2020-IM-01-0425-002</numero>
    <datefinale>2022-01-17</datefinale>
    <datepublicationfinale>2022-01-27</datepublicationfinale>
    <montantfinal>663594.540000</montantfinal>
    <nomcontractant>Construction Nasco</nomcontractant>
    <neqcontractant>1160751369</neqcontractant>
  </contrat>
  <contrat>
    <numeroseao>1454236</numeroseao>
    <numero>0920-400/43416</numero>
    <datefinale>2021-12-29</datefinale>
    <datepublicationfinale>2022-04-28</datepublicationfinale>
    <montantfinal>46767.800000</montantfinal>
    <nomcontractant>Construction Camara</nomcontractant>
    <neqcontractant>1164339989</neqcontractant>
  </contrat>
  <contrat>
    <numeroseao>1457506</numeroseao>
    <numero>21-143-GG-S</numero>
    <datefinale>2021-12-31</datefinale>
    <datepublicationfinale>2022-01-25</datepublicationfinale>
    <montantfinal>65370.570000</montantfinal>
    <nomcontractant>Pagenet</nomcontractant>
    <neqcontractant>1164989510</neqcontractant>
  </contrat>
  <contrat>
    <numeroseao>1457553</numeroseao>
    <numero>0920-400/43364</numero>
    <datefinale>2021-12-16</datefinale>
    <datepublicationfinale>2022-04-28</datepublicationfinale>
    <montantfinal>61103.680000</montantfinal>
    <nomcontractant>Construction Camara</nomcontractant>
    <neqcontractant>1164339989</neqcontractant>
  </contrat>
  <contrat>
    <numeroseao>1462460</numeroseao>
    <numero>EV20-040</numero>
    <datefinale>2022-01-20</datefinale>
    <datepublicationfinale>2022-02-11</datepublicationfinale>
    <montantfinal>648595.000000</montantfinal>
    <nomcontractant>DESHAIES &amp; RAYMOND INC.</nomcontractant>
    <neqcontractant>1141862608</neqcontractant>
  </contrat>
  <contrat>
    <numeroseao>1463841</numeroseao>
    <numero>7001022</numero>
    <datefinale>2021-08-31</datefinale>
    <datepublicationfinale>2021-11-03</datepublicationfinale>
    <montantfinal>27642.080000</montantfinal>
    <nomcontractant>CISSS MONTEREGIE CENTRE</nomcontractant>
    <neqcontractant>8870844246</neqcontractant>
  </contrat>
  <contrat>
    <numeroseao>1463983</numeroseao>
    <numero>0920-400/43414</numero>
    <datefinale>2021-12-18</datefinale>
    <datepublicationfinale>2022-04-28</datepublicationfinale>
    <montantfinal>40070.410000</montantfinal>
    <nomcontractant>BauVal Inc.</nomcontractant>
    <neqcontractant>1161846663</neqcontractant>
  </contrat>
  <contrat>
    <numeroseao>1470181</numeroseao>
    <numero>21-199-GG-S</numero>
    <datefinale>2021-06-18</datefinale>
    <datepublicationfinale>2021-08-10</datepublicationfinale>
    <montantfinal>85018.940000</montantfinal>
    <nomcontractant>Nautilus</nomcontractant>
    <neqcontractant>1165144230</neqcontractant>
  </contrat>
  <contrat>
    <numeroseao>1471059</numeroseao>
    <numero>D19-4763-3</numero>
    <datefinale>2021-09-30</datefinale>
    <datepublicationfinale>2021-11-11</datepublicationfinale>
    <montantfinal>187886.000000</montantfinal>
    <nomcontractant>DESHAIES &amp; RAYMOND INC.</nomcontractant>
    <neqcontractant>1141862608</neqcontractant>
  </contrat>
  <contrat>
    <numeroseao>1485200</numeroseao>
    <numero>5301-21-PF06</numero>
    <datefinale>2022-05-17</datefinale>
    <datepublicationfinale>2022-03-09</datepublicationfinale>
    <montantfinal>39396.380000</montantfinal>
    <nomcontractant>SADA Systems, Inc</nomcontractant>
    <neqcontractant />
  </contrat>
  <contrat>
    <numeroseao>1494106</numeroseao>
    <numero>20-431-GG-S</numero>
    <datefinale>2021-04-27</datefinale>
    <datepublicationfinale>2021-08-10</datepublicationfinale>
    <montantfinal>32239.690000</montantfinal>
    <nomcontractant>Entretien Chevalier inc.</nomcontractant>
    <neqcontractant>1168593995</neqcontractant>
  </contrat>
  <contrat>
    <numeroseao>1515605</numeroseao>
    <numero>2021-08-180</numero>
    <datefinale>2021-12-31</datefinale>
    <datepublicationfinale>2022-03-29</datepublicationfinale>
    <montantfinal>88950.640000</montantfinal>
    <nomcontractant>Eurovia Québec Construction Inc.</nomcontractant>
    <neqcontractant>1169491884</neqcontractant>
  </contrat>
  <contrat>
    <numeroseao>1530801</numeroseao>
    <numero>21-4617</numero>
    <datefinale>2022-04-30</datefinale>
    <datepublicationfinale>2021-12-13</datepublicationfinale>
    <montantfinal>281242.790000</montantfinal>
    <nomcontractant>Les services infirmiers Novo-Soins inc.</nomcontractant>
    <neqcontractant>1174179599</neqcontractant>
  </contrat>
  <contrat>
    <numeroseao>1530940</numeroseao>
    <numero>21-4619</numero>
    <datefinale>2022-04-30</datefinale>
    <datepublicationfinale>2021-12-13</datepublicationfinale>
    <montantfinal>3014239.400000</montantfinal>
    <nomcontractant>Les services infirmiers Novo-Soins inc.</nomcontractant>
    <neqcontractant>1174179599</neqcontractant>
  </contrat>
  <contrat>
    <numeroseao>1546635</numeroseao>
    <numero>2021-0083</numero>
    <datefinale>2022-01-31</datefinale>
    <datepublicationfinale>2022-04-22</datepublicationfinale>
    <montantfinal>48664.780000</montantfinal>
    <nomcontractant>9431-6015 Québec inc.</nomcontractant>
    <neqcontractant>1176074756</neqcontractant>
  </contrat>
  <contrat>
    <numeroseao>1547446</numeroseao>
    <numero>486-09-2021</numero>
    <datefinale>2021-10-15</datefinale>
    <datepublicationfinale>2021-11-25</datepublicationfinale>
    <montantfinal>54124.520000</montantfinal>
    <nomcontractant>9376-2409 Québec inc.</nomcontractant>
    <neqcontractant>1173565715</neqcontractant>
  </contrat>
  <contrat>
    <numeroseao>1560820</numeroseao>
    <numero>STFÉ-2021-13</numero>
    <datefinale>2022-02-11</datefinale>
    <datepublicationfinale>2022-02-25</datepublicationfinale>
    <montantfinal>28232.740000</montantfinal>
    <nomcontractant>6842097 CANADA INC.</nomcontractant>
    <neqcontractant>1164735731</neqcontractant>
  </contrat>
  <contrat>
    <numeroseao>1593426</numeroseao>
    <numero>45001351</numero>
    <datefinale>2021-07-07</datefinale>
    <datepublicationfinale>2022-04-11</datepublicationfinale>
    <montantfinal>33000.000000</montantfinal>
    <nomcontractant>Alan Hartley Infrastructure Consulting Inc.</nomcontractant>
    <neqcontractant />
  </contrat>
</export>