<?xml version="1.0" encoding="utf-8"?>
<export xmlns:xsi="http://www.w3.org/2001/XMLSchema-instance" xmlns:xsd="http://www.w3.org/2001/XMLSchema" datedebut="2023-11-01" datefin="2023-11-30">
  <contrat>
    <numeroseao>614528</numeroseao>
    <numero>7106-13-0202</numero>
    <datefinale>2016-02-03</datefinale>
    <datepublicationfinale>2016-03-15</datepublicationfinale>
    <montantfinal>2683218.290000</montantfinal>
    <nomcontractant>ENTREPRISES R. &amp; G. ST-LAURENT INC.</nomcontractant>
    <neqcontractant>1140682171</neqcontractant>
  </contrat>
  <contrat>
    <numeroseao>669253</numeroseao>
    <numero>6301-11-HE21</numero>
    <datefinale>2023-10-24</datefinale>
    <datepublicationfinale>2023-01-31</datepublicationfinale>
    <montantfinal>82447.040000</montantfinal>
    <nomcontractant>Roche ltée, Groupe-Conseil</nomcontractant>
    <neqcontractant>1165310831</neqcontractant>
  </contrat>
  <contrat>
    <numeroseao>908409</numeroseao>
    <numero>7183-15-PA02</numero>
    <datefinale>2018-03-31</datefinale>
    <datepublicationfinale>2019-06-14</datepublicationfinale>
    <montantfinal>97360.000000</montantfinal>
    <nomcontractant>Contrôle d'Animaux Domestiques inc.</nomcontractant>
    <neqcontractant>1167490953</neqcontractant>
  </contrat>
  <contrat>
    <numeroseao>962197</numeroseao>
    <numero>7183-16-ST01</numero>
    <datefinale>2019-03-31</datefinale>
    <datepublicationfinale>2019-06-21</datepublicationfinale>
    <montantfinal>342092.140000</montantfinal>
    <nomcontractant>Mckinnon</nomcontractant>
    <neqcontractant>1169976843</neqcontractant>
  </contrat>
  <contrat>
    <numeroseao>1013196</numeroseao>
    <numero>5375-15-QF05</numero>
    <datefinale>2019-08-15</datefinale>
    <datepublicationfinale>2019-09-25</datepublicationfinale>
    <montantfinal>543144.000000</montantfinal>
    <nomcontractant>Bentley Canada Inc.</nomcontractant>
    <neqcontractant>1168913953</neqcontractant>
  </contrat>
  <contrat>
    <numeroseao>1068304</numeroseao>
    <numero>7183-17-SH06</numero>
    <datefinale>2023-11-02</datefinale>
    <datepublicationfinale>2020-06-05</datepublicationfinale>
    <montantfinal>260263.100000</montantfinal>
    <nomcontractant>VEOLIA ES CANADA SERVICES INDUSTRIELS INC.</nomcontractant>
    <neqcontractant>1166357260</neqcontractant>
  </contrat>
  <contrat>
    <numeroseao>1094322</numeroseao>
    <numero>32038600</numero>
    <datefinale>2022-07-31</datefinale>
    <datepublicationfinale>2022-10-06</datepublicationfinale>
    <montantfinal>332834.160000</montantfinal>
    <nomcontractant>Québec - Prosnet inc.</nomcontractant>
    <neqcontractant>1149089360</neqcontractant>
  </contrat>
  <contrat>
    <numeroseao>1120179</numeroseao>
    <numero>8503-16-1102</numero>
    <datefinale>2023-11-28</datefinale>
    <datepublicationfinale>2023-06-05</datepublicationfinale>
    <montantfinal>60379663.600000</montantfinal>
    <nomcontractant>L.A. HEBERT LTÉE</nomcontractant>
    <neqcontractant>1143421148</neqcontractant>
  </contrat>
  <contrat>
    <numeroseao>1139231</numeroseao>
    <numero>8910-18-PZ03</numero>
    <datefinale>2021-11-25</datefinale>
    <datepublicationfinale>2021-12-13</datepublicationfinale>
    <montantfinal>485598.140000</montantfinal>
    <nomcontractant>2991209 CANADA INC.</nomcontractant>
    <neqcontractant>1146312617</neqcontractant>
  </contrat>
  <contrat>
    <numeroseao>1173979</numeroseao>
    <numero>8807-18-0304</numero>
    <datefinale>2023-10-26</datefinale>
    <datepublicationfinale>2021-12-13</datepublicationfinale>
    <montantfinal>2214084.960000</montantfinal>
    <nomcontractant>BRUNEAU ELECTRIQUE INC.</nomcontractant>
    <neqcontractant>1142851337</neqcontractant>
  </contrat>
  <contrat>
    <numeroseao>1200628</numeroseao>
    <numero>2403-18-AP43</numero>
    <datefinale>2020-05-22</datefinale>
    <datepublicationfinale>2019-06-21</datepublicationfinale>
    <montantfinal>122159.430000</montantfinal>
    <nomcontractant>Resensys</nomcontractant>
    <neqcontractant />
  </contrat>
  <contrat>
    <numeroseao>1224294</numeroseao>
    <numero>SP-29547</numero>
    <datefinale>2023-10-30</datefinale>
    <datepublicationfinale>2023-07-20</datepublicationfinale>
    <montantfinal>2712791.540000</montantfinal>
    <nomcontractant>TENAQUIP LIMITÉE</nomcontractant>
    <neqcontractant>1143588409</neqcontractant>
  </contrat>
  <contrat>
    <numeroseao>1254286</numeroseao>
    <numero>7183-19-0301</numero>
    <datefinale>2022-08-12</datefinale>
    <datepublicationfinale>2022-08-16</datepublicationfinale>
    <montantfinal>616261.380000</montantfinal>
    <nomcontractant>9144-4505 Québec inc. (Signalisation Girard)</nomcontractant>
    <neqcontractant>1162359393</neqcontractant>
  </contrat>
  <contrat>
    <numeroseao>1263033</numeroseao>
    <numero>45000615</numero>
    <datefinale>2021-10-08</datefinale>
    <datepublicationfinale>2022-04-12</datepublicationfinale>
    <montantfinal>10890.480000</montantfinal>
    <nomcontractant>Lavery, de Billy</nomcontractant>
    <neqcontractant>3341675364</neqcontractant>
  </contrat>
  <contrat>
    <numeroseao>1263483</numeroseao>
    <numero>2403-19-AP55</numero>
    <datefinale>2020-04-16</datefinale>
    <datepublicationfinale>2020-09-14</datepublicationfinale>
    <montantfinal>56700.000000</montantfinal>
    <nomcontractant>TRANSPORT CAMILLE DIONNE (1991) INC.</nomcontractant>
    <neqcontractant>1143923358</neqcontractant>
  </contrat>
  <contrat>
    <numeroseao>1309709</numeroseao>
    <numero>8807-19-SH02</numero>
    <datefinale>2022-11-22</datefinale>
    <datepublicationfinale>2023-01-16</datepublicationfinale>
    <montantfinal>427140.010000</montantfinal>
    <nomcontractant>VEOLIA ES CANADA SERVICES INDUSTRIELS INC.</nomcontractant>
    <neqcontractant>1166357260</neqcontractant>
  </contrat>
  <contrat>
    <numeroseao>1312815</numeroseao>
    <numero>7184-19-AP05</numero>
    <datefinale>2021-03-02</datefinale>
    <datepublicationfinale>2021-04-28</datepublicationfinale>
    <montantfinal>68343.570000</montantfinal>
    <nomcontractant>Entreprises P.E.B. ltée, Les</nomcontractant>
    <neqcontractant>1142496760</neqcontractant>
  </contrat>
  <contrat>
    <numeroseao>1326954</numeroseao>
    <numero>2513-19-HE05</numero>
    <datefinale>2023-02-21</datefinale>
    <datepublicationfinale>2023-02-22</datepublicationfinale>
    <montantfinal>2232689.860000</montantfinal>
    <nomcontractant>Consortium CIMA+ / Norda Stelo</nomcontractant>
    <neqcontractant />
  </contrat>
  <contrat>
    <numeroseao>1336143</numeroseao>
    <numero>7184-20-ST01</numero>
    <datefinale>2023-05-31</datefinale>
    <datepublicationfinale>2023-06-01</datepublicationfinale>
    <montantfinal>1276811.130000</montantfinal>
    <nomcontractant>GROUPE DE SÉCURITÉ GARDA SENC</nomcontractant>
    <neqcontractant>3368599133</neqcontractant>
  </contrat>
  <contrat>
    <numeroseao>1354224</numeroseao>
    <numero>2020-015-Sainte-Marie</numero>
    <datefinale>2021-02-28</datefinale>
    <datepublicationfinale>2021-05-27</datepublicationfinale>
    <montantfinal>98951.330000</montantfinal>
    <nomcontractant>CONSTRUCTION SIPRO INC.</nomcontractant>
    <neqcontractant>1143483858</neqcontractant>
  </contrat>
  <contrat>
    <numeroseao>1366590</numeroseao>
    <numero>329801</numero>
    <datefinale>2023-04-13</datefinale>
    <datepublicationfinale>2023-09-18</datepublicationfinale>
    <montantfinal>3413873.220000</montantfinal>
    <nomcontractant>DEMIX CONSTRUCTION UNE DIVISION DE GROUPE CRH CANADA INC.</nomcontractant>
    <neqcontractant>1171462923</neqcontractant>
  </contrat>
  <contrat>
    <numeroseao>1378735</numeroseao>
    <numero>44518682</numero>
    <datefinale>2023-07-05</datefinale>
    <datepublicationfinale>2023-07-05</datepublicationfinale>
    <montantfinal>1728637.880000</montantfinal>
    <nomcontractant>WSP Canada inc.</nomcontractant>
    <neqcontractant>1148357057</neqcontractant>
  </contrat>
  <contrat>
    <numeroseao>1383623</numeroseao>
    <numero>7000866</numero>
    <datefinale>2021-11-10</datefinale>
    <datepublicationfinale>2022-02-14</datepublicationfinale>
    <montantfinal>112823.340000</montantfinal>
    <nomcontractant>VITRERIE R.D. LTÉE</nomcontractant>
    <neqcontractant>1143044528</neqcontractant>
  </contrat>
  <contrat>
    <numeroseao>1386717</numeroseao>
    <numero>44516746</numero>
    <datefinale>2023-06-30</datefinale>
    <datepublicationfinale>2023-07-26</datepublicationfinale>
    <montantfinal>161747.110000</montantfinal>
    <nomcontractant>MULTI-ENERGIE BEST INC.</nomcontractant>
    <neqcontractant>1144040194</neqcontractant>
  </contrat>
  <contrat>
    <numeroseao>1387191</numeroseao>
    <numero>2000310</numero>
    <datefinale>2023-07-31</datefinale>
    <datepublicationfinale>2023-07-31</datepublicationfinale>
    <montantfinal>253061.450000</montantfinal>
    <nomcontractant>SPORT QUALITÉ LTÉE</nomcontractant>
    <neqcontractant>1146712071</neqcontractant>
  </contrat>
  <contrat>
    <numeroseao>1396076</numeroseao>
    <numero>6401-20-0202</numero>
    <datefinale>2023-10-08</datefinale>
    <datepublicationfinale>2023-10-10</datepublicationfinale>
    <montantfinal>1860110.930000</montantfinal>
    <nomcontractant>NOBESCO</nomcontractant>
    <neqcontractant>1168847433</neqcontractant>
  </contrat>
  <contrat>
    <numeroseao>1423865</numeroseao>
    <numero>FO-2020-002</numero>
    <datefinale>2023-04-19</datefinale>
    <datepublicationfinale>2021-05-03</datepublicationfinale>
    <montantfinal>12600000.000000</montantfinal>
    <nomcontractant>ELECTRO SAGUENAY LTÉE</nomcontractant>
    <neqcontractant>1143228782</neqcontractant>
  </contrat>
  <contrat>
    <numeroseao>1424493</numeroseao>
    <numero>2000EG</numero>
    <datefinale>2022-11-01</datefinale>
    <datepublicationfinale>2023-01-10</datepublicationfinale>
    <montantfinal>580182.080000</montantfinal>
    <nomcontractant>Le Groupe Provil</nomcontractant>
    <neqcontractant>1173165482</neqcontractant>
  </contrat>
  <contrat>
    <numeroseao>1434625</numeroseao>
    <numero>8801-20-HE13</numero>
    <datefinale>2023-11-02</datefinale>
    <datepublicationfinale>2023-03-07</datepublicationfinale>
    <montantfinal>101582.690000</montantfinal>
    <nomcontractant>WSP Canada inc.</nomcontractant>
    <neqcontractant>1148357057</neqcontractant>
  </contrat>
  <contrat>
    <numeroseao>1463443</numeroseao>
    <numero>8611-21-SH01</numero>
    <datefinale>2023-09-14</datefinale>
    <datepublicationfinale>2023-09-18</datepublicationfinale>
    <montantfinal>102359.410000</montantfinal>
    <nomcontractant>VEOLIA ES CANADA SERVICES INDUSTRIELS INC.</nomcontractant>
    <neqcontractant>1166357260</neqcontractant>
  </contrat>
  <contrat>
    <numeroseao>1482642</numeroseao>
    <numero>20-403</numero>
    <datefinale>2023-06-30</datefinale>
    <datepublicationfinale>2023-09-07</datepublicationfinale>
    <montantfinal>25066.640000</montantfinal>
    <nomcontractant>NETTOYEUR PROVINCIAL DE CONDUITS D'AIR INC.</nomcontractant>
    <neqcontractant>1147894357</neqcontractant>
  </contrat>
  <contrat>
    <numeroseao>1562411</numeroseao>
    <numero>469513</numero>
    <datefinale>2023-09-24</datefinale>
    <datepublicationfinale>2023-10-03</datepublicationfinale>
    <montantfinal>13162975.390000</montantfinal>
    <nomcontractant>FORACTION INC.</nomcontractant>
    <neqcontractant>1146024444</neqcontractant>
  </contrat>
  <contrat>
    <numeroseao>1564386</numeroseao>
    <numero>CS-11022-1688</numero>
    <datefinale>2022-04-10</datefinale>
    <datepublicationfinale>2023-10-16</datepublicationfinale>
    <montantfinal>9400.000000</montantfinal>
    <nomcontractant>BAXTER CORPORATION</nomcontractant>
    <neqcontractant>1171462808</neqcontractant>
  </contrat>
  <contrat>
    <numeroseao>1580490</numeroseao>
    <numero>PRO-N-MER096</numero>
    <datefinale>2022-08-17</datefinale>
    <datepublicationfinale>2022-08-17</datepublicationfinale>
    <montantfinal>88559.870000</montantfinal>
    <nomcontractant>G.S.C. COMMUNICATION INC.</nomcontractant>
    <neqcontractant>1145524196</neqcontractant>
  </contrat>
  <contrat>
    <numeroseao>1585402</numeroseao>
    <numero>45001769</numero>
    <datefinale>2022-12-15</datefinale>
    <datepublicationfinale>2023-02-03</datepublicationfinale>
    <montantfinal>63351.230000</montantfinal>
    <nomcontractant>D2BH INC.</nomcontractant>
    <neqcontractant>1175319350</neqcontractant>
  </contrat>
  <contrat>
    <numeroseao>1597545</numeroseao>
    <numero>Contrat 2022-11-TR</numero>
    <datefinale>2023-11-17</datefinale>
    <datepublicationfinale>2023-07-28</datepublicationfinale>
    <montantfinal>358213.870000</montantfinal>
    <nomcontractant>ENVIRONNEMENT ROUTIER NRJ INC.</nomcontractant>
    <neqcontractant>1142611939</neqcontractant>
  </contrat>
  <contrat>
    <numeroseao>1614680</numeroseao>
    <numero>GGR-0418-22</numero>
    <datefinale>2023-08-31</datefinale>
    <datepublicationfinale>2023-09-12</datepublicationfinale>
    <montantfinal>677192.500000</montantfinal>
    <nomcontractant>Berger-Levrault Canada ltée</nomcontractant>
    <neqcontractant>1160498797</neqcontractant>
  </contrat>
  <contrat>
    <numeroseao>1615372</numeroseao>
    <numero>22-CISSSMC-074</numero>
    <datefinale>2023-11-07</datefinale>
    <datepublicationfinale>2023-03-13</datepublicationfinale>
    <montantfinal>425880.000000</montantfinal>
    <nomcontractant>THOMAS EMS</nomcontractant>
    <neqcontractant />
  </contrat>
  <contrat>
    <numeroseao>1617684</numeroseao>
    <numero>44525874</numero>
    <datefinale>2023-09-15</datefinale>
    <datepublicationfinale>2023-09-15</datepublicationfinale>
    <montantfinal>26632.020000</montantfinal>
    <nomcontractant>LES PORTES J.P.R. INC.</nomcontractant>
    <neqcontractant>1142667881</neqcontractant>
  </contrat>
  <contrat>
    <numeroseao>1623881</numeroseao>
    <numero>BON222300108</numero>
    <datefinale>2023-11-17</datefinale>
    <datepublicationfinale>2023-05-02</datepublicationfinale>
    <montantfinal>79399.860000</montantfinal>
    <nomcontractant>Agence Canidé Inc.</nomcontractant>
    <neqcontractant>1173281099</neqcontractant>
  </contrat>
  <contrat>
    <numeroseao>1625870</numeroseao>
    <numero>CS-5891</numero>
    <datefinale>2023-03-31</datefinale>
    <datepublicationfinale>2023-06-14</datepublicationfinale>
    <montantfinal>790560.000000</montantfinal>
    <nomcontractant>Résidence Au Coeur de la Vie de Laval inc.</nomcontractant>
    <neqcontractant>1176040187</neqcontractant>
  </contrat>
  <contrat>
    <numeroseao>1630653</numeroseao>
    <numero>2022-172-2189-CS-GG</numero>
    <datefinale>2023-05-31</datefinale>
    <datepublicationfinale>2023-09-07</datepublicationfinale>
    <montantfinal>78378.030000</montantfinal>
    <nomcontractant>Vemaro agence de placement inc.</nomcontractant>
    <neqcontractant>1176924059</neqcontractant>
  </contrat>
  <contrat>
    <numeroseao>1636582</numeroseao>
    <numero>2023-0664</numero>
    <datefinale>2023-03-31</datefinale>
    <datepublicationfinale>2023-04-20</datepublicationfinale>
    <montantfinal>302410.960000</montantfinal>
    <nomcontractant>LOGIBEC INC.</nomcontractant>
    <neqcontractant>1175995258</neqcontractant>
  </contrat>
  <contrat>
    <numeroseao>1636599</numeroseao>
    <numero>45002001</numero>
    <datefinale>2023-07-21</datefinale>
    <datepublicationfinale>2023-08-10</datepublicationfinale>
    <montantfinal>11667.090000</montantfinal>
    <nomcontractant>JT CONSEILS INC.</nomcontractant>
    <neqcontractant>1168314590</neqcontractant>
  </contrat>
  <contrat>
    <numeroseao>1639595</numeroseao>
    <numero>45002017</numero>
    <datefinale>2023-07-21</datefinale>
    <datepublicationfinale>2023-08-10</datepublicationfinale>
    <montantfinal>4501.270000</montantfinal>
    <nomcontractant>LUC GAGNON</nomcontractant>
    <neqcontractant />
  </contrat>
  <contrat>
    <numeroseao>1652494</numeroseao>
    <numero>AOC-074389</numero>
    <datefinale>2023-07-12</datefinale>
    <datepublicationfinale>2023-09-05</datepublicationfinale>
    <montantfinal>108485.340000</montantfinal>
    <nomcontractant>MARCEL CHAREST ET FILS INC.</nomcontractant>
    <neqcontractant>1142157040</neqcontractant>
  </contrat>
  <contrat>
    <numeroseao>1655401</numeroseao>
    <numero>44530974</numero>
    <datefinale>2023-02-07</datefinale>
    <datepublicationfinale>2023-05-08</datepublicationfinale>
    <montantfinal>83487.200000</montantfinal>
    <nomcontractant>Excavation Civilpro inc.</nomcontractant>
    <neqcontractant>1168774306</neqcontractant>
  </contrat>
  <contrat>
    <numeroseao>1656610</numeroseao>
    <numero>44527266</numero>
    <datefinale>2023-09-30</datefinale>
    <datepublicationfinale>2023-10-05</datepublicationfinale>
    <montantfinal>36740.000000</montantfinal>
    <nomcontractant>ROUSSEAU LEFEBVRE INC.</nomcontractant>
    <neqcontractant>1149485345</neqcontractant>
  </contrat>
  <contrat>
    <numeroseao>1663533</numeroseao>
    <numero>44531356</numero>
    <datefinale>2023-08-12</datefinale>
    <datepublicationfinale>2023-10-30</datepublicationfinale>
    <montantfinal>131375.750000</montantfinal>
    <nomcontractant>9300-4901 Québec inc.</nomcontractant>
    <neqcontractant>1169976843</neqcontractant>
  </contrat>
  <contrat>
    <numeroseao>1674508</numeroseao>
    <numero>385-08-2022</numero>
    <datefinale>2022-09-09</datefinale>
    <datepublicationfinale>2022-12-21</datepublicationfinale>
    <montantfinal>111797.100000</montantfinal>
    <nomcontractant>EXCAVATION ST-PIERRE ET TREMBLAY INC.</nomcontractant>
    <neqcontractant>1140627705</neqcontractant>
  </contrat>
  <contrat>
    <numeroseao>1676270</numeroseao>
    <numero>P1455-01-01 /2022-009</numero>
    <datefinale>2023-09-01</datefinale>
    <datepublicationfinale>2023-05-31</datepublicationfinale>
    <montantfinal>50478.350000</montantfinal>
    <nomcontractant>SNC-LAVALIN INC.</nomcontractant>
    <neqcontractant>1142775999</neqcontractant>
  </contrat>
  <contrat>
    <numeroseao>1681757</numeroseao>
    <numero>447532-221108 </numero>
    <datefinale>2023-07-14</datefinale>
    <datepublicationfinale>2023-10-13</datepublicationfinale>
    <montantfinal>12250.000000</montantfinal>
    <nomcontractant>XEROX CANADA LTÉE</nomcontractant>
    <neqcontractant>1141555566</neqcontractant>
  </contrat>
  <contrat>
    <numeroseao>1685093</numeroseao>
    <numero>G22-1230FDO</numero>
    <datefinale>2023-11-10</datefinale>
    <datepublicationfinale>2023-09-01</datepublicationfinale>
    <montantfinal>18955.000000</montantfinal>
    <nomcontractant>YVES FORTIN</nomcontractant>
    <neqcontractant />
  </contrat>
  <contrat>
    <numeroseao>1686864</numeroseao>
    <numero>2023SPR011</numero>
    <datefinale>2023-11-13</datefinale>
    <datepublicationfinale>2023-07-24</datepublicationfinale>
    <montantfinal>182050.000000</montantfinal>
    <nomcontractant>AFI par Edgenda inc.</nomcontractant>
    <neqcontractant>1161955134</neqcontractant>
  </contrat>
  <contrat>
    <numeroseao>1688365</numeroseao>
    <numero>2509-22-APL2</numero>
    <datefinale>2023-10-19</datefinale>
    <datepublicationfinale>2023-10-23</datepublicationfinale>
    <montantfinal>35185.600000</montantfinal>
    <nomcontractant>LE GROUPE LÉCUYER LTÉE</nomcontractant>
    <neqcontractant>1145052065</neqcontractant>
  </contrat>
  <contrat>
    <numeroseao>1690896</numeroseao>
    <numero>Contrat 2023-04-TR</numero>
    <datefinale>2023-11-22</datefinale>
    <datepublicationfinale>2023-09-08</datepublicationfinale>
    <montantfinal>133503.200000</montantfinal>
    <nomcontractant>PAVAGE DES MOULINS INC.</nomcontractant>
    <neqcontractant>1162997721</neqcontractant>
  </contrat>
  <contrat>
    <numeroseao>1693833</numeroseao>
    <numero>44532516</numero>
    <datefinale>2023-06-29</datefinale>
    <datepublicationfinale>2023-07-12</datepublicationfinale>
    <montantfinal>28000.000000</montantfinal>
    <nomcontractant>BOUTHILLETTE PARIZEAU INC.</nomcontractant>
    <neqcontractant>1178237419</neqcontractant>
  </contrat>
  <contrat>
    <numeroseao>1695616</numeroseao>
    <numero>2021-0859</numero>
    <datefinale>2023-03-31</datefinale>
    <datepublicationfinale>2023-06-07</datepublicationfinale>
    <montantfinal>19179.340000</montantfinal>
    <nomcontractant>Hamid Bikas Shourkaei</nomcontractant>
    <neqcontractant />
  </contrat>
  <contrat>
    <numeroseao>1703745</numeroseao>
    <numero>2509-23-AP72</numero>
    <datefinale>2023-10-27</datefinale>
    <datepublicationfinale>2023-10-20</datepublicationfinale>
    <montantfinal>34999.940000</montantfinal>
    <nomcontractant>9129-6400 QUÉBEC INC.</nomcontractant>
    <neqcontractant>1161519096</neqcontractant>
  </contrat>
  <contrat>
    <numeroseao>1722600</numeroseao>
    <numero>2023CNT036</numero>
    <datefinale>2023-11-02</datefinale>
    <datepublicationfinale>2023-10-12</datepublicationfinale>
    <montantfinal>52724.850000</montantfinal>
    <nomcontractant>LES MINI PAVAGES J.P. POULIN INC.</nomcontractant>
    <neqcontractant>1168671619</neqcontractant>
  </contrat>
  <contrat>
    <numeroseao>1727395</numeroseao>
    <numero>6605-23-NJ02</numero>
    <datefinale>2023-11-14</datefinale>
    <datepublicationfinale>2023-07-04</datepublicationfinale>
    <montantfinal>16674.100000</montantfinal>
    <nomcontractant>Services Subaquatiques BLM inc.</nomcontractant>
    <neqcontractant>1172735889</neqcontractant>
  </contrat>
  <contrat>
    <numeroseao>1727874</numeroseao>
    <numero>9009-23-AP01</numero>
    <datefinale>2023-11-15</datefinale>
    <datepublicationfinale>2023-10-23</datepublicationfinale>
    <montantfinal>18157.800000</montantfinal>
    <nomcontractant>Quincaillerie Eastman (9129-6400 Québec inc.)</nomcontractant>
    <neqcontractant>1161519096</neqcontractant>
  </contrat>
  <contrat>
    <numeroseao>1733053</numeroseao>
    <numero>9110-23-AP04</numero>
    <datefinale>2023-11-01</datefinale>
    <datepublicationfinale>2023-10-26</datepublicationfinale>
    <montantfinal>23500.000000</montantfinal>
    <nomcontractant>Transport Symkam (13127087 Canada inc.)</nomcontractant>
    <neqcontractant>1176700806</neqcontractant>
  </contrat>
  <contrat>
    <numeroseao>1747951</numeroseao>
    <numero>2023-07-05</numero>
    <datefinale>2023-09-09</datefinale>
    <datepublicationfinale>2023-10-24</datepublicationfinale>
    <montantfinal>14680.000000</montantfinal>
    <nomcontractant>GROUPE DE SÉCURITÉ GARDA SENC</nomcontractant>
    <neqcontractant>3368599133</neqcontractant>
  </contrat>
  <contrat>
    <numeroseao>1751287</numeroseao>
    <numero>6806-23-AP03</numero>
    <datefinale>2023-11-13</datefinale>
    <datepublicationfinale>2023-10-02</datepublicationfinale>
    <montantfinal>135281.670000</montantfinal>
    <nomcontractant>Robin Potvin inc.</nomcontractant>
    <neqcontractant>1162236096</neqcontractant>
  </contrat>
  <contrat>
    <numeroseao>1751829</numeroseao>
    <numero>44534992</numero>
    <datefinale>2023-09-26</datefinale>
    <datepublicationfinale>2023-10-06</datepublicationfinale>
    <montantfinal>40353.860000</montantfinal>
    <nomcontractant>GROUPE DE SÉCURITÉ GARDA SENC</nomcontractant>
    <neqcontractant>3368599133</neqcontractant>
  </contrat>
  <contrat>
    <numeroseao>1751838</numeroseao>
    <numero>8610-23-AP03</numero>
    <datefinale>2023-11-24</datefinale>
    <datepublicationfinale>2023-10-30</datepublicationfinale>
    <montantfinal>19755.000000</montantfinal>
    <nomcontractant>Équipement St-Germain inc.</nomcontractant>
    <neqcontractant>1170014410</neqcontractant>
  </contrat>
  <contrat>
    <numeroseao>1752755</numeroseao>
    <numero>R19040-01</numero>
    <datefinale>2023-10-20</datefinale>
    <datepublicationfinale>2023-10-31</datepublicationfinale>
    <montantfinal>30321.490000</montantfinal>
    <nomcontractant>Construction Danoco inc.</nomcontractant>
    <neqcontractant>1173608929</neqcontractant>
  </contrat>
  <contrat>
    <numeroseao>1764341</numeroseao>
    <numero>BON222300392</numero>
    <datefinale>2023-07-18</datefinale>
    <datepublicationfinale>2023-09-20</datepublicationfinale>
    <montantfinal>26804.970000</montantfinal>
    <nomcontractant>2536-4589 QUÉBEC INC.</nomcontractant>
    <neqcontractant>1140382426</neqcontractant>
  </contrat>
  <contrat>
    <numeroseao>1764593</numeroseao>
    <numero>DG 23-24 / 010</numero>
    <datefinale>2023-11-16</datefinale>
    <datepublicationfinale>2023-09-27</datepublicationfinale>
    <montantfinal>109010.570000</montantfinal>
    <nomcontractant>2852-9006 QUÉBEC INC.</nomcontractant>
    <neqcontractant>1143262054</neqcontractant>
  </contrat>
</export>