<?xml version="1.0" encoding="utf-8"?>
<export xmlns:xsi="http://www.w3.org/2001/XMLSchema-instance" xmlns:xsd="http://www.w3.org/2001/XMLSchema" datedebut="2023-04-01" datefin="2023-04-30">
  <contrat>
    <numeroseao>551208</numeroseao>
    <numero>8603-11-1109</numero>
    <datefinale>2023-02-14</datefinale>
    <datepublicationfinale>2019-06-28</datepublicationfinale>
    <montantfinal>10786886.740000</montantfinal>
    <nomcontractant>Civbec Inc.</nomcontractant>
    <neqcontractant />
  </contrat>
  <contrat>
    <numeroseao>628735</numeroseao>
    <numero>8801-11-0204</numero>
    <datefinale>2015-05-19</datefinale>
    <datepublicationfinale>2014-02-27</datepublicationfinale>
    <montantfinal>846823.100000</montantfinal>
    <nomcontractant>Groupe Civicam Inc.</nomcontractant>
    <neqcontractant>1160710852</neqcontractant>
  </contrat>
  <contrat>
    <numeroseao>735621</numeroseao>
    <numero>8401-14-ZZ02</numero>
    <datefinale>2023-02-21</datefinale>
    <datepublicationfinale>2015-04-14</datepublicationfinale>
    <montantfinal>5784.630000</montantfinal>
    <nomcontractant>Services EXP inc., Les</nomcontractant>
    <neqcontractant />
  </contrat>
  <contrat>
    <numeroseao>895828</numeroseao>
    <numero>8401-15-FE02</numero>
    <datefinale>2023-02-21</datefinale>
    <datepublicationfinale>2021-09-07</datepublicationfinale>
    <montantfinal>348427.610000</montantfinal>
    <nomcontractant>CIMA+</nomcontractant>
    <neqcontractant>3340563140</neqcontractant>
  </contrat>
  <contrat>
    <numeroseao>1077449</numeroseao>
    <numero>2017-12</numero>
    <datefinale>2022-06-30</datefinale>
    <datepublicationfinale>2022-12-21</datepublicationfinale>
    <montantfinal>161051.230000</montantfinal>
    <nomcontractant>QUÉBEC-PROSNET INC.</nomcontractant>
    <neqcontractant>1149089360</neqcontractant>
  </contrat>
  <contrat>
    <numeroseao>1082883</numeroseao>
    <numero>44507189</numero>
    <datefinale>2022-04-28</datefinale>
    <datepublicationfinale>2022-06-02</datepublicationfinale>
    <montantfinal>157533.940000</montantfinal>
    <nomcontractant>Le Consortium Goulet et Lebel - Proulx et Savard</nomcontractant>
    <neqcontractant>3365890501</neqcontractant>
  </contrat>
  <contrat>
    <numeroseao>1087396</numeroseao>
    <numero>32944200</numero>
    <datefinale>2022-09-30</datefinale>
    <datepublicationfinale>2022-11-30</datepublicationfinale>
    <montantfinal>154018.110000</montantfinal>
    <nomcontractant>LES PRODUITS ÉNERGÉTIQUES GAL INC.</nomcontractant>
    <neqcontractant>1146046280</neqcontractant>
  </contrat>
  <contrat>
    <numeroseao>1100602</numeroseao>
    <numero>32408100</numero>
    <datefinale>2022-08-31</datefinale>
    <datepublicationfinale>2022-09-15</datepublicationfinale>
    <montantfinal>107252.200000</montantfinal>
    <nomcontractant>MAINTENANCE TRANS-QUÉBEC INC.</nomcontractant>
    <neqcontractant>1142081786</neqcontractant>
  </contrat>
  <contrat>
    <numeroseao>1146595</numeroseao>
    <numero>7007-18-0201</numero>
    <datefinale>2022-07-21</datefinale>
    <datepublicationfinale>2022-07-29</datepublicationfinale>
    <montantfinal>2741105.750000</montantfinal>
    <nomcontractant>MAURÉCON INC.</nomcontractant>
    <neqcontractant>1143622794</neqcontractant>
  </contrat>
  <contrat>
    <numeroseao>1151561</numeroseao>
    <numero>6501-18-SH01</numero>
    <datefinale>2021-01-14</datefinale>
    <datepublicationfinale>2022-02-02</datepublicationfinale>
    <montantfinal>91251.440000</montantfinal>
    <nomcontractant>SaniLang inc.</nomcontractant>
    <neqcontractant>1142051094</neqcontractant>
  </contrat>
  <contrat>
    <numeroseao>1157039</numeroseao>
    <numero>6501-18-1010</numero>
    <datefinale>2021-02-05</datefinale>
    <datepublicationfinale>2021-03-24</datepublicationfinale>
    <montantfinal>1329919.440000</montantfinal>
    <nomcontractant>PAVAGES RIMOUSKI</nomcontractant>
    <neqcontractant>1143459783</neqcontractant>
  </contrat>
  <contrat>
    <numeroseao>1159971</numeroseao>
    <numero>6501-18-0208</numero>
    <datefinale>2020-06-15</datefinale>
    <datepublicationfinale>2021-11-24</datepublicationfinale>
    <montantfinal>2427255.320000</montantfinal>
    <nomcontractant>CONSTRUCTIONS P.P. GAGNON INC.</nomcontractant>
    <neqcontractant>1143394253</neqcontractant>
  </contrat>
  <contrat>
    <numeroseao>1180571</numeroseao>
    <numero>6703-18-0907</numero>
    <datefinale>2023-02-24</datefinale>
    <datepublicationfinale>2020-02-13</datepublicationfinale>
    <montantfinal>4329994.380000</montantfinal>
    <nomcontractant>LES ENTREPRISES MONT STERLING INC.</nomcontractant>
    <neqcontractant>1143459783</neqcontractant>
  </contrat>
  <contrat>
    <numeroseao>1189380</numeroseao>
    <numero>1001697</numero>
    <datefinale>2021-05-31</datefinale>
    <datepublicationfinale>2021-10-15</datepublicationfinale>
    <montantfinal>74543.180000</montantfinal>
    <nomcontractant>SOCIÉTÉ EN COMMANDITE TRANSPORT DE VALEURS GARDA</nomcontractant>
    <neqcontractant>3361641544</neqcontractant>
  </contrat>
  <contrat>
    <numeroseao>1205857</numeroseao>
    <numero>6501-18-FE14</numero>
    <datefinale>2023-01-20</datefinale>
    <datepublicationfinale>2023-01-23</datepublicationfinale>
    <montantfinal>97545.970000</montantfinal>
    <nomcontractant>Norda Stelo inc.</nomcontractant>
    <neqcontractant>1165310831</neqcontractant>
  </contrat>
  <contrat>
    <numeroseao>1236115</numeroseao>
    <numero>8601-18-1004</numero>
    <datefinale>2023-01-30</datefinale>
    <datepublicationfinale>2020-02-27</datepublicationfinale>
    <montantfinal>1355040.870000</montantfinal>
    <nomcontractant>Eurovia Québec Construction Inc.</nomcontractant>
    <neqcontractant>1169491884</neqcontractant>
  </contrat>
  <contrat>
    <numeroseao>1255069</numeroseao>
    <numero>35136100</numero>
    <datefinale>2022-09-30</datefinale>
    <datepublicationfinale>2022-09-30</datepublicationfinale>
    <montantfinal>442106.910000</montantfinal>
    <nomcontractant>Axia services</nomcontractant>
    <neqcontractant>1142208512</neqcontractant>
  </contrat>
  <contrat>
    <numeroseao>1258156</numeroseao>
    <numero>6406-19-0202</numero>
    <datefinale>2022-08-29</datefinale>
    <datepublicationfinale>2022-09-01</datepublicationfinale>
    <montantfinal>1794694.460000</montantfinal>
    <nomcontractant>CONSTRUCTIONS BSL INC.</nomcontractant>
    <neqcontractant>1141120692</neqcontractant>
  </contrat>
  <contrat>
    <numeroseao>1261730</numeroseao>
    <numero>6406-18-0202</numero>
    <datefinale>2021-11-04</datefinale>
    <datepublicationfinale>2021-12-16</datepublicationfinale>
    <montantfinal>553461.990000</montantfinal>
    <nomcontractant>SINTRA INC.</nomcontractant>
    <neqcontractant>1145755295</neqcontractant>
  </contrat>
  <contrat>
    <numeroseao>1284772</numeroseao>
    <numero>44513343</numero>
    <datefinale>2022-08-31</datefinale>
    <datepublicationfinale>2022-10-21</datepublicationfinale>
    <montantfinal>21862.500000</montantfinal>
    <nomcontractant>Siemens Canada Limitée</nomcontractant>
    <neqcontractant>1161355988</neqcontractant>
  </contrat>
  <contrat>
    <numeroseao>1293408</numeroseao>
    <numero>8601-19-0203</numero>
    <datefinale>2023-02-02</datefinale>
    <datepublicationfinale>2020-06-15</datepublicationfinale>
    <montantfinal>2779227.740000</montantfinal>
    <nomcontractant>Grandmont &amp; Fils ltée</nomcontractant>
    <neqcontractant>1142480053</neqcontractant>
  </contrat>
  <contrat>
    <numeroseao>1295309</numeroseao>
    <numero>BON00011678</numero>
    <datefinale>2022-07-31</datefinale>
    <datepublicationfinale>2022-10-12</datepublicationfinale>
    <montantfinal>65180.890000</montantfinal>
    <nomcontractant>Bell Mobilité Inc.</nomcontractant>
    <neqcontractant>1143866029</neqcontractant>
  </contrat>
  <contrat>
    <numeroseao>1295340</numeroseao>
    <numero>9006-19-4526</numero>
    <datefinale>2023-03-02</datefinale>
    <datepublicationfinale>2020-09-11</datepublicationfinale>
    <montantfinal>517754.940000</montantfinal>
    <nomcontractant>9186-5154 Québec inc</nomcontractant>
    <neqcontractant>1164656713</neqcontractant>
  </contrat>
  <contrat>
    <numeroseao>1304569</numeroseao>
    <numero>4306-19-AD05</numero>
    <datefinale>2023-03-02</datefinale>
    <datepublicationfinale>2023-03-07</datepublicationfinale>
    <montantfinal>89930.200000</montantfinal>
    <nomcontractant>Del Degan, Massé et associés inc.</nomcontractant>
    <neqcontractant>1173560583</neqcontractant>
  </contrat>
  <contrat>
    <numeroseao>1305485</numeroseao>
    <numero>DTI19-054</numero>
    <datefinale>2023-02-15</datefinale>
    <datepublicationfinale>2023-02-28</datepublicationfinale>
    <montantfinal>6554691.020000</montantfinal>
    <nomcontractant>SYSTEMATIX TECHNOLOGIES DE L'INFORMATION INC.</nomcontractant>
    <neqcontractant>1142016766</neqcontractant>
  </contrat>
  <contrat>
    <numeroseao>1305883</numeroseao>
    <numero>6406-19-PA01</numero>
    <datefinale>2023-01-27</datefinale>
    <datepublicationfinale>2022-11-18</datepublicationfinale>
    <montantfinal>57805.540000</montantfinal>
    <nomcontractant>Remorquage J2 Montpas inc. </nomcontractant>
    <neqcontractant>1168604321</neqcontractant>
  </contrat>
  <contrat>
    <numeroseao>1307292</numeroseao>
    <numero>35419200</numero>
    <datefinale>2021-10-23</datefinale>
    <datepublicationfinale>2022-03-28</datepublicationfinale>
    <montantfinal>2223539.170000</montantfinal>
    <nomcontractant>Média Construction</nomcontractant>
    <neqcontractant>1169031037</neqcontractant>
  </contrat>
  <contrat>
    <numeroseao>1308041</numeroseao>
    <numero>A.O. 44-2019-01</numero>
    <datefinale>2023-04-06</datefinale>
    <datepublicationfinale>2023-02-02</datepublicationfinale>
    <montantfinal>33879.150000</montantfinal>
    <nomcontractant>PDCA CONSEILS INC.</nomcontractant>
    <neqcontractant>1169780328</neqcontractant>
  </contrat>
  <contrat>
    <numeroseao>1317410</numeroseao>
    <numero>44513936</numero>
    <datefinale>2022-07-31</datefinale>
    <datepublicationfinale>2022-11-22</datepublicationfinale>
    <montantfinal>274800.000000</montantfinal>
    <nomcontractant>DÉNEIGEMENT PATRICK GUILMAIN INC.</nomcontractant>
    <neqcontractant>1162799549</neqcontractant>
  </contrat>
  <contrat>
    <numeroseao>1318640</numeroseao>
    <numero>44513475</numero>
    <datefinale>2023-01-27</datefinale>
    <datepublicationfinale>2023-03-23</datepublicationfinale>
    <montantfinal>241810.800000</montantfinal>
    <nomcontractant>Bouthillette Parizeau Inc.</nomcontractant>
    <neqcontractant>1142591438</neqcontractant>
  </contrat>
  <contrat>
    <numeroseao>1334582</numeroseao>
    <numero>9012-20-PZ02</numero>
    <datefinale>2023-02-16</datefinale>
    <datepublicationfinale>2023-01-04</datepublicationfinale>
    <montantfinal>124395.180000</montantfinal>
    <nomcontractant>LES ENTREPRISES MYRROY INC.</nomcontractant>
    <neqcontractant>1146685178</neqcontractant>
  </contrat>
  <contrat>
    <numeroseao>1334770</numeroseao>
    <numero>6501-20-0208</numero>
    <datefinale>2023-02-23</datefinale>
    <datepublicationfinale>2021-04-28</datepublicationfinale>
    <montantfinal>1329729.730000</montantfinal>
    <nomcontractant>Parko inc.</nomcontractant>
    <neqcontractant>1148136253</neqcontractant>
  </contrat>
  <contrat>
    <numeroseao>1345169</numeroseao>
    <numero>9008-20-SH01</numero>
    <datefinale>2023-02-16</datefinale>
    <datepublicationfinale>2023-01-04</datepublicationfinale>
    <montantfinal>141082.350000</montantfinal>
    <nomcontractant>LES CONSTRUCTIONS LEBLANC ET SINOTTE INC.</nomcontractant>
    <neqcontractant>1165707713</neqcontractant>
  </contrat>
  <contrat>
    <numeroseao>1346087</numeroseao>
    <numero>9009-20-SH01</numero>
    <datefinale>2023-02-16</datefinale>
    <datepublicationfinale>2023-01-04</datepublicationfinale>
    <montantfinal>97758.530000</montantfinal>
    <nomcontractant>VEOLIA ES CANADA SERVICES INDUSTRIELS INC.</nomcontractant>
    <neqcontractant>1166357260</neqcontractant>
  </contrat>
  <contrat>
    <numeroseao>1353108</numeroseao>
    <numero>8701-08-0910</numero>
    <datefinale>2023-02-27</datefinale>
    <datepublicationfinale>2020-03-05</datepublicationfinale>
    <montantfinal>1790070379.070000</montantfinal>
    <nomcontractant>Nouvelle Autoroute 30 , S.E.N.C.</nomcontractant>
    <neqcontractant>3365145849</neqcontractant>
  </contrat>
  <contrat>
    <numeroseao>1361126</numeroseao>
    <numero>9001-20-0205</numero>
    <datefinale>2023-02-27</datefinale>
    <datepublicationfinale>2021-05-14</datepublicationfinale>
    <montantfinal>989807.020000</montantfinal>
    <nomcontractant>GRONDIN EXCAVATION INC.</nomcontractant>
    <neqcontractant>1162500954</neqcontractant>
  </contrat>
  <contrat>
    <numeroseao>1363540</numeroseao>
    <numero>6610-20-4696</numero>
    <datefinale>2022-08-31</datefinale>
    <datepublicationfinale>2022-09-01</datepublicationfinale>
    <montantfinal>47019.000000</montantfinal>
    <nomcontractant>DOUVILLE, SÉBASTIEN</nomcontractant>
    <neqcontractant>2265220253</neqcontractant>
  </contrat>
  <contrat>
    <numeroseao>1364331</numeroseao>
    <numero>1301-18-ND01</numero>
    <datefinale>2023-03-09</datefinale>
    <datepublicationfinale>2022-08-29</datepublicationfinale>
    <montantfinal>27675.000000</montantfinal>
    <nomcontractant>Mac Design enr.</nomcontractant>
    <neqcontractant>3342715482</neqcontractant>
  </contrat>
  <contrat>
    <numeroseao>1375393</numeroseao>
    <numero>2020-10</numero>
    <datefinale>2023-02-14</datefinale>
    <datepublicationfinale>2022-02-10</datepublicationfinale>
    <montantfinal>469393.850000</montantfinal>
    <nomcontractant>NORDEXCO INC.</nomcontractant>
    <neqcontractant>1166060724</neqcontractant>
  </contrat>
  <contrat>
    <numeroseao>1377062</numeroseao>
    <numero>8610-20-0301</numero>
    <datefinale>2023-03-10</datefinale>
    <datepublicationfinale>2022-08-23</datepublicationfinale>
    <montantfinal>233993.770000</montantfinal>
    <nomcontractant>LE GROUPE LML LTÉE</nomcontractant>
    <neqcontractant>1169018786</neqcontractant>
  </contrat>
  <contrat>
    <numeroseao>1380878</numeroseao>
    <numero>7103-20-PZ01</numero>
    <datefinale>2023-02-01</datefinale>
    <datepublicationfinale>2021-09-07</datepublicationfinale>
    <montantfinal>414835.000000</montantfinal>
    <nomcontractant>Can-Explore inc.</nomcontractant>
    <neqcontractant>1169863447</neqcontractant>
  </contrat>
  <contrat>
    <numeroseao>1397361</numeroseao>
    <numero>46001529</numero>
    <datefinale>2022-11-18</datefinale>
    <datepublicationfinale>2022-11-18</datepublicationfinale>
    <montantfinal>29305.450000</montantfinal>
    <nomcontractant>GardaWorld</nomcontractant>
    <neqcontractant>3361641544</neqcontractant>
  </contrat>
  <contrat>
    <numeroseao>1415024</numeroseao>
    <numero>2020-030-SG-GI </numero>
    <datefinale>2022-09-08</datefinale>
    <datepublicationfinale>2023-03-02</datepublicationfinale>
    <montantfinal>99383.040000</montantfinal>
    <nomcontractant>Les Entreprises Électriques L.M.</nomcontractant>
    <neqcontractant>1168832021</neqcontractant>
  </contrat>
  <contrat>
    <numeroseao>1415298</numeroseao>
    <numero>C9824JYL(EMT)</numero>
    <datefinale>2023-04-11</datefinale>
    <datepublicationfinale>2021-11-12</datepublicationfinale>
    <montantfinal>90243.810000</montantfinal>
    <nomcontractant>PAGEAU MOREL &amp; ASSOCIES INC</nomcontractant>
    <neqcontractant>1144576254</neqcontractant>
  </contrat>
  <contrat>
    <numeroseao>1439290</numeroseao>
    <numero>DMA00014411</numero>
    <datefinale>2022-12-20</datefinale>
    <datepublicationfinale>2022-12-20</datepublicationfinale>
    <montantfinal>106754.000000</montantfinal>
    <nomcontractant>COMMUNICATIONS RCL</nomcontractant>
    <neqcontractant>1142299511</neqcontractant>
  </contrat>
  <contrat>
    <numeroseao>1456885</numeroseao>
    <numero>44521512</numero>
    <datefinale>2022-12-08</datefinale>
    <datepublicationfinale>2023-01-13</datepublicationfinale>
    <montantfinal>92555.020000</montantfinal>
    <nomcontractant>KAMCO CONSTRUCTION INC.</nomcontractant>
    <neqcontractant>1167978700</neqcontractant>
  </contrat>
  <contrat>
    <numeroseao>1463279</numeroseao>
    <numero>8613-21-SH01 </numero>
    <datefinale>2022-12-15</datefinale>
    <datepublicationfinale>2022-12-16</datepublicationfinale>
    <montantfinal>110061.010000</montantfinal>
    <nomcontractant>VEOLIA ES CANADA SERVICES INDUSTRIELS INC.</nomcontractant>
    <neqcontractant>1166357260</neqcontractant>
  </contrat>
  <contrat>
    <numeroseao>1466719</numeroseao>
    <numero>6803-21-MA02</numero>
    <datefinale>2023-03-16</datefinale>
    <datepublicationfinale>2021-05-14</datepublicationfinale>
    <montantfinal>25250.000000</montantfinal>
    <nomcontractant>10940011 Canada inc.</nomcontractant>
    <neqcontractant>1173887077</neqcontractant>
  </contrat>
  <contrat>
    <numeroseao>1478614</numeroseao>
    <numero>44521838</numero>
    <datefinale>2023-01-18</datefinale>
    <datepublicationfinale>2022-08-08</datepublicationfinale>
    <montantfinal>42585.000000</montantfinal>
    <nomcontractant>Preston Phipps Inc</nomcontractant>
    <neqcontractant>1174542549</neqcontractant>
  </contrat>
  <contrat>
    <numeroseao>1487053</numeroseao>
    <numero>445006674</numero>
    <datefinale>2022-06-21</datefinale>
    <datepublicationfinale>2023-01-09</datepublicationfinale>
    <montantfinal>503768.000000</montantfinal>
    <nomcontractant>SUPREMEX INC.</nomcontractant>
    <neqcontractant>1163590384</neqcontractant>
  </contrat>
  <contrat>
    <numeroseao>1489098</numeroseao>
    <numero>2021-043-CP-GI</numero>
    <datefinale>2022-11-03</datefinale>
    <datepublicationfinale>2023-03-02</datepublicationfinale>
    <montantfinal>518899.440000</montantfinal>
    <nomcontractant>9184-4365 QUÉBEC INC.</nomcontractant>
    <neqcontractant>1164537939</neqcontractant>
  </contrat>
  <contrat>
    <numeroseao>1495523</numeroseao>
    <numero>553062070</numero>
    <datefinale>2022-10-14</datefinale>
    <datepublicationfinale>2023-01-10</datepublicationfinale>
    <montantfinal>61540.480000</montantfinal>
    <nomcontractant>Alliance Française de Bogota</nomcontractant>
    <neqcontractant />
  </contrat>
  <contrat>
    <numeroseao>1497096</numeroseao>
    <numero>6812-21-0910</numero>
    <datefinale>2023-03-07</datefinale>
    <datepublicationfinale>2023-03-08</datepublicationfinale>
    <montantfinal>2428944.820000</montantfinal>
    <nomcontractant>SINTRA INC.</nomcontractant>
    <neqcontractant>1145755295</neqcontractant>
  </contrat>
  <contrat>
    <numeroseao>1505709</numeroseao>
    <numero>44522690</numero>
    <datefinale>2021-10-26</datefinale>
    <datepublicationfinale>2021-11-30</datepublicationfinale>
    <montantfinal>76830.300000</montantfinal>
    <nomcontractant>Régulvar inc.</nomcontractant>
    <neqcontractant>1146502761</neqcontractant>
  </contrat>
  <contrat>
    <numeroseao>1509772</numeroseao>
    <numero>46001680</numero>
    <datefinale>2022-11-18</datefinale>
    <datepublicationfinale>2022-11-18</datepublicationfinale>
    <montantfinal>104279.700000</montantfinal>
    <nomcontractant>JNA Leblanc électrique Inc</nomcontractant>
    <neqcontractant>1173644031</neqcontractant>
  </contrat>
  <contrat>
    <numeroseao>1509778</numeroseao>
    <numero>46001681</numero>
    <datefinale>2022-11-18</datefinale>
    <datepublicationfinale>2022-11-18</datepublicationfinale>
    <montantfinal>56882.980000</montantfinal>
    <nomcontractant>Le Groupe LML Ltée</nomcontractant>
    <neqcontractant>1175326991</neqcontractant>
  </contrat>
  <contrat>
    <numeroseao>1515155</numeroseao>
    <numero>2021-0266-GG</numero>
    <datefinale>2022-07-19</datefinale>
    <datepublicationfinale>2023-01-19</datepublicationfinale>
    <montantfinal>78160.000000</montantfinal>
    <nomcontractant>MÉDISOLUTION (2009) INC.</nomcontractant>
    <neqcontractant>1166129388</neqcontractant>
  </contrat>
  <contrat>
    <numeroseao>1524904</numeroseao>
    <numero>A21-0901</numero>
    <datefinale>2023-02-17</datefinale>
    <datepublicationfinale>2023-02-28</datepublicationfinale>
    <montantfinal>327328.110000</montantfinal>
    <nomcontractant>TOITURES QUATRE-SAISONS INC.</nomcontractant>
    <neqcontractant>1143162239</neqcontractant>
  </contrat>
  <contrat>
    <numeroseao>1527993</numeroseao>
    <numero>7001122/5005310</numero>
    <datefinale>2022-10-24</datefinale>
    <datepublicationfinale>2023-01-10</datepublicationfinale>
    <montantfinal>59199.000000</montantfinal>
    <nomcontractant>M2D Leadership</nomcontractant>
    <neqcontractant>1169941672</neqcontractant>
  </contrat>
  <contrat>
    <numeroseao>1529235</numeroseao>
    <numero>44521890</numero>
    <datefinale>2022-01-31</datefinale>
    <datepublicationfinale>2022-12-01</datepublicationfinale>
    <montantfinal>250219.000000</montantfinal>
    <nomcontractant>STGM + LLA Architectes en consortium</nomcontractant>
    <neqcontractant>1174999574</neqcontractant>
  </contrat>
  <contrat>
    <numeroseao>1532246</numeroseao>
    <numero>1W00118</numero>
    <datefinale>2023-03-22</datefinale>
    <datepublicationfinale>2022-11-29</datepublicationfinale>
    <montantfinal>36737.500000</montantfinal>
    <nomcontractant>9255-4427 QUÉBEC INC.</nomcontractant>
    <neqcontractant>1167861229</neqcontractant>
  </contrat>
  <contrat>
    <numeroseao>1532860</numeroseao>
    <numero>44525338</numero>
    <datefinale>2022-09-08</datefinale>
    <datepublicationfinale>2022-10-21</datepublicationfinale>
    <montantfinal>22351.760000</montantfinal>
    <nomcontractant>MAGNUS 1946 PRODUITS CHIMIQUES LTÉE</nomcontractant>
    <neqcontractant>1176005560</neqcontractant>
  </contrat>
  <contrat>
    <numeroseao>1536274</numeroseao>
    <numero>CS20136</numero>
    <datefinale>2022-03-25</datefinale>
    <datepublicationfinale>2022-04-02</datepublicationfinale>
    <montantfinal>45405.340000</montantfinal>
    <nomcontractant>ENTREPRENEUR PAYSAGISTE STRATHMORE (1997) LTÉE</nomcontractant>
    <neqcontractant>1143413681</neqcontractant>
  </contrat>
  <contrat>
    <numeroseao>1539249</numeroseao>
    <numero>44526167</numero>
    <datefinale>2022-08-24</datefinale>
    <datepublicationfinale>2022-08-24</datepublicationfinale>
    <montantfinal>36109.840000</montantfinal>
    <nomcontractant>9265-2338 Québec inc.</nomcontractant>
    <neqcontractant>1168360403</neqcontractant>
  </contrat>
  <contrat>
    <numeroseao>1540002</numeroseao>
    <numero>44525987</numero>
    <datefinale>2022-11-29</datefinale>
    <datepublicationfinale>2022-12-15</datepublicationfinale>
    <montantfinal>297785.160000</montantfinal>
    <nomcontractant>TOITURES TROIS ÉTOILES INC.</nomcontractant>
    <neqcontractant>1142111666</neqcontractant>
  </contrat>
  <contrat>
    <numeroseao>1554196</numeroseao>
    <numero>FID-2021-12-a</numero>
    <datefinale>2022-11-18</datefinale>
    <datepublicationfinale>2022-05-03</datepublicationfinale>
    <montantfinal>407583.120000</montantfinal>
    <nomcontractant>BFL CANADA </nomcontractant>
    <neqcontractant>1142254748</neqcontractant>
  </contrat>
  <contrat>
    <numeroseao>1558505</numeroseao>
    <numero>45001633</numero>
    <datefinale>2023-01-17</datefinale>
    <datepublicationfinale>2023-02-03</datepublicationfinale>
    <montantfinal>34160.290000</montantfinal>
    <nomcontractant>Cossette média inc.</nomcontractant>
    <neqcontractant>1174211624</neqcontractant>
  </contrat>
  <contrat>
    <numeroseao>1559802</numeroseao>
    <numero>2021-0681-GG</numero>
    <datefinale>2023-03-31</datefinale>
    <datepublicationfinale>2022-07-19</datepublicationfinale>
    <montantfinal>50978.750000</montantfinal>
    <nomcontractant>NORMAND, MARIE-JOSÉE</nomcontractant>
    <neqcontractant>2264472434</neqcontractant>
  </contrat>
  <contrat>
    <numeroseao>1561317</numeroseao>
    <numero>FID-2021-12-b</numero>
    <datefinale>2022-12-02</datefinale>
    <datepublicationfinale>2022-04-26</datepublicationfinale>
    <montantfinal>191881.520000</montantfinal>
    <nomcontractant>LA CAPITALE ASSURANCES GÉNÉRALES INC.</nomcontractant>
    <neqcontractant>1143038215</neqcontractant>
  </contrat>
  <contrat>
    <numeroseao>1563835</numeroseao>
    <numero>G21-064</numero>
    <datefinale>2022-04-30</datefinale>
    <datepublicationfinale>2022-10-04</datepublicationfinale>
    <montantfinal>41620.950000</montantfinal>
    <nomcontractant>NORMANDIN BEAUDRY, ACTUAIRES CONSEIL INC.</nomcontractant>
    <neqcontractant>1144181287</neqcontractant>
  </contrat>
  <contrat>
    <numeroseao>1565580</numeroseao>
    <numero>BC00218648</numero>
    <datefinale>2022-03-31</datefinale>
    <datepublicationfinale>2022-04-01</datepublicationfinale>
    <montantfinal>30433.920000</montantfinal>
    <nomcontractant>D-Mark Biosciences</nomcontractant>
    <neqcontractant />
  </contrat>
  <contrat>
    <numeroseao>1574787</numeroseao>
    <numero>22-01-012</numero>
    <datefinale>2023-01-31</datefinale>
    <datepublicationfinale>2022-06-23</datepublicationfinale>
    <montantfinal>48864.380000</montantfinal>
    <nomcontractant>6005438 CANADA INC.</nomcontractant>
    <neqcontractant>1160969102</neqcontractant>
  </contrat>
  <contrat>
    <numeroseao>1576838</numeroseao>
    <numero>302-12-2021</numero>
    <datefinale>2022-10-31</datefinale>
    <datepublicationfinale>2022-11-07</datepublicationfinale>
    <montantfinal>106602.000000</montantfinal>
    <nomcontractant>Constructions Envergure Inc.</nomcontractant>
    <neqcontractant>1171376842</neqcontractant>
  </contrat>
  <contrat>
    <numeroseao>1585088</numeroseao>
    <numero>39511301</numero>
    <datefinale>2022-09-30</datefinale>
    <datepublicationfinale>2023-02-06</datepublicationfinale>
    <montantfinal>24715.000000</montantfinal>
    <nomcontractant>LES PLACEMENTS LEMI INC.</nomcontractant>
    <neqcontractant>1160329364</neqcontractant>
  </contrat>
  <contrat>
    <numeroseao>1595626</numeroseao>
    <numero>45080206</numero>
    <datefinale>2023-04-05</datefinale>
    <datepublicationfinale>2022-11-18</datepublicationfinale>
    <montantfinal>101562.370000</montantfinal>
    <nomcontractant>XYZ TECHNOLOGIE CULTURELLE INC.</nomcontractant>
    <neqcontractant>1162680186</neqcontractant>
  </contrat>
  <contrat>
    <numeroseao>1596790</numeroseao>
    <numero>44528606</numero>
    <datefinale>2023-02-08</datefinale>
    <datepublicationfinale>2023-03-30</datepublicationfinale>
    <montantfinal>8300.000000</montantfinal>
    <nomcontractant>ACTUEL CONSEIL INC.</nomcontractant>
    <neqcontractant>1144654390</neqcontractant>
  </contrat>
  <contrat>
    <numeroseao>1599883</numeroseao>
    <numero>22-5333</numero>
    <datefinale>2022-10-25</datefinale>
    <datepublicationfinale>2022-10-31</datepublicationfinale>
    <montantfinal>71884.700000</montantfinal>
    <nomcontractant>NIKON CANADA INC.</nomcontractant>
    <neqcontractant>1143414275</neqcontractant>
  </contrat>
  <contrat>
    <numeroseao>1608579</numeroseao>
    <numero>22-5390</numero>
    <datefinale>2022-09-06</datefinale>
    <datepublicationfinale>2022-10-03</datepublicationfinale>
    <montantfinal>42925.570000</montantfinal>
    <nomcontractant>Laerdal Médical</nomcontractant>
    <neqcontractant />
  </contrat>
  <contrat>
    <numeroseao>1611403</numeroseao>
    <numero>22-495-GG-S</numero>
    <datefinale>2022-12-31</datefinale>
    <datepublicationfinale>2023-03-27</datepublicationfinale>
    <montantfinal>97009.000000</montantfinal>
    <nomcontractant>LA CORPORATION MCKESSON CANADA</nomcontractant>
    <neqcontractant>1165833469</neqcontractant>
  </contrat>
  <contrat>
    <numeroseao>1612035</numeroseao>
    <numero>96400717</numero>
    <datefinale>2022-12-15</datefinale>
    <datepublicationfinale>2023-02-17</datepublicationfinale>
    <montantfinal>24432.500000</montantfinal>
    <nomcontractant>OKIOK DATA LTÉE</nomcontractant>
    <neqcontractant>1177161727</neqcontractant>
  </contrat>
  <contrat>
    <numeroseao>1614873</numeroseao>
    <numero>22-5296</numero>
    <datefinale>2022-08-08</datefinale>
    <datepublicationfinale>2022-10-07</datepublicationfinale>
    <montantfinal>49145.950000</montantfinal>
    <nomcontractant>ATLAS MÉDIC INC.</nomcontractant>
    <neqcontractant>1149887888</neqcontractant>
  </contrat>
  <contrat>
    <numeroseao>1615304</numeroseao>
    <numero>4-1-467</numero>
    <datefinale>2023-01-19</datefinale>
    <datepublicationfinale>2022-11-29</datepublicationfinale>
    <montantfinal>93487.500000</montantfinal>
    <nomcontractant>GROUPE CMI INC.</nomcontractant>
    <neqcontractant>1172658602</neqcontractant>
  </contrat>
  <contrat>
    <numeroseao>1616331</numeroseao>
    <numero>705-120</numero>
    <datefinale>2022-12-31</datefinale>
    <datepublicationfinale>2023-02-28</datepublicationfinale>
    <montantfinal>104722.660000</montantfinal>
    <nomcontractant>9386-0120 Québec inc.</nomcontractant>
    <neqcontractant>1174021320</neqcontractant>
  </contrat>
  <contrat>
    <numeroseao>1619510</numeroseao>
    <numero>2021-124-9759-CS-GG</numero>
    <datefinale>2022-07-01</datefinale>
    <datepublicationfinale>2022-09-23</datepublicationfinale>
    <montantfinal>195643.330000</montantfinal>
    <nomcontractant>CLINIQUE CHIRURGICALE D'ORTHOPÉDIE DE LAVAL INC.</nomcontractant>
    <neqcontractant>1163946297</neqcontractant>
  </contrat>
  <contrat>
    <numeroseao>1627030</numeroseao>
    <numero>2902-22-0003</numero>
    <datefinale>2023-04-18</datefinale>
    <datepublicationfinale>2023-01-20</datepublicationfinale>
    <montantfinal>581987.800000</montantfinal>
    <nomcontractant>LES CONSTRUCTIONS HYDROSPEC INC.</nomcontractant>
    <neqcontractant>1162364278</neqcontractant>
  </contrat>
  <contrat>
    <numeroseao>1639109</numeroseao>
    <numero>22-5503</numero>
    <datefinale>2022-09-23</datefinale>
    <datepublicationfinale>2022-11-03</datepublicationfinale>
    <montantfinal>0.000000</montantfinal>
    <nomcontractant>CHSLD DOMAINE SAINT-DOMINIQUE S.E.C.</nomcontractant>
    <neqcontractant>3366284704</neqcontractant>
  </contrat>
  <contrat>
    <numeroseao>1649554</numeroseao>
    <numero>P1064905</numero>
    <datefinale>2023-02-06</datefinale>
    <datepublicationfinale>2023-02-16</datepublicationfinale>
    <montantfinal>84532.000000</montantfinal>
    <nomcontractant>Carl Zeiss Canada Ltd</nomcontractant>
    <neqcontractant />
  </contrat>
  <contrat>
    <numeroseao>1652487</numeroseao>
    <numero>44529606</numero>
    <datefinale>2023-02-07</datefinale>
    <datepublicationfinale>2023-02-08</datepublicationfinale>
    <montantfinal>360486.190000</montantfinal>
    <nomcontractant>MFT &amp; Fils inc.</nomcontractant>
    <neqcontractant>1167654624</neqcontractant>
  </contrat>
  <contrat>
    <numeroseao>1657200</numeroseao>
    <numero>RSC00258</numero>
    <datefinale>2023-04-14</datefinale>
    <datepublicationfinale>2023-03-29</datepublicationfinale>
    <montantfinal>65498.330000</montantfinal>
    <nomcontractant>MOBILIER DE BUREAU LOGIFLEX INC.</nomcontractant>
    <neqcontractant>1170997887</neqcontractant>
  </contrat>
  <contrat>
    <numeroseao>1664363</numeroseao>
    <numero>45076943</numero>
    <datefinale>2023-04-05</datefinale>
    <datepublicationfinale>2022-11-18</datepublicationfinale>
    <montantfinal>69608.740000</montantfinal>
    <nomcontractant>DELEGATUS SERVICES JURIDIQUES INC.</nomcontractant>
    <neqcontractant>1171816573</neqcontractant>
  </contrat>
  <contrat>
    <numeroseao>1674610</numeroseao>
    <numero>2022-01_TA</numero>
    <datefinale>2022-09-01</datefinale>
    <datepublicationfinale>2022-12-19</datepublicationfinale>
    <montantfinal>39342.000000</montantfinal>
    <nomcontractant>TAXI ADAM S.E.N.C.</nomcontractant>
    <neqcontractant>3376726140</neqcontractant>
  </contrat>
  <contrat>
    <numeroseao>1679965</numeroseao>
    <numero>RM-A-2022-094-008</numero>
    <datefinale>2023-04-14</datefinale>
    <datepublicationfinale>2023-03-16</datepublicationfinale>
    <montantfinal>91883.780000</montantfinal>
    <nomcontractant>BRAULT &amp; BOUTHILLIER LTÉE</nomcontractant>
    <neqcontractant>1173987588</neqcontractant>
  </contrat>
  <contrat>
    <numeroseao>1685803</numeroseao>
    <numero>P1082990</numero>
    <datefinale>2023-02-10</datefinale>
    <datepublicationfinale>2023-02-16</datepublicationfinale>
    <montantfinal>38229.570000</montantfinal>
    <nomcontractant>Les Entreprises Tomassini Inc.</nomcontractant>
    <neqcontractant />
  </contrat>
  <contrat>
    <numeroseao>1688881</numeroseao>
    <numero>2509-23-AP20</numero>
    <datefinale>2023-03-07</datefinale>
    <datepublicationfinale>2023-03-08</datepublicationfinale>
    <montantfinal>340336.420000</montantfinal>
    <nomcontractant>Équipements Stinson [Québec] inc.</nomcontractant>
    <neqcontractant>1142838615</neqcontractant>
  </contrat>
  <contrat>
    <numeroseao>1699182</numeroseao>
    <numero>P1098627</numero>
    <datefinale>2023-03-24</datefinale>
    <datepublicationfinale>2023-03-30</datepublicationfinale>
    <montantfinal>0.000000</montantfinal>
    <nomcontractant>Lambda Labs</nomcontractant>
    <neqcontractant />
  </contrat>
</export>