<metadata xml:lang="fr"><Esri><CreaDate>20220530</CreaDate><CreaTime>11353000</CreaTime><ArcGISFormat>1.0</ArcGISFormat><SyncOnce>FALSE</SyncOnce><DataProperties><itemProps><itemName Sync="TRUE">Indic_Dispo_Eau_actuel_CC_2022_05_19_epure</itemName><imsContentType Sync="TRUE">002</imsContentType><itemLocation><linkage Sync="TRUE">file://\\C00021437\C$\Users\morau03\OneDrive - Ministère de l'Environnement et la Lutte contre les changements climatiques\Indicateur disponibilité eau de surface\Données Québec MAJ dec22 sans Bec\SHP\Indic_Dispo_Eau_actuel_CC_2022_05_19_epure.shp</linkage><protocol Sync="TRUE">Local Area Network</protocol></itemLocation><itemSize Sync="TRUE">0.000</itemSize></itemProps><coordRef><type Sync="TRUE">Projected</type><geogcsn Sync="TRUE">GCS_GRS 1980(IUGG, 1980)</geogcsn><csUnits Sync="TRUE">Linear Unit: Meter (1.000000)</csUnits><projcsn Sync="TRUE">Lambert_Conformal_Conic</projcsn><peXml Sync="TRUE">&lt;ProjectedCoordinateSystem xsi:type='typens:ProjectedCoordinateSystem' xmlns:xsi='http://www.w3.org/2001/XMLSchema-instance' xmlns:xs='http://www.w3.org/2001/XMLSchema' xmlns:typens='http://www.esri.com/schemas/ArcGIS/2.7.0'&gt;&lt;WKT&gt;PROJCS[&amp;quot;Lambert_Conformal_Conic&amp;quot;,GEOGCS[&amp;quot;GCS_GRS 1980(IUGG, 1980)&amp;quot;,DATUM[&amp;quot;D_unknown&amp;quot;,SPHEROID[&amp;quot;GRS80&amp;quot;,6378137.0,298.257222101]],PRIMEM[&amp;quot;Greenwich&amp;quot;,0.0],UNIT[&amp;quot;Degree&amp;quot;,0.0174532925199433]],PROJECTION[&amp;quot;Lambert_Conformal_Conic&amp;quot;],PARAMETER[&amp;quot;false_easting&amp;quot;,0.0],PARAMETER[&amp;quot;false_northing&amp;quot;,0.0],PARAMETER[&amp;quot;central_meridian&amp;quot;,-68.5],PARAMETER[&amp;quot;standard_parallel_1&amp;quot;,46.0],PARAMETER[&amp;quot;standard_parallel_2&amp;quot;,60.0],PARAMETER[&amp;quot;latitude_of_origin&amp;quot;,44.0],UNIT[&amp;quot;Meter&amp;quot;,1.0]]&lt;/WKT&gt;&lt;XOrigin&gt;-35683500&lt;/XOrigin&gt;&lt;YOrigin&gt;-29917500&lt;/YOrigin&gt;&lt;XYScale&gt;126209582.22625288&lt;/XYScale&gt;&lt;ZOrigin&gt;-100000&lt;/ZOrigin&gt;&lt;ZScale&gt;10000&lt;/ZScale&gt;&lt;MOrigin&gt;-100000&lt;/MOrigin&gt;&lt;MScale&gt;10000&lt;/MScale&gt;&lt;XYTolerance&gt;0.001&lt;/XYTolerance&gt;&lt;ZTolerance&gt;0.001&lt;/ZTolerance&gt;&lt;MTolerance&gt;0.001&lt;/MTolerance&gt;&lt;HighPrecision&gt;true&lt;/HighPrecision&gt;&lt;/ProjectedCoordinateSystem&gt;</peXml></coordRef><lineage><Process ToolSource="c:\myarcgispro\Resources\ArcToolbox\toolboxes\Data Management Tools.tbx\CalculateGeometryAttributes" Date="20221115" Time="113838">CalculateGeometryAttributes "Indicateur de disponibilité en eau de surface \Disponibilité été-automne en climat actuel" "SUPERF_KM2 AREA" # "Kilomètres carrés" # "identique à l'entrée"</Process><Process ToolSource="c:\arcgis\desktop10.8\ArcToolbox\Toolboxes\Data Management Tools.tbx\CalculateField" Date="20221213" Time="132805">CalculateField Indic_Dispo_Eau_actuel_CC_2022_05_19_epure PRESEAREF "" VB #</Process><Process ToolSource="c:\arcgis\desktop10.8\ArcToolbox\Toolboxes\Data Management Tools.tbx\CalculateField" Date="20221213" Time="132811">CalculateField Indic_Dispo_Eau_actuel_CC_2022_05_19_epure PRESEA204 "" VB #</Process><Process ToolSource="c:\arcgis\desktop10.8\ArcToolbox\Toolboxes\Data Management Tools.tbx\CalculateField" Date="20221213" Time="132821">CalculateField Indic_Dispo_Eau_actuel_CC_2022_05_19_epure PRESEA208 "" VB #</Process><Process ToolSource="c:\arcgis\desktop10.8\ArcToolbox\Toolboxes\Data Management Tools.tbx\CalculateField" Date="20221213" Time="132825">CalculateField Indic_Dispo_Eau_actuel_CC_2022_05_19_epure PRESEA504 "" VB #</Process><Process ToolSource="c:\arcgis\desktop10.8\ArcToolbox\Toolboxes\Data Management Tools.tbx\CalculateField" Date="20221213" Time="132828">CalculateField Indic_Dispo_Eau_actuel_CC_2022_05_19_epure PRESEA508 "" VB #</Process><Process ToolSource="c:\arcgis\desktop10.8\ArcToolbox\Toolboxes\Data Management Tools.tbx\CalculateField" Date="20221213" Time="132833">CalculateField Indic_Dispo_Eau_actuel_CC_2022_05_19_epure PRESEA804 "" VB #</Process><Process ToolSource="c:\arcgis\desktop10.8\ArcToolbox\Toolboxes\Data Management Tools.tbx\CalculateField" Date="20221213" Time="132838">CalculateField Indic_Dispo_Eau_actuel_CC_2022_05_19_epure PRESEA808 "" VB #</Process><Process ToolSource="c:\arcgis\desktop10.8\ArcToolbox\Toolboxes\Data Management Tools.tbx\CalculateField" Date="20221213" Time="132842">CalculateField Indic_Dispo_Eau_actuel_CC_2022_05_19_epure PRESHPREF "" VB #</Process><Process ToolSource="c:\arcgis\desktop10.8\ArcToolbox\Toolboxes\Data Management Tools.tbx\CalculateField" Date="20221213" Time="132845">CalculateField Indic_Dispo_Eau_actuel_CC_2022_05_19_epure PRESHP204 "" VB #</Process><Process ToolSource="c:\arcgis\desktop10.8\ArcToolbox\Toolboxes\Data Management Tools.tbx\CalculateField" Date="20221213" Time="132849">CalculateField Indic_Dispo_Eau_actuel_CC_2022_05_19_epure PRESHP208 "" VB #</Process><Process ToolSource="c:\arcgis\desktop10.8\ArcToolbox\Toolboxes\Data Management Tools.tbx\CalculateField" Date="20221213" Time="132854">CalculateField Indic_Dispo_Eau_actuel_CC_2022_05_19_epure PRESHP504 "" VB #</Process><Process ToolSource="c:\arcgis\desktop10.8\ArcToolbox\Toolboxes\Data Management Tools.tbx\CalculateField" Date="20221213" Time="132857">CalculateField Indic_Dispo_Eau_actuel_CC_2022_05_19_epure PRESHP508 "" VB #</Process><Process ToolSource="c:\arcgis\desktop10.8\ArcToolbox\Toolboxes\Data Management Tools.tbx\CalculateField" Date="20221213" Time="132903">CalculateField Indic_Dispo_Eau_actuel_CC_2022_05_19_epure PRESHP804 "" VB #</Process><Process ToolSource="c:\arcgis\desktop10.8\ArcToolbox\Toolboxes\Data Management Tools.tbx\CalculateField" Date="20221213" Time="132909">CalculateField Indic_Dispo_Eau_actuel_CC_2022_05_19_epure PRESHP808 "" VB #</Process><Process ToolSource="c:\arcgis\desktop10.8\ArcToolbox\Toolboxes\Data Management Tools.tbx\CalculateField" Date="20221213" Time="132912">CalculateField Indic_Dispo_Eau_actuel_CC_2022_05_19_epure ETATEAREF "" VB #</Process><Process ToolSource="c:\arcgis\desktop10.8\ArcToolbox\Toolboxes\Data Management Tools.tbx\CalculateField" Date="20221213" Time="132919">CalculateField Indic_Dispo_Eau_actuel_CC_2022_05_19_epure ETATEA204 "" VB #</Process><Process ToolSource="c:\arcgis\desktop10.8\ArcToolbox\Toolboxes\Data Management Tools.tbx\CalculateField" Date="20221213" Time="132923">CalculateField Indic_Dispo_Eau_actuel_CC_2022_05_19_epure ETATEA208 "" VB #</Process><Process ToolSource="c:\arcgis\desktop10.8\ArcToolbox\Toolboxes\Data Management Tools.tbx\CalculateField" Date="20221213" Time="132927">CalculateField Indic_Dispo_Eau_actuel_CC_2022_05_19_epure ETATEA504 "" VB #</Process><Process ToolSource="c:\arcgis\desktop10.8\ArcToolbox\Toolboxes\Data Management Tools.tbx\CalculateField" Date="20221213" Time="132931">CalculateField Indic_Dispo_Eau_actuel_CC_2022_05_19_epure ETATEA508 "" VB #</Process><Process ToolSource="c:\arcgis\desktop10.8\ArcToolbox\Toolboxes\Data Management Tools.tbx\CalculateField" Date="20221213" Time="132940">CalculateField Indic_Dispo_Eau_actuel_CC_2022_05_19_epure ETATEA804 "" VB #</Process><Process ToolSource="c:\arcgis\desktop10.8\ArcToolbox\Toolboxes\Data Management Tools.tbx\CalculateField" Date="20221213" Time="132945">CalculateField Indic_Dispo_Eau_actuel_CC_2022_05_19_epure ETATEA808 "" VB #</Process><Process ToolSource="c:\arcgis\desktop10.8\ArcToolbox\Toolboxes\Data Management Tools.tbx\CalculateField" Date="20221213" Time="132949">CalculateField Indic_Dispo_Eau_actuel_CC_2022_05_19_epure ETATHPREF "" VB #</Process><Process ToolSource="c:\arcgis\desktop10.8\ArcToolbox\Toolboxes\Data Management Tools.tbx\CalculateField" Date="20221213" Time="132953">CalculateField Indic_Dispo_Eau_actuel_CC_2022_05_19_epure ETATHP204 "" VB #</Process><Process ToolSource="c:\arcgis\desktop10.8\ArcToolbox\Toolboxes\Data Management Tools.tbx\CalculateField" Date="20221213" Time="132956">CalculateField Indic_Dispo_Eau_actuel_CC_2022_05_19_epure ETATHP208 "" VB #</Process><Process ToolSource="c:\arcgis\desktop10.8\ArcToolbox\Toolboxes\Data Management Tools.tbx\CalculateField" Date="20221213" Time="132959">CalculateField Indic_Dispo_Eau_actuel_CC_2022_05_19_epure ETATHP504 "" VB #</Process><Process ToolSource="c:\arcgis\desktop10.8\ArcToolbox\Toolboxes\Data Management Tools.tbx\CalculateField" Date="20221213" Time="133003">CalculateField Indic_Dispo_Eau_actuel_CC_2022_05_19_epure ETATHP508 "" VB #</Process><Process ToolSource="c:\arcgis\desktop10.8\ArcToolbox\Toolboxes\Data Management Tools.tbx\CalculateField" Date="20221213" Time="133006">CalculateField Indic_Dispo_Eau_actuel_CC_2022_05_19_epure ETATHP804 "" VB #</Process><Process ToolSource="c:\arcgis\desktop10.8\ArcToolbox\Toolboxes\Data Management Tools.tbx\CalculateField" Date="20221213" Time="133009">CalculateField Indic_Dispo_Eau_actuel_CC_2022_05_19_epure ETATHP808 "" VB #</Process><Process ToolSource="c:\arcgis\desktop10.8\ArcToolbox\Toolboxes\Data Management Tools.tbx\CalculateField" Date="20221213" Time="133017">CalculateField Indic_Dispo_Eau_actuel_CC_2022_05_19_epure INDIEAREF "" VB #</Process><Process ToolSource="c:\arcgis\desktop10.8\ArcToolbox\Toolboxes\Data Management Tools.tbx\CalculateField" Date="20221213" Time="133021">CalculateField Indic_Dispo_Eau_actuel_CC_2022_05_19_epure INDIEA204 "" VB #</Process><Process ToolSource="c:\arcgis\desktop10.8\ArcToolbox\Toolboxes\Data Management Tools.tbx\CalculateField" Date="20221213" Time="133025">CalculateField Indic_Dispo_Eau_actuel_CC_2022_05_19_epure INDIEA208 "" VB #</Process><Process ToolSource="c:\arcgis\desktop10.8\ArcToolbox\Toolboxes\Data Management Tools.tbx\CalculateField" Date="20221213" Time="133028">CalculateField Indic_Dispo_Eau_actuel_CC_2022_05_19_epure INDIEA504 "" VB #</Process><Process ToolSource="c:\arcgis\desktop10.8\ArcToolbox\Toolboxes\Data Management Tools.tbx\CalculateField" Date="20221213" Time="133032">CalculateField Indic_Dispo_Eau_actuel_CC_2022_05_19_epure INDIEA508 "" VB #</Process><Process ToolSource="c:\arcgis\desktop10.8\ArcToolbox\Toolboxes\Data Management Tools.tbx\CalculateField" Date="20221213" Time="133035">CalculateField Indic_Dispo_Eau_actuel_CC_2022_05_19_epure INDIEA804 "" VB #</Process><Process ToolSource="c:\arcgis\desktop10.8\ArcToolbox\Toolboxes\Data Management Tools.tbx\CalculateField" Date="20221213" Time="133038">CalculateField Indic_Dispo_Eau_actuel_CC_2022_05_19_epure INDIEA808 "" VB #</Process><Process ToolSource="c:\arcgis\desktop10.8\ArcToolbox\Toolboxes\Data Management Tools.tbx\CalculateField" Date="20221213" Time="133042">CalculateField Indic_Dispo_Eau_actuel_CC_2022_05_19_epure INDIHPREF "" VB #</Process><Process ToolSource="c:\arcgis\desktop10.8\ArcToolbox\Toolboxes\Data Management Tools.tbx\CalculateField" Date="20221213" Time="133046">CalculateField Indic_Dispo_Eau_actuel_CC_2022_05_19_epure INDIHP204 "" VB #</Process><Process ToolSource="c:\arcgis\desktop10.8\ArcToolbox\Toolboxes\Data Management Tools.tbx\CalculateField" Date="20221213" Time="133049">CalculateField Indic_Dispo_Eau_actuel_CC_2022_05_19_epure INDIHP208 "" VB #</Process><Process ToolSource="c:\arcgis\desktop10.8\ArcToolbox\Toolboxes\Data Management Tools.tbx\CalculateField" Date="20221213" Time="133053">CalculateField Indic_Dispo_Eau_actuel_CC_2022_05_19_epure INDIHP504 "" VB #</Process><Process ToolSource="c:\arcgis\desktop10.8\ArcToolbox\Toolboxes\Data Management Tools.tbx\CalculateField" Date="20221213" Time="133057">CalculateField Indic_Dispo_Eau_actuel_CC_2022_05_19_epure INDIHP508 "" VB #</Process><Process ToolSource="c:\arcgis\desktop10.8\ArcToolbox\Toolboxes\Data Management Tools.tbx\CalculateField" Date="20221213" Time="133100">CalculateField Indic_Dispo_Eau_actuel_CC_2022_05_19_epure INDIHP804 "" VB #</Process><Process ToolSource="c:\arcgis\desktop10.8\ArcToolbox\Toolboxes\Data Management Tools.tbx\CalculateField" Date="20221213" Time="133103">CalculateField Indic_Dispo_Eau_actuel_CC_2022_05_19_epure INDIHP808 "" VB #</Process><Process ToolSource="c:\arcgis\desktop10.8\ArcToolbox\Toolboxes\Data Management Tools.tbx\CalculateField" Date="20221213" Time="133118">CalculateField Indic_Dispo_Eau_actuel_CC_2022_05_19_epure Confiance "" VB #</Process><Process ToolSource="c:\myarcgispro\Resources\ArcToolbox\toolboxes\Data Management Tools.tbx\CopyFeatures" Date="20221213" Time="143238">CopyFeatures Indic_Dispo_Eau_actuel_CC_2022_05_19_epure "C:\Users\morau03\OneDrive - Ministère de l'Environnement et la Lutte contre les changements climatiques\Indicateur disponibilité eau de surface\Données Québec MAJ dec22 sans Bec\SHP\Indic_Dispo_Eau_actuel_CC_2022_05_19_epure.shp" # # # #</Process></lineage><LayerFile>{"type":"CIMLayerDocument","version":"2.7.0","build":26828,"layers":["CIMPATH=Carte/5cb5f6dc261448d9814428092f8b5631.xml"],"layerDefinitions":[{"type":"CIMFeatureLayer","name":"Indic_Dispo_Eau_actuel_CC_2022_05_19_epure","uRI":"CIMPATH=Carte/5cb5f6dc261448d9814428092f8b5631.xml","sourceModifiedTime":{"type":"TimeInstant"},"useSourceMetadata":true,"description":"Indic_Dispo_Eau_actuel_CC_2022_05_19_epure","layerElevation":{"type":"CIMLayerElevationSurface","mapElevationID":"{F5EC0133-9408-49E8-90A3-7DE851BC8E1E}"},"expanded":true,"layerType":"Operational","showLegends":true,"visibility":true,"displayCacheType":"Permanent","maxDisplayCacheAge":5,"showPopups":true,"serviceLayerID":-1,"refreshRate":-1,"refreshRateUnit":"esriTimeUnitsSeconds","blendingMode":"Alpha","autoGenerateFeatureTemplates":true,"featureElevationExpression":"0","featureTable":{"type":"CIMFeatureTable","displayField":"OBJECTID","editable":true,"dataConnection":{"type":"CIMStandardDataConnection","workspaceConnectionString":"DATABASE=..\\..\\..\\..\\OneDrive - Ministère de l'Environnement et la Lutte contre les changements climatiques\\Indicateur disponibilité eau de surface\\Données Québec MAJ dec22 sans Bec\\SHP","workspaceFactory":"Shapefile","dataset":"Indic_Dispo_Eau_actuel_CC_2022_05_19_epure","datasetType":"esriDTFeatureClass"},"studyAreaSpatialRel":"esriSpatialRelUndefined","searchOrder":"esriSearchOrderSpatial"},"htmlPopupEnabled":true,"selectable":true,"featureCacheType":"Session","displayFiltersType":"ByScale","featureBlendingMode":"Alpha","labelClasses":[{"type":"CIMLabelClass","expression":"var Confiance = $feature.Confiance; \n\nif (Confiance == \"Limitée\") { \n\n    return \"L\" \n\n    } \n\nelse return \"\" ","expressionEngine":"Arcade","featuresToLabel":"AllVisibleFeatures","maplexLabelPlacementProperties":{"type":"CIMMaplexLabelPlacementProperties","featureType":"Polygon","avoidPolygonHoles":true,"canOverrunFeature":true,"canPlaceLabelOutsidePolygon":true,"canRemoveOverlappingLabel":true,"canStackLabel":true,"connectionType":"Unambiguous","constrainOffset":"NoConstraint","contourAlignmentType":"Page","contourLadderType":"Straight","contourMaximumAngle":90,"enableConnection":true,"featureWeight":0,"fontHeightReductionLimit":4,"fontHeightReductionStep":0.5,"fontWidthReductionLimit":90,"fontWidthReductionStep":5,"graticuleAlignmentType":"Straight","keyNumberGroupName":"Par défaut","labelBuffer":15,"labelLargestPolygon":true,"labelPriority":-1,"labelStackingProperties":{"type":"CIMMaplexLabelStackingProperties","stackAlignment":"ChooseBest","maximumNumberOfLines":3,"minimumNumberOfCharsPerLine":3,"maximumNumberOfCharsPerLine":24,"separators":[{"type":"CIMMaplexStackingSeparator","separator":" ","splitAfter":true},{"type":"CIMMaplexStackingSeparator","separator":",","visible":true,"splitAfter":true}]},"lineFeatureType":"General","linePlacementMethod":"OffsetCurvedFromLine","maximumLabelOverrun":80,"maximumLabelOverrunUnit":"Point","minimumFeatureSizeUnit":"Map","multiPartOption":"OneLabelPerPart","offsetAlongLineProperties":{"type":"CIMMaplexOffsetAlongLineProperties","placementMethod":"BestPositionAlongLine","labelAnchorPoint":"CenterOfLabel","distanceUnit":"Percentage","useLineDirection":true},"pointExternalZonePriorities":{"type":"CIMMaplexExternalZonePriorities","aboveLeft":4,"aboveCenter":2,"aboveRight":1,"centerRight":3,"belowRight":5,"belowCenter":7,"belowLeft":8,"centerLeft":6},"pointPlacementMethod":"AroundPoint","polygonAnchorPointType":"GeometricCenter","polygonBoundaryWeight":0,"polygonExternalZones":{"type":"CIMMaplexExternalZonePriorities","aboveLeft":4,"aboveCenter":2,"aboveRight":1,"centerRight":3,"belowRight":5,"belowCenter":7,"belowLeft":8,"centerLeft":6},"polygonFeatureType":"General","polygonInternalZones":{"type":"CIMMaplexInternalZonePriorities","center":1},"polygonPlacementMethod":"HorizontalInPolygon","primaryOffset":1,"primaryOffsetUnit":"Point","removeExtraWhiteSpace":true,"repetitionIntervalUnit":"Map","rotationProperties":{"type":"CIMMaplexRotationProperties","rotationType":"Arithmetic","alignmentType":"Straight"},"secondaryOffset":100,"strategyPriorities":{"type":"CIMMaplexStrategyPriorities","stacking":1,"overrun":2,"fontCompression":3,"fontReduction":4,"abbreviation":5},"thinningDistanceUnit":"Point","truncationMarkerCharacter":".","truncationMinimumLength":1,"truncationPreferredCharacters":"aeiou","polygonAnchorPointPerimeterInsetUnit":"Point"},"minimumScale":750000,"name":"Classe\u00A01","priority":-1,"standardLabelPlacementProperties":{"type":"CIMStandardLabelPlacementProperties","featureType":"Line","featureWeight":"Low","labelWeight":"High","numLabelsOption":"OneLabelPerName","lineLabelPosition":{"type":"CIMStandardLineLabelPosition","above":true,"inLine":true,"parallel":true},"lineLabelPriorities":{"type":"CIMStandardLineLabelPriorities","aboveStart":3,"aboveAlong":3,"aboveEnd":3,"centerStart":3,"centerAlong":3,"centerEnd":3,"belowStart":3,"belowAlong":3,"belowEnd":3},"pointPlacementMethod":"AroundPoint","pointPlacementPriorities":{"type":"CIMStandardPointPlacementPriorities","aboveLeft":2,"aboveCenter":2,"aboveRight":1,"centerLeft":3,"centerRight":2,"belowLeft":3,"belowCenter":3,"belowRight":2},"rotationType":"Arithmetic","polygonPlacementMethod":"AlwaysHorizontal"},"textSymbol":{"type":"CIMSymbolReference","symbol":{"type":"CIMTextSymbol","blockProgression":"TTB","depth3D":1,"extrapolateBaselines":true,"fontEffects":"Normal","fontEncoding":"Unicode","fontFamilyName":"Tahoma","fontStyleName":"Regular","fontType":"Unspecified","haloSize":1,"height":10,"hinting":"Default","horizontalAlignment":"Left","kerning":true,"letterWidth":100,"ligatures":true,"lineGapType":"ExtraLeading","symbol":{"type":"CIMPolygonSymbol","symbolLayers":[{"type":"CIMSolidFill","enable":true,"color":{"type":"CIMRGBColor","values":[0,0,0,100]}}]},"textCase":"Normal","textDirection":"LTR","verticalAlignment":"Bottom","verticalGlyphOrientation":"Right","wordSpacing":100,"billboardMode3D":"FaceNearPlane"}},"useCodedValue":true,"visibility":true,"iD":-1}],"labelVisibility":true,"renderer":{"type":"CIMUniqueValueRenderer","colorRamp":{"type":"CIMRandomHSVColorRamp","colorSpace":{"type":"CIMICCColorSpace","url":"Default RGB"},"maxH":360,"minS":15,"maxS":30,"minV":99,"maxV":100,"minAlpha":100,"maxAlpha":100},"defaultLabel":"\u003ctoutes les autres valeurs\u003e","defaultSymbol":{"type":"CIMSymbolReference","symbol":{"type":"CIMPolygonSymbol","symbolLayers":[{"type":"CIMSolidStroke","enable":true,"capStyle":"Round","joinStyle":"Round","lineStyle3D":"Strip","miterLimit":10,"width":0.69999999999999996,"color":{"type":"CIMRGBColor","values":[110,110,110,100]}},{"type":"CIMSolidFill","enable":true,"color":{"type":"CIMRGBColor","values":[130,130,130,100]}}]},"symbolName":"Level_1"},"defaultSymbolPatch":"Default","fields":["INDIEAREF"],"groups":[{"type":"CIMUniqueValueGroup","classes":[{"type":"CIMUniqueValueClass","label":" ","patch":"Default","symbol":{"type":"CIMSymbolReference","symbol":{"type":"CIMPolygonSymbol","symbolLayers":[{"type":"CIMSolidStroke","enable":true,"capStyle":"Round","joinStyle":"Round","lineStyle3D":"Strip","miterLimit":10,"width":0.69999999999999996,"color":{"type":"CIMRGBColor","values":[110,110,110,100]}},{"type":"CIMSolidFill","enable":true,"color":{"type":"CIMRGBColor","values":[255,0,0,75]}}]}},"values":[{"type":"CIMUniqueValue","fieldValues":["1-Faible"]}],"visible":true},{"type":"CIMUniqueValueClass","label":" ","patch":"Default","symbol":{"type":"CIMSymbolReference","symbol":{"type":"CIMPolygonSymbol","symbolLayers":[{"type":"CIMSolidStroke","enable":true,"capStyle":"Round","joinStyle":"Round","lineStyle3D":"Strip","miterLimit":10,"width":0.69999999999999996,"color":{"type":"CIMRGBColor","values":[110,110,110,100]}},{"type":"CIMSolidFill","enable":true,"color":{"type":"CIMRGBColor","values":[255,0,0,75]}}]}},"values":[{"type":"CIMUniqueValue","fieldValues":["1-Faible"]}],"visible":true},{"type":"CIMUniqueValueClass","label":"2-Modérée","patch":"Default","symbol":{"type":"CIMSymbolReference","symbol":{"type":"CIMPolygonSymbol","symbolLayers":[{"type":"CIMSolidStroke","enable":true,"capStyle":"Round","joinStyle":"Round","lineStyle3D":"Strip","miterLimit":10,"width":0.69999999999999996,"color":{"type":"CIMRGBColor","values":[110,110,110,100]}},{"type":"CIMSolidFill","enable":true,"color":{"type":"CIMRGBColor","values":[255,170,0,75]}}]}},"values":[{"type":"CIMUniqueValue","fieldValues":["2-Modérée"]}],"visible":true},{"type":"CIMUniqueValueClass","label":"3-Modérée à élevée","patch":"Default","symbol":{"type":"CIMSymbolReference","symbol":{"type":"CIMPolygonSymbol","symbolLayers":[{"type":"CIMSolidStroke","enable":true,"capStyle":"Round","joinStyle":"Round","lineStyle3D":"Strip","miterLimit":10,"width":0.69999999999999996,"color":{"type":"CIMRGBColor","values":[110,110,110,100]}},{"type":"CIMSolidFill","enable":true,"color":{"type":"CIMRGBColor","values":[255,255,0,75]}}]}},"values":[{"type":"CIMUniqueValue","fieldValues":["3-Modérée à élevée"]}],"visible":true},{"type":"CIMUniqueValueClass","label":"4-Élevée","patch":"Default","symbol":{"type":"CIMSymbolReference","symbol":{"type":"CIMPolygonSymbol","symbolLayers":[{"type":"CIMSolidStroke","enable":true,"capStyle":"Round","joinStyle":"Round","lineStyle3D":"Strip","miterLimit":10,"width":0.69999999999999996,"color":{"type":"CIMRGBColor","values":[110,110,110,100]}},{"type":"CIMSolidFill","enable":true,"color":{"type":"CIMRGBColor","values":[85,255,0,75]}}]}},"values":[{"type":"CIMUniqueValue","fieldValues":["4-Élevée"]}],"visible":true}],"heading":"Disponibilité été-automne en climat actuel"}],"polygonSymbolColorTarget":"Fill"},"scaleSymbols":true,"snappable":true}]}</LayerFile></DataProperties><SyncDate>20221213</SyncDate><SyncTime>14323800</SyncTime><ModDate>20221213</ModDate><ModTime>14323800</ModTime></Esri><dataIdInfo><envirDesc Sync="TRUE">Microsoft Windows 10 Version 10.0 (Build 19044) ; Esri ArcGIS 12.7.0.26828</envirDesc><dataLang><languageCode value="fra" Sync="TRUE"></languageCode><countryCode value="CAN" Sync="TRUE"></countryCode></dataLang><idCitation><resTitle Sync="TRUE">Indic_Dispo_Eau_actuel_CC_2022_05_19_epure</resTitle><presForm><PresFormCd value="005" Sync="TRUE"></PresFormCd></presForm></idCitation><spatRpType><SpatRepTypCd value="001" Sync="TRUE"></SpatRepTypCd></spatRpType></dataIdInfo><mdLang><languageCode value="fra" Sync="TRUE"></languageCode><countryCode value="CAN" Sync="TRUE"></countryCode></mdLang><distInfo><distFormat><formatName Sync="TRUE">Shapefile</formatName></distFormat><distTranOps><transSize Sync="TRUE">0.000</transSize></distTranOps></distInfo><mdHrLv><ScopeCd value="005" Sync="TRUE"></ScopeCd></mdHrLv><mdHrLvName Sync="TRUE">dataset</mdHrLvName><refSysInfo><RefSystem><refSysID><identCode code="0" Sync="TRUE"></identCode></refSysID></RefSystem></refSysInfo><spatRepInfo><VectSpatRep><geometObjs Name="Indic_Dispo_Eau_actuel_CC_2022_05_19_epure"><geoObjTyp><GeoObjTypCd value="002" Sync="TRUE"></GeoObjTypCd></geoObjTyp><geoObjCnt Sync="TRUE">0</geoObjCnt></geometObjs><topLvl><TopoLevCd value="001" Sync="TRUE"></TopoLevCd></topLvl></VectSpatRep></spatRepInfo><spdoinfo><ptvctinf><esriterm Name="Indic_Dispo_Eau_actuel_CC_2022_05_19_epure"><efeatyp Sync="TRUE">Simple</efeatyp><efeageom code="4" Sync="TRUE"></efeageom><esritopo Sync="TRUE">FALSE</esritopo><efeacnt Sync="TRUE">0</efeacnt><spindex Sync="TRUE">FALSE</spindex><linrefer Sync="TRUE">FALSE</linrefer></esriterm></ptvctinf></spdoinfo><eainfo><detailed Name="Indic_Dispo_Eau_actuel_CC_2022_05_19_epure"><enttyp><enttypl Sync="TRUE">Indic_Dispo_Eau_actuel_CC_2022_05_19_epure</enttypl><enttypt Sync="TRUE">Feature Class</enttypt><enttypc Sync="TRUE">0</enttypc></enttyp><attr><attrlabl Sync="TRUE">FID</attrlabl><attalias Sync="TRUE">FID</attalias><attrtype Sync="TRUE">OID</attrtype><attwidth Sync="TRUE">4</attwidth><atprecis Sync="TRUE">0</atprecis><attscale Sync="TRUE">0</attscale><attrdef Sync="TRUE">Internal feature number.</attrdef><attrdefs Sync="TRUE">Esri</attrdefs><attrdomv><udom Sync="TRUE">Sequential unique whole numbers that are automatically generated.</udom></attrdomv></attr><attr><attrlabl Sync="TRUE">Shape</attrlabl><attalias Sync="TRUE">Shape</attalias><attrtype Sync="TRUE">Geometry</attrtype><attwidth Sync="TRUE">0</attwidth><atprecis Sync="TRUE">0</atprecis><attscale Sync="TRUE">0</attscale><attrdef Sync="TRUE">Feature geometry.</attrdef><attrdefs Sync="TRUE">Esri</attrdefs><attrdomv><udom Sync="TRUE">Coordinates defining the features.</udom></attrdomv></attr><attr><attrlabl Sync="TRUE">OBJECTID</attrlabl><attalias Sync="TRUE">OBJECTID</attalias><attrtype Sync="TRUE">Double</attrtype><attwidth Sync="TRUE">19</attwidth><atprecis Sync="TRUE">0</atprecis><attscale Sync="TRUE">0</attscale></attr><attr><attrlabl Sync="TRUE">NOM_COURS1</attrlabl><attalias Sync="TRUE">NOM_COURS1</attalias><attrtype Sync="TRUE">String</attrtype><attwidth Sync="TRUE">80</attwidth><atprecis Sync="TRUE">0</atprecis><attscale Sync="TRUE">0</attscale></attr><attr><attrlabl Sync="TRUE">NOM_BV_PRI</attrlabl><attalias Sync="TRUE">NOM_BV_PRI</attalias><attrtype Sync="TRUE">String</attrtype><attwidth Sync="TRUE">80</attwidth><atprecis Sync="TRUE">0</atprecis><attscale Sync="TRUE">0</attscale></attr><attr><attrlabl Sync="TRUE">Confiance</attrlabl><attalias Sync="TRUE">Confiance</attalias><attrtype Sync="TRUE">String</attrtype><attwidth Sync="TRUE">80</attwidth><atprecis Sync="TRUE">0</atprecis><attscale Sync="TRUE">0</attscale></attr><attr><attrlabl Sync="TRUE">SUPERF_KM2</attrlabl><attalias Sync="TRUE">SUPERF_KM2</attalias><attrtype Sync="TRUE">Double</attrtype><attwidth Sync="TRUE">19</attwidth><atprecis Sync="TRUE">0</atprecis><attscale Sync="TRUE">0</attscale></attr><attr><attrlabl Sync="TRUE">ZGIEBV</attrlabl><attalias Sync="TRUE">ZGIEBV</attalias><attrtype Sync="TRUE">String</attrtype><attwidth Sync="TRUE">80</attwidth><atprecis Sync="TRUE">0</atprecis><attscale Sync="TRUE">0</attscale></attr><attr><attrlabl Sync="TRUE">PRESEAREF</attrlabl><attalias Sync="TRUE">PRESEAREF</attalias><attrtype Sync="TRUE">String</attrtype><attwidth Sync="TRUE">80</attwidth><atprecis Sync="TRUE">0</atprecis><attscale Sync="TRUE">0</attscale></attr><attr><attrlabl Sync="TRUE">PRESEA204</attrlabl><attalias Sync="TRUE">PRESEA204</attalias><attrtype Sync="TRUE">String</attrtype><attwidth Sync="TRUE">80</attwidth><atprecis Sync="TRUE">0</atprecis><attscale Sync="TRUE">0</attscale></attr><attr><attrlabl Sync="TRUE">PRESEA208</attrlabl><attalias Sync="TRUE">PRESEA208</attalias><attrtype Sync="TRUE">String</attrtype><attwidth Sync="TRUE">80</attwidth><atprecis Sync="TRUE">0</atprecis><attscale Sync="TRUE">0</attscale></attr><attr><attrlabl Sync="TRUE">PRESEA504</attrlabl><attalias Sync="TRUE">PRESEA504</attalias><attrtype Sync="TRUE">String</attrtype><attwidth Sync="TRUE">80</attwidth><atprecis Sync="TRUE">0</atprecis><attscale Sync="TRUE">0</attscale></attr><attr><attrlabl Sync="TRUE">PRESEA508</attrlabl><attalias Sync="TRUE">PRESEA508</attalias><attrtype Sync="TRUE">String</attrtype><attwidth Sync="TRUE">80</attwidth><atprecis Sync="TRUE">0</atprecis><attscale Sync="TRUE">0</attscale></attr><attr><attrlabl Sync="TRUE">PRESEA804</attrlabl><attalias Sync="TRUE">PRESEA804</attalias><attrtype Sync="TRUE">String</attrtype><attwidth Sync="TRUE">80</attwidth><atprecis Sync="TRUE">0</atprecis><attscale Sync="TRUE">0</attscale></attr><attr><attrlabl Sync="TRUE">PRESEA808</attrlabl><attalias Sync="TRUE">PRESEA808</attalias><attrtype Sync="TRUE">String</attrtype><attwidth Sync="TRUE">80</attwidth><atprecis Sync="TRUE">0</atprecis><attscale Sync="TRUE">0</attscale></attr><attr><attrlabl Sync="TRUE">PRESHPREF</attrlabl><attalias Sync="TRUE">PRESHPREF</attalias><attrtype Sync="TRUE">String</attrtype><attwidth Sync="TRUE">80</attwidth><atprecis Sync="TRUE">0</atprecis><attscale Sync="TRUE">0</attscale></attr><attr><attrlabl Sync="TRUE">PRESHP204</attrlabl><attalias Sync="TRUE">PRESHP204</attalias><attrtype Sync="TRUE">String</attrtype><attwidth Sync="TRUE">80</attwidth><atprecis Sync="TRUE">0</atprecis><attscale Sync="TRUE">0</attscale></attr><attr><attrlabl Sync="TRUE">PRESHP208</attrlabl><attalias Sync="TRUE">PRESHP208</attalias><attrtype Sync="TRUE">String</attrtype><attwidth Sync="TRUE">80</attwidth><atprecis Sync="TRUE">0</atprecis><attscale Sync="TRUE">0</attscale></attr><attr><attrlabl Sync="TRUE">PRESHP504</attrlabl><attalias Sync="TRUE">PRESHP504</attalias><attrtype Sync="TRUE">String</attrtype><attwidth Sync="TRUE">80</attwidth><atprecis Sync="TRUE">0</atprecis><attscale Sync="TRUE">0</attscale></attr><attr><attrlabl Sync="TRUE">PRESHP508</attrlabl><attalias Sync="TRUE">PRESHP508</attalias><attrtype Sync="TRUE">String</attrtype><attwidth Sync="TRUE">80</attwidth><atprecis Sync="TRUE">0</atprecis><attscale Sync="TRUE">0</attscale></attr><attr><attrlabl Sync="TRUE">PRESHP804</attrlabl><attalias Sync="TRUE">PRESHP804</attalias><attrtype Sync="TRUE">String</attrtype><attwidth Sync="TRUE">80</attwidth><atprecis Sync="TRUE">0</atprecis><attscale Sync="TRUE">0</attscale></attr><attr><attrlabl Sync="TRUE">PRESHP808</attrlabl><attalias Sync="TRUE">PRESHP808</attalias><attrtype Sync="TRUE">String</attrtype><attwidth Sync="TRUE">80</attwidth><atprecis Sync="TRUE">0</atprecis><attscale Sync="TRUE">0</attscale></attr><attr><attrlabl Sync="TRUE">ETATEAREF</attrlabl><attalias Sync="TRUE">ETATEAREF</attalias><attrtype Sync="TRUE">String</attrtype><attwidth Sync="TRUE">80</attwidth><atprecis Sync="TRUE">0</atprecis><attscale Sync="TRUE">0</attscale></attr><attr><attrlabl Sync="TRUE">ETATEA204</attrlabl><attalias Sync="TRUE">ETATEA204</attalias><attrtype Sync="TRUE">String</attrtype><attwidth Sync="TRUE">80</attwidth><atprecis Sync="TRUE">0</atprecis><attscale Sync="TRUE">0</attscale></attr><attr><attrlabl Sync="TRUE">ETATEA208</attrlabl><attalias Sync="TRUE">ETATEA208</attalias><attrtype Sync="TRUE">String</attrtype><attwidth Sync="TRUE">80</attwidth><atprecis Sync="TRUE">0</atprecis><attscale Sync="TRUE">0</attscale></attr><attr><attrlabl Sync="TRUE">ETATEA504</attrlabl><attalias Sync="TRUE">ETATEA504</attalias><attrtype Sync="TRUE">String</attrtype><attwidth Sync="TRUE">80</attwidth><atprecis Sync="TRUE">0</atprecis><attscale Sync="TRUE">0</attscale></attr><attr><attrlabl Sync="TRUE">ETATEA508</attrlabl><attalias Sync="TRUE">ETATEA508</attalias><attrtype Sync="TRUE">String</attrtype><attwidth Sync="TRUE">80</attwidth><atprecis Sync="TRUE">0</atprecis><attscale Sync="TRUE">0</attscale></attr><attr><attrlabl Sync="TRUE">ETATEA804</attrlabl><attalias Sync="TRUE">ETATEA804</attalias><attrtype Sync="TRUE">String</attrtype><attwidth Sync="TRUE">80</attwidth><atprecis Sync="TRUE">0</atprecis><attscale Sync="TRUE">0</attscale></attr><attr><attrlabl Sync="TRUE">ETATEA808</attrlabl><attalias Sync="TRUE">ETATEA808</attalias><attrtype Sync="TRUE">String</attrtype><attwidth Sync="TRUE">80</attwidth><atprecis Sync="TRUE">0</atprecis><attscale Sync="TRUE">0</attscale></attr><attr><attrlabl Sync="TRUE">ETATHPREF</attrlabl><attalias Sync="TRUE">ETATHPREF</attalias><attrtype Sync="TRUE">String</attrtype><attwidth Sync="TRUE">80</attwidth><atprecis Sync="TRUE">0</atprecis><attscale Sync="TRUE">0</attscale></attr><attr><attrlabl Sync="TRUE">ETATHP204</attrlabl><attalias Sync="TRUE">ETATHP204</attalias><attrtype Sync="TRUE">String</attrtype><attwidth Sync="TRUE">80</attwidth><atprecis Sync="TRUE">0</atprecis><attscale Sync="TRUE">0</attscale></attr><attr><attrlabl Sync="TRUE">ETATHP208</attrlabl><attalias Sync="TRUE">ETATHP208</attalias><attrtype Sync="TRUE">String</attrtype><attwidth Sync="TRUE">80</attwidth><atprecis Sync="TRUE">0</atprecis><attscale Sync="TRUE">0</attscale></attr><attr><attrlabl Sync="TRUE">ETATHP504</attrlabl><attalias Sync="TRUE">ETATHP504</attalias><attrtype Sync="TRUE">String</attrtype><attwidth Sync="TRUE">80</attwidth><atprecis Sync="TRUE">0</atprecis><attscale Sync="TRUE">0</attscale></attr><attr><attrlabl Sync="TRUE">ETATHP508</attrlabl><attalias Sync="TRUE">ETATHP508</attalias><attrtype Sync="TRUE">String</attrtype><attwidth Sync="TRUE">80</attwidth><atprecis Sync="TRUE">0</atprecis><attscale Sync="TRUE">0</attscale></attr><attr><attrlabl Sync="TRUE">ETATHP804</attrlabl><attalias Sync="TRUE">ETATHP804</attalias><attrtype Sync="TRUE">String</attrtype><attwidth Sync="TRUE">80</attwidth><atprecis Sync="TRUE">0</atprecis><attscale Sync="TRUE">0</attscale></attr><attr><attrlabl Sync="TRUE">ETATHP808</attrlabl><attalias Sync="TRUE">ETATHP808</attalias><attrtype Sync="TRUE">String</attrtype><attwidth Sync="TRUE">80</attwidth><atprecis Sync="TRUE">0</atprecis><attscale Sync="TRUE">0</attscale></attr><attr><attrlabl Sync="TRUE">INDIEAREF</attrlabl><attalias Sync="TRUE">INDIEAREF</attalias><attrtype Sync="TRUE">String</attrtype><attwidth Sync="TRUE">80</attwidth><atprecis Sync="TRUE">0</atprecis><attscale Sync="TRUE">0</attscale></attr><attr><attrlabl Sync="TRUE">INDIEA204</attrlabl><attalias Sync="TRUE">INDIEA204</attalias><attrtype Sync="TRUE">String</attrtype><attwidth Sync="TRUE">80</attwidth><atprecis Sync="TRUE">0</atprecis><attscale Sync="TRUE">0</attscale></attr><attr><attrlabl Sync="TRUE">INDIEA208</attrlabl><attalias Sync="TRUE">INDIEA208</attalias><attrtype Sync="TRUE">String</attrtype><attwidth Sync="TRUE">80</attwidth><atprecis Sync="TRUE">0</atprecis><attscale Sync="TRUE">0</attscale></attr><attr><attrlabl Sync="TRUE">INDIEA504</attrlabl><attalias Sync="TRUE">INDIEA504</attalias><attrtype Sync="TRUE">String</attrtype><attwidth Sync="TRUE">80</attwidth><atprecis Sync="TRUE">0</atprecis><attscale Sync="TRUE">0</attscale></attr><attr><attrlabl Sync="TRUE">INDIEA508</attrlabl><attalias Sync="TRUE">INDIEA508</attalias><attrtype Sync="TRUE">String</attrtype><attwidth Sync="TRUE">80</attwidth><atprecis Sync="TRUE">0</atprecis><attscale Sync="TRUE">0</attscale></attr><attr><attrlabl Sync="TRUE">INDIEA804</attrlabl><attalias Sync="TRUE">INDIEA804</attalias><attrtype Sync="TRUE">String</attrtype><attwidth Sync="TRUE">80</attwidth><atprecis Sync="TRUE">0</atprecis><attscale Sync="TRUE">0</attscale></attr><attr><attrlabl Sync="TRUE">INDIEA808</attrlabl><attalias Sync="TRUE">INDIEA808</attalias><attrtype Sync="TRUE">String</attrtype><attwidth Sync="TRUE">80</attwidth><atprecis Sync="TRUE">0</atprecis><attscale Sync="TRUE">0</attscale></attr><attr><attrlabl Sync="TRUE">INDIHPREF</attrlabl><attalias Sync="TRUE">INDIHPREF</attalias><attrtype Sync="TRUE">String</attrtype><attwidth Sync="TRUE">80</attwidth><atprecis Sync="TRUE">0</atprecis><attscale Sync="TRUE">0</attscale></attr><attr><attrlabl Sync="TRUE">INDIHP204</attrlabl><attalias Sync="TRUE">INDIHP204</attalias><attrtype Sync="TRUE">String</attrtype><attwidth Sync="TRUE">80</attwidth><atprecis Sync="TRUE">0</atprecis><attscale Sync="TRUE">0</attscale></attr><attr><attrlabl Sync="TRUE">INDIHP208</attrlabl><attalias Sync="TRUE">INDIHP208</attalias><attrtype Sync="TRUE">String</attrtype><attwidth Sync="TRUE">80</attwidth><atprecis Sync="TRUE">0</atprecis><attscale Sync="TRUE">0</attscale></attr><attr><attrlabl Sync="TRUE">INDIHP504</attrlabl><attalias Sync="TRUE">INDIHP504</attalias><attrtype Sync="TRUE">String</attrtype><attwidth Sync="TRUE">80</attwidth><atprecis Sync="TRUE">0</atprecis><attscale Sync="TRUE">0</attscale></attr><attr><attrlabl Sync="TRUE">INDIHP508</attrlabl><attalias Sync="TRUE">INDIHP508</attalias><attrtype Sync="TRUE">String</attrtype><attwidth Sync="TRUE">80</attwidth><atprecis Sync="TRUE">0</atprecis><attscale Sync="TRUE">0</attscale></attr><attr><attrlabl Sync="TRUE">INDIHP804</attrlabl><attalias Sync="TRUE">INDIHP804</attalias><attrtype Sync="TRUE">String</attrtype><attwidth Sync="TRUE">80</attwidth><atprecis Sync="TRUE">0</atprecis><attscale Sync="TRUE">0</attscale></attr><attr><attrlabl Sync="TRUE">INDIHP808</attrlabl><attalias Sync="TRUE">INDIHP808</attalias><attrtype Sync="TRUE">String</attrtype><attwidth Sync="TRUE">80</attwidth><atprecis Sync="TRUE">0</atprecis><attscale Sync="TRUE">0</attscale></attr><attr><attrlabl Sync="TRUE">Shape_Leng</attrlabl><attalias Sync="TRUE">Shape_Leng</attalias><attrtype Sync="TRUE">Double</attrtype><attwidth Sync="TRUE">19</attwidth><atprecis Sync="TRUE">0</atprecis><attscale Sync="TRUE">0</attscale></attr><attr><attrlabl Sync="TRUE">Shape_Area</attrlabl><attalias Sync="TRUE">Shape_Area</attalias><attrtype Sync="TRUE">Double</attrtype><attwidth Sync="TRUE">19</attwidth><atprecis Sync="TRUE">0</atprecis><attscale Sync="TRUE">0</attscale><attrdef Sync="TRUE">Area of feature in internal units squared.</attrdef><attrdefs Sync="TRUE">Esri</attrdefs><attrdomv><udom Sync="TRUE">Positive real numbers that are automatically generated.</udom></attrdomv></attr></detailed></eainfo><mdDateSt Sync="TRUE">20221213</mdDateSt></metadata>
