<?xml version="1.0" encoding="utf-8"?>
<export xmlns:xsi="http://www.w3.org/2001/XMLSchema-instance" xmlns:xsd="http://www.w3.org/2001/XMLSchema" datedebut="2022-07-01" datefin="2022-07-31">
  <contrat>
    <numeroseao>491130</numeroseao>
    <numero>132011-5600</numero>
    <datefinale>2021-09-02</datefinale>
    <datepublicationfinale>2022-04-19</datepublicationfinale>
    <montantfinal>1447575.000000</montantfinal>
    <nomcontractant>Bérard Tremblay Inc. et Procad Géomatique sencrl</nomcontractant>
    <neqcontractant />
  </contrat>
  <contrat>
    <numeroseao>566950</numeroseao>
    <numero>APP-12-118 (2012-GEN-212)</numero>
    <datefinale>2014-04-23</datefinale>
    <datepublicationfinale>2015-03-17</datepublicationfinale>
    <montantfinal>2751585.670000</montantfinal>
    <nomcontractant>CONSTRUCTION DJL INC.</nomcontractant>
    <neqcontractant>1147218763</neqcontractant>
  </contrat>
  <contrat>
    <numeroseao>822224</numeroseao>
    <numero>CE-2014-1123</numero>
    <datefinale>2018-12-31</datefinale>
    <datepublicationfinale>2021-10-15</datepublicationfinale>
    <montantfinal>58219.130000</montantfinal>
    <nomcontractant>Videotron</nomcontractant>
    <neqcontractant />
  </contrat>
  <contrat>
    <numeroseao>838926</numeroseao>
    <numero>GAT 2014 SI 172</numero>
    <datefinale>2018-12-31</datefinale>
    <datepublicationfinale>2021-10-15</datepublicationfinale>
    <montantfinal>58443.250000</montantfinal>
    <nomcontractant>Groupe Qualitas</nomcontractant>
    <neqcontractant>1166291337</neqcontractant>
  </contrat>
  <contrat>
    <numeroseao>853241</numeroseao>
    <numero>APP-14-240 (2014-BAT-815)</numero>
    <datefinale>2015-01-16</datefinale>
    <datepublicationfinale>2016-02-18</datepublicationfinale>
    <montantfinal>25478.230000</montantfinal>
    <nomcontractant>Groupe C &amp; G Beaulieu Inc.</nomcontractant>
    <neqcontractant>1164819808</neqcontractant>
  </contrat>
  <contrat>
    <numeroseao>1017582</numeroseao>
    <numero>Q005477 v2.0</numero>
    <datefinale>2022-05-31</datefinale>
    <datepublicationfinale>2022-04-04</datepublicationfinale>
    <montantfinal>3519612.300000</montantfinal>
    <nomcontractant>Siemens Healthcare Limited / Siemens Santé limitée</nomcontractant>
    <neqcontractant>1161355988</neqcontractant>
  </contrat>
  <contrat>
    <numeroseao>1059814</numeroseao>
    <numero>A-40339-CONST</numero>
    <datefinale>2019-12-09</datefinale>
    <datepublicationfinale>2022-04-06</datepublicationfinale>
    <montantfinal>3440358.200000</montantfinal>
    <nomcontractant>CONSTRUCTION L.F.G. INC.</nomcontractant>
    <neqcontractant>1143505312</neqcontractant>
  </contrat>
  <contrat>
    <numeroseao>1107130</numeroseao>
    <numero>44508440</numero>
    <datefinale>2021-02-27</datefinale>
    <datepublicationfinale>2022-03-23</datepublicationfinale>
    <montantfinal>30892.000000</montantfinal>
    <nomcontractant>Blondin Fortin &amp; Associés</nomcontractant>
    <neqcontractant>1149607955</neqcontractant>
  </contrat>
  <contrat>
    <numeroseao>1200684</numeroseao>
    <numero>8601-17-KZ39</numero>
    <datefinale>2022-07-22</datefinale>
    <datepublicationfinale>2021-07-30</datepublicationfinale>
    <montantfinal>31283.360000</montantfinal>
    <nomcontractant>Groupe ABS inc.</nomcontractant>
    <neqcontractant>1165977969</neqcontractant>
  </contrat>
  <contrat>
    <numeroseao>1224802</numeroseao>
    <numero>34460800</numero>
    <datefinale>2022-05-31</datefinale>
    <datepublicationfinale>2022-04-20</datepublicationfinale>
    <montantfinal>125524.860000</montantfinal>
    <nomcontractant>Av-Tech inc</nomcontractant>
    <neqcontractant>1143543099</neqcontractant>
  </contrat>
  <contrat>
    <numeroseao>1238873</numeroseao>
    <numero>999108950</numero>
    <datefinale>2022-04-07</datefinale>
    <datepublicationfinale>2020-11-03</datepublicationfinale>
    <montantfinal>444828.870000</montantfinal>
    <nomcontractant>Havas Canada Holdings, inc.</nomcontractant>
    <neqcontractant>1169531960</neqcontractant>
  </contrat>
  <contrat>
    <numeroseao>1247106</numeroseao>
    <numero>3106-18-0001</numero>
    <datefinale>2021-04-21</datefinale>
    <datepublicationfinale>2021-06-17</datepublicationfinale>
    <montantfinal>9723838.540000</montantfinal>
    <nomcontractant>DEMIX CONSTRUCTION UNE DIVISION DE GROUPE CRH CANADA INC.</nomcontractant>
    <neqcontractant>1171462923</neqcontractant>
  </contrat>
  <contrat>
    <numeroseao>1250184</numeroseao>
    <numero>211904</numero>
    <datefinale>2020-09-30</datefinale>
    <datepublicationfinale>2020-12-03</datepublicationfinale>
    <montantfinal>1429223.020000</montantfinal>
    <nomcontractant>LES TERRASSEMENTS MULTI-PAYSAGES INC.</nomcontractant>
    <neqcontractant>1140382590</neqcontractant>
  </contrat>
  <contrat>
    <numeroseao>1252367</numeroseao>
    <numero>280422783</numero>
    <datefinale>2022-03-31</datefinale>
    <datepublicationfinale>2022-05-19</datepublicationfinale>
    <montantfinal>39271.000000</montantfinal>
    <nomcontractant>L'Espace-mots</nomcontractant>
    <neqcontractant>3364076003</neqcontractant>
  </contrat>
  <contrat>
    <numeroseao>1255181</numeroseao>
    <numero>6407-19-NL01</numero>
    <datefinale>2021-04-27</datefinale>
    <datepublicationfinale>2022-05-09</datepublicationfinale>
    <montantfinal>210110.100000</montantfinal>
    <nomcontractant>LES ENTREPRISES JACQUES BEAUDET INC.</nomcontractant>
    <neqcontractant>1142816959</neqcontractant>
  </contrat>
  <contrat>
    <numeroseao>1255754</numeroseao>
    <numero>7000622</numero>
    <datefinale>2022-04-30</datefinale>
    <datepublicationfinale>2022-06-03</datepublicationfinale>
    <montantfinal>15484.420000</montantfinal>
    <nomcontractant>ACCO Brands</nomcontractant>
    <neqcontractant>1168335116</neqcontractant>
  </contrat>
  <contrat>
    <numeroseao>1256104</numeroseao>
    <numero>34410100</numero>
    <datefinale>2022-05-13</datefinale>
    <datepublicationfinale>2022-06-18</datepublicationfinale>
    <montantfinal>453800.270000</montantfinal>
    <nomcontractant>Sani Métal Ltée</nomcontractant>
    <neqcontractant>1143128438</neqcontractant>
  </contrat>
  <contrat>
    <numeroseao>1257058</numeroseao>
    <numero>2904-19-ST02</numero>
    <datefinale>2022-07-16</datefinale>
    <datepublicationfinale>2022-01-13</datepublicationfinale>
    <montantfinal>985063.960000</montantfinal>
    <nomcontractant>9272-6546 Québec inc.</nomcontractant>
    <neqcontractant>1168502160</neqcontractant>
  </contrat>
  <contrat>
    <numeroseao>1270857</numeroseao>
    <numero>35507900</numero>
    <datefinale>2022-05-31</datefinale>
    <datepublicationfinale>2022-06-16</datepublicationfinale>
    <montantfinal>376425.120000</montantfinal>
    <nomcontractant>NEPTUNE SECURITY SERVICES INC.</nomcontractant>
    <neqcontractant>1168627108</neqcontractant>
  </contrat>
  <contrat>
    <numeroseao>1287184</numeroseao>
    <numero>280423940</numero>
    <datefinale>2022-03-31</datefinale>
    <datepublicationfinale>2022-05-27</datepublicationfinale>
    <montantfinal>9747202.960000</montantfinal>
    <nomcontractant>Arent Fox</nomcontractant>
    <neqcontractant />
  </contrat>
  <contrat>
    <numeroseao>1297044</numeroseao>
    <numero>8809-19-4568</numero>
    <datefinale>2022-05-31</datefinale>
    <datepublicationfinale>2022-06-08</datepublicationfinale>
    <montantfinal>770856.140000</montantfinal>
    <nomcontractant>Les Excavations Lambert inc.</nomcontractant>
    <neqcontractant>1164164353</neqcontractant>
  </contrat>
  <contrat>
    <numeroseao>1316271</numeroseao>
    <numero>2501-20-LM01</numero>
    <datefinale>2021-04-20</datefinale>
    <datepublicationfinale>2022-04-08</datepublicationfinale>
    <montantfinal>245760.000000</montantfinal>
    <nomcontractant>Groupe conseil Structura international</nomcontractant>
    <neqcontractant>3367532481</neqcontractant>
  </contrat>
  <contrat>
    <numeroseao>1331217</numeroseao>
    <numero>201900523</numero>
    <datefinale>2022-07-08</datefinale>
    <datepublicationfinale>2021-02-26</datepublicationfinale>
    <montantfinal>2342518.600000</montantfinal>
    <nomcontractant>LES CONSTRUCTIONS A. CARRIER INC.</nomcontractant>
    <neqcontractant>1144209799</neqcontractant>
  </contrat>
  <contrat>
    <numeroseao>1369731</numeroseao>
    <numero>DA</numero>
    <datefinale>2021-03-31</datefinale>
    <datepublicationfinale>2021-12-09</datepublicationfinale>
    <montantfinal>76025.000000</montantfinal>
    <nomcontractant>Patrice Pelletier</nomcontractant>
    <neqcontractant>2274605627</neqcontractant>
  </contrat>
  <contrat>
    <numeroseao>1388524</numeroseao>
    <numero>7111-20-SG01</numero>
    <datefinale>2022-07-13</datefinale>
    <datepublicationfinale>2022-01-07</datepublicationfinale>
    <montantfinal>31395.000000</montantfinal>
    <nomcontractant>Paysagiste les jardins d'Antoine inc.</nomcontractant>
    <neqcontractant>1160567815</neqcontractant>
  </contrat>
  <contrat>
    <numeroseao>1429504</numeroseao>
    <numero>200700012</numero>
    <datefinale>2021-04-20</datefinale>
    <datepublicationfinale>2021-09-16</datepublicationfinale>
    <montantfinal>69172.530000</montantfinal>
    <nomcontractant>CONSTRUCTIONS J. BOULAIS INC.</nomcontractant>
    <neqcontractant>1166261942</neqcontractant>
  </contrat>
  <contrat>
    <numeroseao>1436275</numeroseao>
    <numero>ST 280 428 490</numero>
    <datefinale>2022-03-31</datefinale>
    <datepublicationfinale>2022-05-20</datepublicationfinale>
    <montantfinal>93034.280000</montantfinal>
    <nomcontractant>MTLGrandé</nomcontractant>
    <neqcontractant>1171737852</neqcontractant>
  </contrat>
  <contrat>
    <numeroseao>1442097</numeroseao>
    <numero>44516929</numero>
    <datefinale />
    <datepublicationfinale>2022-04-14</datepublicationfinale>
    <montantfinal>0.000000</montantfinal>
    <nomcontractant>Rousseau Lefebvre Inc</nomcontractant>
    <neqcontractant>1149485345</neqcontractant>
  </contrat>
  <contrat>
    <numeroseao>1460169</numeroseao>
    <numero>44520389</numero>
    <datefinale>2021-06-17</datefinale>
    <datepublicationfinale>2021-12-01</datepublicationfinale>
    <montantfinal>919960.000000</montantfinal>
    <nomcontractant>LES INSTALLATIONS ÉLECTRIQUES PICHETTE INC.</nomcontractant>
    <neqcontractant>1143997626</neqcontractant>
  </contrat>
  <contrat>
    <numeroseao>1470866</numeroseao>
    <numero>2019-043_JL_2021</numero>
    <datefinale>2022-06-01</datefinale>
    <datepublicationfinale>2022-02-28</datepublicationfinale>
    <montantfinal>14238074.240000</montantfinal>
    <nomcontractant>SANI SABLE L.B. INC.</nomcontractant>
    <neqcontractant>1147044011</neqcontractant>
  </contrat>
  <contrat>
    <numeroseao>1479208</numeroseao>
    <numero>2021-086</numero>
    <datefinale>2021-10-31</datefinale>
    <datepublicationfinale>2021-10-13</datepublicationfinale>
    <montantfinal>30902.410000</montantfinal>
    <nomcontractant>Laboratoire d'Expertise de Rivière-du-Loup inc.</nomcontractant>
    <neqcontractant>1168800127</neqcontractant>
  </contrat>
  <contrat>
    <numeroseao>1482376</numeroseao>
    <numero>38458201</numero>
    <datefinale>2021-10-05</datefinale>
    <datepublicationfinale>2021-10-07</datepublicationfinale>
    <montantfinal>48760.000000</montantfinal>
    <nomcontractant>plomberie soudure dg inc.</nomcontractant>
    <neqcontractant>1168336908</neqcontractant>
  </contrat>
  <contrat>
    <numeroseao>1501404</numeroseao>
    <numero>2021-043</numero>
    <datefinale>2022-06-28</datefinale>
    <datepublicationfinale>2022-02-18</datepublicationfinale>
    <montantfinal>62444.120000</montantfinal>
    <nomcontractant>SNC-Lavalin-Rimouski</nomcontractant>
    <neqcontractant>1142775999</neqcontractant>
  </contrat>
  <contrat>
    <numeroseao>1523737</numeroseao>
    <numero>BON212200321</numero>
    <datefinale />
    <datepublicationfinale>2021-10-01</datepublicationfinale>
    <montantfinal>0.000000</montantfinal>
    <nomcontractant>ECHO HEALTHCARE INC.</nomcontractant>
    <neqcontractant />
  </contrat>
  <contrat>
    <numeroseao>1540626</numeroseao>
    <numero>21-952-GG-S</numero>
    <datefinale>2022-04-25</datefinale>
    <datepublicationfinale>2022-05-17</datepublicationfinale>
    <montantfinal>97650.000000</montantfinal>
    <nomcontractant>Marianne Van Gennip, CPA Inc.</nomcontractant>
    <neqcontractant>1168608678</neqcontractant>
  </contrat>
  <contrat>
    <numeroseao>1544080</numeroseao>
    <numero>403912BC1411057</numero>
    <datefinale>2020-05-14</datefinale>
    <datepublicationfinale>2021-11-15</datepublicationfinale>
    <montantfinal>41368.570000</montantfinal>
    <nomcontractant>Énergir, s.e.c.</nomcontractant>
    <neqcontractant>3341719501</neqcontractant>
  </contrat>
  <contrat>
    <numeroseao>1547992</numeroseao>
    <numero>BC1277870</numero>
    <datefinale>2018-06-21</datefinale>
    <datepublicationfinale>2021-11-26</datepublicationfinale>
    <montantfinal>69416.160000</montantfinal>
    <nomcontractant>HYDRO-QUEBEC</nomcontractant>
    <neqcontractant />
  </contrat>
  <contrat>
    <numeroseao>1560269</numeroseao>
    <numero>44527245</numero>
    <datefinale>2022-05-04</datefinale>
    <datepublicationfinale>2022-05-13</datepublicationfinale>
    <montantfinal>40125.000000</montantfinal>
    <nomcontractant>COMPAGNIE DE SÉCURITÉ CÔTÉ (CSC)</nomcontractant>
    <neqcontractant>1165244535</neqcontractant>
  </contrat>
  <contrat>
    <numeroseao>1567705</numeroseao>
    <numero>G22-0128PRO</numero>
    <datefinale>2022-06-30</datefinale>
    <datepublicationfinale>2022-06-30</datepublicationfinale>
    <montantfinal>45867.980000</montantfinal>
    <nomcontractant>JOHNSON &amp; JOHNSON INC.</nomcontractant>
    <neqcontractant />
  </contrat>
  <contrat>
    <numeroseao>1588963</numeroseao>
    <numero>22-20-GG-A-31156</numero>
    <datefinale>2022-04-07</datefinale>
    <datepublicationfinale>2022-04-07</datepublicationfinale>
    <montantfinal>33742.500000</montantfinal>
    <nomcontractant>CENTRE D'ORDINATEURS S.T.O. INC.</nomcontractant>
    <neqcontractant>1148188866</neqcontractant>
  </contrat>
  <contrat>
    <numeroseao>1601890</numeroseao>
    <numero>1128</numero>
    <datefinale>2022-06-15</datefinale>
    <datepublicationfinale>2022-06-20</datepublicationfinale>
    <montantfinal>51180.480000</montantfinal>
    <nomcontractant>Somagen Diagnostics Inc.</nomcontractant>
    <neqcontractant />
  </contrat>
  <contrat>
    <numeroseao>1605606</numeroseao>
    <numero>0214</numero>
    <datefinale>2022-05-16</datefinale>
    <datepublicationfinale>2022-05-16</datepublicationfinale>
    <montantfinal>37501.300000</montantfinal>
    <nomcontractant>ALAIN LIZOTTE CONSTRUCTION INC.</nomcontractant>
    <neqcontractant>1163779854</neqcontractant>
  </contrat>
  <contrat>
    <numeroseao>1610118</numeroseao>
    <numero>2021-70-97</numero>
    <datefinale>2022-04-17</datefinale>
    <datepublicationfinale>2022-05-30</datepublicationfinale>
    <montantfinal>53175.940000</montantfinal>
    <nomcontractant>TECHNO FEU INC.</nomcontractant>
    <neqcontractant>1165947418</neqcontractant>
  </contrat>
</export>