<metadata xml:lang="fr"><Esri><CreaDate>20240806</CreaDate><CreaTime>16411200</CreaTime><ArcGISFormat>1.0</ArcGISFormat><SyncOnce>FALSE</SyncOnce><DataProperties><lineage><Process ToolSource="c:\program files\arcgis\pro\Resources\ArcToolbox\toolboxes\Data Management Tools.tbx\CreateFeatureclass" Date="20240806" Time="164112">CreateFeatureclass U:\Géobase\EEE_Flore_et_Permis_Garde\Default.gdb BD_EAE_faunique_Quebec_XYTableToPoint Point in_memory\intermediate_csvtable Non Non "GEOGCS["GCS_WGS_1984",DATUM["D_WGS_1984",SPHEROID["WGS_1984",6378137.0,298.257223563]],PRIMEM["Greenwich",0.0],UNIT["Degree",0.0174532925199433]];-400 -400 1000000000;-100000 10000;-100000 10000;8.98315284119521E-09;0.001;0.001;IsHighPrecision" # 0 0 0 # "Identique au modèle"</Process><Process ToolSource="c:\program files\arcgis\pro\Resources\ArcToolbox\toolboxes\Data Management Tools.tbx\XYTableToPoint" Date="20240806" Time="164116">XYTableToPoint "U:\Données Ouvertes\EAE_fauniques\aout_2024\diffusion\CSV\BD_EAE_faunique_Quebec.csv" U:\Géobase\EEE_Flore_et_Permis_Garde\Default.gdb\BD_EAE_faunique_Quebec_XYTableToPoint longitude latitude # "GEOGCS["GCS_WGS_1984",DATUM["D_WGS_1984",SPHEROID["WGS_1984",6378137.0,298.257223563]],PRIMEM["Greenwich",0.0],UNIT["Degree",0.0174532925199433]];-400 -400 1000000000;-100000 10000;-100000 10000;8.98315284119521E-09;0.001;0.001;IsHighPrecision"</Process><Process ToolSource="c:\program files\arcgis\pro\Resources\ArcToolbox\toolboxes\Data Management Tools.tbx\CopyFeatures" Date="20240806" Time="165655">CopyFeatures BD_EAE_faunique_Quebec_XYTableToPoint "U:\Données Ouvertes\EAE_fauniques\aout_2024\diffusion\GDB\BD_EAE_faunique_Quebec.gdb\BD_EAE_faunique_Quebec" # # # #</Process><Process ToolSource="c:\program files (x86)\arcgis\desktop10.8\ArcToolbox\Toolboxes\Conversion Tools.tbx\FeatureClassToFeatureClass" Date="20240806" Time="171556">FeatureClassToFeatureClass "U:\Données Ouvertes\EAE_fauniques\aout_2024\diffusion\GDB\BD_EAE_faunique_Quebec.gdb\BD_EAE_faunique_Quebec" "U:\Données Ouvertes\EAE_fauniques\aout_2024\diffusion\SHP" BD_EAE_faunique_Quebec.shp # "date "date" true true false 8000 Text 0 0 ,First,#,U:\Données Ouvertes\EAE_fauniques\aout_2024\diffusion\GDB\BD_EAE_faunique_Quebec.gdb\BD_EAE_faunique_Quebec,date,-1,-1;nom_plan_e "nom_plan_eau" true true false 8000 Text 0 0 ,First,#,U:\Données Ouvertes\EAE_fauniques\aout_2024\diffusion\GDB\BD_EAE_faunique_Quebec.gdb\BD_EAE_faunique_Quebec,nom_plan_eau,-1,-1;habitat "habitat" true true false 8000 Text 0 0 ,First,#,U:\Données Ouvertes\EAE_fauniques\aout_2024\diffusion\GDB\BD_EAE_faunique_Quebec.gdb\BD_EAE_faunique_Quebec,habitat,-1,-1;region "region" true true false 8000 Text 0 0 ,First,#,U:\Données Ouvertes\EAE_fauniques\aout_2024\diffusion\GDB\BD_EAE_faunique_Quebec.gdb\BD_EAE_faunique_Quebec,region,-1,-1;latitude "latitude" true true false 8 Double 0 0 ,First,#,U:\Données Ouvertes\EAE_fauniques\aout_2024\diffusion\GDB\BD_EAE_faunique_Quebec.gdb\BD_EAE_faunique_Quebec,latitude,-1,-1;longitude "longitude" true true false 8 Double 0 0 ,First,#,U:\Données Ouvertes\EAE_fauniques\aout_2024\diffusion\GDB\BD_EAE_faunique_Quebec.gdb\BD_EAE_faunique_Quebec,longitude,-1,-1;groupe "groupe" true true false 8000 Text 0 0 ,First,#,U:\Données Ouvertes\EAE_fauniques\aout_2024\diffusion\GDB\BD_EAE_faunique_Quebec.gdb\BD_EAE_faunique_Quebec,groupe,-1,-1;especes "especes" true true false 8000 Text 0 0 ,First,#,U:\Données Ouvertes\EAE_fauniques\aout_2024\diffusion\GDB\BD_EAE_faunique_Quebec.gdb\BD_EAE_faunique_Quebec,especes,-1,-1;nom_commun "nom_commun" true true false 8000 Text 0 0 ,First,#,U:\Données Ouvertes\EAE_fauniques\aout_2024\diffusion\GDB\BD_EAE_faunique_Quebec.gdb\BD_EAE_faunique_Quebec,nom_commun,-1,-1;type_obser "type_observation" true true false 8000 Text 0 0 ,First,#,U:\Données Ouvertes\EAE_fauniques\aout_2024\diffusion\GDB\BD_EAE_faunique_Quebec.gdb\BD_EAE_faunique_Quebec,type_observation,-1,-1;source "source" true true false 8000 Text 0 0 ,First,#,U:\Données Ouvertes\EAE_fauniques\aout_2024\diffusion\GDB\BD_EAE_faunique_Quebec.gdb\BD_EAE_faunique_Quebec,source,-1,-1;references "references" true true false 8000 Text 0 0 ,First,#,U:\Données Ouvertes\EAE_fauniques\aout_2024\diffusion\GDB\BD_EAE_faunique_Quebec.gdb\BD_EAE_faunique_Quebec,references,-1,-1;code_obser "code_observation" true true false 8000 Text 0 0 ,First,#,U:\Données Ouvertes\EAE_fauniques\aout_2024\diffusion\GDB\BD_EAE_faunique_Quebec.gdb\BD_EAE_faunique_Quebec,code_observation,-1,-1" #</Process></lineage><itemProps><itemName Sync="TRUE">BD_EAE_faunique_Quebec</itemName><imsContentType Sync="TRUE">002</imsContentType><itemLocation><linkage Sync="TRUE">file://\\Seapriv\usagers\RICDO3\Données Ouvertes\EAE_fauniques\aout_2024\diffusion\SHP\BD_EAE_faunique_Quebec.shp</linkage><protocol Sync="TRUE">Local Area Network</protocol></itemLocation><itemSize Sync="TRUE">0.000</itemSize></itemProps><coordRef><type Sync="TRUE">Geographic</type><geogcsn Sync="TRUE">GCS_WGS_1984</geogcsn><csUnits Sync="TRUE">Angular Unit: Degree (0.017453)</csUnits><peXml Sync="TRUE">&lt;GeographicCoordinateSystem xsi:type='typens:GeographicCoordinateSystem' xmlns:xsi='http://www.w3.org/2001/XMLSchema-instance' xmlns:xs='http://www.w3.org/2001/XMLSchema' xmlns:typens='http://www.esri.com/schemas/ArcGIS/10.8'&gt;&lt;WKT&gt;GEOGCS[&amp;quot;GCS_WGS_1984&amp;quot;,DATUM[&amp;quot;D_WGS_1984&amp;quot;,SPHEROID[&amp;quot;WGS_1984&amp;quot;,6378137.0,298.257223563]],PRIMEM[&amp;quot;Greenwich&amp;quot;,0.0],UNIT[&amp;quot;Degree&amp;quot;,0.0174532925199433],AUTHORITY[&amp;quot;EPSG&amp;quot;,4326]]&lt;/WKT&gt;&lt;XOrigin&gt;-399.99999999999989&lt;/XOrigin&gt;&lt;YOrigin&gt;-399.99999999999989&lt;/YOrigin&gt;&lt;XYScale&gt;11258999068426.24&lt;/XYScale&gt;&lt;ZOrigin&gt;-100000&lt;/ZOrigin&gt;&lt;ZScale&gt;10000&lt;/ZScale&gt;&lt;MOrigin&gt;-100000&lt;/MOrigin&gt;&lt;MScale&gt;10000&lt;/MScale&gt;&lt;XYTolerance&gt;8.9831528411952133e-09&lt;/XYTolerance&gt;&lt;ZTolerance&gt;0.001&lt;/ZTolerance&gt;&lt;MTolerance&gt;0.001&lt;/MTolerance&gt;&lt;HighPrecision&gt;true&lt;/HighPrecision&gt;&lt;LeftLongitude&gt;-180&lt;/LeftLongitude&gt;&lt;WKID&gt;4326&lt;/WKID&gt;&lt;LatestWKID&gt;4326&lt;/LatestWKID&gt;&lt;/GeographicCoordinateSystem&gt;</peXml></coordRef></DataProperties><SyncDate>20240806</SyncDate><SyncTime>17154900</SyncTime><ModDate>20240806</ModDate><ModTime>17154900</ModTime></Esri><dataIdInfo><envirDesc Sync="TRUE"> Version 6.2 (Build 9200) ; Esri ArcGIS 10.9.1.28388</envirDesc><dataLang><languageCode value="fra" Sync="TRUE"></languageCode><countryCode value="CAN" Sync="TRUE"></countryCode></dataLang><idCitation><resTitle Sync="TRUE">BD_EAE_faunique_Quebec</resTitle><presForm><PresFormCd value="005" Sync="TRUE"></PresFormCd></presForm></idCitation><spatRpType><SpatRepTypCd value="001" Sync="TRUE"></SpatRepTypCd></spatRpType></dataIdInfo><mdLang><languageCode value="fra" Sync="TRUE"></languageCode><countryCode value="CAN" Sync="TRUE"></countryCode></mdLang><distInfo><distFormat><formatName Sync="TRUE">Fichier de formes</formatName></distFormat><distTranOps><transSize Sync="TRUE">0.000</transSize></distTranOps></distInfo><mdHrLv><ScopeCd value="005" Sync="TRUE"></ScopeCd></mdHrLv><mdHrLvName Sync="TRUE">dataset</mdHrLvName><refSysInfo><RefSystem><refSysID><identCode code="4326" Sync="TRUE"></identCode><idCodeSpace Sync="TRUE">EPSG</idCodeSpace><idVersion Sync="TRUE">6.2(3.0.1)</idVersion></refSysID></RefSystem></refSysInfo><spatRepInfo><VectSpatRep><geometObjs Name="BD_EAE_faunique_Quebec"><geoObjTyp><GeoObjTypCd value="004" Sync="TRUE"></GeoObjTypCd></geoObjTyp><geoObjCnt Sync="TRUE">0</geoObjCnt></geometObjs><topLvl><TopoLevCd value="001" Sync="TRUE"></TopoLevCd></topLvl></VectSpatRep></spatRepInfo><spdoinfo><ptvctinf><esriterm Name="BD_EAE_faunique_Quebec"><efeatyp Sync="TRUE">Simple</efeatyp><efeageom code="1" Sync="TRUE"></efeageom><esritopo Sync="TRUE">FALSE</esritopo><efeacnt Sync="TRUE">0</efeacnt><spindex Sync="TRUE">FALSE</spindex><linrefer Sync="TRUE">FALSE</linrefer></esriterm></ptvctinf></spdoinfo><eainfo><detailed Name="BD_EAE_faunique_Quebec"><enttyp><enttypl Sync="TRUE">BD_EAE_faunique_Quebec</enttypl><enttypt Sync="TRUE">Feature Class</enttypt><enttypc Sync="TRUE">0</enttypc></enttyp><attr><attrlabl Sync="TRUE">FID</attrlabl><attalias Sync="TRUE">FID</attalias><attrtype Sync="TRUE">OID</attrtype><attwidth Sync="TRUE">4</attwidth><atprecis Sync="TRUE">0</atprecis><attscale Sync="TRUE">0</attscale><attrdef Sync="TRUE">Internal feature number.</attrdef><attrdefs Sync="TRUE">Esri</attrdefs><attrdomv><udom Sync="TRUE">Sequential unique whole numbers that are automatically generated.</udom></attrdomv></attr><attr><attrlabl Sync="TRUE">Shape</attrlabl><attalias Sync="TRUE">Shape</attalias><attrtype Sync="TRUE">Geometry</attrtype><attwidth Sync="TRUE">0</attwidth><atprecis Sync="TRUE">0</atprecis><attscale Sync="TRUE">0</attscale><attrdef Sync="TRUE">Feature geometry.</attrdef><attrdefs Sync="TRUE">Esri</attrdefs><attrdomv><udom Sync="TRUE">Coordinates defining the features.</udom></attrdomv></attr><attr><attrlabl Sync="TRUE">date</attrlabl><attalias Sync="TRUE">date</attalias><attrtype Sync="TRUE">String</attrtype><attwidth Sync="TRUE">254</attwidth><atprecis Sync="TRUE">0</atprecis><attscale Sync="TRUE">0</attscale></attr><attr><attrlabl Sync="TRUE">nom_plan_e</attrlabl><attalias Sync="TRUE">nom_plan_e</attalias><attrtype Sync="TRUE">String</attrtype><attwidth Sync="TRUE">254</attwidth><atprecis Sync="TRUE">0</atprecis><attscale Sync="TRUE">0</attscale></attr><attr><attrlabl Sync="TRUE">habitat</attrlabl><attalias Sync="TRUE">habitat</attalias><attrtype Sync="TRUE">String</attrtype><attwidth Sync="TRUE">254</attwidth><atprecis Sync="TRUE">0</atprecis><attscale Sync="TRUE">0</attscale></attr><attr><attrlabl Sync="TRUE">region</attrlabl><attalias Sync="TRUE">region</attalias><attrtype Sync="TRUE">String</attrtype><attwidth Sync="TRUE">254</attwidth><atprecis Sync="TRUE">0</atprecis><attscale Sync="TRUE">0</attscale></attr><attr><attrlabl Sync="TRUE">latitude</attrlabl><attalias Sync="TRUE">latitude</attalias><attrtype Sync="TRUE">Double</attrtype><attwidth Sync="TRUE">19</attwidth><atprecis Sync="TRUE">0</atprecis><attscale Sync="TRUE">0</attscale></attr><attr><attrlabl Sync="TRUE">longitude</attrlabl><attalias Sync="TRUE">longitude</attalias><attrtype Sync="TRUE">Double</attrtype><attwidth Sync="TRUE">19</attwidth><atprecis Sync="TRUE">0</atprecis><attscale Sync="TRUE">0</attscale></attr><attr><attrlabl Sync="TRUE">groupe</attrlabl><attalias Sync="TRUE">groupe</attalias><attrtype Sync="TRUE">String</attrtype><attwidth Sync="TRUE">254</attwidth><atprecis Sync="TRUE">0</atprecis><attscale Sync="TRUE">0</attscale></attr><attr><attrlabl Sync="TRUE">especes</attrlabl><attalias Sync="TRUE">especes</attalias><attrtype Sync="TRUE">String</attrtype><attwidth Sync="TRUE">254</attwidth><atprecis Sync="TRUE">0</atprecis><attscale Sync="TRUE">0</attscale></attr><attr><attrlabl Sync="TRUE">nom_commun</attrlabl><attalias Sync="TRUE">nom_commun</attalias><attrtype Sync="TRUE">String</attrtype><attwidth Sync="TRUE">254</attwidth><atprecis Sync="TRUE">0</atprecis><attscale Sync="TRUE">0</attscale></attr><attr><attrlabl Sync="TRUE">type_obser</attrlabl><attalias Sync="TRUE">type_obser</attalias><attrtype Sync="TRUE">String</attrtype><attwidth Sync="TRUE">254</attwidth><atprecis Sync="TRUE">0</atprecis><attscale Sync="TRUE">0</attscale></attr><attr><attrlabl Sync="TRUE">source</attrlabl><attalias Sync="TRUE">source</attalias><attrtype Sync="TRUE">String</attrtype><attwidth Sync="TRUE">254</attwidth><atprecis Sync="TRUE">0</atprecis><attscale Sync="TRUE">0</attscale></attr><attr><attrlabl Sync="TRUE">references</attrlabl><attalias Sync="TRUE">references</attalias><attrtype Sync="TRUE">String</attrtype><attwidth Sync="TRUE">254</attwidth><atprecis Sync="TRUE">0</atprecis><attscale Sync="TRUE">0</attscale></attr><attr><attrlabl Sync="TRUE">code_obser</attrlabl><attalias Sync="TRUE">code_obser</attalias><attrtype Sync="TRUE">String</attrtype><attwidth Sync="TRUE">254</attwidth><atprecis Sync="TRUE">0</atprecis><attscale Sync="TRUE">0</attscale></attr></detailed></eainfo><mdDateSt Sync="TRUE">20240806</mdDateSt></metadata>
