<?xml version="1.0" encoding="utf-8"?>
<export xmlns:xsi="http://www.w3.org/2001/XMLSchema-instance" xmlns:xsd="http://www.w3.org/2001/XMLSchema" datedebut="2021-08-01" datefin="2021-08-31">
  <contrat>
    <numeroseao>326485</numeroseao>
    <numero>8603-08-HE19</numero>
    <datefinale>2021-07-29</datefinale>
    <datepublicationfinale>2014-09-08</datepublicationfinale>
    <montantfinal>3654394.180000</montantfinal>
    <nomcontractant>Consortium Cima+ Dessau-Soprin</nomcontractant>
    <neqcontractant />
  </contrat>
  <contrat>
    <numeroseao>498803</numeroseao>
    <numero>ST-2011-1005</numero>
    <datefinale>2011-11-11</datefinale>
    <datepublicationfinale>2014-01-23</datepublicationfinale>
    <montantfinal>243251.500000</montantfinal>
    <nomcontractant>ÉQUIPEMENTS J.K.L. INC.</nomcontractant>
    <neqcontractant>1140122848</neqcontractant>
  </contrat>
  <contrat>
    <numeroseao>527597</numeroseao>
    <numero>ST-2011-0201C</numero>
    <datefinale>2014-05-20</datefinale>
    <datepublicationfinale>2014-05-20</datepublicationfinale>
    <montantfinal>27242.880000</montantfinal>
    <nomcontractant>Environnement Routier NRJ Inc .</nomcontractant>
    <neqcontractant>1142611939</neqcontractant>
  </contrat>
  <contrat>
    <numeroseao>528507</numeroseao>
    <numero>UR-2011-01</numero>
    <datefinale>2014-01-23</datefinale>
    <datepublicationfinale>2014-01-23</datepublicationfinale>
    <montantfinal>25840.470000</montantfinal>
    <nomcontractant>Librairie du Richelieu inc.</nomcontractant>
    <neqcontractant>1147940184</neqcontractant>
  </contrat>
  <contrat>
    <numeroseao>542346</numeroseao>
    <numero>1424-07-01</numero>
    <datefinale>2014-01-23</datefinale>
    <datepublicationfinale>2014-05-20</datepublicationfinale>
    <montantfinal>21556.260000</montantfinal>
    <nomcontractant>Transport O-Claire Enr.</nomcontractant>
    <neqcontractant />
  </contrat>
  <contrat>
    <numeroseao>561350</numeroseao>
    <numero>1322-10-73</numero>
    <datefinale>2014-03-31</datefinale>
    <datepublicationfinale>2014-06-16</datepublicationfinale>
    <montantfinal>89515.300000</montantfinal>
    <nomcontractant>BPR</nomcontractant>
    <neqcontractant />
  </contrat>
  <contrat>
    <numeroseao>561789</numeroseao>
    <numero>1322-10-72</numero>
    <datefinale>2013-06-10</datefinale>
    <datepublicationfinale>2014-06-16</datepublicationfinale>
    <montantfinal>38143.100000</montantfinal>
    <nomcontractant>LBHA</nomcontractant>
    <neqcontractant />
  </contrat>
  <contrat>
    <numeroseao>755659</numeroseao>
    <numero>7107-13-0905</numero>
    <datefinale>2021-03-05</datefinale>
    <datepublicationfinale>2020-02-27</datepublicationfinale>
    <montantfinal>21894719.000000</montantfinal>
    <nomcontractant>LES EXCAVATIONS LAFONTAINE INC.</nomcontractant>
    <neqcontractant>1143662378</neqcontractant>
  </contrat>
  <contrat>
    <numeroseao>774993</numeroseao>
    <numero>8701-14-0901</numero>
    <datefinale>2020-02-27</datefinale>
    <datepublicationfinale>2016-02-02</datepublicationfinale>
    <montantfinal>15175991.850000</montantfinal>
    <nomcontractant>L.A. HEBERT LTÉE</nomcontractant>
    <neqcontractant>1143421148</neqcontractant>
  </contrat>
  <contrat>
    <numeroseao>878321</numeroseao>
    <numero>SG-2015-0202A</numero>
    <datefinale>2019-11-13</datefinale>
    <datepublicationfinale>2018-02-14</datepublicationfinale>
    <montantfinal>2204142.300000</montantfinal>
    <nomcontractant>Construction Bau-Val Inc.</nomcontractant>
    <neqcontractant>1143718063</neqcontractant>
  </contrat>
  <contrat>
    <numeroseao>889337</numeroseao>
    <numero>EMS-010</numero>
    <datefinale>2017-02-02</datefinale>
    <datepublicationfinale>2017-03-16</datepublicationfinale>
    <montantfinal>345242.390000</montantfinal>
    <nomcontractant>LEICA MICROSYSTEMS CANADA</nomcontractant>
    <neqcontractant>3366450883</neqcontractant>
  </contrat>
  <contrat>
    <numeroseao>889918</numeroseao>
    <numero>P14047HH-03</numero>
    <datefinale>2018-09-01</datefinale>
    <datepublicationfinale>2018-12-13</datepublicationfinale>
    <montantfinal>297363.320000</montantfinal>
    <nomcontractant>Menkès Shooner Dagenais LeTourneux Architectes Inc.</nomcontractant>
    <neqcontractant>1167886697</neqcontractant>
  </contrat>
  <contrat>
    <numeroseao>901079</numeroseao>
    <numero>7103-15-1101</numero>
    <datefinale>2020-08-12</datefinale>
    <datepublicationfinale>2020-09-29</datepublicationfinale>
    <montantfinal>9908617.280000</montantfinal>
    <nomcontractant>Construction Polaris Inc..</nomcontractant>
    <neqcontractant>1141845371</neqcontractant>
  </contrat>
  <contrat>
    <numeroseao>914795</numeroseao>
    <numero>SG-2015-0801A</numero>
    <datefinale>2017-02-06</datefinale>
    <datepublicationfinale>2018-02-14</datepublicationfinale>
    <montantfinal>489111.050000</montantfinal>
    <nomcontractant>Excavation Civilpro inc.</nomcontractant>
    <neqcontractant>1168774306</neqcontractant>
  </contrat>
  <contrat>
    <numeroseao>937761</numeroseao>
    <numero>7006-16-0201</numero>
    <datefinale>2020-03-03</datefinale>
    <datepublicationfinale>2020-01-15</datepublicationfinale>
    <montantfinal>1209695.320000</montantfinal>
    <nomcontractant>Groupe Civicam Inc.</nomcontractant>
    <neqcontractant>1160710852</neqcontractant>
  </contrat>
  <contrat>
    <numeroseao>958388</numeroseao>
    <numero>SG-2016-0202</numero>
    <datefinale>2017-07-12</datefinale>
    <datepublicationfinale>2018-02-14</datepublicationfinale>
    <montantfinal>649164.470000</montantfinal>
    <nomcontractant>Eurovia Québec Construction Inc.</nomcontractant>
    <neqcontractant>1169491884</neqcontractant>
  </contrat>
  <contrat>
    <numeroseao>967731</numeroseao>
    <numero>SG-2016-0203</numero>
    <datefinale>2017-08-31</datefinale>
    <datepublicationfinale>2018-02-14</datepublicationfinale>
    <montantfinal>215429.690000</montantfinal>
    <nomcontractant>Construction Bau-Val Inc.</nomcontractant>
    <neqcontractant>1143718063</neqcontractant>
  </contrat>
  <contrat>
    <numeroseao>979297</numeroseao>
    <numero>6705-16-0204</numero>
    <datefinale>2021-02-22</datefinale>
    <datepublicationfinale>2020-04-20</datepublicationfinale>
    <montantfinal>3343191.220000</montantfinal>
    <nomcontractant>GROUPE MICHEL LECLERC INC.</nomcontractant>
    <neqcontractant>1167111138</neqcontractant>
  </contrat>
  <contrat>
    <numeroseao>987600</numeroseao>
    <numero>DEM06032016</numero>
    <datefinale>2021-06-30</datefinale>
    <datepublicationfinale>2021-07-12</datepublicationfinale>
    <montantfinal>177867.050000</montantfinal>
    <nomcontractant>Skytech Comm.</nomcontractant>
    <neqcontractant>1140948291</neqcontractant>
  </contrat>
  <contrat>
    <numeroseao>1034992</numeroseao>
    <numero>Pol-15-2129.0</numero>
    <datefinale>2018-05-25</datefinale>
    <datepublicationfinale>2019-05-16</datepublicationfinale>
    <montantfinal>26604.000000</montantfinal>
    <nomcontractant>Tetra Tech QI inc</nomcontractant>
    <neqcontractant>1169411510</neqcontractant>
  </contrat>
  <contrat>
    <numeroseao>1047743</numeroseao>
    <numero>BNF-09-289.3.</numero>
    <datefinale>2018-09-21</datefinale>
    <datepublicationfinale>2020-05-18</datepublicationfinale>
    <montantfinal>98905.500000</montantfinal>
    <nomcontractant>PLUX.5 collectif de création architecturale S.E.N.C.</nomcontractant>
    <neqcontractant>3372105463</neqcontractant>
  </contrat>
  <contrat>
    <numeroseao>1074797</numeroseao>
    <numero>6610-17-0101</numero>
    <datefinale>2020-04-30</datefinale>
    <datepublicationfinale>2020-10-13</datepublicationfinale>
    <montantfinal>154560.390000</montantfinal>
    <nomcontractant>Les Glissières de sécurité JTD Inc.</nomcontractant>
    <neqcontractant>1140429052</neqcontractant>
  </contrat>
  <contrat>
    <numeroseao>1076665</numeroseao>
    <numero>AP17-078</numero>
    <datefinale>2017-11-24</datefinale>
    <datepublicationfinale>2018-08-15</datepublicationfinale>
    <montantfinal>27536.510000</montantfinal>
    <nomcontractant>SOLUTIONS INFORMATIQUES INSO INC.</nomcontractant>
    <neqcontractant>1164346505</neqcontractant>
  </contrat>
  <contrat>
    <numeroseao>1077202</numeroseao>
    <numero>1617-370-016_2SRM</numero>
    <datefinale>2017-10-31</datefinale>
    <datepublicationfinale>2018-06-13</datepublicationfinale>
    <montantfinal>30800.180000</montantfinal>
    <nomcontractant>WOLSELEY CANADA INC.</nomcontractant>
    <neqcontractant>1160289493</neqcontractant>
  </contrat>
  <contrat>
    <numeroseao>1112997</numeroseao>
    <numero>8943</numero>
    <datefinale>2018-01-24</datefinale>
    <datepublicationfinale>2018-09-11</datepublicationfinale>
    <montantfinal>30600.000000</montantfinal>
    <nomcontractant>POMERLEAU INC .</nomcontractant>
    <neqcontractant>1142005934</neqcontractant>
  </contrat>
  <contrat>
    <numeroseao>1124383</numeroseao>
    <numero>2017-00-2700-33</numero>
    <datefinale>2020-08-20</datefinale>
    <datepublicationfinale>2020-10-16</datepublicationfinale>
    <montantfinal>308086.180000</montantfinal>
    <nomcontractant>West Safety Services Canada inc.</nomcontractant>
    <neqcontractant>1166219767</neqcontractant>
  </contrat>
  <contrat>
    <numeroseao>1130775</numeroseao>
    <numero>332/2017</numero>
    <datefinale>2021-08-19</datefinale>
    <datepublicationfinale>2020-02-05</datepublicationfinale>
    <montantfinal>703074.350000</montantfinal>
    <nomcontractant>INSTALLATIONS ÉLECTRIQUES CLAUDE GOUGEON INC.</nomcontractant>
    <neqcontractant>1141876046</neqcontractant>
  </contrat>
  <contrat>
    <numeroseao>1138413</numeroseao>
    <numero>SP9291.136 (CHUM-572)</numero>
    <datefinale>2018-03-29</datefinale>
    <datepublicationfinale>2018-03-29</datepublicationfinale>
    <montantfinal>47000.000000</montantfinal>
    <nomcontractant>Hydrauliques R&amp;O Services Inc.</nomcontractant>
    <neqcontractant>1145196938</neqcontractant>
  </contrat>
  <contrat>
    <numeroseao>1153096</numeroseao>
    <numero>9035</numero>
    <datefinale>2020-01-15</datefinale>
    <datepublicationfinale>2020-04-09</datepublicationfinale>
    <montantfinal>69938.550000</montantfinal>
    <nomcontractant>ENGIE Services Inc.</nomcontractant>
    <neqcontractant>1140405862</neqcontractant>
  </contrat>
  <contrat>
    <numeroseao>1165935</numeroseao>
    <numero>C0001044</numero>
    <datefinale>2021-06-30</datefinale>
    <datepublicationfinale>2021-06-30</datepublicationfinale>
    <montantfinal>182717.000000</montantfinal>
    <nomcontractant>Imodules Software</nomcontractant>
    <neqcontractant />
  </contrat>
  <contrat>
    <numeroseao>1190125</numeroseao>
    <numero>7006-18-4904</numero>
    <datefinale>2021-05-31</datefinale>
    <datepublicationfinale>2019-10-30</datepublicationfinale>
    <montantfinal>589537.550000</montantfinal>
    <nomcontractant>BETONNIÈRE LA TUQUE INC</nomcontractant>
    <neqcontractant>1140959405</neqcontractant>
  </contrat>
  <contrat>
    <numeroseao>1199839</numeroseao>
    <numero>S19 205</numero>
    <datefinale>2021-05-15</datefinale>
    <datepublicationfinale>2021-07-07</datepublicationfinale>
    <montantfinal>255247.860000</montantfinal>
    <nomcontractant>2852-6648 QUÉBEC INC.</nomcontractant>
    <neqcontractant>1171939367</neqcontractant>
  </contrat>
  <contrat>
    <numeroseao>1207293</numeroseao>
    <numero>SA-181016-RY</numero>
    <datefinale>2019-09-30</datefinale>
    <datepublicationfinale>2021-02-04</datepublicationfinale>
    <montantfinal>70735.480000</montantfinal>
    <nomcontractant>ESPACE VITAL architecture</nomcontractant>
    <neqcontractant>1161556189</neqcontractant>
  </contrat>
  <contrat>
    <numeroseao>1220344</numeroseao>
    <numero>5004245</numero>
    <datefinale>2021-04-30</datefinale>
    <datepublicationfinale>2021-06-22</datepublicationfinale>
    <montantfinal>96667.010000</montantfinal>
    <nomcontractant>Vortex Solution inc</nomcontractant>
    <neqcontractant>1148559744</neqcontractant>
  </contrat>
  <contrat>
    <numeroseao>1230690</numeroseao>
    <numero>39-2019</numero>
    <datefinale>2021-01-22</datefinale>
    <datepublicationfinale>2021-03-01</datepublicationfinale>
    <montantfinal>50748.710000</montantfinal>
    <nomcontractant>Capital Propane inc.</nomcontractant>
    <neqcontractant>1148572739</neqcontractant>
  </contrat>
  <contrat>
    <numeroseao>1236396</numeroseao>
    <numero>8806-19-0201</numero>
    <datefinale>2020-04-14</datefinale>
    <datepublicationfinale>2020-10-09</datepublicationfinale>
    <montantfinal>119477.750000</montantfinal>
    <nomcontractant>MAURÉCON INC.</nomcontractant>
    <neqcontractant>1143622794</neqcontractant>
  </contrat>
  <contrat>
    <numeroseao>1240046</numeroseao>
    <numero>8612-18-0301</numero>
    <datefinale>2020-11-30</datefinale>
    <datepublicationfinale>2020-10-02</datepublicationfinale>
    <montantfinal>129295.300000</montantfinal>
    <nomcontractant>LE GROUPE LML LTÉE</nomcontractant>
    <neqcontractant>1169018786</neqcontractant>
  </contrat>
  <contrat>
    <numeroseao>1245257</numeroseao>
    <numero>44509236</numero>
    <datefinale>2021-07-31</datefinale>
    <datepublicationfinale>2021-07-23</datepublicationfinale>
    <montantfinal>29122.770000</montantfinal>
    <nomcontractant>Groupe Conseil Artcad</nomcontractant>
    <neqcontractant>1144242303</neqcontractant>
  </contrat>
  <contrat>
    <numeroseao>1251643</numeroseao>
    <numero>19G007</numero>
    <datefinale>2021-06-23</datefinale>
    <datepublicationfinale>2020-09-29</datepublicationfinale>
    <montantfinal>391779.000000</montantfinal>
    <nomcontractant>excavation c.g. 2 inc.</nomcontractant>
    <neqcontractant>1169324507</neqcontractant>
  </contrat>
  <contrat>
    <numeroseao>1267451</numeroseao>
    <numero>6614-19-KZ07</numero>
    <datefinale>2021-03-11</datefinale>
    <datepublicationfinale>2020-02-27</datepublicationfinale>
    <montantfinal>16765.000000</montantfinal>
    <nomcontractant>Englobe Corp.</nomcontractant>
    <neqcontractant>1167280206</neqcontractant>
  </contrat>
  <contrat>
    <numeroseao>1289130</numeroseao>
    <numero>SG-180910-RY</numero>
    <datefinale>2020-04-30</datefinale>
    <datepublicationfinale>2020-08-18</datepublicationfinale>
    <montantfinal>72300.000000</montantfinal>
    <nomcontractant>Octopus-ITSM.com inc</nomcontractant>
    <neqcontractant>1166315607</neqcontractant>
  </contrat>
  <contrat>
    <numeroseao>1293237</numeroseao>
    <numero>Contrat 2019-12-TR</numero>
    <datefinale>2020-07-31</datefinale>
    <datepublicationfinale>2020-09-29</datepublicationfinale>
    <montantfinal>362822.890000</montantfinal>
    <nomcontractant>LES ENTREPRISES DANIEL ROBERT INC.</nomcontractant>
    <neqcontractant>1140155889</neqcontractant>
  </contrat>
  <contrat>
    <numeroseao>1311193</numeroseao>
    <numero>513-2019</numero>
    <datefinale>2020-04-16</datefinale>
    <datepublicationfinale>2020-07-20</datepublicationfinale>
    <montantfinal>72922.050000</montantfinal>
    <nomcontractant>Sable Marco inc.</nomcontractant>
    <neqcontractant>1160356862</neqcontractant>
  </contrat>
  <contrat>
    <numeroseao>1321025</numeroseao>
    <numero>Projet # 3018</numero>
    <datefinale>2021-05-13</datefinale>
    <datepublicationfinale>2021-05-13</datepublicationfinale>
    <montantfinal>6704631.750000</montantfinal>
    <nomcontractant>Groupe Gagné Construction inc.</nomcontractant>
    <neqcontractant>1161483517</neqcontractant>
  </contrat>
  <contrat>
    <numeroseao>1337564</numeroseao>
    <numero>7183-20-0201</numero>
    <datefinale>2021-03-01</datefinale>
    <datepublicationfinale>2021-02-22</datepublicationfinale>
    <montantfinal>290000.000000</montantfinal>
    <nomcontractant>Groupe Manexco Inc.</nomcontractant>
    <neqcontractant>1173691339</neqcontractant>
  </contrat>
  <contrat>
    <numeroseao>1342282</numeroseao>
    <numero>2020-029-1978</numero>
    <datefinale>2020-10-08</datefinale>
    <datepublicationfinale>2020-11-04</datepublicationfinale>
    <montantfinal>57425.970000</montantfinal>
    <nomcontractant>9305-4526 Québec inc.</nomcontractant>
    <neqcontractant>1170176326</neqcontractant>
  </contrat>
  <contrat>
    <numeroseao>1353108</numeroseao>
    <numero>8701-08-0910</numero>
    <datefinale>2021-01-20</datefinale>
    <datepublicationfinale>2020-03-05</datepublicationfinale>
    <montantfinal>1788385896.270000</montantfinal>
    <nomcontractant>Nouvelle Autoroute 30 , S.E.N.C.</nomcontractant>
    <neqcontractant>3365145849</neqcontractant>
  </contrat>
  <contrat>
    <numeroseao>1353995</numeroseao>
    <numero>19380-044</numero>
    <datefinale>2021-03-31</datefinale>
    <datepublicationfinale>2021-06-10</datepublicationfinale>
    <montantfinal>601881.660000</montantfinal>
    <nomcontractant>Les entreprises Constructo</nomcontractant>
    <neqcontractant>1168193010</neqcontractant>
  </contrat>
  <contrat>
    <numeroseao>1354759</numeroseao>
    <numero>2019-101-46RM</numero>
    <datefinale>2021-06-30</datefinale>
    <datepublicationfinale>2021-05-20</datepublicationfinale>
    <montantfinal>485763.380000</montantfinal>
    <nomcontractant>GROUPE CIRTECH INC.</nomcontractant>
    <neqcontractant>1143095462</neqcontractant>
  </contrat>
  <contrat>
    <numeroseao>1358131</numeroseao>
    <numero>2019-073-10-11-12RM-SP</numero>
    <datefinale>2021-05-18</datefinale>
    <datepublicationfinale>2021-07-15</datepublicationfinale>
    <montantfinal>67480.390000</montantfinal>
    <nomcontractant>GBi</nomcontractant>
    <neqcontractant>1148115281</neqcontractant>
  </contrat>
  <contrat>
    <numeroseao>1363503</numeroseao>
    <numero>445796016</numero>
    <datefinale>2021-03-31</datefinale>
    <datepublicationfinale>2021-04-16</datepublicationfinale>
    <montantfinal>111513.400000</montantfinal>
    <nomcontractant>Thomson Reuters Canada Limited</nomcontractant>
    <neqcontractant>1145307659</neqcontractant>
  </contrat>
  <contrat>
    <numeroseao>1373879</numeroseao>
    <numero>445796565</numero>
    <datefinale>2021-03-31</datefinale>
    <datepublicationfinale>2021-05-13</datepublicationfinale>
    <montantfinal>126178.080000</montantfinal>
    <nomcontractant>Paquette &amp; associés, huissiers de justice S.E.N.C.R.L.</nomcontractant>
    <neqcontractant>3341634171</neqcontractant>
  </contrat>
  <contrat>
    <numeroseao>1394371</numeroseao>
    <numero>2020APP246</numero>
    <datefinale />
    <datepublicationfinale>2021-07-28</datepublicationfinale>
    <montantfinal>6957.000000</montantfinal>
    <nomcontractant>LeMaitre Vascular ULC</nomcontractant>
    <neqcontractant />
  </contrat>
  <contrat>
    <numeroseao>1408931</numeroseao>
    <numero>2020-250-002</numero>
    <datefinale>2021-08-16</datefinale>
    <datepublicationfinale>2021-05-21</datepublicationfinale>
    <montantfinal>60579.000000</montantfinal>
    <nomcontractant>Engrenages provincial inc</nomcontractant>
    <neqcontractant>1168224393</neqcontractant>
  </contrat>
  <contrat>
    <numeroseao>1411735</numeroseao>
    <numero>2020-09-28</numero>
    <datefinale>2021-04-02</datefinale>
    <datepublicationfinale>2021-01-04</datepublicationfinale>
    <montantfinal>95000.000000</montantfinal>
    <nomcontractant>ÆCO - gestion de projets</nomcontractant>
    <neqcontractant>1164787492</neqcontractant>
  </contrat>
  <contrat>
    <numeroseao>1439267</numeroseao>
    <numero>4500849172</numero>
    <datefinale>2021-05-27</datefinale>
    <datepublicationfinale>2021-07-15</datepublicationfinale>
    <montantfinal>811060.000000</montantfinal>
    <nomcontractant>Action Santé L.C.</nomcontractant>
    <neqcontractant>1163340376</neqcontractant>
  </contrat>
  <contrat>
    <numeroseao>1445498</numeroseao>
    <numero>9001-20-AP47</numero>
    <datefinale>2021-06-03</datefinale>
    <datepublicationfinale>2021-07-30</datepublicationfinale>
    <montantfinal>24965.280000</montantfinal>
    <nomcontractant>Viking Air Limited</nomcontractant>
    <neqcontractant />
  </contrat>
  <contrat>
    <numeroseao>1459456</numeroseao>
    <numero>2021APP087</numero>
    <datefinale>2021-06-30</datefinale>
    <datepublicationfinale>2021-07-21</datepublicationfinale>
    <montantfinal>29411.500000</montantfinal>
    <nomcontractant>Data Carte Concepts inc.</nomcontractant>
    <neqcontractant>1149917461</neqcontractant>
  </contrat>
  <contrat>
    <numeroseao>1481311</numeroseao>
    <numero>202102988</numero>
    <datefinale>2021-06-21</datefinale>
    <datepublicationfinale>2021-06-21</datepublicationfinale>
    <montantfinal>35750.000000</montantfinal>
    <nomcontractant>Patio Drummond</nomcontractant>
    <neqcontractant>1143712371</neqcontractant>
  </contrat>
  <contrat>
    <numeroseao>1487653</numeroseao>
    <numero>9001-21-PV55</numero>
    <datefinale>2021-05-19</datefinale>
    <datepublicationfinale>2021-07-30</datepublicationfinale>
    <montantfinal>19146.930000</montantfinal>
    <nomcontractant>Universal Avionics Systems Cor</nomcontractant>
    <neqcontractant />
  </contrat>
  <contrat>
    <numeroseao>1488021</numeroseao>
    <numero>4500869952 / 4500875685</numero>
    <datefinale>2021-05-27</datefinale>
    <datepublicationfinale>2021-07-15</datepublicationfinale>
    <montantfinal>35767.350000</montantfinal>
    <nomcontractant>9419-4636 Québec inc</nomcontractant>
    <neqcontractant>1175510818</neqcontractant>
  </contrat>
  <contrat>
    <numeroseao>1489148</numeroseao>
    <numero>9001-21-AP48</numero>
    <datefinale>2021-05-19</datefinale>
    <datepublicationfinale>2021-07-30</datepublicationfinale>
    <montantfinal>25175.620000</montantfinal>
    <nomcontractant>Universal Avionics Systems Cor</nomcontractant>
    <neqcontractant />
  </contrat>
  <contrat>
    <numeroseao>1498299</numeroseao>
    <numero>9001-21-AP41</numero>
    <datefinale>2021-03-31</datefinale>
    <datepublicationfinale>2021-07-30</datepublicationfinale>
    <montantfinal>14644.540000</montantfinal>
    <nomcontractant>Universal Avionics Systems Cor</nomcontractant>
    <neqcontractant />
  </contrat>
  <contrat>
    <numeroseao>1499397</numeroseao>
    <numero>SP20180136</numero>
    <datefinale>2021-07-09</datefinale>
    <datepublicationfinale>2021-07-02</datepublicationfinale>
    <montantfinal>29220.080000</montantfinal>
    <nomcontractant>Stantec Experts-conseils </nomcontractant>
    <neqcontractant>1170241336</neqcontractant>
  </contrat>
  <contrat>
    <numeroseao>1500198</numeroseao>
    <numero>9001-20-AP77</numero>
    <datefinale>2021-05-19</datefinale>
    <datepublicationfinale>2021-07-30</datepublicationfinale>
    <montantfinal>17908.090000</montantfinal>
    <nomcontractant>Viking Air Limited</nomcontractant>
    <neqcontractant />
  </contrat>
</export>