<?xml version="1.0" encoding="utf-8"?>
<export xmlns:xsi="http://www.w3.org/2001/XMLSchema-instance" xmlns:xsd="http://www.w3.org/2001/XMLSchema" datedebut="2021-08-01" datefin="2021-08-31">
  <avis>
    <numeroseao>907844</numeroseao>
    <numero>29062300</numero>
    <depenses>
      <depense>
        <datedepense>2017-10-02</datedepense>
        <datepublicationdepense>2017-10-05</datepublicationdepense>
        <montantdepense>556502.690000</montantdepense>
        <description>Forfaitisation des honoraires </description>
        <nomcontractant>YMA / PRA / YWA architectes en consortium</nomcontractant>
        <neqcontractant>1168845304</neqcontractant>
      </depense>
      <depense>
        <datedepense>2020-12-11</datedepense>
        <datepublicationdepense>2020-12-17</datepublicationdepense>
        <montantdepense>91058.430000</montantdepense>
        <description>Services additionnels</description>
        <nomcontractant>YMA / PRA / YWA architectes en consortium</nomcontractant>
        <neqcontractant>1168845304</neqcontractant>
      </depense>
      <depense>
        <datedepense>2021-04-29</datedepense>
        <datepublicationdepense>2021-06-14</datepublicationdepense>
        <montantdepense>21400.000000</montantdepense>
        <description>Majoration des honoraires professionnels </description>
        <nomcontractant>YMA / PRA / YWA architectes en consortium</nomcontractant>
        <neqcontractant>1168845304</neqcontractant>
      </depense>
      <depense>
        <datedepense>2021-06-10</datedepense>
        <datepublicationdepense>2021-06-14</datepublicationdepense>
        <montantdepense>131200.000000</montantdepense>
        <description>Majoration des honoraires professionnels </description>
        <nomcontractant>YMA / PRA / YWA architectes en consortium</nomcontractant>
        <neqcontractant>1168845304</neqcontractant>
      </depense>
      <depense>
        <datedepense>2021-07-21</datedepense>
        <datepublicationdepense>2021-08-23</datepublicationdepense>
        <montantdepense>176000.000000</montantdepense>
        <description>Service additionnel</description>
        <nomcontractant>YMA / PRA / YWA architectes en consortium</nomcontractant>
        <neqcontractant>1168845304</neqcontractant>
      </depense>
    </depenses>
  </avis>
  <avis>
    <numeroseao>1012748</numeroseao>
    <numero>7204-16-HR02</numero>
    <depenses>
      <depense>
        <datedepense>2018-05-25</datedepense>
        <datepublicationdepense>2019-05-31</datepublicationdepense>
        <montantdepense>0.000000</montantdepense>
        <description>Erreur de saisie</description>
        <nomcontractant>WSP Canada inc.</nomcontractant>
        <neqcontractant>1148357057</neqcontractant>
      </depense>
      <depense>
        <datedepense>2017-11-17</datedepense>
        <datepublicationdepense>2021-08-27</datepublicationdepense>
        <montantdepense>39259.410000</montantdepense>
        <description>Dépassement relié à des modifications au contrat de services professionnels</description>
        <nomcontractant>WSP Canada inc.</nomcontractant>
        <neqcontractant>1148357057</neqcontractant>
      </depense>
    </depenses>
  </avis>
  <avis>
    <numeroseao>1041207</numeroseao>
    <numero>31931800</numero>
    <depenses>
      <depense>
        <datedepense>2021-08-09</datedepense>
        <datepublicationdepense>2021-08-11</datepublicationdepense>
        <montantdepense>278480.930000</montantdepense>
        <description>Imprévus de chantier - Ajustement d'honoraires</description>
        <nomcontractant>LGT inc.</nomcontractant>
        <neqcontractant>1171470132</neqcontractant>
      </depense>
    </depenses>
  </avis>
  <avis>
    <numeroseao>1127855</numeroseao>
    <numero>CA-171030-RY</numero>
    <depenses>
      <depense>
        <datedepense>2019-02-28</datedepense>
        <datepublicationdepense>2019-05-28</datepublicationdepense>
        <montantdepense>72853.240000</montantdepense>
        <description>ODC 1 à 26 Aménagement d'une salle d'induction et réserves stériles</description>
        <nomcontractant>Construction GCP Inc.</nomcontractant>
        <neqcontractant>1143366657</neqcontractant>
      </depense>
      <depense>
        <datedepense>2019-11-14</datedepense>
        <datepublicationdepense>2019-11-15</datepublicationdepense>
        <montantdepense>4155.650000</montantdepense>
        <description>ODC 27 et 28</description>
        <nomcontractant>Construction GCP Inc.</nomcontractant>
        <neqcontractant>1143366657</neqcontractant>
      </depense>
      <depense>
        <datedepense>2019-11-27</datedepense>
        <datepublicationdepense>2020-01-31</datepublicationdepense>
        <montantdepense>69162.190000</montantdepense>
        <description>ODC 29</description>
        <nomcontractant>Construction GCP Inc.</nomcontractant>
        <neqcontractant>1143366657</neqcontractant>
      </depense>
      <depense>
        <datedepense>2020-04-30</datedepense>
        <datepublicationdepense>2020-05-05</datepublicationdepense>
        <montantdepense>11334.720000</montantdepense>
        <description>ODC 32</description>
        <nomcontractant>Construction GCP Inc.</nomcontractant>
        <neqcontractant>1143366657</neqcontractant>
      </depense>
      <depense>
        <datedepense>2020-03-04</datedepense>
        <datepublicationdepense>2020-05-06</datepublicationdepense>
        <montantdepense>7237.780000</montantdepense>
        <description>ODC 30-31</description>
        <nomcontractant>Construction GCP Inc.</nomcontractant>
        <neqcontractant>1143366657</neqcontractant>
      </depense>
      <depense>
        <datedepense>2020-09-21</datedepense>
        <datepublicationdepense>2021-01-15</datepublicationdepense>
        <montantdepense>489.180000</montantdepense>
        <description>ODC 33R1-34</description>
        <nomcontractant>Construction GCP Inc.</nomcontractant>
        <neqcontractant>1143366657</neqcontractant>
      </depense>
      <depense>
        <datedepense>2020-10-09</datedepense>
        <datepublicationdepense>2021-01-15</datepublicationdepense>
        <montantdepense>1275.400000</montantdepense>
        <description>ODC 36</description>
        <nomcontractant>Construction GCP Inc.</nomcontractant>
        <neqcontractant>1143366657</neqcontractant>
      </depense>
      <depense>
        <datedepense>2020-01-13</datedepense>
        <datepublicationdepense>2021-01-15</datepublicationdepense>
        <montantdepense>3464.590000</montantdepense>
        <description>ODC 38</description>
        <nomcontractant>Construction GCP Inc.</nomcontractant>
        <neqcontractant>1143366657</neqcontractant>
      </depense>
      <depense>
        <datedepense>2020-01-13</datedepense>
        <datepublicationdepense>2021-01-15</datepublicationdepense>
        <montantdepense>13736.570000</montantdepense>
        <description>ODC 37R2</description>
        <nomcontractant>Construction GCP Inc.</nomcontractant>
        <neqcontractant>1143366657</neqcontractant>
      </depense>
      <depense>
        <datedepense>2021-03-18</datedepense>
        <datepublicationdepense>2021-03-29</datepublicationdepense>
        <montantdepense>572.600000</montantdepense>
        <description>ODC 39 et 40</description>
        <nomcontractant>Construction GCP Inc.</nomcontractant>
        <neqcontractant>1143366657</neqcontractant>
      </depense>
      <depense>
        <datedepense>2021-05-04</datedepense>
        <datepublicationdepense>2021-05-04</datepublicationdepense>
        <montantdepense>0.000000</montantdepense>
        <description>erreur</description>
        <nomcontractant>Construction GCP Inc.</nomcontractant>
        <neqcontractant>1143366657</neqcontractant>
      </depense>
    </depenses>
  </avis>
  <avis>
    <numeroseao>1145335</numeroseao>
    <numero>44509200</numero>
    <depenses>
      <depense>
        <datedepense>2021-06-01</datedepense>
        <datepublicationdepense>2021-06-02</datepublicationdepense>
        <montantdepense>123770.540000</montantdepense>
        <description>Honoraires supplémentaires pour finaliser le dossier</description>
        <nomcontractant>MTA Avocats S.E.N.C.R.L.</nomcontractant>
        <neqcontractant>3372384266</neqcontractant>
      </depense>
    </depenses>
  </avis>
  <avis>
    <numeroseao>1149234</numeroseao>
    <numero>AO1718-021</numero>
    <depenses>
      <depense>
        <datedepense>2021-01-04</datedepense>
        <datepublicationdepense>2021-01-15</datepublicationdepense>
        <montantdepense>186016.160000</montantdepense>
        <description>Ajout du nombre d'heures de gardiennage dû à la pandémie. Le taux horaire demeure le même que celui de l'appel d'offres. Détails: 30 sept. 2020 56 647.76$ (5%) + 4 janv.2021 129 368.4 (11%)</description>
        <nomcontractant>AXIA SERVICES.</nomcontractant>
        <neqcontractant>1142208512</neqcontractant>
      </depense>
      <depense>
        <datedepense>2021-08-23</datedepense>
        <datepublicationdepense>2021-08-23</datepublicationdepense>
        <montantdepense>19641.970000</montantdepense>
        <description>Ajout du nombre d'heures de gardiennage dû à la pandémie. Le taux horaire demeure le même que celui de l'appel d'offres. (Augmentation de 2%)</description>
        <nomcontractant>AXIA SERVICES.</nomcontractant>
        <neqcontractant>1142208512</neqcontractant>
      </depense>
    </depenses>
  </avis>
  <avis>
    <numeroseao>1207889</numeroseao>
    <numero>CA-180604-HPB</numero>
    <depenses>
      <depense>
        <datedepense>2021-06-14</datedepense>
        <datepublicationdepense>2021-06-14</datepublicationdepense>
        <montantdepense>24982.000000</montantdepense>
        <description>Avenant 2</description>
        <nomcontractant>Lemay CO inc.</nomcontractant>
        <neqcontractant>1149007115</neqcontractant>
      </depense>
      <depense>
        <datedepense>2021-06-15</datedepense>
        <datepublicationdepense>2021-06-15</datepublicationdepense>
        <montantdepense>11226.400000</montantdepense>
        <description>Honoraires supplémentaires - changements aux plans facture 90270</description>
        <nomcontractant>Bouthillette Parizeau Inc.</nomcontractant>
        <neqcontractant>1142591438</neqcontractant>
      </depense>
      <depense>
        <datedepense>2020-08-20</datedepense>
        <datepublicationdepense>2021-08-21</datepublicationdepense>
        <montantdepense>16252.300000</montantdepense>
        <description>Rehaussement facture 85516</description>
        <nomcontractant>Bouthillette Parizeau Inc.</nomcontractant>
        <neqcontractant>1142591438</neqcontractant>
      </depense>
    </depenses>
  </avis>
  <avis>
    <numeroseao>1208186</numeroseao>
    <numero>0710688-12253-11590-10785</numero>
    <depenses>
      <depense>
        <datedepense>2019-11-25</datedepense>
        <datepublicationdepense>2019-11-26</datepublicationdepense>
        <montantdepense>18919.000000</montantdepense>
        <description>Ajustement coûts travaux</description>
        <nomcontractant>BGLA | Architecture + Design Urbain</nomcontractant>
        <neqcontractant>1140294530</neqcontractant>
      </depense>
      <depense>
        <datedepense>2019-11-25</datedepense>
        <datepublicationdepense>2019-11-26</datepublicationdepense>
        <montantdepense>5369.750000</montantdepense>
        <description>Ajustement coûts travaux</description>
        <nomcontractant>BGLA | Architecture + Design Urbain</nomcontractant>
        <neqcontractant>1140294530</neqcontractant>
      </depense>
      <depense>
        <datedepense>2019-11-25</datedepense>
        <datepublicationdepense>2019-11-26</datepublicationdepense>
        <montantdepense>8167.000000</montantdepense>
        <description>Ajustement coûts travaux</description>
        <nomcontractant>BGLA | Architecture + Design Urbain</nomcontractant>
        <neqcontractant>1140294530</neqcontractant>
      </depense>
      <depense>
        <datedepense>2020-09-14</datedepense>
        <datepublicationdepense>2020-09-16</datepublicationdepense>
        <montantdepense>16680.000000</montantdepense>
        <description>Augmentation du coût des travaux </description>
        <nomcontractant>BGLA | Architecture + Design Urbain</nomcontractant>
        <neqcontractant>1140294530</neqcontractant>
      </depense>
      <depense>
        <datedepense>2021-07-15</datedepense>
        <datepublicationdepense>2021-08-02</datepublicationdepense>
        <montantdepense>9248.810000</montantdepense>
        <description>Augmentation du cout des travaux, modification et prolongation du mandat</description>
        <nomcontractant>BGLA | Architecture + Design Urbain</nomcontractant>
        <neqcontractant>1140294530</neqcontractant>
      </depense>
      <depense>
        <datedepense>2021-07-15</datedepense>
        <datepublicationdepense>2021-08-02</datepublicationdepense>
        <montantdepense>4257.210000</montantdepense>
        <description>Augmentation du cout des travaux, modification et prolongation du mandat</description>
        <nomcontractant>BGLA | Architecture + Design Urbain</nomcontractant>
        <neqcontractant>1140294530</neqcontractant>
      </depense>
    </depenses>
  </avis>
  <avis>
    <numeroseao>1208986</numeroseao>
    <numero>CEMTL 2018-84</numero>
    <depenses>
      <depense>
        <datedepense>2021-07-26</datedepense>
        <datepublicationdepense>2021-08-12</datepublicationdepense>
        <montantdepense>23756.000000</montantdepense>
        <description>Avenant 1 : Ajustement d’honoraires. L’offre de services préliminaire avait été établie sur la base de 28 semaines alors que l’échéancier final est de 61 semaines.</description>
        <nomcontractant>FSA Architecture Inc.</nomcontractant>
        <neqcontractant>1168743103</neqcontractant>
      </depense>
    </depenses>
  </avis>
  <avis>
    <numeroseao>1235998</numeroseao>
    <numero>20190207-01</numero>
    <depenses>
      <depense>
        <datedepense>2019-08-13</datedepense>
        <datepublicationdepense>2021-08-13</datepublicationdepense>
        <montantdepense>6215.000000</montantdepense>
        <description>Alimentation temporaire pour l'école</description>
        <nomcontractant>Michel Gamache &amp; Frères Inc.</nomcontractant>
        <neqcontractant>1142200808</neqcontractant>
      </depense>
      <depense>
        <datedepense>2019-10-30</datedepense>
        <datepublicationdepense>2021-08-13</datepublicationdepense>
        <montantdepense>37743.150000</montantdepense>
        <description>Réfection dalle de béton, installation de conduite fossé, mise en place section trottoir, surépaisseur infrastructure dans zone instable, bétonnage supplémentaire</description>
        <nomcontractant>Michel Gamache &amp; Frères Inc.</nomcontractant>
        <neqcontractant>1142200808</neqcontractant>
      </depense>
      <depense>
        <datedepense>2020-03-18</datedepense>
        <datepublicationdepense>2021-08-13</datepublicationdepense>
        <montantdepense>67334.860000</montantdepense>
        <description>Ajout conduit, excavation pour fil lampadaire, modification infrastructure, empierrement de talus, pavage supplémentaire, ajustement des matériaux</description>
        <nomcontractant>Michel Gamache &amp; Frères Inc.</nomcontractant>
        <neqcontractant>1142200808</neqcontractant>
      </depense>
    </depenses>
  </avis>
  <avis>
    <numeroseao>1245691</numeroseao>
    <numero>P-1933_ING</numero>
    <depenses>
      <depense>
        <datedepense>2021-03-30</datedepense>
        <datepublicationdepense>2021-03-30</datepublicationdepense>
        <montantdepense>27752.200000</montantdepense>
        <description>Avenant</description>
        <nomcontractant>FNX-INNOV inc.</nomcontractant>
        <neqcontractant>1174002437</neqcontractant>
      </depense>
      <depense>
        <datedepense>2021-03-30</datedepense>
        <datepublicationdepense>2021-03-30</datepublicationdepense>
        <montantdepense>21694.000000</montantdepense>
        <description>Avenant 2</description>
        <nomcontractant>FNX-INNOV inc.</nomcontractant>
        <neqcontractant>1174002437</neqcontractant>
      </depense>
    </depenses>
  </avis>
  <avis>
    <numeroseao>1281158</numeroseao>
    <numero>19-0053-GG</numero>
    <depenses>
      <depense>
        <datedepense>2020-01-08</datedepense>
        <datepublicationdepense>2020-02-07</datepublicationdepense>
        <montantdepense>27787333.000000</montantdepense>
        <description>Acquisition de licences pour les outils bureautiques via le catalogue infonuagique du CSPQ</description>
        <nomcontractant>Microsoft Corporation</nomcontractant>
        <neqcontractant>1168494905</neqcontractant>
      </depense>
      <depense>
        <datedepense>2021-02-19</datedepense>
        <datepublicationdepense>2021-08-04</datepublicationdepense>
        <montantdepense>7230748.000000</montantdepense>
        <description>Ajouts d'abonnements supplémentaires dû à la pandémie COVID-19</description>
        <nomcontractant>Microsoft Corporation</nomcontractant>
        <neqcontractant>1168494905</neqcontractant>
      </depense>
      <depense>
        <datedepense>2021-07-06</datedepense>
        <datepublicationdepense>2021-08-04</datepublicationdepense>
        <montantdepense>4301935.000000</montantdepense>
        <description>Ajout de montant supplémentaire pour l'ajout des fonctionnalités de sécurité "end point detection and response" (EDR)</description>
        <nomcontractant>Microsoft Corporation</nomcontractant>
        <neqcontractant>1168494905</neqcontractant>
      </depense>
    </depenses>
  </avis>
  <avis>
    <numeroseao>1287239</numeroseao>
    <numero>351</numero>
    <depenses>
      <depense>
        <datedepense>2020-04-20</datedepense>
        <datepublicationdepense>2020-06-10</datepublicationdepense>
        <montantdepense>10250.000000</montantdepense>
        <description>Modification-01</description>
        <nomcontractant>Stantec Experts-conseils ltée</nomcontractant>
        <neqcontractant>1170241336</neqcontractant>
      </depense>
      <depense>
        <datedepense>2020-10-01</datedepense>
        <datepublicationdepense>2020-06-10</datepublicationdepense>
        <montantdepense>2760.000000</montantdepense>
        <description>Modification-02</description>
        <nomcontractant>Stantec Experts-conseils ltée</nomcontractant>
        <neqcontractant>1170241336</neqcontractant>
      </depense>
      <depense>
        <datedepense>2021-01-25</datedepense>
        <datepublicationdepense>2021-01-25</datepublicationdepense>
        <montantdepense>960.660000</montantdepense>
        <description>Modification-04</description>
        <nomcontractant>Stantec Experts-conseils ltée</nomcontractant>
        <neqcontractant>1170241336</neqcontractant>
      </depense>
      <depense>
        <datedepense>2020-10-22</datedepense>
        <datepublicationdepense>2021-08-03</datepublicationdepense>
        <montantdepense>1372.700000</montantdepense>
        <description>Modification-03</description>
        <nomcontractant>Stantec Experts-conseils ltée</nomcontractant>
        <neqcontractant>1170241336</neqcontractant>
      </depense>
    </depenses>
  </avis>
  <avis>
    <numeroseao>1296114</numeroseao>
    <numero>8601-19-HE03</numero>
    <depenses>
      <depense>
        <datedepense>2020-02-28</datedepense>
        <datepublicationdepense>2021-03-08</datepublicationdepense>
        <montantdepense>35778.000000</montantdepense>
        <description>Dépassement relié à des modifications au contrat de services professionnels</description>
        <nomcontractant>Stantec Experts-Conseils ltée.</nomcontractant>
        <neqcontractant>1170241336</neqcontractant>
      </depense>
    </depenses>
  </avis>
  <avis>
    <numeroseao>1318142</numeroseao>
    <numero>CA-191023-RY</numero>
    <depenses>
      <depense>
        <datedepense>2020-09-15</datedepense>
        <datepublicationdepense>2020-10-05</datepublicationdepense>
        <montantdepense>400561.690000</montantdepense>
        <description>ODC 1 à 24</description>
        <nomcontractant>Le Groupe Drumco Construction Inc.</nomcontractant>
        <neqcontractant>1165510067</neqcontractant>
      </depense>
      <depense>
        <datedepense>2020-10-07</datedepense>
        <datepublicationdepense>2020-10-20</datepublicationdepense>
        <montantdepense>3233.800000</montantdepense>
        <description>ODC 25 à 27</description>
        <nomcontractant>Le Groupe Drumco Construction Inc.</nomcontractant>
        <neqcontractant>1165510067</neqcontractant>
      </depense>
      <depense>
        <datedepense>2020-10-20</datedepense>
        <datepublicationdepense>2020-10-29</datepublicationdepense>
        <montantdepense>11618.550000</montantdepense>
        <description>ODC 28 à 33</description>
        <nomcontractant>Le Groupe Drumco Construction Inc.</nomcontractant>
        <neqcontractant>1165510067</neqcontractant>
      </depense>
      <depense>
        <datedepense>2020-11-13</datedepense>
        <datepublicationdepense>2020-12-15</datepublicationdepense>
        <montantdepense>40881.670000</montantdepense>
        <description>ODC 34 à 49</description>
        <nomcontractant>Le Groupe Drumco Construction Inc.</nomcontractant>
        <neqcontractant>1165510067</neqcontractant>
      </depense>
      <depense>
        <datedepense>2021-01-28</datedepense>
        <datepublicationdepense>2021-01-28</datepublicationdepense>
        <montantdepense>49937.810000</montantdepense>
        <description>ODC 50 à 63</description>
        <nomcontractant>Le Groupe Drumco Construction Inc.</nomcontractant>
        <neqcontractant>1165510067</neqcontractant>
      </depense>
      <depense>
        <datedepense>2021-02-03</datedepense>
        <datepublicationdepense>2021-02-03</datepublicationdepense>
        <montantdepense>2235.720000</montantdepense>
        <description>ODC 64-65-66-67</description>
        <nomcontractant>Le Groupe Drumco Construction Inc.</nomcontractant>
        <neqcontractant>1165510067</neqcontractant>
      </depense>
      <depense>
        <datedepense>2021-02-10</datedepense>
        <datepublicationdepense>2021-02-10</datepublicationdepense>
        <montantdepense>3219.040000</montantdepense>
        <description>ODC 68</description>
        <nomcontractant>Le Groupe Drumco Construction Inc.</nomcontractant>
        <neqcontractant>1165510067</neqcontractant>
      </depense>
      <depense>
        <datedepense>2021-02-19</datedepense>
        <datepublicationdepense>2021-02-19</datepublicationdepense>
        <montantdepense>3288.250000</montantdepense>
        <description>ODC 69 à 73 et 73-C</description>
        <nomcontractant>Le Groupe Drumco Construction Inc.</nomcontractant>
        <neqcontractant>1165510067</neqcontractant>
      </depense>
      <depense>
        <datedepense>2021-03-10</datedepense>
        <datepublicationdepense>2021-03-10</datepublicationdepense>
        <montantdepense>4326.210000</montantdepense>
        <description>ODC 74 et 74-C à 76</description>
        <nomcontractant>Le Groupe Drumco Construction Inc.</nomcontractant>
        <neqcontractant>1165510067</neqcontractant>
      </depense>
      <depense>
        <datedepense>2021-08-18</datedepense>
        <datepublicationdepense>2021-08-18</datepublicationdepense>
        <montantdepense>63894.570000</montantdepense>
        <description>ODC 77 à 95</description>
        <nomcontractant>Le Groupe Drumco Construction Inc.</nomcontractant>
        <neqcontractant>1165510067</neqcontractant>
      </depense>
      <depense>
        <datedepense>2021-08-18</datedepense>
        <datepublicationdepense>2021-08-18</datepublicationdepense>
        <montantdepense>28815.740000</montantdepense>
        <description>ODC 96 à 113</description>
        <nomcontractant>Le Groupe Drumco Construction Inc.</nomcontractant>
        <neqcontractant>1165510067</neqcontractant>
      </depense>
    </depenses>
  </avis>
  <avis>
    <numeroseao>1347184</numeroseao>
    <numero>AO20200210</numero>
    <depenses>
      <depense>
        <datedepense>2021-02-23</datedepense>
        <datepublicationdepense>2021-08-17</datepublicationdepense>
        <montantdepense>4255.460000</montantdepense>
        <description>AV1 Directive DC-S01 - Remplacement du collet de soutien autour des 23 tuyaux de drainage pluvial (incluant étaiement).</description>
        <nomcontractant>Dumoulin et Associés Réparations de Béton Limitée</nomcontractant>
        <neqcontractant>1143866664</neqcontractant>
      </depense>
    </depenses>
  </avis>
  <avis>
    <numeroseao>1351537</numeroseao>
    <numero>6806-20-AP03</numero>
    <depenses>
      <depense>
        <datedepense>2020-09-09</datedepense>
        <datepublicationdepense>2020-10-19</datepublicationdepense>
        <montantdepense>22500.000000</montantdepense>
        <description>Dépassement relié à des variations de quantité sur un contrat à commandes en approvisionnement</description>
        <nomcontractant>Pic Construction compagnie limitée</nomcontractant>
        <neqcontractant>1142573360</neqcontractant>
      </depense>
    </depenses>
  </avis>
  <avis>
    <numeroseao>1352965</numeroseao>
    <numero>16-048</numero>
    <depenses>
      <depense>
        <datedepense>2021-02-11</datedepense>
        <datepublicationdepense>2021-02-15</datepublicationdepense>
        <montantdepense>2431.820000</montantdepense>
        <description>ODC-12</description>
        <nomcontractant>Construction Doverco Inc..</nomcontractant>
        <neqcontractant>1160536588</neqcontractant>
      </depense>
      <depense>
        <datedepense>2021-03-01</datedepense>
        <datepublicationdepense>2021-03-01</datepublicationdepense>
        <montantdepense>5450.180000</montantdepense>
        <description>ODC-13</description>
        <nomcontractant>Construction Doverco Inc..</nomcontractant>
        <neqcontractant>1160536588</neqcontractant>
      </depense>
      <depense>
        <datedepense>2021-02-25</datedepense>
        <datepublicationdepense>2021-03-01</datepublicationdepense>
        <montantdepense>5030.060000</montantdepense>
        <description>ODC-14</description>
        <nomcontractant>Construction Doverco Inc..</nomcontractant>
        <neqcontractant>1160536588</neqcontractant>
      </depense>
      <depense>
        <datedepense>2021-04-12</datedepense>
        <datepublicationdepense>2021-04-15</datepublicationdepense>
        <montantdepense>3413.450000</montantdepense>
        <description>ODC-15</description>
        <nomcontractant>Construction Doverco Inc..</nomcontractant>
        <neqcontractant>1160536588</neqcontractant>
      </depense>
      <depense>
        <datedepense>2021-04-12</datedepense>
        <datepublicationdepense>2021-04-15</datepublicationdepense>
        <montantdepense>5867.280000</montantdepense>
        <description>ODC-16</description>
        <nomcontractant>Construction Doverco Inc..</nomcontractant>
        <neqcontractant>1160536588</neqcontractant>
      </depense>
      <depense>
        <datedepense>2021-06-02</datedepense>
        <datepublicationdepense>2021-06-03</datepublicationdepense>
        <montantdepense>4388.230000</montantdepense>
        <description>ODC-17</description>
        <nomcontractant>Construction Doverco Inc..</nomcontractant>
        <neqcontractant>1160536588</neqcontractant>
      </depense>
      <depense>
        <datedepense>2021-05-31</datedepense>
        <datepublicationdepense>2021-06-03</datepublicationdepense>
        <montantdepense>8298.240000</montantdepense>
        <description>ODC-18</description>
        <nomcontractant>Construction Doverco Inc..</nomcontractant>
        <neqcontractant>1160536588</neqcontractant>
      </depense>
      <depense>
        <datedepense>2021-05-31</datedepense>
        <datepublicationdepense>2021-06-03</datepublicationdepense>
        <montantdepense>5957.980000</montantdepense>
        <description>ODC-19</description>
        <nomcontractant>Construction Doverco Inc..</nomcontractant>
        <neqcontractant>1160536588</neqcontractant>
      </depense>
      <depense>
        <datedepense>2021-08-02</datedepense>
        <datepublicationdepense>2021-08-05</datepublicationdepense>
        <montantdepense>7184.830000</montantdepense>
        <description>ODC-20</description>
        <nomcontractant>Construction Doverco Inc..</nomcontractant>
        <neqcontractant>1160536588</neqcontractant>
      </depense>
      <depense>
        <datedepense>2021-08-03</datedepense>
        <datepublicationdepense>2021-08-05</datepublicationdepense>
        <montantdepense>5584.990000</montantdepense>
        <description>ODC-21</description>
        <nomcontractant>Construction Doverco Inc..</nomcontractant>
        <neqcontractant>1160536588</neqcontractant>
      </depense>
    </depenses>
  </avis>
  <avis>
    <numeroseao>1355305</numeroseao>
    <numero>44515768</numero>
    <depenses>
      <depense>
        <datedepense>2021-04-27</datedepense>
        <datepublicationdepense>2021-04-27</datepublicationdepense>
        <montantdepense>212306.000000</montantdepense>
        <description>Publication des ODC comprenant la valeur des ajouts antérieurs à l’atteinte du 10% du montant initial du contrat.</description>
        <nomcontractant>Construction Mafranc Inc.</nomcontractant>
        <neqcontractant>1143061902</neqcontractant>
      </depense>
      <depense>
        <datedepense>2021-04-29</datedepense>
        <datepublicationdepense>2021-08-04</datepublicationdepense>
        <montantdepense>5699.770000</montantdepense>
        <description>Conditions de chantier</description>
        <nomcontractant>Construction Mafranc Inc.</nomcontractant>
        <neqcontractant>1143061902</neqcontractant>
      </depense>
    </depenses>
  </avis>
  <avis>
    <numeroseao>1365704</numeroseao>
    <numero>P-1907- EG</numero>
    <depenses>
      <depense>
        <datedepense>2021-08-16</datedepense>
        <datepublicationdepense>2021-08-17</datepublicationdepense>
        <montantdepense>3294.670000</montantdepense>
        <description>Modification Quincaillerie</description>
        <nomcontractant>EMJ Construction Inc.</nomcontractant>
        <neqcontractant>1169875870</neqcontractant>
      </depense>
      <depense>
        <datedepense>2021-08-16</datedepense>
        <datepublicationdepense>2021-08-17</datepublicationdepense>
        <montantdepense>109184.720000</montantdepense>
        <description>Fourniture et Installation de luminaires - programme corrigé suivant les relevés</description>
        <nomcontractant>EMJ Construction Inc.</nomcontractant>
        <neqcontractant>1169875870</neqcontractant>
      </depense>
      <depense>
        <datedepense>2021-08-16</datedepense>
        <datepublicationdepense>2021-08-17</datepublicationdepense>
        <montantdepense>615.350000</montantdepense>
        <description>Ajout de support de drainage pluvial</description>
        <nomcontractant>EMJ Construction Inc.</nomcontractant>
        <neqcontractant>1169875870</neqcontractant>
      </depense>
    </depenses>
  </avis>
  <avis>
    <numeroseao>1373278</numeroseao>
    <numero>P-1912 EG</numero>
    <depenses>
      <depense>
        <datedepense>2021-04-01</datedepense>
        <datepublicationdepense>2021-05-03</datepublicationdepense>
        <montantdepense>19691.870000</montantdepense>
        <description>Avenants 1 &amp; 2 </description>
        <nomcontractant>Le Groupe Provil</nomcontractant>
        <neqcontractant>1173165482</neqcontractant>
      </depense>
      <depense>
        <datedepense>2021-06-09</datedepense>
        <datepublicationdepense>2021-06-11</datepublicationdepense>
        <montantdepense>22537.110000</montantdepense>
        <description>Avenants 3 à 8</description>
        <nomcontractant>Le Groupe Provil</nomcontractant>
        <neqcontractant>1173165482</neqcontractant>
      </depense>
      <depense>
        <datedepense>2021-06-14</datedepense>
        <datepublicationdepense>2021-06-14</datepublicationdepense>
        <montantdepense>121732.000000</montantdepense>
        <description>Avenants 9 à 14</description>
        <nomcontractant>Le Groupe Provil</nomcontractant>
        <neqcontractant>1173165482</neqcontractant>
      </depense>
    </depenses>
  </avis>
  <avis>
    <numeroseao>1392089</numeroseao>
    <numero>44517295</numero>
    <depenses>
      <depense>
        <datedepense>2021-03-03</datedepense>
        <datepublicationdepense>2021-08-17</datepublicationdepense>
        <montantdepense>29350.350000</montantdepense>
        <description>ODC 1 à 16 - Ajout pour aménagement d'un local </description>
        <nomcontractant>Construction Serge Bergeron  Inc.</nomcontractant>
        <neqcontractant>1173424731</neqcontractant>
      </depense>
      <depense>
        <datedepense>2021-07-10</datedepense>
        <datepublicationdepense>2021-08-17</datepublicationdepense>
        <montantdepense>44900.600000</montantdepense>
        <description>ODC 19 - Remplacement du plancher du corridor</description>
        <nomcontractant>Construction Serge Bergeron  Inc.</nomcontractant>
        <neqcontractant>1173424731</neqcontractant>
      </depense>
    </depenses>
  </avis>
  <avis>
    <numeroseao>1404244</numeroseao>
    <numero>6803-20-0211</numero>
    <depenses>
      <depense>
        <datedepense>2021-07-07</datedepense>
        <datepublicationdepense>2021-06-23</datepublicationdepense>
        <montantdepense>74354.150000</montantdepense>
        <description>Dépassement relié à des variations de quantité et/ou des modifications au contrat de construction ou de services de nature technique</description>
        <nomcontractant>Paul Pedneault Inc</nomcontractant>
        <neqcontractant>1170180351</neqcontractant>
      </depense>
    </depenses>
  </avis>
  <avis>
    <numeroseao>1404890</numeroseao>
    <numero>INV-9393-211-ARC</numero>
    <depenses>
      <depense>
        <datedepense>2021-03-16</datedepense>
        <datepublicationdepense>2021-03-26</datepublicationdepense>
        <montantdepense>19670.000000</montantdepense>
        <description>1) Honoraires pour surveillance en continue par un laboratoire de toiture   lors des travaux 2) Honoraires pour test d'infiltrométrie suite à la mise en place de la nouvelle fenestration  </description>
        <nomcontractant>GR7 Architecture inc.</nomcontractant>
        <neqcontractant>1143500214</neqcontractant>
      </depense>
      <depense>
        <datedepense>2021-05-14</datedepense>
        <datepublicationdepense>2021-05-21</datepublicationdepense>
        <montantdepense>17614.050000</montantdepense>
        <description>Ajustement des honoraires pour la conception et surveillance </description>
        <nomcontractant>GR7 Architecture inc.</nomcontractant>
        <neqcontractant>1143500214</neqcontractant>
      </depense>
      <depense>
        <datedepense>2021-07-15</datedepense>
        <datepublicationdepense>2021-07-15</datepublicationdepense>
        <montantdepense>24970.530000</montantdepense>
        <description>Ajustement des honoraires pour la conception, plans et devis, surveillance et dans l'estimation finale</description>
        <nomcontractant>GR7 Architecture inc.</nomcontractant>
        <neqcontractant>1143500214</neqcontractant>
      </depense>
    </depenses>
  </avis>
  <avis>
    <numeroseao>1416587</numeroseao>
    <numero>610</numero>
    <depenses>
      <depense>
        <datedepense>2021-07-07</datedepense>
        <datepublicationdepense>2021-07-08</datepublicationdepense>
        <montantdepense>9000.000000</montantdepense>
        <description>Modification-01</description>
        <nomcontractant>WSP Canada Inc. (Pour AO sur invitation pour tout le Québec)</nomcontractant>
        <neqcontractant>1148357057</neqcontractant>
      </depense>
      <depense>
        <datedepense>2021-08-24</datedepense>
        <datepublicationdepense>2021-08-25</datepublicationdepense>
        <montantdepense>3600.000000</montantdepense>
        <description>Modification 02</description>
        <nomcontractant>WSP Canada Inc. (Pour AO sur invitation pour tout le Québec)</nomcontractant>
        <neqcontractant>1148357057</neqcontractant>
      </depense>
    </depenses>
  </avis>
  <avis>
    <numeroseao>1419834</numeroseao>
    <numero>206110120</numero>
    <depenses>
      <depense>
        <datedepense>2020-12-14</datedepense>
        <datepublicationdepense>2021-08-10</datepublicationdepense>
        <montantdepense>145.000000</montantdepense>
        <description>#1- Honoraire pour Coordination, préparation et gestion de projet globale selon la méthode à taux horaire</description>
        <nomcontractant>Solmatech inc.</nomcontractant>
        <neqcontractant>1145544798</neqcontractant>
      </depense>
      <depense>
        <datedepense>2020-12-14</datedepense>
        <datepublicationdepense>2021-08-10</datepublicationdepense>
        <montantdepense>90.000000</montantdepense>
        <description>#2- Analyses chimiques de 12 échantillons de sols</description>
        <nomcontractant>Solmatech inc.</nomcontractant>
        <neqcontractant>1145544798</neqcontractant>
      </depense>
      <depense>
        <datedepense>2020-12-14</datedepense>
        <datepublicationdepense>2021-08-10</datepublicationdepense>
        <montantdepense>572.000000</montantdepense>
        <description>#3- Sous-traitance - Honoraire pour Analyse de sols - HP C10 - C50 - selon la méthode à forfait</description>
        <nomcontractant>Solmatech inc.</nomcontractant>
        <neqcontractant>1145544798</neqcontractant>
      </depense>
      <depense>
        <datedepense>2020-12-14</datedepense>
        <datepublicationdepense>2021-08-10</datepublicationdepense>
        <montantdepense>936.000000</montantdepense>
        <description>#4- Sous-traitance - Honoraire pour Analyse de sols - HAP selon la méthode à forfait</description>
        <nomcontractant>Solmatech inc.</nomcontractant>
        <neqcontractant>1145544798</neqcontractant>
      </depense>
      <depense>
        <datedepense>2020-12-14</datedepense>
        <datepublicationdepense>2021-08-10</datepublicationdepense>
        <montantdepense>546.000000</montantdepense>
        <description>#5- Honoraire pour Analyse de sols - Métaux (14) - selon la méthode à forfait</description>
        <nomcontractant>Solmatech inc.</nomcontractant>
        <neqcontractant>1145544798</neqcontractant>
      </depense>
      <depense>
        <datedepense>2020-12-14</datedepense>
        <datepublicationdepense>2021-08-10</datepublicationdepense>
        <montantdepense>73.000000</montantdepense>
        <description>#6- Honoraire pour Analyse  - COV - selon la méthode à forfait</description>
        <nomcontractant>Solmatech inc.</nomcontractant>
        <neqcontractant>1145544798</neqcontractant>
      </depense>
      <depense>
        <datedepense>2020-12-14</datedepense>
        <datepublicationdepense>2021-08-10</datepublicationdepense>
        <montantdepense>200.000000</montantdepense>
        <description>#7- Honoraire pour Documentation selon la méthode à forfait - Ajout au rapport final géotechique</description>
        <nomcontractant>Solmatech inc.</nomcontractant>
        <neqcontractant>1145544798</neqcontractant>
      </depense>
      <depense>
        <datedepense>2021-06-14</datedepense>
        <datepublicationdepense>2021-08-10</datepublicationdepense>
        <montantdepense>2720.000000</montantdepense>
        <description>#8- Ajustement des honoraires professionnels pour coordination, gestion, préparation et visite de terrain selon la méthode à forfait</description>
        <nomcontractant>Solmatech inc.</nomcontractant>
        <neqcontractant>1145544798</neqcontractant>
      </depense>
      <depense>
        <datedepense>2021-06-14</datedepense>
        <datepublicationdepense>2021-08-10</datepublicationdepense>
        <montantdepense>3695.000000</montantdepense>
        <description>#9- Ajustement des honoraires pour Supervision travaux de terrain, arpentage, transport et équipement selon la méthode à forfait</description>
        <nomcontractant>Solmatech inc.</nomcontractant>
        <neqcontractant>1145544798</neqcontractant>
      </depense>
      <depense>
        <datedepense>2021-06-14</datedepense>
        <datepublicationdepense>2021-08-10</datepublicationdepense>
        <montantdepense>3700.000000</montantdepense>
        <description>#10- Ajustement des honoraires Rapport et dessin selon la méthode à à forfait</description>
        <nomcontractant>Solmatech inc.</nomcontractant>
        <neqcontractant>1145544798</neqcontractant>
      </depense>
      <depense>
        <datedepense>2021-06-14</datedepense>
        <datepublicationdepense>2021-08-10</datepublicationdepense>
        <montantdepense>12885.000000</montantdepense>
        <description>#11- Ajustement des honoraires pour Sous-traitant d’excavation (opérateurs, pelle et boite de tranchée) selon la méthode à forfait</description>
        <nomcontractant>Solmatech inc.</nomcontractant>
        <neqcontractant>1145544798</neqcontractant>
      </depense>
    </depenses>
  </avis>
  <avis>
    <numeroseao>1424240</numeroseao>
    <numero>2020-0408-GG</numero>
    <depenses>
      <depense>
        <datedepense>2021-01-26</datedepense>
        <datepublicationdepense>2021-02-02</datepublicationdepense>
        <montantdepense>25070.000000</montantdepense>
        <description>Banque d'heures supplémentaires nécessaires</description>
        <nomcontractant>M3P Services-Conseils</nomcontractant>
        <neqcontractant>1164929185</neqcontractant>
      </depense>
      <depense>
        <datedepense>2021-05-13</datedepense>
        <datepublicationdepense>2021-05-25</datepublicationdepense>
        <montantdepense>6900.000000</montantdepense>
        <description>Besoin d'heures supplémentaires</description>
        <nomcontractant>M3P Services-Conseils</nomcontractant>
        <neqcontractant>1164929185</neqcontractant>
      </depense>
      <depense>
        <datedepense>2021-07-01</datedepense>
        <datepublicationdepense>2021-07-15</datepublicationdepense>
        <montantdepense>18400.000000</montantdepense>
        <description>Banque d'heures supplémentaires nécessaires</description>
        <nomcontractant>M3P Services-Conseils</nomcontractant>
        <neqcontractant>1164929185</neqcontractant>
      </depense>
      <depense>
        <datedepense>2021-08-20</datedepense>
        <datepublicationdepense>2021-08-20</datepublicationdepense>
        <montantdepense>24725.000000</montantdepense>
        <description>Banque d'heures supplémentaires nécessaires</description>
        <nomcontractant>M3P Services-Conseils</nomcontractant>
        <neqcontractant>1164929185</neqcontractant>
      </depense>
    </depenses>
  </avis>
  <avis>
    <numeroseao>1424680</numeroseao>
    <numero>6803-20-0214</numero>
    <depenses>
      <depense>
        <datedepense>2021-02-23</datedepense>
        <datepublicationdepense>2021-04-01</datepublicationdepense>
        <montantdepense>50930.760000</montantdepense>
        <description>Dépassement relié à des variations de quantité et/ou des modifications au contrat de construction ou de services de nature technique</description>
        <nomcontractant>Paul Pedneault inc.</nomcontractant>
        <neqcontractant>1170180351</neqcontractant>
      </depense>
    </depenses>
  </avis>
  <avis>
    <numeroseao>1425826</numeroseao>
    <numero>44520002</numero>
    <depenses>
      <depense>
        <datedepense>2020-12-18</datedepense>
        <datepublicationdepense>2021-04-09</datepublicationdepense>
        <montantdepense>400509.650000</montantdepense>
        <description>Excavation de sols contaminés</description>
        <nomcontractant>Action Progex Inc</nomcontractant>
        <neqcontractant>1166933946</neqcontractant>
      </depense>
      <depense>
        <datedepense>2021-05-26</datedepense>
        <datepublicationdepense>2021-04-09</datepublicationdepense>
        <montantdepense>42035.030000</montantdepense>
        <description>Modification mineure</description>
        <nomcontractant>Action Progex Inc</nomcontractant>
        <neqcontractant>1166933946</neqcontractant>
      </depense>
      <depense>
        <datedepense>2021-05-03</datedepense>
        <datepublicationdepense>2021-05-11</datepublicationdepense>
        <montantdepense>792974.500000</montantdepense>
        <description>Sols contaminés</description>
        <nomcontractant>Action Progex Inc</nomcontractant>
        <neqcontractant>1166933946</neqcontractant>
      </depense>
      <depense>
        <datedepense>2021-08-25</datedepense>
        <datepublicationdepense>2021-08-25</datepublicationdepense>
        <montantdepense>49608.310000</montantdepense>
        <description>Modification mineure</description>
        <nomcontractant>Action Progex Inc</nomcontractant>
        <neqcontractant>1166933946</neqcontractant>
      </depense>
    </depenses>
  </avis>
  <avis>
    <numeroseao>1426901</numeroseao>
    <numero>S21 248</numero>
    <depenses>
      <depense>
        <datedepense>2021-03-05</datedepense>
        <datepublicationdepense>2021-08-23</datepublicationdepense>
        <montantdepense>503.920000</montantdepense>
        <description>Recouvrement banquettes et bancs sur roulettes</description>
        <nomcontractant>CONSTRUCTIONS TECT-HAB INC.</nomcontractant>
        <neqcontractant>1169699783</neqcontractant>
      </depense>
      <depense>
        <datedepense>2021-03-30</datedepense>
        <datepublicationdepense>2021-08-23</datepublicationdepense>
        <montantdepense>14760.250000</montantdepense>
        <description>Isolation des plafonds</description>
        <nomcontractant>CONSTRUCTIONS TECT-HAB INC.</nomcontractant>
        <neqcontractant>1169699783</neqcontractant>
      </depense>
      <depense>
        <datedepense>2021-06-21</datedepense>
        <datepublicationdepense>2021-08-23</datepublicationdepense>
        <montantdepense>3064.270000</montantdepense>
        <description>Déplacer une prise de courant et ajout de câbles réseaux</description>
        <nomcontractant>CONSTRUCTIONS TECT-HAB INC.</nomcontractant>
        <neqcontractant>1169699783</neqcontractant>
      </depense>
    </depenses>
  </avis>
  <avis>
    <numeroseao>1427986</numeroseao>
    <numero>44519086</numero>
    <depenses>
      <depense>
        <datedepense>2021-02-05</datedepense>
        <datepublicationdepense>2021-08-04</datepublicationdepense>
        <montantdepense>1165.350000</montantdepense>
        <description>ODC_001 Changement type de tapis</description>
        <nomcontractant>Groupe Symaco Inc.</nomcontractant>
        <neqcontractant>1143241215</neqcontractant>
      </depense>
      <depense>
        <datedepense>2021-03-08</datedepense>
        <datepublicationdepense>2021-08-04</datepublicationdepense>
        <montantdepense>2553.800000</montantdepense>
        <description>ODC_002 Déplacement luminaires</description>
        <nomcontractant>Groupe Symaco Inc.</nomcontractant>
        <neqcontractant>1143241215</neqcontractant>
      </depense>
      <depense>
        <datedepense>2021-03-05</datedepense>
        <datepublicationdepense>2021-08-04</datepublicationdepense>
        <montantdepense>1412.200000</montantdepense>
        <description>ODC_003 pour la directive A04</description>
        <nomcontractant>Groupe Symaco Inc.</nomcontractant>
        <neqcontractant>1143241215</neqcontractant>
      </depense>
      <depense>
        <datedepense>2021-03-16</datedepense>
        <datepublicationdepense>2021-08-04</datepublicationdepense>
        <montantdepense>79.320000</montantdepense>
        <description>ODC_004 Ajustement de la ME03</description>
        <nomcontractant>Groupe Symaco Inc.</nomcontractant>
        <neqcontractant>1143241215</neqcontractant>
      </depense>
      <depense>
        <datedepense>2021-03-19</datedepense>
        <datepublicationdepense>2021-08-04</datepublicationdepense>
        <montantdepense>635.290000</montantdepense>
        <description>ODC_005 Ajout d'un thermomètre de pièce</description>
        <nomcontractant>Groupe Symaco Inc.</nomcontractant>
        <neqcontractant>1143241215</neqcontractant>
      </depense>
      <depense>
        <datedepense>2021-03-26</datedepense>
        <datepublicationdepense>2021-08-04</datepublicationdepense>
        <montantdepense>1046.930000</montantdepense>
        <description>ODC_006 Stores à couper</description>
        <nomcontractant>Groupe Symaco Inc.</nomcontractant>
        <neqcontractant>1143241215</neqcontractant>
      </depense>
      <depense>
        <datedepense>2021-03-26</datedepense>
        <datepublicationdepense>2021-08-04</datepublicationdepense>
        <montantdepense>2885.580000</montantdepense>
        <description>ODC_007 Ossature de suspension pour plafond suspendu</description>
        <nomcontractant>Groupe Symaco Inc.</nomcontractant>
        <neqcontractant>1143241215</neqcontractant>
      </depense>
      <depense>
        <datedepense>2021-03-31</datedepense>
        <datepublicationdepense>2021-08-04</datepublicationdepense>
        <montantdepense>2375.290000</montantdepense>
        <description>ODC_008 Fourniture et installation d'une porte vitrée</description>
        <nomcontractant>Groupe Symaco Inc.</nomcontractant>
        <neqcontractant>1143241215</neqcontractant>
      </depense>
      <depense>
        <datedepense>2021-04-01</datedepense>
        <datepublicationdepense>2021-08-04</datepublicationdepense>
        <montantdepense>1587.660000</montantdepense>
        <description>ODC_009 Grille de désenfumage</description>
        <nomcontractant>Groupe Symaco Inc.</nomcontractant>
        <neqcontractant>1143241215</neqcontractant>
      </depense>
      <depense>
        <datedepense>2021-04-06</datedepense>
        <datepublicationdepense>2021-08-04</datepublicationdepense>
        <montantdepense>1097.090000</montantdepense>
        <description>ODC_010 Grille de désenfumage</description>
        <nomcontractant>Groupe Symaco Inc.</nomcontractant>
        <neqcontractant>1143241215</neqcontractant>
      </depense>
      <depense>
        <datedepense>2021-06-23</datedepense>
        <datepublicationdepense>2021-08-04</datepublicationdepense>
        <montantdepense>3355.720000</montantdepense>
        <description>ODC_011 Câblage réseau</description>
        <nomcontractant>Groupe Symaco Inc.</nomcontractant>
        <neqcontractant>1143241215</neqcontractant>
      </depense>
    </depenses>
  </avis>
  <avis>
    <numeroseao>1429569</numeroseao>
    <numero>AO20201207</numero>
    <depenses>
      <depense>
        <datedepense>2021-04-16</datedepense>
        <datepublicationdepense>2021-05-12</datepublicationdepense>
        <montantdepense>700000.000000</montantdepense>
        <description>Avenant 1 - Réparation des joints Victaulic endommagés sur le réseau d'eau glacé</description>
        <nomcontractant>solutions plomberie</nomcontractant>
        <neqcontractant>1164061450</neqcontractant>
      </depense>
      <depense>
        <datedepense>2021-05-31</datedepense>
        <datepublicationdepense>2021-08-17</datepublicationdepense>
        <montantdepense>138963.880000</montantdepense>
        <description>Avenant 2 - Remplacement de joints Victaulic réseau de climatisation </description>
        <nomcontractant>solutions plomberie</nomcontractant>
        <neqcontractant>1164061450</neqcontractant>
      </depense>
      <depense>
        <datedepense>2021-07-19</datedepense>
        <datepublicationdepense>2021-08-17</datepublicationdepense>
        <montantdepense>102313.550000</montantdepense>
        <description>Avenant 3 - Remplacement de joints Victaulic réseau de climatisation</description>
        <nomcontractant>solutions plomberie</nomcontractant>
        <neqcontractant>1164061450</neqcontractant>
      </depense>
      <depense>
        <datedepense>2021-07-28</datedepense>
        <datepublicationdepense>2021-08-17</datepublicationdepense>
        <montantdepense>100948.240000</montantdepense>
        <description>Avenant 4 -  Remplacement de joints Victaulic réseau de climatisation</description>
        <nomcontractant>solutions plomberie</nomcontractant>
        <neqcontractant>1164061450</neqcontractant>
      </depense>
    </depenses>
  </avis>
  <avis>
    <numeroseao>1439552</numeroseao>
    <numero>CA-200422-RY</numero>
    <depenses>
      <depense>
        <datedepense>2021-06-22</datedepense>
        <datepublicationdepense>2021-06-22</datepublicationdepense>
        <montantdepense>654.500000</montantdepense>
        <description>ODC 1 - Revêtement de plancher</description>
        <nomcontractant>Pincor</nomcontractant>
        <neqcontractant>1142579144</neqcontractant>
      </depense>
      <depense>
        <datedepense>2021-08-24</datedepense>
        <datepublicationdepense>2021-08-24</datepublicationdepense>
        <montantdepense>192.960000</montantdepense>
        <description>ODC #2-3-4-5</description>
        <nomcontractant>Pincor</nomcontractant>
        <neqcontractant>1142579144</neqcontractant>
      </depense>
    </depenses>
  </avis>
  <avis>
    <numeroseao>1443803</numeroseao>
    <numero>N/Réf. : P2100403.000</numero>
    <depenses>
      <depense>
        <datedepense>2021-02-17</datedepense>
        <datepublicationdepense>2021-08-30</datepublicationdepense>
        <montantdepense>7600.000000</montantdepense>
        <description>test MSAW nécessaire pour détermioner la catégorisation du sol.Avec une catégorie D, nous réduirons d’environ 60% les charges transmises au contreventement par rapport à une catégorie E. De plus, cela permettrait d’exclure d’autres exigences du CNB et une réduction des coûts. </description>
        <nomcontractant>Englobe Corp Laval</nomcontractant>
        <neqcontractant>1167280206</neqcontractant>
      </depense>
    </depenses>
  </avis>
  <avis>
    <numeroseao>1450059</numeroseao>
    <numero>INV-9235-286-1-CG</numero>
    <depenses>
      <depense>
        <datedepense>2021-08-28</datedepense>
        <datepublicationdepense>2021-08-31</datepublicationdepense>
        <montantdepense>32708.130000</montantdepense>
        <description>Révision pour l'accessibilité des vannes du système de gicleur 939.61$ et exigence de la ville pour l'emplacement de la siamoise à valve 31768.52$</description>
        <nomcontractant>Roland Grenier Construction</nomcontractant>
        <neqcontractant>1142915231</neqcontractant>
      </depense>
    </depenses>
  </avis>
  <avis>
    <numeroseao>1454741</numeroseao>
    <numero>44522299</numero>
    <depenses>
      <depense>
        <datedepense>2021-04-19</datedepense>
        <datepublicationdepense>2021-08-09</datepublicationdepense>
        <montantdepense>6615.000000</montantdepense>
        <description>Avenant 1 et avenant 2 entretien ménager mai 2021.</description>
        <nomcontractant>Reno Voc Inc.</nomcontractant>
        <neqcontractant>1173006710</neqcontractant>
      </depense>
    </depenses>
  </avis>
  <avis>
    <numeroseao>1460113</numeroseao>
    <numero>AOP-0088</numero>
    <depenses>
      <depense>
        <datedepense>2021-08-06</datedepense>
        <datepublicationdepense>2021-08-06</datepublicationdepense>
        <montantdepense>6985.950000</montantdepense>
        <description>Ordre de changement n°1: Ajouter un gypse 13mm sur tout le haut des cloisons du local A-528 et sceller les ouvertures côté intérieur du local &amp; Ordre de changement n°2: Ajouter un gypse 13mm sur tout le haut des cloisons du local A-319 et sceller les ouvertures côté intérieur du local seulem</description>
        <nomcontractant>Décontamination I.G.R.</nomcontractant>
        <neqcontractant>1161391702</neqcontractant>
      </depense>
    </depenses>
  </avis>
  <avis>
    <numeroseao>1480847</numeroseao>
    <numero>INV-9247-152 -ING-1</numero>
    <depenses>
      <depense>
        <datedepense>2021-05-11</datedepense>
        <datepublicationdepense>2021-05-03</datepublicationdepense>
        <montantdepense>5329.000000</montantdepense>
        <description>Caractérisation des sols</description>
        <nomcontractant>Englobe</nomcontractant>
        <neqcontractant>1167280206</neqcontractant>
      </depense>
    </depenses>
  </avis>
  <avis>
    <numeroseao>1482624</numeroseao>
    <numero>44523690</numero>
    <depenses>
      <depense>
        <datedepense>2021-05-31</datedepense>
        <datepublicationdepense>2021-08-06</datepublicationdepense>
        <montantdepense>19800.000000</montantdepense>
        <description>Ajout d'abonnements supplémentaires</description>
        <nomcontractant>C2 Innovations</nomcontractant>
        <neqcontractant>1165552275</neqcontractant>
      </depense>
    </depenses>
  </avis>
  <avis>
    <numeroseao>1514225</numeroseao>
    <numero>44515471</numero>
    <depenses>
      <depense>
        <datedepense>2020-05-29</datedepense>
        <datepublicationdepense>2021-08-04</datepublicationdepense>
        <montantdepense>38775.170000</montantdepense>
        <description>ODC (1 à 9)</description>
        <nomcontractant>JC-7 Signature</nomcontractant>
        <neqcontractant>1164298961</neqcontractant>
      </depense>
    </depenses>
  </avis>
</export>