<?xml version="1.0" encoding="utf-8"?>
<export xmlns:xsi="http://www.w3.org/2001/XMLSchema-instance" xmlns:xsd="http://www.w3.org/2001/XMLSchema" datedebut="2023-02-01" datefin="2023-02-28">
  <contrat>
    <numeroseao>277229</numeroseao>
    <numero>7006-09-0901</numero>
    <datefinale>2023-02-22</datefinale>
    <datepublicationfinale>2014-03-06</datepublicationfinale>
    <montantfinal>5388886.710000</montantfinal>
    <nomcontractant>CONSTRUCTION ET PAVAGE BOISVERT INC.</nomcontractant>
    <neqcontractant>1147044672</neqcontractant>
  </contrat>
  <contrat>
    <numeroseao>294359</numeroseao>
    <numero>7107-08-0905</numero>
    <datefinale>2015-10-21</datefinale>
    <datepublicationfinale>2014-11-24</datepublicationfinale>
    <montantfinal>27587489.590000</montantfinal>
    <nomcontractant>LES ENTREPRISES ALFRED BOIVIN INC.</nomcontractant>
    <neqcontractant>1142712356</neqcontractant>
  </contrat>
  <contrat>
    <numeroseao>303082</numeroseao>
    <numero>8708-09-NL01</numero>
    <datefinale>2019-09-16</datefinale>
    <datepublicationfinale>2014-06-20</datepublicationfinale>
    <montantfinal>516477.870000</montantfinal>
    <nomcontractant>TRANSPORT DUPRE INC.</nomcontractant>
    <neqcontractant>1147305198</neqcontractant>
  </contrat>
  <contrat>
    <numeroseao>321414</numeroseao>
    <numero>9001-09-0903</numero>
    <datefinale>2015-07-31</datefinale>
    <datepublicationfinale>2014-02-27</datepublicationfinale>
    <montantfinal>8144312.500000</montantfinal>
    <nomcontractant>SINTRA INC. - RÉGION ESTRIE</nomcontractant>
    <neqcontractant>1145755295</neqcontractant>
  </contrat>
  <contrat>
    <numeroseao>321676</numeroseao>
    <numero>8701-09-0901</numero>
    <datefinale>2015-02-09</datefinale>
    <datepublicationfinale>2014-06-20</datepublicationfinale>
    <montantfinal>66351844.420000</montantfinal>
    <nomcontractant>Co Entreprise A30 Jean Leman</nomcontractant>
    <neqcontractant />
  </contrat>
  <contrat>
    <numeroseao>321944</numeroseao>
    <numero>8701-09-0207</numero>
    <datefinale>2015-02-09</datefinale>
    <datepublicationfinale>2014-02-03</datepublicationfinale>
    <montantfinal>12263162.810000</montantfinal>
    <nomcontractant>Construction Frank Catania &amp; ass. inc.</nomcontractant>
    <neqcontractant>1164241086</neqcontractant>
  </contrat>
  <contrat>
    <numeroseao>361496</numeroseao>
    <numero>8503-08-HB01</numero>
    <datefinale>2015-05-12</datefinale>
    <datepublicationfinale>2014-12-15</datepublicationfinale>
    <montantfinal>346335.400000</montantfinal>
    <nomcontractant>Groupe Séguin Experts-Conseils inc., Le</nomcontractant>
    <neqcontractant />
  </contrat>
  <contrat>
    <numeroseao>387144</numeroseao>
    <numero>6501-10-0909</numero>
    <datefinale>2015-02-16</datefinale>
    <datepublicationfinale>2014-11-24</datepublicationfinale>
    <montantfinal>12489707.610000</montantfinal>
    <nomcontractant>Constructions Jean-Paul Landry Inc.</nomcontractant>
    <neqcontractant>1143515691</neqcontractant>
  </contrat>
  <contrat>
    <numeroseao>391856</numeroseao>
    <numero>8701-09-SG02</numero>
    <datefinale>2015-02-10</datefinale>
    <datepublicationfinale>2014-02-27</datepublicationfinale>
    <montantfinal>216341.750000</montantfinal>
    <nomcontractant>AMÉNAGEMENT "CÔTÉ JARDIN" INC.</nomcontractant>
    <neqcontractant>1143147123</neqcontractant>
  </contrat>
  <contrat>
    <numeroseao>393252</numeroseao>
    <numero>6603-10-HA02</numero>
    <datefinale>2015-02-09</datefinale>
    <datepublicationfinale>2014-03-06</datepublicationfinale>
    <montantfinal>1733621.010000</montantfinal>
    <nomcontractant>SNC-Lavalin inc.</nomcontractant>
    <neqcontractant />
  </contrat>
  <contrat>
    <numeroseao>397342</numeroseao>
    <numero>9001-10-0221</numero>
    <datefinale>2015-01-08</datefinale>
    <datepublicationfinale>2014-12-15</datepublicationfinale>
    <montantfinal>2096143.420000</montantfinal>
    <nomcontractant>CONSTRUCTIONS BSL INC.</nomcontractant>
    <neqcontractant>1141120692</neqcontractant>
  </contrat>
  <contrat>
    <numeroseao>404762</numeroseao>
    <numero>8503-10-0001</numero>
    <datefinale>2015-09-25</datefinale>
    <datepublicationfinale>2014-03-06</datepublicationfinale>
    <montantfinal>26388904.120000</montantfinal>
    <nomcontractant>DEMIX CONSTRUCTION,Une division de Holcim (Canada) inc.</nomcontractant>
    <neqcontractant />
  </contrat>
  <contrat>
    <numeroseao>420473</numeroseao>
    <numero>7103-09-HZ17</numero>
    <datefinale>2015-01-19</datefinale>
    <datepublicationfinale>2015-01-09</datepublicationfinale>
    <montantfinal>1075094.590000</montantfinal>
    <nomcontractant>CIMA+</nomcontractant>
    <neqcontractant>3340563140</neqcontractant>
  </contrat>
  <contrat>
    <numeroseao>432468</numeroseao>
    <numero>8910-10-1001</numero>
    <datefinale>2015-05-08</datefinale>
    <datepublicationfinale>2014-11-20</datepublicationfinale>
    <montantfinal>112753.730000</montantfinal>
    <nomcontractant>CARRIÈRES EDELWEISS INC.</nomcontractant>
    <neqcontractant>1162595558</neqcontractant>
  </contrat>
  <contrat>
    <numeroseao>447883</numeroseao>
    <numero>6806-10-0005</numero>
    <datefinale>2015-02-10</datefinale>
    <datepublicationfinale>2013-11-27</datepublicationfinale>
    <montantfinal>275718.290000</montantfinal>
    <nomcontractant>LES CONSTRUCTIONS HYDROSPEC INC.</nomcontractant>
    <neqcontractant>1162364278</neqcontractant>
  </contrat>
  <contrat>
    <numeroseao>450314</numeroseao>
    <numero>7103-10-HE02</numero>
    <datefinale>2015-06-03</datefinale>
    <datepublicationfinale>2014-12-15</datepublicationfinale>
    <montantfinal>868801.120000</montantfinal>
    <nomcontractant>Consortium Genivar/Cima +</nomcontractant>
    <neqcontractant />
  </contrat>
  <contrat>
    <numeroseao>450356</numeroseao>
    <numero>8801-09-HE07</numero>
    <datefinale>2015-03-11</datefinale>
    <datepublicationfinale>2015-01-09</datepublicationfinale>
    <montantfinal>902716.080000</montantfinal>
    <nomcontractant>Dessau inc.</nomcontractant>
    <neqcontractant />
  </contrat>
  <contrat>
    <numeroseao>466463</numeroseao>
    <numero>8407-10-PA01</numero>
    <datefinale>2015-10-22</datefinale>
    <datepublicationfinale>2015-03-05</datepublicationfinale>
    <montantfinal>78400.000000</montantfinal>
    <nomcontractant>Centre funéraire pour animaux Amicus</nomcontractant>
    <neqcontractant />
  </contrat>
  <contrat>
    <numeroseao>474465</numeroseao>
    <numero>5303-10-PF33</numero>
    <datefinale>2015-05-01</datefinale>
    <datepublicationfinale>2015-03-05</datepublicationfinale>
    <montantfinal>261972.000000</montantfinal>
    <nomcontractant>Vidéotron ltée</nomcontractant>
    <neqcontractant />
  </contrat>
  <contrat>
    <numeroseao>483209</numeroseao>
    <numero>8401-10-AC01</numero>
    <datefinale>2015-04-17</datefinale>
    <datepublicationfinale>2014-04-29</datepublicationfinale>
    <montantfinal>55700.000000</montantfinal>
    <nomcontractant>Dessau inc.</nomcontractant>
    <neqcontractant />
  </contrat>
  <contrat>
    <numeroseao>489904</numeroseao>
    <numero>8606-11-SB01</numero>
    <datefinale>2015-08-03</datefinale>
    <datepublicationfinale>2014-07-25</datepublicationfinale>
    <montantfinal>351286.790000</montantfinal>
    <nomcontractant>EMR inc. (9169-9843 Québec inc.)</nomcontractant>
    <neqcontractant />
  </contrat>
  <contrat>
    <numeroseao>490376</numeroseao>
    <numero>9109-10-0208</numero>
    <datefinale>2015-01-14</datefinale>
    <datepublicationfinale>2014-11-24</datepublicationfinale>
    <montantfinal>1972192.030000</montantfinal>
    <nomcontractant>CONSTRUCTION NORASCON INC.</nomcontractant>
    <neqcontractant>1143718840</neqcontractant>
  </contrat>
  <contrat>
    <numeroseao>493607</numeroseao>
    <numero>8701-11-1103</numero>
    <datefinale>2015-11-17</datefinale>
    <datepublicationfinale>2015-01-09</datepublicationfinale>
    <montantfinal>8109709.400000</montantfinal>
    <nomcontractant>Groupe Hexagone, s.e.c..</nomcontractant>
    <neqcontractant>3365348633</neqcontractant>
  </contrat>
  <contrat>
    <numeroseao>493827</numeroseao>
    <numero>8508-11-NM01</numero>
    <datefinale>2015-03-11</datefinale>
    <datepublicationfinale>2015-01-09</datepublicationfinale>
    <montantfinal>61507.150000</montantfinal>
    <nomcontractant>SSE Inc.</nomcontractant>
    <neqcontractant>1162939996</neqcontractant>
  </contrat>
  <contrat>
    <numeroseao>495459</numeroseao>
    <numero>7107-11-0909</numero>
    <datefinale>2015-01-20</datefinale>
    <datepublicationfinale>2015-01-09</datepublicationfinale>
    <montantfinal>7820325.840000</montantfinal>
    <nomcontractant>LES ENTREPRISES P.E.B. LTÉE</nomcontractant>
    <neqcontractant>1142496760</neqcontractant>
  </contrat>
  <contrat>
    <numeroseao>496612</numeroseao>
    <numero>9001-11-0904</numero>
    <datefinale>2015-07-31</datefinale>
    <datepublicationfinale>2014-02-27</datepublicationfinale>
    <montantfinal>2263498.060000</montantfinal>
    <nomcontractant>SINTRA INC. - RÉGION ESTRIE</nomcontractant>
    <neqcontractant>1145755295</neqcontractant>
  </contrat>
  <contrat>
    <numeroseao>497441</numeroseao>
    <numero>7107-11-1103</numero>
    <datefinale>2015-06-18</datefinale>
    <datepublicationfinale>2014-11-24</datepublicationfinale>
    <montantfinal>25286573.560000</montantfinal>
    <nomcontractant>EBC INC.</nomcontractant>
    <neqcontractant>1140169609</neqcontractant>
  </contrat>
  <contrat>
    <numeroseao>500427</numeroseao>
    <numero>8510-11-0002</numero>
    <datefinale>2015-10-02</datefinale>
    <datepublicationfinale>2014-05-23</datepublicationfinale>
    <montantfinal>880313.560000</montantfinal>
    <nomcontractant>CONSTRUCTION DJL INC.</nomcontractant>
    <neqcontractant>1147218763</neqcontractant>
  </contrat>
  <contrat>
    <numeroseao>503345</numeroseao>
    <numero>9001-11-0006</numero>
    <datefinale>2015-01-20</datefinale>
    <datepublicationfinale>2015-01-09</datepublicationfinale>
    <montantfinal>595914.320000</montantfinal>
    <nomcontractant>Construction DJL inc.</nomcontractant>
    <neqcontractant />
  </contrat>
  <contrat>
    <numeroseao>503719</numeroseao>
    <numero>8606-11-4501</numero>
    <datefinale>2015-01-20</datefinale>
    <datepublicationfinale>2014-07-25</datepublicationfinale>
    <montantfinal>1326547.150000</montantfinal>
    <nomcontractant>Entreprises C.R. Ménard Inc.</nomcontractant>
    <neqcontractant>1142739359</neqcontractant>
  </contrat>
  <contrat>
    <numeroseao>503730</numeroseao>
    <numero>8606-11-4504</numero>
    <datefinale>2015-01-20</datefinale>
    <datepublicationfinale>2014-07-25</datepublicationfinale>
    <montantfinal>2487946.980000</montantfinal>
    <nomcontractant>175784 CANADA INC.</nomcontractant>
    <neqcontractant>1174048141</neqcontractant>
  </contrat>
  <contrat>
    <numeroseao>504026</numeroseao>
    <numero>8806-11-4518</numero>
    <datefinale>2015-02-11</datefinale>
    <datepublicationfinale>2015-01-09</datepublicationfinale>
    <montantfinal>1006111.440000</montantfinal>
    <nomcontractant>LES ENTREPRISES BERTHIER INC.</nomcontractant>
    <neqcontractant>1140721912</neqcontractant>
  </contrat>
  <contrat>
    <numeroseao>504086</numeroseao>
    <numero>8606-11-4505</numero>
    <datefinale>2015-01-20</datefinale>
    <datepublicationfinale>2014-07-25</datepublicationfinale>
    <montantfinal>654584.190000</montantfinal>
    <nomcontractant>TRANSPORT REAL LAFORTUNE INC.</nomcontractant>
    <neqcontractant />
  </contrat>
  <contrat>
    <numeroseao>504657</numeroseao>
    <numero>8606-11-4512</numero>
    <datefinale>2015-01-20</datefinale>
    <datepublicationfinale>2014-07-25</datepublicationfinale>
    <montantfinal>404236.740000</montantfinal>
    <nomcontractant>TRANSPORT REAL LAFORTUNE INC.</nomcontractant>
    <neqcontractant />
  </contrat>
  <contrat>
    <numeroseao>505635</numeroseao>
    <numero>8607-11-4501</numero>
    <datefinale>2015-01-20</datefinale>
    <datepublicationfinale>2014-07-25</datepublicationfinale>
    <montantfinal>566783.820000</montantfinal>
    <nomcontractant>GROUPE ALLAIREGINCE INFRASTRUCTURES INC.</nomcontractant>
    <neqcontractant>1144045714</neqcontractant>
  </contrat>
  <contrat>
    <numeroseao>505638</numeroseao>
    <numero>8606-11-4529</numero>
    <datefinale>2015-01-20</datefinale>
    <datepublicationfinale>2014-07-25</datepublicationfinale>
    <montantfinal>556581.070000</montantfinal>
    <nomcontractant>9024-2587 QUÉBEC INC. / DÉNEIGEMENT JOËL LANGLOIS INC.</nomcontractant>
    <neqcontractant>1144955508</neqcontractant>
  </contrat>
  <contrat>
    <numeroseao>505744</numeroseao>
    <numero>8608-11-4507</numero>
    <datefinale>2015-01-20</datefinale>
    <datepublicationfinale>2014-07-25</datepublicationfinale>
    <montantfinal>799054.360000</montantfinal>
    <nomcontractant>J.A. BEAUDOIN CONSTRUCTION LTÉE</nomcontractant>
    <neqcontractant>1142192302</neqcontractant>
  </contrat>
  <contrat>
    <numeroseao>505757</numeroseao>
    <numero>8608-11-4513</numero>
    <datefinale>2015-01-20</datefinale>
    <datepublicationfinale>2014-07-25</datepublicationfinale>
    <montantfinal>715439.450000</montantfinal>
    <nomcontractant>J.A. BEAUDOIN CONSTRUCTION LTÉE</nomcontractant>
    <neqcontractant>1142192302</neqcontractant>
  </contrat>
  <contrat>
    <numeroseao>506057</numeroseao>
    <numero>8608-11-4517</numero>
    <datefinale>2015-02-24</datefinale>
    <datepublicationfinale>2014-07-25</datepublicationfinale>
    <montantfinal>285480.530000</montantfinal>
    <nomcontractant>Excavation C S Fulford Inc.</nomcontractant>
    <neqcontractant>1145619095</neqcontractant>
  </contrat>
  <contrat>
    <numeroseao>506072</numeroseao>
    <numero>9010-11-4560</numero>
    <datefinale>2015-02-24</datefinale>
    <datepublicationfinale>2014-07-25</datepublicationfinale>
    <montantfinal>1502187.910000</montantfinal>
    <nomcontractant>Excavation C S Fulford Inc.</nomcontractant>
    <neqcontractant>1145619095</neqcontractant>
  </contrat>
  <contrat>
    <numeroseao>506342</numeroseao>
    <numero>8701-11-1104</numero>
    <datefinale>2015-02-12</datefinale>
    <datepublicationfinale>2014-04-29</datepublicationfinale>
    <montantfinal>21004674.750000</montantfinal>
    <nomcontractant>POMERLEAU INC.</nomcontractant>
    <neqcontractant>1142005934</neqcontractant>
  </contrat>
  <contrat>
    <numeroseao>506532</numeroseao>
    <numero>9001-11-1101</numero>
    <datefinale>2015-01-20</datefinale>
    <datepublicationfinale>2015-01-09</datepublicationfinale>
    <montantfinal>49389317.930000</montantfinal>
    <nomcontractant>Coentreprise Sintra-Grandmont</nomcontractant>
    <neqcontractant>3367232157</neqcontractant>
  </contrat>
  <contrat>
    <numeroseao>506901</numeroseao>
    <numero>8606-11-4520</numero>
    <datefinale>2015-01-15</datefinale>
    <datepublicationfinale>2014-07-25</datepublicationfinale>
    <montantfinal>671859.290000</montantfinal>
    <nomcontractant>LES ENTREPRISES MICHAUDVILLE INC.</nomcontractant>
    <neqcontractant>1142707943</neqcontractant>
  </contrat>
  <contrat>
    <numeroseao>506955</numeroseao>
    <numero>8607-11-4508</numero>
    <datefinale>2015-01-15</datefinale>
    <datepublicationfinale>2014-08-08</datepublicationfinale>
    <montantfinal>584441.260000</montantfinal>
    <nomcontractant>LES ENTREPRISES MICHAUDVILLE INC.</nomcontractant>
    <neqcontractant>1142707943</neqcontractant>
  </contrat>
  <contrat>
    <numeroseao>510199</numeroseao>
    <numero>7107-09-0218</numero>
    <datefinale>2015-01-22</datefinale>
    <datepublicationfinale>2015-01-09</datepublicationfinale>
    <montantfinal>531221.590000</montantfinal>
    <nomcontractant>Inter Structures Inc.</nomcontractant>
    <neqcontractant>1142256461</neqcontractant>
  </contrat>
  <contrat>
    <numeroseao>511331</numeroseao>
    <numero>9010-11-4543</numero>
    <datefinale>2015-02-24</datefinale>
    <datepublicationfinale>2014-07-25</datepublicationfinale>
    <montantfinal>599353.140000</montantfinal>
    <nomcontractant>Excavation C S Fulford Inc.</nomcontractant>
    <neqcontractant>1145619095</neqcontractant>
  </contrat>
  <contrat>
    <numeroseao>511350</numeroseao>
    <numero>8606-11-4510</numero>
    <datefinale>2015-01-20</datefinale>
    <datepublicationfinale>2014-07-25</datepublicationfinale>
    <montantfinal>722248.820000</montantfinal>
    <nomcontractant>D. Langevin inc.</nomcontractant>
    <neqcontractant />
  </contrat>
  <contrat>
    <numeroseao>511374</numeroseao>
    <numero>8607-11-4502</numero>
    <datefinale>2015-01-20</datefinale>
    <datepublicationfinale>2014-07-25</datepublicationfinale>
    <montantfinal>512857.530000</montantfinal>
    <nomcontractant>LOUKAMI EXCAVATION INC.</nomcontractant>
    <neqcontractant>1142637413</neqcontractant>
  </contrat>
  <contrat>
    <numeroseao>511430</numeroseao>
    <numero>9010-11-4562</numero>
    <datefinale>2015-02-06</datefinale>
    <datepublicationfinale>2015-01-09</datepublicationfinale>
    <montantfinal>462183.100000</montantfinal>
    <nomcontractant>AD Roy / 9060-1535 Québec inc.</nomcontractant>
    <neqcontractant />
  </contrat>
  <contrat>
    <numeroseao>511934</numeroseao>
    <numero>9010-11-4545</numero>
    <datefinale>2015-02-09</datefinale>
    <datepublicationfinale>2015-01-09</datepublicationfinale>
    <montantfinal>1109304.930000</montantfinal>
    <nomcontractant>9060-1536 Québec inc. (Ferme forestière A.D. Roy)</nomcontractant>
    <neqcontractant />
  </contrat>
  <contrat>
    <numeroseao>511937</numeroseao>
    <numero>9007-11-4517</numero>
    <datefinale>2015-02-05</datefinale>
    <datepublicationfinale>2014-06-20</datepublicationfinale>
    <montantfinal>455445.650000</montantfinal>
    <nomcontractant>Guy Landry</nomcontractant>
    <neqcontractant />
  </contrat>
  <contrat>
    <numeroseao>512213</numeroseao>
    <numero>9007-11-4511</numero>
    <datefinale>2015-02-05</datefinale>
    <datepublicationfinale>2014-07-25</datepublicationfinale>
    <montantfinal>786432.140000</montantfinal>
    <nomcontractant>Les Excavations Prévost F.G. inc.</nomcontractant>
    <neqcontractant />
  </contrat>
  <contrat>
    <numeroseao>512367</numeroseao>
    <numero>7103-11-KZ02</numero>
    <datefinale>2015-04-07</datefinale>
    <datepublicationfinale>2013-12-12</datepublicationfinale>
    <montantfinal>243338.240000</montantfinal>
    <nomcontractant>SNC-Lavalin GEM Québec inc. - Projet no 125035</nomcontractant>
    <neqcontractant>1166291337</neqcontractant>
  </contrat>
  <contrat>
    <numeroseao>512601</numeroseao>
    <numero>8806-11-4519</numero>
    <datefinale>2015-02-11</datefinale>
    <datepublicationfinale>2015-01-09</datepublicationfinale>
    <montantfinal>908546.030000</montantfinal>
    <nomcontractant>CONSTRUCTION &amp; PAVAGE GÉNÉREUX INC.</nomcontractant>
    <neqcontractant>1171815427</neqcontractant>
  </contrat>
  <contrat>
    <numeroseao>513086</numeroseao>
    <numero>8806-11-4524</numero>
    <datefinale>2015-02-11</datefinale>
    <datepublicationfinale>2015-01-09</datepublicationfinale>
    <montantfinal>1140465.660000</montantfinal>
    <nomcontractant>9117-6834 Québec inc. / Déneigement Mario Robillard</nomcontractant>
    <neqcontractant />
  </contrat>
  <contrat>
    <numeroseao>513136</numeroseao>
    <numero>8806-11-4528</numero>
    <datefinale>2015-02-11</datefinale>
    <datepublicationfinale>2015-01-09</datepublicationfinale>
    <montantfinal>722224.860000</montantfinal>
    <nomcontractant>Les entreprises roland morin inc.</nomcontractant>
    <neqcontractant>1141981416</neqcontractant>
  </contrat>
  <contrat>
    <numeroseao>513339</numeroseao>
    <numero>8608-11-4525</numero>
    <datefinale>2015-02-24</datefinale>
    <datepublicationfinale>2014-07-25</datepublicationfinale>
    <montantfinal>498056.590000</montantfinal>
    <nomcontractant>Excavation C S Fulford Inc.</nomcontractant>
    <neqcontractant>1145619095</neqcontractant>
  </contrat>
  <contrat>
    <numeroseao>515534</numeroseao>
    <numero>7106-11-4502</numero>
    <datefinale>2015-06-25</datefinale>
    <datepublicationfinale>2014-07-25</datepublicationfinale>
    <montantfinal>1517378.320000</montantfinal>
    <nomcontractant>BETON DALLAIRE LTEE</nomcontractant>
    <neqcontractant>1141891540</neqcontractant>
  </contrat>
  <contrat>
    <numeroseao>516795</numeroseao>
    <numero>6706-11-4430</numero>
    <datefinale>2015-01-14</datefinale>
    <datepublicationfinale>2015-01-09</datepublicationfinale>
    <montantfinal>3759260.960000</montantfinal>
    <nomcontractant>A. HÉBERT ET FILS INC.</nomcontractant>
    <neqcontractant>1144016418</neqcontractant>
  </contrat>
  <contrat>
    <numeroseao>516957</numeroseao>
    <numero>9006-11-4533</numero>
    <datefinale>2015-02-05</datefinale>
    <datepublicationfinale>2014-07-25</datepublicationfinale>
    <montantfinal>459370.010000</montantfinal>
    <nomcontractant>M.B.I. Transport Excavation inc.</nomcontractant>
    <neqcontractant>1164630239</neqcontractant>
  </contrat>
  <contrat>
    <numeroseao>517286</numeroseao>
    <numero>9007-11-4538</numero>
    <datefinale>2015-02-05</datefinale>
    <datepublicationfinale>2014-07-25</datepublicationfinale>
    <montantfinal>392102.080000</montantfinal>
    <nomcontractant>M.B.I. Transport Excavation inc.</nomcontractant>
    <neqcontractant>1164630239</neqcontractant>
  </contrat>
  <contrat>
    <numeroseao>518032</numeroseao>
    <numero>6301-11-0202</numero>
    <datefinale>2015-02-10</datefinale>
    <datepublicationfinale>2013-12-16</datepublicationfinale>
    <montantfinal>1394371.180000</montantfinal>
    <nomcontractant>CONSTRUCTION CARBO INC.</nomcontractant>
    <neqcontractant>1140137085</neqcontractant>
  </contrat>
  <contrat>
    <numeroseao>518141</numeroseao>
    <numero>6705-11-0206</numero>
    <datefinale>2015-02-10</datefinale>
    <datepublicationfinale>2014-03-06</datepublicationfinale>
    <montantfinal>833480.340000</montantfinal>
    <nomcontractant>LES CONSTRUCTIONS HYDROSPEC INC.</nomcontractant>
    <neqcontractant>1162364278</neqcontractant>
  </contrat>
  <contrat>
    <numeroseao>518656</numeroseao>
    <numero>6501-11-0206</numero>
    <datefinale>2015-02-23</datefinale>
    <datepublicationfinale>2014-03-06</datepublicationfinale>
    <montantfinal>1095037.210000</montantfinal>
    <nomcontractant>CONSTRUCTION R.J. BÉRUBÉ INC.</nomcontractant>
    <neqcontractant>1143130665</neqcontractant>
  </contrat>
  <contrat>
    <numeroseao>519527</numeroseao>
    <numero>9010-11-4503</numero>
    <datefinale>2015-02-06</datefinale>
    <datepublicationfinale>2014-11-20</datepublicationfinale>
    <montantfinal>491628.030000</montantfinal>
    <nomcontractant>G. Leblanc Excavation ltee</nomcontractant>
    <neqcontractant />
  </contrat>
  <contrat>
    <numeroseao>520169</numeroseao>
    <numero>7103-11-HE01</numero>
    <datefinale>2015-04-20</datefinale>
    <datepublicationfinale>2014-03-06</datepublicationfinale>
    <montantfinal>607511.270000</montantfinal>
    <nomcontractant>Dessau inc.</nomcontractant>
    <neqcontractant />
  </contrat>
  <contrat>
    <numeroseao>522350</numeroseao>
    <numero>7108-11-0004</numero>
    <datefinale>2015-03-11</datefinale>
    <datepublicationfinale>2014-10-21</datepublicationfinale>
    <montantfinal>383273.470000</montantfinal>
    <nomcontractant>PAX EXCAVATION INC.</nomcontractant>
    <neqcontractant>1143758283</neqcontractant>
  </contrat>
  <contrat>
    <numeroseao>523636</numeroseao>
    <numero>8708-11-4530</numero>
    <datefinale>2015-09-01</datefinale>
    <datepublicationfinale>2014-08-08</datepublicationfinale>
    <montantfinal>2450143.550000</montantfinal>
    <nomcontractant>PAVAGES VAUDREUIL LTÉE</nomcontractant>
    <neqcontractant>1142774729</neqcontractant>
  </contrat>
  <contrat>
    <numeroseao>525602</numeroseao>
    <numero>7107-11-0910</numero>
    <datefinale>2015-01-20</datefinale>
    <datepublicationfinale>2015-01-09</datepublicationfinale>
    <montantfinal>11996718.860000</montantfinal>
    <nomcontractant>CONSTRUCTION ET PAVAGE PORTNEUF INC.</nomcontractant>
    <neqcontractant>1142323634</neqcontractant>
  </contrat>
  <contrat>
    <numeroseao>526687</numeroseao>
    <numero>8801-11-GE07</numero>
    <datefinale>2015-04-17</datefinale>
    <datepublicationfinale>2015-03-05</datepublicationfinale>
    <montantfinal>306502.500000</montantfinal>
    <nomcontractant>Dessau inc.</nomcontractant>
    <neqcontractant />
  </contrat>
  <contrat>
    <numeroseao>530325</numeroseao>
    <numero>8801-12-KA01</numero>
    <datefinale>2015-05-22</datefinale>
    <datepublicationfinale>2014-02-27</datepublicationfinale>
    <montantfinal>287272.080000</montantfinal>
    <nomcontractant>Groupe Qualitas inc.</nomcontractant>
    <neqcontractant>1166291337</neqcontractant>
  </contrat>
  <contrat>
    <numeroseao>531971</numeroseao>
    <numero>6408-11-HE01</numero>
    <datefinale>2015-04-30</datefinale>
    <datepublicationfinale>2014-04-29</datepublicationfinale>
    <montantfinal>409402.500000</montantfinal>
    <nomcontractant>Consortium Genivar / Teknika HBA</nomcontractant>
    <neqcontractant />
  </contrat>
  <contrat>
    <numeroseao>535722</numeroseao>
    <numero>7006-11-0901</numero>
    <datefinale>2015-07-31</datefinale>
    <datepublicationfinale>2015-01-09</datepublicationfinale>
    <montantfinal>1864823.120000</montantfinal>
    <nomcontractant>SINTRA INC.</nomcontractant>
    <neqcontractant>1145755295</neqcontractant>
  </contrat>
  <contrat>
    <numeroseao>536815</numeroseao>
    <numero>8607-11-NL01</numero>
    <datefinale>2015-01-20</datefinale>
    <datepublicationfinale>2014-07-25</datepublicationfinale>
    <montantfinal>171966.240000</montantfinal>
    <nomcontractant>Excavations Michel Lemay inc.</nomcontractant>
    <neqcontractant>1140915159</neqcontractant>
  </contrat>
  <contrat>
    <numeroseao>538444</numeroseao>
    <numero>7106-11-0908</numero>
    <datefinale>2015-03-13</datefinale>
    <datepublicationfinale>2014-11-20</datepublicationfinale>
    <montantfinal>4852214.950000</montantfinal>
    <nomcontractant>CONSTRUCTION J. &amp; R. SAVARD LTÉE</nomcontractant>
    <neqcontractant>1142565424</neqcontractant>
  </contrat>
  <contrat>
    <numeroseao>542112</numeroseao>
    <numero>8503-11-0218</numero>
    <datefinale>2015-03-31</datefinale>
    <datepublicationfinale>2014-12-15</datepublicationfinale>
    <montantfinal>11978580.470000</montantfinal>
    <nomcontractant>Construction DJL Inc.  (Boucherville)</nomcontractant>
    <neqcontractant />
  </contrat>
  <contrat>
    <numeroseao>544574</numeroseao>
    <numero>8801-12-1101</numero>
    <datefinale>2015-01-20</datefinale>
    <datepublicationfinale>2014-12-15</datepublicationfinale>
    <montantfinal>12162154.470000</montantfinal>
    <nomcontractant>LES ENTREPRISES CLAUDE CHAGNON INC.</nomcontractant>
    <neqcontractant>1142284380</neqcontractant>
  </contrat>
  <contrat>
    <numeroseao>551506</numeroseao>
    <numero>7108-12-1101</numero>
    <datefinale>2015-03-17</datefinale>
    <datepublicationfinale>2014-06-20</datepublicationfinale>
    <montantfinal>2097927.370000</montantfinal>
    <nomcontractant>CONSTRUCTION F.G.N. INC..</nomcontractant>
    <neqcontractant>1167490102</neqcontractant>
  </contrat>
  <contrat>
    <numeroseao>551877</numeroseao>
    <numero>7103-12-HA04</numero>
    <datefinale>2015-03-09</datefinale>
    <datepublicationfinale>2014-04-29</datepublicationfinale>
    <montantfinal>768761.280000</montantfinal>
    <nomcontractant>NORDA STELO INC.</nomcontractant>
    <neqcontractant>1165310831</neqcontractant>
  </contrat>
  <contrat>
    <numeroseao>553376</numeroseao>
    <numero>7107-12-0906</numero>
    <datefinale>2015-03-09</datefinale>
    <datepublicationfinale>2014-02-03</datepublicationfinale>
    <montantfinal>7716755.470000</montantfinal>
    <nomcontractant>LES ENTREPRISES P.E.B. LTÉE</nomcontractant>
    <neqcontractant>1142496760</neqcontractant>
  </contrat>
  <contrat>
    <numeroseao>553535</numeroseao>
    <numero>8701-11-0002</numero>
    <datefinale>2015-02-10</datefinale>
    <datepublicationfinale>2014-03-06</datepublicationfinale>
    <montantfinal>1229980.670000</montantfinal>
    <nomcontractant>GROUPE ALLAIREGINCE INFRASTRUCTURES INC.</nomcontractant>
    <neqcontractant>1144045714</neqcontractant>
  </contrat>
  <contrat>
    <numeroseao>557783</numeroseao>
    <numero>9001-12-1102</numero>
    <datefinale>2015-01-21</datefinale>
    <datepublicationfinale>2015-01-29</datepublicationfinale>
    <montantfinal>5911710.570000</montantfinal>
    <nomcontractant>LES ENTREPRISES CLAUDE CHAGNON INC.</nomcontractant>
    <neqcontractant>1142284380</neqcontractant>
  </contrat>
  <contrat>
    <numeroseao>560736</numeroseao>
    <numero>4103-11-KC02/KC03</numero>
    <datefinale>2016-05-31</datefinale>
    <datepublicationfinale>2015-05-11</datepublicationfinale>
    <montantfinal>1101476.870000</montantfinal>
    <nomcontractant>Mistras / Métaltec</nomcontractant>
    <neqcontractant />
  </contrat>
  <contrat>
    <numeroseao>560817</numeroseao>
    <numero>4103-11-KC04_KC05</numero>
    <datefinale>2016-05-31</datefinale>
    <datepublicationfinale>2016-02-02</datepublicationfinale>
    <montantfinal>247046.100000</montantfinal>
    <nomcontractant>Mistras Métaltec</nomcontractant>
    <neqcontractant />
  </contrat>
  <contrat>
    <numeroseao>560824</numeroseao>
    <numero>8507-12-4506</numero>
    <datefinale>2015-10-01</datefinale>
    <datepublicationfinale>2015-01-09</datepublicationfinale>
    <montantfinal>2426537.520000</montantfinal>
    <nomcontractant>9036-6626 Québec Inc.</nomcontractant>
    <neqcontractant />
  </contrat>
  <contrat>
    <numeroseao>561224</numeroseao>
    <numero>7007-12-SD01</numero>
    <datefinale>2015-02-10</datefinale>
    <datepublicationfinale>2014-07-25</datepublicationfinale>
    <montantfinal>354517.750000</montantfinal>
    <nomcontractant>LES CONSTRUCTIONS HYDROSPEC INC.</nomcontractant>
    <neqcontractant>1162364278</neqcontractant>
  </contrat>
  <contrat>
    <numeroseao>562463</numeroseao>
    <numero>8701-12-0301</numero>
    <datefinale>2015-02-12</datefinale>
    <datepublicationfinale>2014-03-06</datepublicationfinale>
    <montantfinal>125875.310000</montantfinal>
    <nomcontractant>EXCAVATIONS BERGEVIN ET LABERGE INC.</nomcontractant>
    <neqcontractant>1140580755</neqcontractant>
  </contrat>
  <contrat>
    <numeroseao>563233</numeroseao>
    <numero>8701-11-0907</numero>
    <datefinale>2015-02-10</datefinale>
    <datepublicationfinale>2014-02-03</datepublicationfinale>
    <montantfinal>3431329.460000</montantfinal>
    <nomcontractant>Sintra Inc. Saint-Isidore</nomcontractant>
    <neqcontractant>1145755295</neqcontractant>
  </contrat>
  <contrat>
    <numeroseao>563303</numeroseao>
    <numero>4174-12-LF01/LF02/LF03</numero>
    <datefinale>2015-12-30</datefinale>
    <datepublicationfinale>2017-03-17</datepublicationfinale>
    <montantfinal>182508.510000</montantfinal>
    <nomcontractant>Groupe Qualitas inc.</nomcontractant>
    <neqcontractant>1166291337</neqcontractant>
  </contrat>
  <contrat>
    <numeroseao>563303</numeroseao>
    <numero>4174-12-LF01/LF02/LF03</numero>
    <datefinale>2015-08-31</datefinale>
    <datepublicationfinale>2017-03-17</datepublicationfinale>
    <montantfinal>297785.780000</montantfinal>
    <nomcontractant>Inspec-Sol inc.</nomcontractant>
    <neqcontractant>1148070619</neqcontractant>
  </contrat>
  <contrat>
    <numeroseao>563881</numeroseao>
    <numero>6606-12-4540</numero>
    <datefinale>2015-07-16</datefinale>
    <datepublicationfinale>2014-07-25</datepublicationfinale>
    <montantfinal>1183111.690000</montantfinal>
    <nomcontractant>Transport Mario Giguère inc.</nomcontractant>
    <neqcontractant />
  </contrat>
  <contrat>
    <numeroseao>564704</numeroseao>
    <numero>8701-12-0206</numero>
    <datefinale>2015-02-12</datefinale>
    <datepublicationfinale>2014-03-06</datepublicationfinale>
    <montantfinal>1108140.780000</montantfinal>
    <nomcontractant>LOISELLE INC.</nomcontractant>
    <neqcontractant>1142482703</neqcontractant>
  </contrat>
  <contrat>
    <numeroseao>564717</numeroseao>
    <numero>8701-11-0215</numero>
    <datefinale>2015-02-11</datefinale>
    <datepublicationfinale>2013-12-12</datepublicationfinale>
    <montantfinal>1686846.330000</montantfinal>
    <nomcontractant>LOISELLE INC.</nomcontractant>
    <neqcontractant>1142482703</neqcontractant>
  </contrat>
  <contrat>
    <numeroseao>566004</numeroseao>
    <numero>8606-12-4502</numero>
    <datefinale>2015-01-15</datefinale>
    <datepublicationfinale>2015-01-09</datepublicationfinale>
    <montantfinal>890841.710000</montantfinal>
    <nomcontractant>L.A. HEBERT LTÉE</nomcontractant>
    <neqcontractant>1143421148</neqcontractant>
  </contrat>
  <contrat>
    <numeroseao>568214</numeroseao>
    <numero>9001-11-0918</numero>
    <datefinale>2015-02-11</datefinale>
    <datepublicationfinale>2014-06-20</datepublicationfinale>
    <montantfinal>1061815.280000</montantfinal>
    <nomcontractant>LES CONSTRUCTIONS HYDROSPEC INC.</nomcontractant>
    <neqcontractant>1162364278</neqcontractant>
  </contrat>
  <contrat>
    <numeroseao>569121</numeroseao>
    <numero>8801-12-0301</numero>
    <datefinale>2015-03-03</datefinale>
    <datepublicationfinale>2014-02-03</datepublicationfinale>
    <montantfinal>567497.580000</montantfinal>
    <nomcontractant>LAURIN, LAURIN (1991) INC.</nomcontractant>
    <neqcontractant>1142298448</neqcontractant>
  </contrat>
  <contrat>
    <numeroseao>571550</numeroseao>
    <numero>8701-11-SG01</numero>
    <datefinale>2015-02-12</datefinale>
    <datepublicationfinale>2015-01-29</datepublicationfinale>
    <montantfinal>421322.530000</montantfinal>
    <nomcontractant>P.N.G. PROJETS D'AMÉNAGEMENTS INC.</nomcontractant>
    <neqcontractant>1144475226</neqcontractant>
  </contrat>
  <contrat>
    <numeroseao>571866</numeroseao>
    <numero>8901-12-0905</numero>
    <datefinale>2015-05-08</datefinale>
    <datepublicationfinale>2014-02-27</datepublicationfinale>
    <montantfinal>201362.490000</montantfinal>
    <nomcontractant>CARRIÈRES EDELWEISS INC.</nomcontractant>
    <neqcontractant>1162595558</neqcontractant>
  </contrat>
  <contrat>
    <numeroseao>571983</numeroseao>
    <numero>9001-12-1010</numero>
    <datefinale>2015-07-31</datefinale>
    <datepublicationfinale>2014-02-03</datepublicationfinale>
    <montantfinal>2857517.090000</montantfinal>
    <nomcontractant>SINTRA INC. - RÉGION ESTRIE</nomcontractant>
    <neqcontractant>1145755295</neqcontractant>
  </contrat>
  <contrat>
    <numeroseao>572097</numeroseao>
    <numero>6609-12-4506</numero>
    <datefinale>2015-07-16</datefinale>
    <datepublicationfinale>2014-07-25</datepublicationfinale>
    <montantfinal>275407.860000</montantfinal>
    <nomcontractant>LES ENTREPRISES F. M. ROY INC.</nomcontractant>
    <neqcontractant>1162782875</neqcontractant>
  </contrat>
  <contrat>
    <numeroseao>572115</numeroseao>
    <numero>6609-12-4509</numero>
    <datefinale>2015-07-16</datefinale>
    <datepublicationfinale>2014-07-25</datepublicationfinale>
    <montantfinal>422068.860000</montantfinal>
    <nomcontractant>LES ENTREPRISES F. M. ROY INC.</nomcontractant>
    <neqcontractant>1162782875</neqcontractant>
  </contrat>
  <contrat>
    <numeroseao>572175</numeroseao>
    <numero>8701-12-0303</numero>
    <datefinale>2015-02-12</datefinale>
    <datepublicationfinale>2013-11-27</datepublicationfinale>
    <montantfinal>137302.170000</montantfinal>
    <nomcontractant>PIERRE BROSSARD (1981) LTÉE</nomcontractant>
    <neqcontractant>1143511773</neqcontractant>
  </contrat>
  <contrat>
    <numeroseao>572236</numeroseao>
    <numero>6603-12-0213</numero>
    <datefinale>2015-01-08</datefinale>
    <datepublicationfinale>2014-03-06</datepublicationfinale>
    <montantfinal>776723.030000</montantfinal>
    <nomcontractant>LAMBERT &amp; GRENIER INC.</nomcontractant>
    <neqcontractant>1142184994</neqcontractant>
  </contrat>
  <contrat>
    <numeroseao>572342</numeroseao>
    <numero>9001-12-0211</numero>
    <datefinale>2015-01-21</datefinale>
    <datepublicationfinale>2014-11-20</datepublicationfinale>
    <montantfinal>318826.750000</montantfinal>
    <nomcontractant>Groupe TNT Inc.</nomcontractant>
    <neqcontractant>1160480704</neqcontractant>
  </contrat>
  <contrat>
    <numeroseao>573203</numeroseao>
    <numero>6301-12-0217</numero>
    <datefinale>2015-02-10</datefinale>
    <datepublicationfinale>2014-06-20</datepublicationfinale>
    <montantfinal>2496756.810000</montantfinal>
    <nomcontractant>CONSTRUCTION CARBO INC.</nomcontractant>
    <neqcontractant>1140137085</neqcontractant>
  </contrat>
  <contrat>
    <numeroseao>573415</numeroseao>
    <numero>6301-12-0202</numero>
    <datefinale>2015-08-11</datefinale>
    <datepublicationfinale>2014-06-20</datepublicationfinale>
    <montantfinal>234211.860000</montantfinal>
    <nomcontractant>GROUPE SÉMA STRUCTURES FERROVIAIRES INC.</nomcontractant>
    <neqcontractant>1148086334</neqcontractant>
  </contrat>
  <contrat>
    <numeroseao>578120</numeroseao>
    <numero>6408-12-SB01</numero>
    <datefinale>2015-08-03</datefinale>
    <datepublicationfinale>2015-01-29</datepublicationfinale>
    <montantfinal>161595.040000</montantfinal>
    <nomcontractant>EMR inc.</nomcontractant>
    <neqcontractant />
  </contrat>
  <contrat>
    <numeroseao>584467</numeroseao>
    <numero>9001-12-PZ05</numero>
    <datefinale>2015-01-21</datefinale>
    <datepublicationfinale>2015-01-29</datepublicationfinale>
    <montantfinal>94604.160000</montantfinal>
    <nomcontractant>Entreprises Myrroy inc., Les</nomcontractant>
    <neqcontractant />
  </contrat>
  <contrat>
    <numeroseao>592221</numeroseao>
    <numero>7103-12-FF03</numero>
    <datefinale>2015-01-07</datefinale>
    <datepublicationfinale>2015-01-09</datepublicationfinale>
    <montantfinal>84799.620000</montantfinal>
    <nomcontractant>Consortium Genivar / Cima + [Q111546]</nomcontractant>
    <neqcontractant />
  </contrat>
  <contrat>
    <numeroseao>592224</numeroseao>
    <numero>7103-12-ZZ01</numero>
    <datefinale>2015-01-06</datefinale>
    <datepublicationfinale>2015-01-09</datepublicationfinale>
    <montantfinal>61770.390000</montantfinal>
    <nomcontractant>Genivar inc.</nomcontractant>
    <neqcontractant />
  </contrat>
  <contrat>
    <numeroseao>592277</numeroseao>
    <numero>9010-12-SB01</numero>
    <datefinale>2015-02-06</datefinale>
    <datepublicationfinale>2015-01-29</datepublicationfinale>
    <montantfinal>91625.460000</montantfinal>
    <nomcontractant>Entreprises forestières J.L.S.</nomcontractant>
    <neqcontractant />
  </contrat>
  <contrat>
    <numeroseao>614873</numeroseao>
    <numero>7105-13-AE01</numero>
    <datefinale>2017-05-25</datefinale>
    <datepublicationfinale>2017-03-16</datepublicationfinale>
    <montantfinal>80450.000000</montantfinal>
    <nomcontractant>Dessau</nomcontractant>
    <neqcontractant>1142720136</neqcontractant>
  </contrat>
  <contrat>
    <numeroseao>622499</numeroseao>
    <numero>8503-12-0006</numero>
    <datefinale>2023-02-03</datefinale>
    <datepublicationfinale>2019-06-07</datepublicationfinale>
    <montantfinal>53874031.100000</montantfinal>
    <nomcontractant>Les Grands Travaux Soter</nomcontractant>
    <neqcontractant>1146516688</neqcontractant>
  </contrat>
  <contrat>
    <numeroseao>716124</numeroseao>
    <numero>RP-ING14-04</numero>
    <datefinale>2021-04-23</datefinale>
    <datepublicationfinale>2019-05-10</datepublicationfinale>
    <montantfinal>5936659.300000</montantfinal>
    <nomcontractant>LES ENTREPRISES MICHAUDVILLE INC.</nomcontractant>
    <neqcontractant>1142707943</neqcontractant>
  </contrat>
  <contrat>
    <numeroseao>830865</numeroseao>
    <numero>8909-14-AP05</numero>
    <datefinale>2015-11-24</datefinale>
    <datepublicationfinale>2014-12-15</datepublicationfinale>
    <montantfinal>34729.360000</montantfinal>
    <nomcontractant>Carrière Beauregard et fils inc.</nomcontractant>
    <neqcontractant>1140298895</neqcontractant>
  </contrat>
  <contrat>
    <numeroseao>843809</numeroseao>
    <numero>8909-14-AP04</numero>
    <datefinale>2015-05-08</datefinale>
    <datepublicationfinale>2015-01-09</datepublicationfinale>
    <montantfinal>42021.400000</montantfinal>
    <nomcontractant>Construction Edelweiss inc.</nomcontractant>
    <neqcontractant>1162595558</neqcontractant>
  </contrat>
  <contrat>
    <numeroseao>861553</numeroseao>
    <numero>9010-12-SJ01</numero>
    <datefinale>2015-02-06</datefinale>
    <datepublicationfinale>2015-01-29</datepublicationfinale>
    <montantfinal>27600.000000</montantfinal>
    <nomcontractant>Ginette Champigny</nomcontractant>
    <neqcontractant />
  </contrat>
  <contrat>
    <numeroseao>861556</numeroseao>
    <numero>9001-12-SB02</numero>
    <datefinale>2015-01-21</datefinale>
    <datepublicationfinale>2015-01-29</datepublicationfinale>
    <montantfinal>68424.000000</montantfinal>
    <nomcontractant>Sylvain Bélanger</nomcontractant>
    <neqcontractant />
  </contrat>
  <contrat>
    <numeroseao>861563</numeroseao>
    <numero>9007-12-SB01</numero>
    <datefinale>2015-02-05</datefinale>
    <datepublicationfinale>2015-01-29</datepublicationfinale>
    <montantfinal>59399.960000</montantfinal>
    <nomcontractant>Alain Hébert</nomcontractant>
    <neqcontractant />
  </contrat>
  <contrat>
    <numeroseao>861569</numeroseao>
    <numero>9009-12-SB02</numero>
    <datefinale>2015-02-06</datefinale>
    <datepublicationfinale>2015-01-29</datepublicationfinale>
    <montantfinal>52657.800000</montantfinal>
    <nomcontractant>Sylvain Bélanger</nomcontractant>
    <neqcontractant />
  </contrat>
  <contrat>
    <numeroseao>864344</numeroseao>
    <numero>8809-14-AP04</numero>
    <datefinale>2015-04-24</datefinale>
    <datepublicationfinale>2015-03-05</datepublicationfinale>
    <montantfinal>39334.380000</montantfinal>
    <nomcontractant>2314-5758 Québec inc.</nomcontractant>
    <neqcontractant>1144029726</neqcontractant>
  </contrat>
  <contrat>
    <numeroseao>920477</numeroseao>
    <numero>8801-15-MA01</numero>
    <datefinale>2022-10-14</datefinale>
    <datepublicationfinale>2022-10-17</datepublicationfinale>
    <montantfinal>205469.150000</montantfinal>
    <nomcontractant>Paris, Ladouceur &amp; Associés Inc.</nomcontractant>
    <neqcontractant>1144030724</neqcontractant>
  </contrat>
  <contrat>
    <numeroseao>1020875</numeroseao>
    <numero>8701-16-0207</numero>
    <datefinale>2023-02-07</datefinale>
    <datepublicationfinale>2019-05-31</datepublicationfinale>
    <montantfinal>1601320.850000</montantfinal>
    <nomcontractant>Unigertec inc.</nomcontractant>
    <neqcontractant>1166651753</neqcontractant>
  </contrat>
  <contrat>
    <numeroseao>1028921</numeroseao>
    <numero>RP-16-PARC-19</numero>
    <datefinale>2022-04-27</datefinale>
    <datepublicationfinale>2020-07-09</datepublicationfinale>
    <montantfinal>296340.700000</montantfinal>
    <nomcontractant>SOLMATECH INC.</nomcontractant>
    <neqcontractant>1145544798</neqcontractant>
  </contrat>
  <contrat>
    <numeroseao>1055263</numeroseao>
    <numero>16-17-02-156</numero>
    <datefinale>2022-08-11</datefinale>
    <datepublicationfinale>2020-07-08</datepublicationfinale>
    <montantfinal>275050.000000</montantfinal>
    <nomcontractant>MAQUET-DYNAMED INC.</nomcontractant>
    <neqcontractant>1162756184</neqcontractant>
  </contrat>
  <contrat>
    <numeroseao>1076090</numeroseao>
    <numero>PRO-PARC17-07-CC</numero>
    <datefinale>2020-12-16</datefinale>
    <datepublicationfinale>2020-12-21</datepublicationfinale>
    <montantfinal>207713.820000</montantfinal>
    <nomcontractant>ATELIER CIVILITI INC.</nomcontractant>
    <neqcontractant>1170643176</neqcontractant>
  </contrat>
  <contrat>
    <numeroseao>1122533</numeroseao>
    <numero>33111700</numero>
    <datefinale>2022-12-11</datefinale>
    <datepublicationfinale>2019-12-05</datepublicationfinale>
    <montantfinal>1699557.730000</montantfinal>
    <nomcontractant>Ondel inc.</nomcontractant>
    <neqcontractant>1143586387</neqcontractant>
  </contrat>
  <contrat>
    <numeroseao>1145078</numeroseao>
    <numero>4103-17-KC02/KC03</numero>
    <datefinale>2019-10-24</datefinale>
    <datepublicationfinale>2022-02-03</datepublicationfinale>
    <montantfinal>943018.930000</montantfinal>
    <nomcontractant>Englobe Corp.</nomcontractant>
    <neqcontractant>1167280206</neqcontractant>
  </contrat>
  <contrat>
    <numeroseao>1154392</numeroseao>
    <numero>SA-180410-RY</numero>
    <datefinale>2023-02-23</datefinale>
    <datepublicationfinale>2022-12-21</datepublicationfinale>
    <montantfinal>59711.280000</montantfinal>
    <nomcontractant>Tetra Tech QI inc - Est</nomcontractant>
    <neqcontractant>1169411510</neqcontractant>
  </contrat>
  <contrat>
    <numeroseao>1189875</numeroseao>
    <numero>RP-ING18-13</numero>
    <datefinale>2023-01-23</datefinale>
    <datepublicationfinale>2019-08-15</datepublicationfinale>
    <montantfinal>2904528.830000</montantfinal>
    <nomcontractant>DEMIX CONSTRUCTION UNE DIVISION DE GROUPE CRH CANADA INC.</nomcontractant>
    <neqcontractant>1171462923</neqcontractant>
  </contrat>
  <contrat>
    <numeroseao>1194517</numeroseao>
    <numero>9265</numero>
    <datefinale>2019-07-03</datefinale>
    <datepublicationfinale>2019-05-15</datepublicationfinale>
    <montantfinal>84344.000000</montantfinal>
    <nomcontractant>CONSTRUCTIONS JEAN-PAUL PLAMONDON INC.</nomcontractant>
    <neqcontractant>1144006658</neqcontractant>
  </contrat>
  <contrat>
    <numeroseao>1209433</numeroseao>
    <numero>34018100</numero>
    <datefinale>2022-04-12</datefinale>
    <datepublicationfinale>2022-12-16</datepublicationfinale>
    <montantfinal>1961149.010000</montantfinal>
    <nomcontractant>LES AGENCES ROBERT JANVIER LTÉE</nomcontractant>
    <neqcontractant>1143317361</neqcontractant>
  </contrat>
  <contrat>
    <numeroseao>1224799</numeroseao>
    <numero>35159200</numero>
    <datefinale>2023-01-20</datefinale>
    <datepublicationfinale>2022-03-29</datepublicationfinale>
    <montantfinal>13420.000000</montantfinal>
    <nomcontractant>STRATÉGIA CONSEIL INC.</nomcontractant>
    <neqcontractant>1160687647</neqcontractant>
  </contrat>
  <contrat>
    <numeroseao>1264004</numeroseao>
    <numero>201904-47</numero>
    <datefinale />
    <datepublicationfinale>2022-03-22</datepublicationfinale>
    <montantfinal>0.000000</montantfinal>
    <nomcontractant>Déneigement SM Lanteigne</nomcontractant>
    <neqcontractant>3348034441</neqcontractant>
  </contrat>
  <contrat>
    <numeroseao>1271466</numeroseao>
    <numero>6703-19-FE01</numero>
    <datefinale>2023-02-17</datefinale>
    <datepublicationfinale>2022-05-30</datepublicationfinale>
    <montantfinal>71642.840000</montantfinal>
    <nomcontractant>Groupe-conseil TDA inc.</nomcontractant>
    <neqcontractant>1142634014</neqcontractant>
  </contrat>
  <contrat>
    <numeroseao>1277732</numeroseao>
    <numero>35420400</numero>
    <datefinale>2023-02-23</datefinale>
    <datepublicationfinale>2021-12-20</datepublicationfinale>
    <montantfinal>175522.000000</montantfinal>
    <nomcontractant>ÉQUIPEMENT M.C.F. INC.</nomcontractant>
    <neqcontractant>1142670166</neqcontractant>
  </contrat>
  <contrat>
    <numeroseao>1304598</numeroseao>
    <numero>8903-19-FE03</numero>
    <datefinale>2023-02-23</datefinale>
    <datepublicationfinale>2021-01-14</datepublicationfinale>
    <montantfinal>148792.930000</montantfinal>
    <nomcontractant>Quadrivium conseil inc.</nomcontractant>
    <neqcontractant>1164357023</neqcontractant>
  </contrat>
  <contrat>
    <numeroseao>1306276</numeroseao>
    <numero>1803-C-380-1</numero>
    <datefinale>2023-02-15</datefinale>
    <datepublicationfinale>2022-11-21</datepublicationfinale>
    <montantfinal>708704.140000</montantfinal>
    <nomcontractant>Construction Lemay inc.</nomcontractant>
    <neqcontractant>1142255067</neqcontractant>
  </contrat>
  <contrat>
    <numeroseao>1307292</numeroseao>
    <numero>35419200</numero>
    <datefinale>2021-10-23</datefinale>
    <datepublicationfinale>2022-03-28</datepublicationfinale>
    <montantfinal>223539.170000</montantfinal>
    <nomcontractant>Média Construction</nomcontractant>
    <neqcontractant>1169031037</neqcontractant>
  </contrat>
  <contrat>
    <numeroseao>1307700</numeroseao>
    <numero>999109203</numero>
    <datefinale>2021-04-30</datefinale>
    <datepublicationfinale>2021-09-09</datepublicationfinale>
    <montantfinal>607204.830000</montantfinal>
    <nomcontractant>ENVELOPPE CONCEPT INC.</nomcontractant>
    <neqcontractant>1146424859</neqcontractant>
  </contrat>
  <contrat>
    <numeroseao>1309678</numeroseao>
    <numero>44513841</numero>
    <datefinale>2022-10-31</datefinale>
    <datepublicationfinale>2023-01-31</datepublicationfinale>
    <montantfinal>113986.930000</montantfinal>
    <nomcontractant>AV-TECH INC.</nomcontractant>
    <neqcontractant>1174192535</neqcontractant>
  </contrat>
  <contrat>
    <numeroseao>1309709</numeroseao>
    <numero>8807-19-SH02</numero>
    <datefinale>2022-11-22</datefinale>
    <datepublicationfinale>2023-01-16</datepublicationfinale>
    <montantfinal>427140.010000</montantfinal>
    <nomcontractant>VEOLIA ES CANADA SERVICES INDUSTRIELS INC.</nomcontractant>
    <neqcontractant>1166357260</neqcontractant>
  </contrat>
  <contrat>
    <numeroseao>1330113</numeroseao>
    <numero>6703-19-FE02</numero>
    <datefinale>2023-02-20</datefinale>
    <datepublicationfinale>2022-05-30</datepublicationfinale>
    <montantfinal>72344.360000</montantfinal>
    <nomcontractant>Groupe-conseil TDA inc.</nomcontractant>
    <neqcontractant>1142634014</neqcontractant>
  </contrat>
  <contrat>
    <numeroseao>1332485</numeroseao>
    <numero>6603-20-HE06</numero>
    <datefinale>2022-12-01</datefinale>
    <datepublicationfinale>2022-12-05</datepublicationfinale>
    <montantfinal>63295.930000</montantfinal>
    <nomcontractant>SNC-Lavalin inc.</nomcontractant>
    <neqcontractant>1142775999</neqcontractant>
  </contrat>
  <contrat>
    <numeroseao>1333055</numeroseao>
    <numero>2503-19-0916</numero>
    <datefinale>2022-12-19</datefinale>
    <datepublicationfinale>2022-12-21</datepublicationfinale>
    <montantfinal>5823272.930000</montantfinal>
    <nomcontractant>Eurovia Québec Construction Inc.</nomcontractant>
    <neqcontractant>1169491884</neqcontractant>
  </contrat>
  <contrat>
    <numeroseao>1347123</numeroseao>
    <numero>9679_B_2</numero>
    <datefinale>2022-10-07</datefinale>
    <datepublicationfinale>2022-10-06</datepublicationfinale>
    <montantfinal>143746.000000</montantfinal>
    <nomcontractant>L. S. M. SON &amp; LUMIERES INC.</nomcontractant>
    <neqcontractant>1143987163</neqcontractant>
  </contrat>
  <contrat>
    <numeroseao>1361020</numeroseao>
    <numero>6812-20-1005</numero>
    <datefinale>2021-12-02</datefinale>
    <datepublicationfinale>2021-12-16</datepublicationfinale>
    <montantfinal>585556.990000</montantfinal>
    <nomcontractant>PAVEX LTÉE</nomcontractant>
    <neqcontractant>1143508282</neqcontractant>
  </contrat>
  <contrat>
    <numeroseao>1363540</numeroseao>
    <numero>6610-20-4696</numero>
    <datefinale>2022-08-31</datefinale>
    <datepublicationfinale>2022-09-01</datepublicationfinale>
    <montantfinal>45909.350000</montantfinal>
    <nomcontractant>DOUVILLE, SÉBASTIEN</nomcontractant>
    <neqcontractant>2265220253</neqcontractant>
  </contrat>
  <contrat>
    <numeroseao>1379410</numeroseao>
    <numero>SOUM 2019-13</numero>
    <datefinale>2022-07-20</datefinale>
    <datepublicationfinale>2023-01-24</datepublicationfinale>
    <montantfinal>649381.830000</montantfinal>
    <nomcontractant>BERNARD PAYSAGISTE INC.</nomcontractant>
    <neqcontractant>1143961887</neqcontractant>
  </contrat>
  <contrat>
    <numeroseao>1427374</numeroseao>
    <numero>20-464-AO-C</numero>
    <datefinale>2022-01-28</datefinale>
    <datepublicationfinale>2021-10-15</datepublicationfinale>
    <montantfinal>295975.000000</montantfinal>
    <nomcontractant>COUVERTURE MONTRÉAL-NORD LTÉE</nomcontractant>
    <neqcontractant>1168317445</neqcontractant>
  </contrat>
  <contrat>
    <numeroseao>1427690</numeroseao>
    <numero>2513-21-0203</numero>
    <datefinale>2022-12-12</datefinale>
    <datepublicationfinale>2022-12-13</datepublicationfinale>
    <montantfinal>476449.760000</montantfinal>
    <nomcontractant>LIXM ENTREPRENEUR GÉNÉRAL INC.</nomcontractant>
    <neqcontractant>1174985623</neqcontractant>
  </contrat>
  <contrat>
    <numeroseao>1433632</numeroseao>
    <numero>AOP MEI-P257</numero>
    <datefinale>2022-12-28</datefinale>
    <datepublicationfinale>2023-01-23</datepublicationfinale>
    <montantfinal>316554.000000</montantfinal>
    <nomcontractant>MOMENTUM TECHNOLOGIES INC.</nomcontractant>
    <neqcontractant>1173994220</neqcontractant>
  </contrat>
  <contrat>
    <numeroseao>1434039</numeroseao>
    <numero>1066</numero>
    <datefinale>2021-08-09</datefinale>
    <datepublicationfinale>2021-08-09</datepublicationfinale>
    <montantfinal>18954.360000</montantfinal>
    <nomcontractant>CONSTRUCTION VIATEK INC.</nomcontractant>
    <neqcontractant>1172284565</neqcontractant>
  </contrat>
  <contrat>
    <numeroseao>1442706</numeroseao>
    <numero>2020-21 Entente-DSI</numero>
    <datefinale>2022-10-31</datefinale>
    <datepublicationfinale>2022-12-14</datepublicationfinale>
    <montantfinal>106117.870000</montantfinal>
    <nomcontractant>Gestion Francine David inc.</nomcontractant>
    <neqcontractant>1172643620</neqcontractant>
  </contrat>
  <contrat>
    <numeroseao>1451473</numeroseao>
    <numero>6608-21-4575</numero>
    <datefinale>2022-08-31</datefinale>
    <datepublicationfinale>2022-09-01</datepublicationfinale>
    <montantfinal>886760.970000</montantfinal>
    <nomcontractant>A.M.L. CARON INC.</nomcontractant>
    <neqcontractant>1170754254</neqcontractant>
  </contrat>
  <contrat>
    <numeroseao>1475111</numeroseao>
    <numero>6608-21-NL03</numero>
    <datefinale>2022-06-28</datefinale>
    <datepublicationfinale>2022-10-07</datepublicationfinale>
    <montantfinal>183360.440000</montantfinal>
    <nomcontractant>LES CONCASSÉS DU CAP INC.</nomcontractant>
    <neqcontractant>1143435981</neqcontractant>
  </contrat>
  <contrat>
    <numeroseao>1483836</numeroseao>
    <numero>6812-21-1006</numero>
    <datefinale>2023-02-07</datefinale>
    <datepublicationfinale>2023-01-27</datepublicationfinale>
    <montantfinal>2268365.290000</montantfinal>
    <nomcontractant>INTER-CITÉ CONSTRUCTION LTÉE</nomcontractant>
    <neqcontractant>1143991546</neqcontractant>
  </contrat>
  <contrat>
    <numeroseao>1492060</numeroseao>
    <numero>959062-010621</numero>
    <datefinale>2022-11-09</datefinale>
    <datepublicationfinale>2022-11-29</datepublicationfinale>
    <montantfinal>291434.020000</montantfinal>
    <nomcontractant>9119-0009 QUÉBEC INC.</nomcontractant>
    <neqcontractant>1160934536</neqcontractant>
  </contrat>
  <contrat>
    <numeroseao>1506550</numeroseao>
    <numero>2021-006-AG-DRHCEC</numero>
    <datefinale>2022-08-30</datefinale>
    <datepublicationfinale>2022-11-02</datepublicationfinale>
    <montantfinal>39630.500000</montantfinal>
    <nomcontractant>Conseillers en Gestion et Informatique CGI inc.</nomcontractant>
    <neqcontractant>1160358728</neqcontractant>
  </contrat>
  <contrat>
    <numeroseao>1525825</numeroseao>
    <numero>4301-12-NA01</numero>
    <datefinale>2015-03-31</datefinale>
    <datepublicationfinale>2021-09-10</datepublicationfinale>
    <montantfinal>208766.230000</montantfinal>
    <nomcontractant>Solutions Notarius inc.</nomcontractant>
    <neqcontractant>1168439967</neqcontractant>
  </contrat>
  <contrat>
    <numeroseao>1534774</numeroseao>
    <numero>SRM033053</numero>
    <datefinale>2023-02-08</datefinale>
    <datepublicationfinale>2022-12-23</datepublicationfinale>
    <montantfinal>26951.650000</montantfinal>
    <nomcontractant>GBI EXPERTS-CONSEILS INC.</nomcontractant>
    <neqcontractant>1148115281</neqcontractant>
  </contrat>
  <contrat>
    <numeroseao>1549189</numeroseao>
    <numero>6614-22-SG03</numero>
    <datefinale>2022-11-10</datefinale>
    <datepublicationfinale>2022-11-14</datepublicationfinale>
    <montantfinal>28285.900000</montantfinal>
    <nomcontractant>Vaporisation Québec inc.</nomcontractant>
    <neqcontractant>1142561621</neqcontractant>
  </contrat>
  <contrat>
    <numeroseao>1549190</numeroseao>
    <numero>6614-22-SG04</numero>
    <datefinale>2022-09-19</datefinale>
    <datepublicationfinale>2022-09-20</datepublicationfinale>
    <montantfinal>22767.020000</montantfinal>
    <nomcontractant>Éco Verdure enr.</nomcontractant>
    <neqcontractant>1142561621</neqcontractant>
  </contrat>
  <contrat>
    <numeroseao>1551953</numeroseao>
    <numero>6614-22-SG02</numero>
    <datefinale>2022-09-22</datefinale>
    <datepublicationfinale>2022-09-27</datepublicationfinale>
    <montantfinal>27126.050000</montantfinal>
    <nomcontractant>Éco Verdure enr.</nomcontractant>
    <neqcontractant>1142561621</neqcontractant>
  </contrat>
  <contrat>
    <numeroseao>1553676</numeroseao>
    <numero>2021-066-CG-GI</numero>
    <datefinale>2022-07-07</datefinale>
    <datepublicationfinale>2022-10-28</datepublicationfinale>
    <montantfinal>31589.380000</montantfinal>
    <nomcontractant>POSIMAGE INC.</nomcontractant>
    <neqcontractant>1141097742</neqcontractant>
  </contrat>
  <contrat>
    <numeroseao>1564154</numeroseao>
    <numero>21-5130</numero>
    <datefinale>2022-04-06</datefinale>
    <datepublicationfinale>2022-04-22</datepublicationfinale>
    <montantfinal>51297.560000</montantfinal>
    <nomcontractant>Services Epajus inc.</nomcontractant>
    <neqcontractant>1173956625</neqcontractant>
  </contrat>
  <contrat>
    <numeroseao>1575180</numeroseao>
    <numero>45001668</numero>
    <datefinale>2022-07-05</datefinale>
    <datepublicationfinale>2022-10-05</datepublicationfinale>
    <montantfinal>106512.700000</montantfinal>
    <nomcontractant>Cossette média inc.</nomcontractant>
    <neqcontractant>1174211624</neqcontractant>
  </contrat>
  <contrat>
    <numeroseao>1581638</numeroseao>
    <numero>45001757</numero>
    <datefinale>2023-02-21</datefinale>
    <datepublicationfinale>2022-12-15</datepublicationfinale>
    <montantfinal>36389.590000</montantfinal>
    <nomcontractant>Patricia Jasmin</nomcontractant>
    <neqcontractant />
  </contrat>
  <contrat>
    <numeroseao>1584433</numeroseao>
    <numero>TP2022-02</numero>
    <datefinale>2022-06-30</datefinale>
    <datepublicationfinale>2022-07-25</datepublicationfinale>
    <montantfinal>73170.620000</montantfinal>
    <nomcontractant>9254-8783 QUÉBEC INC.</nomcontractant>
    <neqcontractant>1167834648</neqcontractant>
  </contrat>
  <contrat>
    <numeroseao>1611662</numeroseao>
    <numero>6501-22-AR02</numero>
    <datefinale>2022-12-07</datefinale>
    <datepublicationfinale>2023-01-23</datepublicationfinale>
    <montantfinal>48912.080000</montantfinal>
    <nomcontractant>Construction DJL inc.</nomcontractant>
    <neqcontractant>1147218763</neqcontractant>
  </contrat>
  <contrat>
    <numeroseao>1648219</numeroseao>
    <numero>9001-22-APD7</numero>
    <datefinale>2022-09-29</datefinale>
    <datepublicationfinale>2022-10-03</datepublicationfinale>
    <montantfinal>24661.140000</montantfinal>
    <nomcontractant>AvionTEq</nomcontractant>
    <neqcontractant />
  </contrat>
  <contrat>
    <numeroseao>1651402</numeroseao>
    <numero>MA102147</numero>
    <datefinale>2022-12-05</datefinale>
    <datepublicationfinale>2022-12-06</datepublicationfinale>
    <montantfinal>97960.220000</montantfinal>
    <nomcontractant>9275-0181 Québec inc.</nomcontractant>
    <neqcontractant>1168785419</neqcontractant>
  </contrat>
  <contrat>
    <numeroseao>1656021</numeroseao>
    <numero>1224</numero>
    <datefinale>2022-09-30</datefinale>
    <datepublicationfinale>2022-10-25</datepublicationfinale>
    <montantfinal>35000.000000</montantfinal>
    <nomcontractant>KABANE AGENCE DE MARQUES INC.</nomcontractant>
    <neqcontractant>1172514011</neqcontractant>
  </contrat>
  <contrat>
    <numeroseao>1665044</numeroseao>
    <numero>44531476</numero>
    <datefinale>2022-11-30</datefinale>
    <datepublicationfinale>2023-01-04</datepublicationfinale>
    <montantfinal>39496.000000</montantfinal>
    <nomcontractant>GARAGE DEL-RAY INC.</nomcontractant>
    <neqcontractant>1145231545</neqcontractant>
  </contrat>
</export>