<?xml version="1.0" encoding="utf-8"?>
<export xmlns:xsi="http://www.w3.org/2001/XMLSchema-instance" xmlns:xsd="http://www.w3.org/2001/XMLSchema" datedebut="2023-07-01" datefin="2023-07-31">
  <contrat>
    <numeroseao>757276</numeroseao>
    <numero>25248400</numero>
    <datefinale>2022-12-08</datefinale>
    <datepublicationfinale>2023-01-27</datepublicationfinale>
    <montantfinal>3643000.000000</montantfinal>
    <nomcontractant>Les Architectes d'Aujourd'hui</nomcontractant>
    <neqcontractant />
  </contrat>
  <contrat>
    <numeroseao>939605</numeroseao>
    <numero>30394900</numero>
    <datefinale>2022-11-03</datefinale>
    <datepublicationfinale>2023-02-20</datepublicationfinale>
    <montantfinal>28573860.420000</montantfinal>
    <nomcontractant>POMERLEAU INC.</nomcontractant>
    <neqcontractant>1173674830</neqcontractant>
  </contrat>
  <contrat>
    <numeroseao>957496</numeroseao>
    <numero>8401-16-0201</numero>
    <datefinale>2023-07-18</datefinale>
    <datepublicationfinale>2020-06-05</datepublicationfinale>
    <montantfinal>19281724.940000</montantfinal>
    <nomcontractant>GRANDMONT &amp; FILS LTEE</nomcontractant>
    <neqcontractant>1142480053</neqcontractant>
  </contrat>
  <contrat>
    <numeroseao>982834</numeroseao>
    <numero>7183-16-0002</numero>
    <datefinale>2023-06-20</datefinale>
    <datepublicationfinale>2023-06-22</datepublicationfinale>
    <montantfinal>1631059.670000</montantfinal>
    <nomcontractant>Construction &amp; Pavage Portneuf Inc.</nomcontractant>
    <neqcontractant>1142323634</neqcontractant>
  </contrat>
  <contrat>
    <numeroseao>1039224</numeroseao>
    <numero>28948</numero>
    <datefinale>2022-04-16</datefinale>
    <datepublicationfinale>2023-01-23</datepublicationfinale>
    <montantfinal>5471759.280000</montantfinal>
    <nomcontractant>TRIMAX SÉCURITÉ INC.</nomcontractant>
    <neqcontractant>1165926511</neqcontractant>
  </contrat>
  <contrat>
    <numeroseao>1086502</numeroseao>
    <numero>44507143</numero>
    <datefinale>2019-03-25</datefinale>
    <datepublicationfinale>2019-06-04</datepublicationfinale>
    <montantfinal>200635.240000</montantfinal>
    <nomcontractant>CONSTRUCTIONS J. BOULAIS INC.</nomcontractant>
    <neqcontractant>1166261942</neqcontractant>
  </contrat>
  <contrat>
    <numeroseao>1124736</numeroseao>
    <numero>33375700</numero>
    <datefinale>2023-05-18</datefinale>
    <datepublicationfinale>2023-06-15</datepublicationfinale>
    <montantfinal>9889775.250000</montantfinal>
    <nomcontractant>LES CONSTRUCTIONS BINET INC.</nomcontractant>
    <neqcontractant>1142847111</neqcontractant>
  </contrat>
  <contrat>
    <numeroseao>1125257</numeroseao>
    <numero>2018AOP23</numero>
    <datefinale>2023-04-30</datefinale>
    <datepublicationfinale>2021-12-20</datepublicationfinale>
    <montantfinal>1501947.890000</montantfinal>
    <nomcontractant>Alithya Canada Inc.</nomcontractant>
    <neqcontractant>1144392173</neqcontractant>
  </contrat>
  <contrat>
    <numeroseao>1125257</numeroseao>
    <numero>2018AOP23</numero>
    <datefinale>2023-04-30</datefinale>
    <datepublicationfinale>2021-12-20</datepublicationfinale>
    <montantfinal>151758.670000</montantfinal>
    <nomcontractant>CONSEILLERS EN GESTION ET INFORMATIQUE CGI INC.</nomcontractant>
    <neqcontractant>1160358728</neqcontractant>
  </contrat>
  <contrat>
    <numeroseao>1125257</numeroseao>
    <numero>2018AOP23</numero>
    <datefinale>2023-04-30</datefinale>
    <datepublicationfinale>2021-12-20</datepublicationfinale>
    <montantfinal>1456096.690000</montantfinal>
    <nomcontractant>Cofomo Québec inc.</nomcontractant>
    <neqcontractant>1167786996</neqcontractant>
  </contrat>
  <contrat>
    <numeroseao>1125257</numeroseao>
    <numero>2018AOP23</numero>
    <datefinale>2023-04-30</datefinale>
    <datepublicationfinale>2021-12-20</datepublicationfinale>
    <montantfinal>11734939.850000</montantfinal>
    <nomcontractant>GROUPE NEXIO INC.</nomcontractant>
    <neqcontractant>1169427326</neqcontractant>
  </contrat>
  <contrat>
    <numeroseao>1125257</numeroseao>
    <numero>2018AOP23</numero>
    <datefinale>2023-04-30</datefinale>
    <datepublicationfinale>2021-12-20</datepublicationfinale>
    <montantfinal>946515.120000</montantfinal>
    <nomcontractant>Services Eviden, inc.</nomcontractant>
    <neqcontractant>1163243943</neqcontractant>
  </contrat>
  <contrat>
    <numeroseao>1125257</numeroseao>
    <numero>2018AOP23</numero>
    <datefinale>2023-04-30</datefinale>
    <datepublicationfinale>2021-12-20</datepublicationfinale>
    <montantfinal>2483753.110000</montantfinal>
    <nomcontractant>LAROCHELLE GROUPE CONSEIL INC.</nomcontractant>
    <neqcontractant>1163530786</neqcontractant>
  </contrat>
  <contrat>
    <numeroseao>1125257</numeroseao>
    <numero>2018AOP23</numero>
    <datefinale>2023-04-30</datefinale>
    <datepublicationfinale>2021-12-20</datepublicationfinale>
    <montantfinal>8370452.660000</montantfinal>
    <nomcontractant>SOCIÉTÉ CONSEIL GROUPE LGS</nomcontractant>
    <neqcontractant>1142691709</neqcontractant>
  </contrat>
  <contrat>
    <numeroseao>1125257</numeroseao>
    <numero>2018AOP23</numero>
    <datefinale>2023-04-30</datefinale>
    <datepublicationfinale>2021-12-20</datepublicationfinale>
    <montantfinal>597573.180000</montantfinal>
    <nomcontractant>SYNTELL INC.</nomcontractant>
    <neqcontractant>1142143610</neqcontractant>
  </contrat>
  <contrat>
    <numeroseao>1125257</numeroseao>
    <numero>2018AOP23</numero>
    <datefinale>2023-04-30</datefinale>
    <datepublicationfinale>2021-12-20</datepublicationfinale>
    <montantfinal>2143840.930000</montantfinal>
    <nomcontractant>TECHNOCONSEIL (TC) INC.</nomcontractant>
    <neqcontractant>1161451621</neqcontractant>
  </contrat>
  <contrat>
    <numeroseao>1160486</numeroseao>
    <numero>6501-18-1017</numero>
    <datefinale>2023-01-19</datefinale>
    <datepublicationfinale>2023-01-20</datepublicationfinale>
    <montantfinal>355166.230000</montantfinal>
    <nomcontractant>SINTRA INC.</nomcontractant>
    <neqcontractant>1145755295</neqcontractant>
  </contrat>
  <contrat>
    <numeroseao>1161463</numeroseao>
    <numero>44510021</numero>
    <datefinale>2023-04-15</datefinale>
    <datepublicationfinale>2023-03-24</datepublicationfinale>
    <montantfinal>108756.570000</montantfinal>
    <nomcontractant>BCF s.e.n.c.r.l.</nomcontractant>
    <neqcontractant>3372351778</neqcontractant>
  </contrat>
  <contrat>
    <numeroseao>1191556</numeroseao>
    <numero>33699600</numero>
    <datefinale>2022-02-17</datefinale>
    <datepublicationfinale>2022-03-30</datepublicationfinale>
    <montantfinal>460180.800000</montantfinal>
    <nomcontractant>MAÇONNERIE DE BEAUCE INC.</nomcontractant>
    <neqcontractant>1165189458</neqcontractant>
  </contrat>
  <contrat>
    <numeroseao>1207574</numeroseao>
    <numero>34274500</numero>
    <datefinale>2023-05-17</datefinale>
    <datepublicationfinale>2022-10-03</datepublicationfinale>
    <montantfinal>9849864.210000</montantfinal>
    <nomcontractant>ERNEST BOUTIN INC.</nomcontractant>
    <neqcontractant>1161180691</neqcontractant>
  </contrat>
  <contrat>
    <numeroseao>1223681</numeroseao>
    <numero>45051649</numero>
    <datefinale>2020-11-30</datefinale>
    <datepublicationfinale>2022-06-23</datepublicationfinale>
    <montantfinal>97476.300000</montantfinal>
    <nomcontractant>Salim Awada Entretien Général </nomcontractant>
    <neqcontractant>2249074255</neqcontractant>
  </contrat>
  <contrat>
    <numeroseao>1234462</numeroseao>
    <numero>34996100</numero>
    <datefinale>2023-04-05</datefinale>
    <datepublicationfinale>2021-12-20</datepublicationfinale>
    <montantfinal>1226760.000000</montantfinal>
    <nomcontractant>TOITURES QUATRE-SAISONS INC.</nomcontractant>
    <neqcontractant>1143162239</neqcontractant>
  </contrat>
  <contrat>
    <numeroseao>1271450</numeroseao>
    <numero>6501-19-HE06</numero>
    <datefinale>2023-01-30</datefinale>
    <datepublicationfinale>2023-01-31</datepublicationfinale>
    <montantfinal>107403.090000</montantfinal>
    <nomcontractant>SNC-Lavalin inc.</nomcontractant>
    <neqcontractant>1142775999</neqcontractant>
  </contrat>
  <contrat>
    <numeroseao>1296342</numeroseao>
    <numero>46001305</numero>
    <datefinale>2020-03-03</datefinale>
    <datepublicationfinale>2020-07-16</datepublicationfinale>
    <montantfinal>796490.680000</montantfinal>
    <nomcontractant>PROGRESS RAIL CANADA CORPORATION</nomcontractant>
    <neqcontractant>1148779367</neqcontractant>
  </contrat>
  <contrat>
    <numeroseao>1314677</numeroseao>
    <numero>44514313</numero>
    <datefinale>2023-04-30</datefinale>
    <datepublicationfinale>2021-07-27</datepublicationfinale>
    <montantfinal>1883682.780000</montantfinal>
    <nomcontractant>DESCIMCO INC.</nomcontractant>
    <neqcontractant>1143574920</neqcontractant>
  </contrat>
  <contrat>
    <numeroseao>1319695</numeroseao>
    <numero>2902-20-PA02</numero>
    <datefinale>2023-06-12</datefinale>
    <datepublicationfinale>2023-06-12</datepublicationfinale>
    <montantfinal>260422.100000</montantfinal>
    <nomcontractant>Hollywood Nettoyage Spécialisé</nomcontractant>
    <neqcontractant>1160257649</neqcontractant>
  </contrat>
  <contrat>
    <numeroseao>1321760</numeroseao>
    <numero>44515160</numero>
    <datefinale>2023-04-14</datefinale>
    <datepublicationfinale>2023-05-29</datepublicationfinale>
    <montantfinal>34473.500000</montantfinal>
    <nomcontractant>Entrerprises EnerZam inc</nomcontractant>
    <neqcontractant>1170622576</neqcontractant>
  </contrat>
  <contrat>
    <numeroseao>1327270</numeroseao>
    <numero>AP385</numero>
    <datefinale>2023-03-16</datefinale>
    <datepublicationfinale>2023-06-28</datepublicationfinale>
    <montantfinal>1186868.790000</montantfinal>
    <nomcontractant>ESI Technologies de l'information inc.</nomcontractant>
    <neqcontractant>1149162597</neqcontractant>
  </contrat>
  <contrat>
    <numeroseao>1337599</numeroseao>
    <numero>INV-3287</numero>
    <datefinale>2022-02-25</datefinale>
    <datepublicationfinale>2022-03-09</datepublicationfinale>
    <montantfinal>74860.800000</montantfinal>
    <nomcontractant>DGA inc.</nomcontractant>
    <neqcontractant>1173639809</neqcontractant>
  </contrat>
  <contrat>
    <numeroseao>1355047</numeroseao>
    <numero>20-024 - 4ELEGM.06</numero>
    <datefinale>2023-05-03</datefinale>
    <datepublicationfinale>2021-12-01</datepublicationfinale>
    <montantfinal>853658.360000</montantfinal>
    <nomcontractant>N. SANI COMPAGNIE LTÉE</nomcontractant>
    <neqcontractant>1143015163</neqcontractant>
  </contrat>
  <contrat>
    <numeroseao>1359429</numeroseao>
    <numero>36340800</numero>
    <datefinale>2023-03-31</datefinale>
    <datepublicationfinale>2023-04-21</datepublicationfinale>
    <montantfinal>140267.170000</montantfinal>
    <nomcontractant>Beaucher électrique inc.</nomcontractant>
    <neqcontractant>1149085541</neqcontractant>
  </contrat>
  <contrat>
    <numeroseao>1374198</numeroseao>
    <numero>2903-19-0305</numero>
    <datefinale>2023-07-05</datefinale>
    <datepublicationfinale>2023-05-17</datepublicationfinale>
    <montantfinal>4383726.950000</montantfinal>
    <nomcontractant>MICHEL GUIMONT ENTREPRENEUR ELECTRICIEN LTÉE</nomcontractant>
    <neqcontractant>1142593509</neqcontractant>
  </contrat>
  <contrat>
    <numeroseao>1379820</numeroseao>
    <numero>44518786</numero>
    <datefinale />
    <datepublicationfinale>2023-05-18</datepublicationfinale>
    <montantfinal>91928.550000</montantfinal>
    <nomcontractant>CAIN LAMARRE, S.E.N.C.R.L.</nomcontractant>
    <neqcontractant>3348392302</neqcontractant>
  </contrat>
  <contrat>
    <numeroseao>1380775</numeroseao>
    <numero>2512322</numero>
    <datefinale>2023-04-11</datefinale>
    <datepublicationfinale>2022-07-25</datepublicationfinale>
    <montantfinal>2130000.000000</montantfinal>
    <nomcontractant>INVESTISSEMENTS BAGANEL INC</nomcontractant>
    <neqcontractant>1143382506</neqcontractant>
  </contrat>
  <contrat>
    <numeroseao>1404748</numeroseao>
    <numero>2020/21-027</numero>
    <datefinale>2022-02-25</datefinale>
    <datepublicationfinale>2022-03-21</datepublicationfinale>
    <montantfinal>253718.500000</montantfinal>
    <nomcontractant>MONTRÉAL COMBUSTION INC.</nomcontractant>
    <neqcontractant>1164777063</neqcontractant>
  </contrat>
  <contrat>
    <numeroseao>1409207</numeroseao>
    <numero>20-851-GG-S</numero>
    <datefinale>2023-01-27</datefinale>
    <datepublicationfinale>2023-02-01</datepublicationfinale>
    <montantfinal>46253.710000</montantfinal>
    <nomcontractant>Artesa inc.</nomcontractant>
    <neqcontractant>1175104521</neqcontractant>
  </contrat>
  <contrat>
    <numeroseao>1417864</numeroseao>
    <numero>44518462</numero>
    <datefinale>2023-03-31</datefinale>
    <datepublicationfinale>2023-04-11</datepublicationfinale>
    <montantfinal>48977.000000</montantfinal>
    <nomcontractant>Aedifica inc.</nomcontractant>
    <neqcontractant>1148160998</neqcontractant>
  </contrat>
  <contrat>
    <numeroseao>1420998</numeroseao>
    <numero>44520745</numero>
    <datefinale>2023-04-30</datefinale>
    <datepublicationfinale>2023-04-25</datepublicationfinale>
    <montantfinal>45000.000000</montantfinal>
    <nomcontractant>Luc Pelletier ing, </nomcontractant>
    <neqcontractant>1173208423</neqcontractant>
  </contrat>
  <contrat>
    <numeroseao>1434169</numeroseao>
    <numero>BON202101241</numero>
    <datefinale>2022-12-08</datefinale>
    <datepublicationfinale>2023-01-10</datepublicationfinale>
    <montantfinal>37660.000000</montantfinal>
    <nomcontractant>ITI  inc.</nomcontractant>
    <neqcontractant>1173638405</neqcontractant>
  </contrat>
  <contrat>
    <numeroseao>1434629</numeroseao>
    <numero>9009-21-PA01</numero>
    <datefinale>2023-07-20</datefinale>
    <datepublicationfinale>2023-04-06</datepublicationfinale>
    <montantfinal>56679.150000</montantfinal>
    <nomcontractant>Lafond, Hugues</nomcontractant>
    <neqcontractant>2274600560</neqcontractant>
  </contrat>
  <contrat>
    <numeroseao>1443915</numeroseao>
    <numero>44508476</numero>
    <datefinale>2023-03-31</datefinale>
    <datepublicationfinale>2023-04-14</datepublicationfinale>
    <montantfinal>33550.000000</montantfinal>
    <nomcontractant>Consortium Archiconcept/Lessard Paré</nomcontractant>
    <neqcontractant>3361461166</neqcontractant>
  </contrat>
  <contrat>
    <numeroseao>1458492</numeroseao>
    <numero>44520323</numero>
    <datefinale>2023-03-29</datefinale>
    <datepublicationfinale>2023-04-13</datepublicationfinale>
    <montantfinal>243607.220000</montantfinal>
    <nomcontractant>XO CONSTRUCTION INC.</nomcontractant>
    <neqcontractant>1170413984</neqcontractant>
  </contrat>
  <contrat>
    <numeroseao>1462482</numeroseao>
    <numero>44522231</numero>
    <datefinale>2023-01-31</datefinale>
    <datepublicationfinale>2023-04-14</datepublicationfinale>
    <montantfinal>49123.270000</montantfinal>
    <nomcontractant>Régulvar inc.</nomcontractant>
    <neqcontractant>1146502761</neqcontractant>
  </contrat>
  <contrat>
    <numeroseao>1466740</numeroseao>
    <numero>CRW23550</numero>
    <datefinale>2022-12-30</datefinale>
    <datepublicationfinale>2023-03-14</datepublicationfinale>
    <montantfinal>199288.670000</montantfinal>
    <nomcontractant>10920703 Canada Inc.</nomcontractant>
    <neqcontractant>1174330770</neqcontractant>
  </contrat>
  <contrat>
    <numeroseao>1479084</numeroseao>
    <numero>44519788</numero>
    <datefinale>2023-05-31</datefinale>
    <datepublicationfinale>2023-04-25</datepublicationfinale>
    <montantfinal>27663.500000</montantfinal>
    <nomcontractant>Hybride Paysage </nomcontractant>
    <neqcontractant>1174925637</neqcontractant>
  </contrat>
  <contrat>
    <numeroseao>1485927</numeroseao>
    <numero>7103-21-0908</numero>
    <datefinale>2023-03-02</datefinale>
    <datepublicationfinale>2023-03-07</datepublicationfinale>
    <montantfinal>3803784.270000</montantfinal>
    <nomcontractant>EJD Construction Inc.</nomcontractant>
    <neqcontractant>1169925311</neqcontractant>
  </contrat>
  <contrat>
    <numeroseao>1489834</numeroseao>
    <numero>38461200</numero>
    <datefinale>2023-05-05</datefinale>
    <datepublicationfinale>2023-05-04</datepublicationfinale>
    <montantfinal>84974.750000</montantfinal>
    <nomcontractant>Artefactuel, coop de travail</nomcontractant>
    <neqcontractant>1161844957</neqcontractant>
  </contrat>
  <contrat>
    <numeroseao>1501214</numeroseao>
    <numero>44522919</numero>
    <datefinale>2023-05-31</datefinale>
    <datepublicationfinale>2023-05-15</datepublicationfinale>
    <montantfinal>43739.000000</montantfinal>
    <nomcontractant>Elema Experts-Conseils inc.</nomcontractant>
    <neqcontractant>1170489141</neqcontractant>
  </contrat>
  <contrat>
    <numeroseao>1503651</numeroseao>
    <numero>2021-033-9516-CS-AOP </numero>
    <datefinale>2023-05-14</datefinale>
    <datepublicationfinale>2023-05-30</datepublicationfinale>
    <montantfinal>601933.190000</montantfinal>
    <nomcontractant>AGENCE 4 VENTS INC.</nomcontractant>
    <neqcontractant>1175381996</neqcontractant>
  </contrat>
  <contrat>
    <numeroseao>1540308</numeroseao>
    <numero>44526363</numero>
    <datefinale>2023-03-31</datefinale>
    <datepublicationfinale>2023-01-25</datepublicationfinale>
    <montantfinal>32976.950000</montantfinal>
    <nomcontractant>BOUTHILLETTE PARIZEAU INC.</nomcontractant>
    <neqcontractant>1142591438</neqcontractant>
  </contrat>
  <contrat>
    <numeroseao>1540326</numeroseao>
    <numero>AO-25-2020-2021</numero>
    <datefinale>2023-06-30</datefinale>
    <datepublicationfinale>2023-06-01</datepublicationfinale>
    <montantfinal>494204.000000</montantfinal>
    <nomcontractant>BFL CANADA</nomcontractant>
    <neqcontractant>1142254748</neqcontractant>
  </contrat>
  <contrat>
    <numeroseao>1544041</numeroseao>
    <numero>21-935-GG-A</numero>
    <datefinale>2022-02-05</datefinale>
    <datepublicationfinale>2023-06-09</datepublicationfinale>
    <montantfinal>49063.140000</montantfinal>
    <nomcontractant>PHILIPS ÉLECTRONIQUE LTÉE</nomcontractant>
    <neqcontractant>1171607469</neqcontractant>
  </contrat>
  <contrat>
    <numeroseao>1560297</numeroseao>
    <numero>PRMI-115-0990-1</numero>
    <datefinale>2022-08-16</datefinale>
    <datepublicationfinale>2022-09-02</datepublicationfinale>
    <montantfinal>57827.550000</montantfinal>
    <nomcontractant>FORAGE METROPOLITAIN INC.</nomcontractant>
    <neqcontractant>1143436336</neqcontractant>
  </contrat>
  <contrat>
    <numeroseao>1578491</numeroseao>
    <numero>DR22-PUB-027</numero>
    <datefinale>2022-06-24</datefinale>
    <datepublicationfinale>2022-09-02</datepublicationfinale>
    <montantfinal>130257.480000</montantfinal>
    <nomcontractant>PAYSAGEMENT ET DÉNEIGEMENT M.L. INC.</nomcontractant>
    <neqcontractant>1162132188</neqcontractant>
  </contrat>
  <contrat>
    <numeroseao>1578690</numeroseao>
    <numero>39143500</numero>
    <datefinale />
    <datepublicationfinale>2022-04-18</datepublicationfinale>
    <montantfinal>0.000000</montantfinal>
    <nomcontractant>SOLUTIONS ENVIRONNEMENTALES ET ÉNERGÉTIQUES LAPOINTE INC.</nomcontractant>
    <neqcontractant>1164377328</neqcontractant>
  </contrat>
  <contrat>
    <numeroseao>1585627</numeroseao>
    <numero>44527706</numero>
    <datefinale>2023-03-31</datefinale>
    <datepublicationfinale>2023-03-02</datepublicationfinale>
    <montantfinal>41634.500000</montantfinal>
    <nomcontractant>MINI-ENTREPÔTS CONCEPT INC.</nomcontractant>
    <neqcontractant>1164123623</neqcontractant>
  </contrat>
  <contrat>
    <numeroseao>1595206</numeroseao>
    <numero>6309-22-SB01</numero>
    <datefinale>2023-03-07</datefinale>
    <datepublicationfinale>2023-05-31</datepublicationfinale>
    <montantfinal>125177.700000</montantfinal>
    <nomcontractant>9458-9934 Québec inc.</nomcontractant>
    <neqcontractant>1177300069</neqcontractant>
  </contrat>
  <contrat>
    <numeroseao>1608076</numeroseao>
    <numero>AOI_21-22_291 BON21220254</numero>
    <datefinale>2023-04-03</datefinale>
    <datepublicationfinale>2023-04-19</datepublicationfinale>
    <montantfinal>58987.420000</montantfinal>
    <nomcontractant>SOLUTIONS ZOOM INC.</nomcontractant>
    <neqcontractant>1148579338</neqcontractant>
  </contrat>
  <contrat>
    <numeroseao>1608942</numeroseao>
    <numero>AOI_21-22_293</numero>
    <datefinale>2023-04-03</datefinale>
    <datepublicationfinale>2023-04-19</datepublicationfinale>
    <montantfinal>50837.930000</montantfinal>
    <nomcontractant>STAPLES PROFESSIONNEL INC.</nomcontractant>
    <neqcontractant>1149092992</neqcontractant>
  </contrat>
  <contrat>
    <numeroseao>1615864</numeroseao>
    <numero>G22-0605FDO</numero>
    <datefinale>2023-06-30</datefinale>
    <datepublicationfinale>2023-06-06</datepublicationfinale>
    <montantfinal>45476.000000</montantfinal>
    <nomcontractant>SERVICES TECHNIDATA CANADA INC.</nomcontractant>
    <neqcontractant>1165790024</neqcontractant>
  </contrat>
  <contrat>
    <numeroseao>1626117</numeroseao>
    <numero>G22-0536FDO</numero>
    <datefinale>2023-06-30</datefinale>
    <datepublicationfinale>2023-06-06</datepublicationfinale>
    <montantfinal>221882.000000</montantfinal>
    <nomcontractant>EATON INDUSTRIES (CANADA) COMPANY</nomcontractant>
    <neqcontractant>1175554774</neqcontractant>
  </contrat>
  <contrat>
    <numeroseao>1626973</numeroseao>
    <numero>PRO-N-AL003</numero>
    <datefinale>2023-07-14</datefinale>
    <datepublicationfinale>2022-12-21</datepublicationfinale>
    <montantfinal>110334.000000</montantfinal>
    <nomcontractant>DANIEL MATTEAU BRIQUETEUR MAÇON INC.</nomcontractant>
    <neqcontractant>1162935036</neqcontractant>
  </contrat>
  <contrat>
    <numeroseao>1629549</numeroseao>
    <numero>2022-6972-80-80-B</numero>
    <datefinale>2023-02-28</datefinale>
    <datepublicationfinale>2023-06-22</datepublicationfinale>
    <montantfinal>445446.220000</montantfinal>
    <nomcontractant>PRODUITS MEDICAUX JOHNSON &amp; JOHNSON</nomcontractant>
    <neqcontractant />
  </contrat>
  <contrat>
    <numeroseao>1630293</numeroseao>
    <numero>2022-0186/EQ15933</numero>
    <datefinale>2022-10-12</datefinale>
    <datepublicationfinale>2022-11-17</datepublicationfinale>
    <montantfinal>43060.000000</montantfinal>
    <nomcontractant>G. DOYON T. V. (SHERBROOKE) INC.</nomcontractant>
    <neqcontractant>1143966126</neqcontractant>
  </contrat>
  <contrat>
    <numeroseao>1647251</numeroseao>
    <numero>22-082 - 099185839</numero>
    <datefinale>2023-07-10</datefinale>
    <datepublicationfinale>2023-05-21</datepublicationfinale>
    <montantfinal>82352.700000</montantfinal>
    <nomcontractant>CONSTRUCTION S.M. PAQUET INC.</nomcontractant>
    <neqcontractant>1174702879</neqcontractant>
  </contrat>
  <contrat>
    <numeroseao>1648977</numeroseao>
    <numero>44530703</numero>
    <datefinale>2023-03-31</datefinale>
    <datepublicationfinale>2023-04-14</datepublicationfinale>
    <montantfinal>90359.920000</montantfinal>
    <nomcontractant>Axia services</nomcontractant>
    <neqcontractant>1142208512</neqcontractant>
  </contrat>
  <contrat>
    <numeroseao>1652487</numeroseao>
    <numero>44529606</numero>
    <datefinale>2023-02-08</datefinale>
    <datepublicationfinale>2023-02-08</datepublicationfinale>
    <montantfinal>360486.190000</montantfinal>
    <nomcontractant>MFT &amp; Fils inc.</nomcontractant>
    <neqcontractant>1167654624</neqcontractant>
  </contrat>
  <contrat>
    <numeroseao>1655808</numeroseao>
    <numero>44529904</numero>
    <datefinale>2023-04-30</datefinale>
    <datepublicationfinale>2023-04-17</datepublicationfinale>
    <montantfinal>70752.000000</montantfinal>
    <nomcontractant>LABORATOIRES DE LA MONTÉRÉGIE INC.</nomcontractant>
    <neqcontractant>1147811757</neqcontractant>
  </contrat>
  <contrat>
    <numeroseao>1670376</numeroseao>
    <numero>2901-22-AR02</numero>
    <datefinale>2023-05-31</datefinale>
    <datepublicationfinale>2023-05-31</datepublicationfinale>
    <montantfinal>69923.080000</montantfinal>
    <nomcontractant>Bauval Tech-Mix</nomcontractant>
    <neqcontractant>1161846663</neqcontractant>
  </contrat>
  <contrat>
    <numeroseao>1680276</numeroseao>
    <numero>44531764</numero>
    <datefinale>2023-03-21</datefinale>
    <datepublicationfinale>2023-03-31</datepublicationfinale>
    <montantfinal>58092.000000</montantfinal>
    <nomcontractant>MAÇONNERIE RAINVILLE &amp; FRÈRES INC.</nomcontractant>
    <neqcontractant>1162473921</neqcontractant>
  </contrat>
  <contrat>
    <numeroseao>1689292</numeroseao>
    <numero>44531518</numero>
    <datefinale>2023-02-07</datefinale>
    <datepublicationfinale>2023-03-31</datepublicationfinale>
    <montantfinal>42835.000000</montantfinal>
    <nomcontractant>DATAGLOBE CANADA INC.</nomcontractant>
    <neqcontractant>1142927434</neqcontractant>
  </contrat>
  <contrat>
    <numeroseao>1694560</numeroseao>
    <numero>1088131</numero>
    <datefinale>2023-06-28</datefinale>
    <datepublicationfinale>2023-03-01</datepublicationfinale>
    <montantfinal>25000.000000</montantfinal>
    <nomcontractant>GILLES CUSSON INC.</nomcontractant>
    <neqcontractant>1142173963</neqcontractant>
  </contrat>
  <contrat>
    <numeroseao>1699519</numeroseao>
    <numero>44532750</numero>
    <datefinale>2023-03-08</datefinale>
    <datepublicationfinale>2023-04-17</datepublicationfinale>
    <montantfinal>26448.690000</montantfinal>
    <nomcontractant>9213-0491 QUÉBEC INC.</nomcontractant>
    <neqcontractant>1166064833</neqcontractant>
  </contrat>
  <contrat>
    <numeroseao>1708288</numeroseao>
    <numero>44532834</numero>
    <datefinale>2023-05-03</datefinale>
    <datepublicationfinale>2023-05-04</datepublicationfinale>
    <montantfinal>32041.670000</montantfinal>
    <nomcontractant>NÉVÉ RÉFRIGÉRATION INC.</nomcontractant>
    <neqcontractant>1142956318</neqcontractant>
  </contrat>
  <contrat>
    <numeroseao>1725948</numeroseao>
    <numero>44533834</numero>
    <datefinale>2023-06-19</datefinale>
    <datepublicationfinale>2023-06-21</datepublicationfinale>
    <montantfinal>67588.430000</montantfinal>
    <nomcontractant>SURFACEX INC.</nomcontractant>
    <neqcontractant>1168561885</neqcontractant>
  </contrat>
</export>