<?xml version="1.0" encoding="utf-8"?>
<export xmlns:xsi="http://www.w3.org/2001/XMLSchema-instance" xmlns:xsd="http://www.w3.org/2001/XMLSchema" datedebut="2024-04-01" datefin="2024-04-30">
  <contrat>
    <numeroseao>705525</numeroseao>
    <numero>22046600</numero>
    <datefinale>2022-05-02</datefinale>
    <datepublicationfinale>2022-07-21</datepublicationfinale>
    <montantfinal>86.260000</montantfinal>
    <nomcontractant>LE GROUPE CAFÉ VIENNE 1998 INC.</nomcontractant>
    <neqcontractant>1148134795</neqcontractant>
  </contrat>
  <contrat>
    <numeroseao>874191</numeroseao>
    <numero>26749200</numero>
    <datefinale>2020-02-29</datefinale>
    <datepublicationfinale>2020-03-02</datepublicationfinale>
    <montantfinal>564972.510000</montantfinal>
    <nomcontractant>CONCIERGERIE SPEICO INC.</nomcontractant>
    <neqcontractant>1172627250</neqcontractant>
  </contrat>
  <contrat>
    <numeroseao>974913</numeroseao>
    <numero>30489400</numero>
    <datefinale>2021-10-31</datefinale>
    <datepublicationfinale>2021-12-02</datepublicationfinale>
    <montantfinal>1515436.750000</montantfinal>
    <nomcontractant>P.E.A.C.E. PLUS MAINTENANCE INC.</nomcontractant>
    <neqcontractant>1162060595</neqcontractant>
  </contrat>
  <contrat>
    <numeroseao>1010213</numeroseao>
    <numero>31791100</numero>
    <datefinale>2021-08-31</datefinale>
    <datepublicationfinale>2021-10-25</datepublicationfinale>
    <montantfinal>66061.840000</montantfinal>
    <nomcontractant>Transport AMIRALBO inc.</nomcontractant>
    <neqcontractant>1171292817</neqcontractant>
  </contrat>
  <contrat>
    <numeroseao>1036651</numeroseao>
    <numero>31497900</numero>
    <datefinale>2020-02-29</datefinale>
    <datepublicationfinale>2020-01-21</datepublicationfinale>
    <montantfinal>170015.790000</montantfinal>
    <nomcontractant>UTC incendie et sécurité Canada inc. faisant affaires sous le nom de CHUBB-EDWARDS</nomcontractant>
    <neqcontractant>1166501933</neqcontractant>
  </contrat>
  <contrat>
    <numeroseao>1044144</numeroseao>
    <numero>31770100</numero>
    <datefinale>2020-03-31</datefinale>
    <datepublicationfinale>2020-02-07</datepublicationfinale>
    <montantfinal>96273.320000</montantfinal>
    <nomcontractant>stericycle ulc</nomcontractant>
    <neqcontractant>1149788284</neqcontractant>
  </contrat>
  <contrat>
    <numeroseao>1076973</numeroseao>
    <numero>32335000</numero>
    <datefinale>2020-06-30</datefinale>
    <datepublicationfinale>2020-07-31</datepublicationfinale>
    <montantfinal>113167.370000</montantfinal>
    <nomcontractant>PROTECTION INCENDIE TROY LTÉE</nomcontractant>
    <neqcontractant>1162911698</neqcontractant>
  </contrat>
  <contrat>
    <numeroseao>1093408</numeroseao>
    <numero>GAT 2017 SP 209</numero>
    <datefinale>2018-12-31</datefinale>
    <datepublicationfinale>2022-07-28</datepublicationfinale>
    <montantfinal>55907.370000</montantfinal>
    <nomcontractant>QDI</nomcontractant>
    <neqcontractant>1164357023</neqcontractant>
  </contrat>
  <contrat>
    <numeroseao>1093988</numeroseao>
    <numero>31975100</numero>
    <datefinale>2022-07-31</datefinale>
    <datepublicationfinale>2022-08-02</datepublicationfinale>
    <montantfinal>129942.380000</montantfinal>
    <nomcontractant>les services d'entretien R.J Messier inc.</nomcontractant>
    <neqcontractant>1172427933</neqcontractant>
  </contrat>
  <contrat>
    <numeroseao>1112599</numeroseao>
    <numero>32053000</numero>
    <datefinale>2022-10-31</datefinale>
    <datepublicationfinale>2023-01-06</datepublicationfinale>
    <montantfinal>3304731.340000</montantfinal>
    <nomcontractant>CONCIERGERIE SPEICO INC.</nomcontractant>
    <neqcontractant>1172627250</neqcontractant>
  </contrat>
  <contrat>
    <numeroseao>1126989</numeroseao>
    <numero>22080906</numero>
    <datefinale>2016-01-15</datefinale>
    <datepublicationfinale>2022-12-07</datepublicationfinale>
    <montantfinal>3000000.000000</montantfinal>
    <nomcontractant>4164857 Canada Inc.</nomcontractant>
    <neqcontractant>1161693123</neqcontractant>
  </contrat>
  <contrat>
    <numeroseao>1207974</numeroseao>
    <numero>AOP20181019NH-CP</numero>
    <datefinale>2024-04-03</datefinale>
    <datepublicationfinale>2023-11-23</datepublicationfinale>
    <montantfinal>299887.700000</montantfinal>
    <nomcontractant>Raymond Chabot Grant Thornton &amp; Cie S.E.N.C.R.L.</nomcontractant>
    <neqcontractant>3342039677</neqcontractant>
  </contrat>
  <contrat>
    <numeroseao>1263084</numeroseao>
    <numero>44512631</numero>
    <datefinale>2024-01-31</datefinale>
    <datepublicationfinale>2021-08-06</datepublicationfinale>
    <montantfinal>26496.040000</montantfinal>
    <nomcontractant>Langlois avocats s.e.n.c.r.l.</nomcontractant>
    <neqcontractant>3341287426</neqcontractant>
  </contrat>
  <contrat>
    <numeroseao>1263097</numeroseao>
    <numero>44512638</numero>
    <datefinale>2024-01-31</datefinale>
    <datepublicationfinale>2021-08-06</datepublicationfinale>
    <montantfinal>3395.000000</montantfinal>
    <nomcontractant>Langlois avocats s.e.n.c.r.l.</nomcontractant>
    <neqcontractant>3341287426</neqcontractant>
  </contrat>
  <contrat>
    <numeroseao>1273065</numeroseao>
    <numero>19-3470</numero>
    <datefinale>2023-02-06</datefinale>
    <datepublicationfinale>2024-01-10</datepublicationfinale>
    <montantfinal>2143534.380000</montantfinal>
    <nomcontractant>LÉVESQUE &amp; ASSOCIÉS CONSTRUCTION INC.</nomcontractant>
    <neqcontractant>1149139215</neqcontractant>
  </contrat>
  <contrat>
    <numeroseao>1277289</numeroseao>
    <numero>44513485</numero>
    <datefinale>2024-02-29</datefinale>
    <datepublicationfinale>2022-08-17</datepublicationfinale>
    <montantfinal>49705.450000</montantfinal>
    <nomcontractant>Trivium</nomcontractant>
    <neqcontractant>1173854671</neqcontractant>
  </contrat>
  <contrat>
    <numeroseao>1305850</numeroseao>
    <numero>19-130 - 091144434</numero>
    <datefinale>2023-09-21</datefinale>
    <datepublicationfinale>2021-11-25</datepublicationfinale>
    <montantfinal>235699.000000</montantfinal>
    <nomcontractant>ATMOSPHÄRE INC.</nomcontractant>
    <neqcontractant>1168930254</neqcontractant>
  </contrat>
  <contrat>
    <numeroseao>1321091</numeroseao>
    <numero>6301-19-FE09</numero>
    <datefinale>2024-01-29</datefinale>
    <datepublicationfinale>2024-01-30</datepublicationfinale>
    <montantfinal>152909.640000</montantfinal>
    <nomcontractant>WSP Canada inc.</nomcontractant>
    <neqcontractant>1148357057</neqcontractant>
  </contrat>
  <contrat>
    <numeroseao>1332485</numeroseao>
    <numero>6603-20-HE06</numero>
    <datefinale>2024-04-15</datefinale>
    <datepublicationfinale>2022-12-05</datepublicationfinale>
    <montantfinal>66674.180000</montantfinal>
    <nomcontractant>SNC-Lavalin inc.</nomcontractant>
    <neqcontractant>1142775999</neqcontractant>
  </contrat>
  <contrat>
    <numeroseao>1347038</numeroseao>
    <numero>44515178</numero>
    <datefinale>2023-02-16</datefinale>
    <datepublicationfinale>2023-06-20</datepublicationfinale>
    <montantfinal>293159.980000</montantfinal>
    <nomcontractant>Groupe-Conseil TDA</nomcontractant>
    <neqcontractant>1142634014</neqcontractant>
  </contrat>
  <contrat>
    <numeroseao>1367123</numeroseao>
    <numero>44512812</numero>
    <datefinale>2023-04-30</datefinale>
    <datepublicationfinale>2023-09-19</datepublicationfinale>
    <montantfinal>437754.550000</montantfinal>
    <nomcontractant>SIEMENS CANADA LIMITÉE</nomcontractant>
    <neqcontractant>1161355988</neqcontractant>
  </contrat>
  <contrat>
    <numeroseao>1398137</numeroseao>
    <numero>44518950</numero>
    <datefinale>2024-03-06</datefinale>
    <datepublicationfinale>2022-09-22</datepublicationfinale>
    <montantfinal>35057.940000</montantfinal>
    <nomcontractant>Arrakis Consultants Inc.</nomcontractant>
    <neqcontractant>1143378942</neqcontractant>
  </contrat>
  <contrat>
    <numeroseao>1408383</numeroseao>
    <numero>20042-P-380</numero>
    <datefinale>2023-12-01</datefinale>
    <datepublicationfinale>2024-03-19</datepublicationfinale>
    <montantfinal>0.000000</montantfinal>
    <nomcontractant>Momentum Technologies inc.</nomcontractant>
    <neqcontractant>1173994220</neqcontractant>
  </contrat>
  <contrat>
    <numeroseao>1408383</numeroseao>
    <numero>20042-P-380</numero>
    <datefinale>2023-10-10</datefinale>
    <datepublicationfinale>2024-03-19</datepublicationfinale>
    <montantfinal>793833.000000</montantfinal>
    <nomcontractant>G.D.G. Informatique et Gestion inc.</nomcontractant>
    <neqcontractant>1147027768</neqcontractant>
  </contrat>
  <contrat>
    <numeroseao>1415205</numeroseao>
    <numero>20-18119</numero>
    <datefinale>2024-02-06</datefinale>
    <datepublicationfinale>2024-02-16</datepublicationfinale>
    <montantfinal>489580.380000</montantfinal>
    <nomcontractant>Construction Deric inc.</nomcontractant>
    <neqcontractant>1169078178</neqcontractant>
  </contrat>
  <contrat>
    <numeroseao>1419376</numeroseao>
    <numero>37141000</numero>
    <datefinale>2020-11-24</datefinale>
    <datepublicationfinale>2020-12-01</datepublicationfinale>
    <montantfinal>29817.000000</montantfinal>
    <nomcontractant>Maçonnerie Rainville et Frères inc.</nomcontractant>
    <neqcontractant>1162473921</neqcontractant>
  </contrat>
  <contrat>
    <numeroseao>1423228</numeroseao>
    <numero>6603-21-0208</numero>
    <datefinale>2024-04-05</datefinale>
    <datepublicationfinale>2022-02-21</datepublicationfinale>
    <montantfinal>1566000.460000</montantfinal>
    <nomcontractant>Parko inc.</nomcontractant>
    <neqcontractant>1148136253</neqcontractant>
  </contrat>
  <contrat>
    <numeroseao>1423437</numeroseao>
    <numero>44516775</numero>
    <datefinale>2023-10-31</datefinale>
    <datepublicationfinale>2024-03-26</datepublicationfinale>
    <montantfinal>196951.860000</montantfinal>
    <nomcontractant>137269 CANADA LTÉE</nomcontractant>
    <neqcontractant>1143264449</neqcontractant>
  </contrat>
  <contrat>
    <numeroseao>1445633</numeroseao>
    <numero>44518188</numero>
    <datefinale>2024-02-15</datefinale>
    <datepublicationfinale>2024-03-05</datepublicationfinale>
    <montantfinal>146886.370000</montantfinal>
    <nomcontractant>CENTRE INVESTIGATION &amp; SÉCURITÉ CANADA Inc.</nomcontractant>
    <neqcontractant>1173920746</neqcontractant>
  </contrat>
  <contrat>
    <numeroseao>1454303</numeroseao>
    <numero>20-4392</numero>
    <datefinale>2021-11-30</datefinale>
    <datepublicationfinale>2023-01-31</datepublicationfinale>
    <montantfinal>28830.000000</montantfinal>
    <nomcontractant>Groupe Environ-Air Inc.</nomcontractant>
    <neqcontractant>1140217002</neqcontractant>
  </contrat>
  <contrat>
    <numeroseao>1454329</numeroseao>
    <numero>SA-180911-RY</numero>
    <datefinale>2023-04-19</datefinale>
    <datepublicationfinale>2023-01-16</datepublicationfinale>
    <montantfinal>28395.540000</montantfinal>
    <nomcontractant>CGA Architectes inc</nomcontractant>
    <neqcontractant>1168745256</neqcontractant>
  </contrat>
  <contrat>
    <numeroseao>1462620</numeroseao>
    <numero> 44520522 </numero>
    <datefinale>2021-05-01</datefinale>
    <datepublicationfinale>2021-09-27</datepublicationfinale>
    <montantfinal>1240.420000</montantfinal>
    <nomcontractant>Guard-x inc</nomcontractant>
    <neqcontractant>1143398247</neqcontractant>
  </contrat>
  <contrat>
    <numeroseao>1490200</numeroseao>
    <numero>MA101354</numero>
    <datefinale>2024-03-31</datefinale>
    <datepublicationfinale>2023-12-12</datepublicationfinale>
    <montantfinal>77018.240000</montantfinal>
    <nomcontractant>Les architectes Goulet et LeBel</nomcontractant>
    <neqcontractant>1172425119</neqcontractant>
  </contrat>
  <contrat>
    <numeroseao>1508631</numeroseao>
    <numero>2021-0212-AO</numero>
    <datefinale>2024-03-31</datefinale>
    <datepublicationfinale>2023-09-15</datepublicationfinale>
    <montantfinal>921657.660000</montantfinal>
    <nomcontractant>COUVERTURE MONTRÉAL-NORD LTÉE</nomcontractant>
    <neqcontractant>1168317445</neqcontractant>
  </contrat>
  <contrat>
    <numeroseao>1520290</numeroseao>
    <numero>44522892</numero>
    <datefinale>2023-04-30</datefinale>
    <datepublicationfinale>2023-07-31</datepublicationfinale>
    <montantfinal>142945.580000</montantfinal>
    <nomcontractant>AV-TECH INC.</nomcontractant>
    <neqcontractant>1174192535</neqcontractant>
  </contrat>
  <contrat>
    <numeroseao>1534290</numeroseao>
    <numero>7007-22-0303</numero>
    <datefinale>2024-04-05</datefinale>
    <datepublicationfinale>2023-08-14</datepublicationfinale>
    <montantfinal>1624311.580000</montantfinal>
    <nomcontractant>LE GROUPE LML LTÉE</nomcontractant>
    <neqcontractant>1175326991</neqcontractant>
  </contrat>
  <contrat>
    <numeroseao>1539821</numeroseao>
    <numero>45001534</numero>
    <datefinale />
    <datepublicationfinale>2023-07-06</datepublicationfinale>
    <montantfinal>0.000000</montantfinal>
    <nomcontractant>CALIBRE PLUS</nomcontractant>
    <neqcontractant>1142551507</neqcontractant>
  </contrat>
  <contrat>
    <numeroseao>1563248</numeroseao>
    <numero>45001658</numero>
    <datefinale />
    <datepublicationfinale>2023-08-10</datepublicationfinale>
    <montantfinal>0.000000</montantfinal>
    <nomcontractant>CONSTRUCTION FAVCO INC.</nomcontractant>
    <neqcontractant>1171468789</neqcontractant>
  </contrat>
  <contrat>
    <numeroseao>1571282</numeroseao>
    <numero>44527616</numero>
    <datefinale>2023-08-09</datefinale>
    <datepublicationfinale>2023-08-09</datepublicationfinale>
    <montantfinal>60440.000000</montantfinal>
    <nomcontractant>SIEMENS CANADA LIMITÉE</nomcontractant>
    <neqcontractant>1161355988</neqcontractant>
  </contrat>
  <contrat>
    <numeroseao>1575260</numeroseao>
    <numero>OP-PLOMBIER-999 (2022-25)</numero>
    <datefinale>2023-12-20</datefinale>
    <datepublicationfinale>2024-01-17</datepublicationfinale>
    <montantfinal>1282079.000000</montantfinal>
    <nomcontractant>SCV ENERCOR INC.</nomcontractant>
    <neqcontractant>1164119092</neqcontractant>
  </contrat>
  <contrat>
    <numeroseao>1582356</numeroseao>
    <numero>CS31738</numero>
    <datefinale />
    <datepublicationfinale>2023-11-01</datepublicationfinale>
    <montantfinal>0.000000</montantfinal>
    <nomcontractant>ITI INC.</nomcontractant>
    <neqcontractant>1173638405</neqcontractant>
  </contrat>
  <contrat>
    <numeroseao>1586648</numeroseao>
    <numero>07-11837</numero>
    <datefinale>2023-07-18</datefinale>
    <datepublicationfinale>2022-12-14</datepublicationfinale>
    <montantfinal>53632.500000</montantfinal>
    <nomcontractant>BIO-AX INC.</nomcontractant>
    <neqcontractant>1168364496</neqcontractant>
  </contrat>
  <contrat>
    <numeroseao>1587172</numeroseao>
    <numero>6407-21-0903</numero>
    <datefinale>2024-02-23</datefinale>
    <datepublicationfinale>2024-03-13</datepublicationfinale>
    <montantfinal>6527499.610000</montantfinal>
    <nomcontractant>CONSTRUCTION ET PAVAGE PORTNEUF INC.</nomcontractant>
    <neqcontractant>1142323634</neqcontractant>
  </contrat>
  <contrat>
    <numeroseao>1597214</numeroseao>
    <numero>22-5317</numero>
    <datefinale>2023-03-15</datefinale>
    <datepublicationfinale>2023-10-23</datepublicationfinale>
    <montantfinal>204999.000000</montantfinal>
    <nomcontractant>9305-2231 Québec inc.</nomcontractant>
    <neqcontractant>1170169644</neqcontractant>
  </contrat>
  <contrat>
    <numeroseao>1600221</numeroseao>
    <numero>44528737</numero>
    <datefinale>2022-11-01</datefinale>
    <datepublicationfinale>2022-11-11</datepublicationfinale>
    <montantfinal>36003.480000</montantfinal>
    <nomcontractant>GILLES ET FILS ÉLECTRIQUE INC.</nomcontractant>
    <neqcontractant>1144184455</neqcontractant>
  </contrat>
  <contrat>
    <numeroseao>1605010</numeroseao>
    <numero>44528345</numero>
    <datefinale>2022-07-04</datefinale>
    <datepublicationfinale>2022-07-29</datepublicationfinale>
    <montantfinal>28245.000000</montantfinal>
    <nomcontractant>PROSPECPLUS CONSEILS INC.</nomcontractant>
    <neqcontractant>1162670088</neqcontractant>
  </contrat>
  <contrat>
    <numeroseao>1615158</numeroseao>
    <numero>44529483</numero>
    <datefinale>2022-07-18</datefinale>
    <datepublicationfinale>2022-11-23</datepublicationfinale>
    <montantfinal>25402.910000</montantfinal>
    <nomcontractant>DUFAULT ÉLECTRIQUE INC.</nomcontractant>
    <neqcontractant>1144214401</neqcontractant>
  </contrat>
  <contrat>
    <numeroseao>1623580</numeroseao>
    <numero>44524571</numero>
    <datefinale>2023-11-03</datefinale>
    <datepublicationfinale>2023-11-03</datepublicationfinale>
    <montantfinal>34983.500000</montantfinal>
    <nomcontractant>Stéfan Marquis Architecte</nomcontractant>
    <neqcontractant>2248653802</neqcontractant>
  </contrat>
  <contrat>
    <numeroseao>1631381</numeroseao>
    <numero>44528696</numero>
    <datefinale>2022-09-09</datefinale>
    <datepublicationfinale>2023-01-10</datepublicationfinale>
    <montantfinal>62850.000000</montantfinal>
    <nomcontractant>9276-0644 Québec inc.</nomcontractant>
    <neqcontractant>1168843028</neqcontractant>
  </contrat>
  <contrat>
    <numeroseao>1634288</numeroseao>
    <numero>9001-22-NB14</numero>
    <datefinale>2023-04-30</datefinale>
    <datepublicationfinale>2023-12-19</datepublicationfinale>
    <montantfinal>856931.290000</montantfinal>
    <nomcontractant>AIRMÉDIC INC.</nomcontractant>
    <neqcontractant>1168171784</neqcontractant>
  </contrat>
  <contrat>
    <numeroseao>1634288</numeroseao>
    <numero>9001-22-NB14</numero>
    <datefinale>2023-04-30</datefinale>
    <datepublicationfinale>2023-12-19</datepublicationfinale>
    <montantfinal>0.000000</montantfinal>
    <nomcontractant>AVIATION STARLINK INC.</nomcontractant>
    <neqcontractant>1140648883</neqcontractant>
  </contrat>
  <contrat>
    <numeroseao>1634288</numeroseao>
    <numero>9001-22-NB14</numero>
    <datefinale>2023-04-30</datefinale>
    <datepublicationfinale>2023-12-19</datepublicationfinale>
    <montantfinal>453781.260000</montantfinal>
    <nomcontractant>AIR INUIT LTÉE</nomcontractant>
    <neqcontractant>1142974782</neqcontractant>
  </contrat>
  <contrat>
    <numeroseao>1639139</numeroseao>
    <numero>44529974</numero>
    <datefinale>2024-03-04</datefinale>
    <datepublicationfinale>2023-06-15</datepublicationfinale>
    <montantfinal>122189.340000</montantfinal>
    <nomcontractant>LÉVESQUE &amp; ASSOCIÉS CONSTRUCTION INC.</nomcontractant>
    <neqcontractant>1176813070</neqcontractant>
  </contrat>
  <contrat>
    <numeroseao>1648232</numeroseao>
    <numero>07-14999</numero>
    <datefinale>2023-09-20</datefinale>
    <datepublicationfinale>2023-02-06</datepublicationfinale>
    <montantfinal>62363.000000</montantfinal>
    <nomcontractant>ARDEL ÉLECTRIQUE INC.</nomcontractant>
    <neqcontractant>1143824416</neqcontractant>
  </contrat>
  <contrat>
    <numeroseao>1649457</numeroseao>
    <numero>VML-G-22-44-CS</numero>
    <datefinale>2024-03-11</datefinale>
    <datepublicationfinale>2024-03-25</datepublicationfinale>
    <montantfinal>56132.290000</montantfinal>
    <nomcontractant>Rossmann Architecture inc.</nomcontractant>
    <neqcontractant>1168805936</neqcontractant>
  </contrat>
  <contrat>
    <numeroseao>1651776</numeroseao>
    <numero>CO2022-6581</numero>
    <datefinale>2024-04-15</datefinale>
    <datepublicationfinale>2023-07-27</datepublicationfinale>
    <montantfinal>80000.000000</montantfinal>
    <nomcontractant>LA CIE ÉLECTRIQUE BRITTON LTÉE</nomcontractant>
    <neqcontractant>1141922808</neqcontractant>
  </contrat>
  <contrat>
    <numeroseao>1652046</numeroseao>
    <numero>9001-22-NB18</numero>
    <datefinale>2022-10-31</datefinale>
    <datepublicationfinale>2023-10-16</datepublicationfinale>
    <montantfinal>392406.250000</montantfinal>
    <nomcontractant>Airmédic inc.</nomcontractant>
    <neqcontractant>1168171784</neqcontractant>
  </contrat>
  <contrat>
    <numeroseao>1659328</numeroseao>
    <numero>UDEM2162</numero>
    <datefinale>2024-04-18</datefinale>
    <datepublicationfinale>2024-01-29</datepublicationfinale>
    <montantfinal>183930.000000</montantfinal>
    <nomcontractant>SOCIÉTÉ DE CONTRÔLE JOHNSON CANADA S.E.C.</nomcontractant>
    <neqcontractant>3367672865</neqcontractant>
  </contrat>
  <contrat>
    <numeroseao>1659760</numeroseao>
    <numero>DP-22-116 (2023-GDE-586)</numero>
    <datefinale>2023-12-31</datefinale>
    <datepublicationfinale>2024-03-19</datepublicationfinale>
    <montantfinal>57150.620000</montantfinal>
    <nomcontractant>Services JMB inc.</nomcontractant>
    <neqcontractant>1168687664</neqcontractant>
  </contrat>
  <contrat>
    <numeroseao>1662532</numeroseao>
    <numero>2022-496-6782-CB-GG</numero>
    <datefinale>2024-03-06</datefinale>
    <datepublicationfinale>2023-10-11</datepublicationfinale>
    <montantfinal>245636.000000</montantfinal>
    <nomcontractant>PHILIPS ÉLECTRONIQUE LTÉE</nomcontractant>
    <neqcontractant>1171607469</neqcontractant>
  </contrat>
  <contrat>
    <numeroseao>1662987</numeroseao>
    <numero>2022-512-6411-CB-GG</numero>
    <datefinale>2024-04-04</datefinale>
    <datepublicationfinale>2023-10-11</datepublicationfinale>
    <montantfinal>25449.770000</montantfinal>
    <nomcontractant>Stryker Canada ULC</nomcontractant>
    <neqcontractant>1174176587</neqcontractant>
  </contrat>
  <contrat>
    <numeroseao>1665075</numeroseao>
    <numero>2022-0659-AOI</numero>
    <datefinale>2023-11-15</datefinale>
    <datepublicationfinale>2023-09-08</datepublicationfinale>
    <montantfinal>29396.900000</montantfinal>
    <nomcontractant>THE STEVENS COMPANY LIMITED</nomcontractant>
    <neqcontractant>1175245910</neqcontractant>
  </contrat>
  <contrat>
    <numeroseao>1665448</numeroseao>
    <numero>2022-105-9291-CB-AOI</numero>
    <datefinale>2024-02-22</datefinale>
    <datepublicationfinale>2023-10-16</datepublicationfinale>
    <montantfinal>30793.900000</montantfinal>
    <nomcontractant>MEDICAL TRONIK MTL LTEE</nomcontractant>
    <neqcontractant>1144725257</neqcontractant>
  </contrat>
  <contrat>
    <numeroseao>1665734</numeroseao>
    <numero>44530528</numero>
    <datefinale>2024-02-15</datefinale>
    <datepublicationfinale>2024-02-15</datepublicationfinale>
    <montantfinal>87438.000000</montantfinal>
    <nomcontractant>ARCHITECTURE PETRONE INC.</nomcontractant>
    <neqcontractant>1142480095</neqcontractant>
  </contrat>
  <contrat>
    <numeroseao>1678990</numeroseao>
    <numero>DR23-PUB-002</numero>
    <datefinale>2024-04-23</datefinale>
    <datepublicationfinale>2023-07-17</datepublicationfinale>
    <montantfinal>1470851.760000</montantfinal>
    <nomcontractant>R. GUILBEAULT CONSTRUCTION INC.</nomcontractant>
    <neqcontractant>1140180010</neqcontractant>
  </contrat>
  <contrat>
    <numeroseao>1680849</numeroseao>
    <numero>4102-22-AP02</numero>
    <datefinale>2024-03-22</datefinale>
    <datepublicationfinale>2023-10-27</datepublicationfinale>
    <montantfinal>9905.950000</montantfinal>
    <nomcontractant>ITM Instruments inc.</nomcontractant>
    <neqcontractant>1143003425</neqcontractant>
  </contrat>
  <contrat>
    <numeroseao>1681591</numeroseao>
    <numero>2022-492-9509-CS-GG</numero>
    <datefinale>2023-10-07</datefinale>
    <datepublicationfinale>2023-12-20</datepublicationfinale>
    <montantfinal>120523.370000</montantfinal>
    <nomcontractant>Agence Tézig Inc.</nomcontractant>
    <neqcontractant>1176414903</neqcontractant>
  </contrat>
  <contrat>
    <numeroseao>1682915</numeroseao>
    <numero>45002285</numero>
    <datefinale>2023-08-03</datefinale>
    <datepublicationfinale>2023-11-29</datepublicationfinale>
    <montantfinal>57784.140000</montantfinal>
    <nomcontractant>SRH RESSOURCES HUMAINES INC.</nomcontractant>
    <neqcontractant>1161617916</neqcontractant>
  </contrat>
  <contrat>
    <numeroseao>1687106</numeroseao>
    <numero>BC64002579</numero>
    <datefinale>2023-06-22</datefinale>
    <datepublicationfinale>2023-06-26</datepublicationfinale>
    <montantfinal>41340.000000</montantfinal>
    <nomcontractant>TECHNO-CONTACT ÉLITE INC.</nomcontractant>
    <neqcontractant>1171769426</neqcontractant>
  </contrat>
  <contrat>
    <numeroseao>1693888</numeroseao>
    <numero>117840502-2023-01.</numero>
    <datefinale>2023-12-01</datefinale>
    <datepublicationfinale>2024-01-18</datepublicationfinale>
    <montantfinal>241656.720000</montantfinal>
    <nomcontractant>LA COMPAGNIE DE LOCATION D'AUTOS ENTERPRISE CANADA</nomcontractant>
    <neqcontractant>1173066813</neqcontractant>
  </contrat>
  <contrat>
    <numeroseao>1705238</numeroseao>
    <numero>2023-BS-097 </numero>
    <datefinale>2023-07-30</datefinale>
    <datepublicationfinale>2023-06-16</datepublicationfinale>
    <montantfinal>124604.180000</montantfinal>
    <nomcontractant>LES ÉQUIPEMENTS COLPRON INC.</nomcontractant>
    <neqcontractant>1160364270</neqcontractant>
  </contrat>
  <contrat>
    <numeroseao>1705466</numeroseao>
    <numero>5301-23-AP03</numero>
    <datefinale>2024-03-27</datefinale>
    <datepublicationfinale>2024-02-21</datepublicationfinale>
    <montantfinal>18033.680000</montantfinal>
    <nomcontractant>CDW Canada corp.</nomcontractant>
    <neqcontractant>1175178434</neqcontractant>
  </contrat>
  <contrat>
    <numeroseao>1708261</numeroseao>
    <numero>RI - Maison Fleur de Lys</numero>
    <datefinale>2024-04-02</datefinale>
    <datepublicationfinale>2023-09-11</datepublicationfinale>
    <montantfinal>3546271.200000</montantfinal>
    <nomcontractant>MAISON FLEUR DE LYS INC.</nomcontractant>
    <neqcontractant>1163113781</neqcontractant>
  </contrat>
  <contrat>
    <numeroseao>1709634</numeroseao>
    <numero>OP-MODULESSL</numero>
    <datefinale>2023-09-29</datefinale>
    <datepublicationfinale>2023-12-19</datepublicationfinale>
    <montantfinal>131507.800000</montantfinal>
    <nomcontractant>ATELIER GO-ÉLAN INC.</nomcontractant>
    <neqcontractant>1140382947</neqcontractant>
  </contrat>
  <contrat>
    <numeroseao>1710567</numeroseao>
    <numero>44530300</numero>
    <datefinale>2024-01-31</datefinale>
    <datepublicationfinale>2024-03-19</datepublicationfinale>
    <montantfinal>55800.000000</montantfinal>
    <nomcontractant>FRANCLAIR INC.</nomcontractant>
    <neqcontractant>1147694260</neqcontractant>
  </contrat>
  <contrat>
    <numeroseao>1711177</numeroseao>
    <numero>5301-23-PF10</numero>
    <datefinale>2024-03-22</datefinale>
    <datepublicationfinale>2023-04-13</datepublicationfinale>
    <montantfinal>29830.000000</montantfinal>
    <nomcontractant>Solutions Consortech inc.</nomcontractant>
    <neqcontractant>1145033685</neqcontractant>
  </contrat>
  <contrat>
    <numeroseao>1712120</numeroseao>
    <numero>2023-04-078</numero>
    <datefinale>2024-01-18</datefinale>
    <datepublicationfinale>2024-01-18</datepublicationfinale>
    <montantfinal>35995.800000</montantfinal>
    <nomcontractant>9219-4463 QUÉBEC INC.</nomcontractant>
    <neqcontractant>1166405762</neqcontractant>
  </contrat>
  <contrat>
    <numeroseao>1716100</numeroseao>
    <numero>DP-23-045 (INC-2023-003)</numero>
    <datefinale>2024-02-28</datefinale>
    <datepublicationfinale>2023-06-05</datepublicationfinale>
    <montantfinal>42075.100000</montantfinal>
    <nomcontractant>ÉQUIPEMENTS INCENDIES C.M.P. MAYER INC.</nomcontractant>
    <neqcontractant>1142911370</neqcontractant>
  </contrat>
  <contrat>
    <numeroseao>1716887</numeroseao>
    <numero>2023-0049-GG</numero>
    <datefinale>2023-07-05</datefinale>
    <datepublicationfinale>2023-07-05</datepublicationfinale>
    <montantfinal>51082.450000</montantfinal>
    <nomcontractant>BERGERON BOUTHILLIER INC.</nomcontractant>
    <neqcontractant>1166980830</neqcontractant>
  </contrat>
  <contrat>
    <numeroseao>1727334</numeroseao>
    <numero>2021-03-021</numero>
    <datefinale>2023-12-21</datefinale>
    <datepublicationfinale>2024-01-18</datepublicationfinale>
    <montantfinal>18784.600000</montantfinal>
    <nomcontractant>Chubb Edwards</nomcontractant>
    <neqcontractant>1166501933</neqcontractant>
  </contrat>
  <contrat>
    <numeroseao>1727390</numeroseao>
    <numero>5301-23-AP12</numero>
    <datefinale>2024-03-29</datefinale>
    <datepublicationfinale>2023-05-30</datepublicationfinale>
    <montantfinal>22400.000000</montantfinal>
    <nomcontractant>Consortech</nomcontractant>
    <neqcontractant>1145033685</neqcontractant>
  </contrat>
  <contrat>
    <numeroseao>1732675</numeroseao>
    <numero>2023-INV-UG41-165</numero>
    <datefinale>2023-10-24</datefinale>
    <datepublicationfinale>2023-11-17</datepublicationfinale>
    <montantfinal>29085.250000</montantfinal>
    <nomcontractant>9140-0457 QUÉBEC INC.</nomcontractant>
    <neqcontractant>1162103486</neqcontractant>
  </contrat>
  <contrat>
    <numeroseao>1736582</numeroseao>
    <numero>44533496</numero>
    <datefinale>2024-03-15</datefinale>
    <datepublicationfinale>2024-03-28</datepublicationfinale>
    <montantfinal>96250.000000</montantfinal>
    <nomcontractant>9380-8202 Québec inc.</nomcontractant>
    <neqcontractant>1173780314</neqcontractant>
  </contrat>
  <contrat>
    <numeroseao>1742488</numeroseao>
    <numero>23-24-07-061</numero>
    <datefinale>2024-02-15</datefinale>
    <datepublicationfinale>2024-02-15</datepublicationfinale>
    <montantfinal>57050.780000</montantfinal>
    <nomcontractant>PHILIPS ÉLECTRONIQUE LTÉE</nomcontractant>
    <neqcontractant>1171607469</neqcontractant>
  </contrat>
  <contrat>
    <numeroseao>1743093</numeroseao>
    <numero>2509-23-APB2</numero>
    <datefinale>2024-04-12</datefinale>
    <datepublicationfinale>2024-03-01</datepublicationfinale>
    <montantfinal>1904666.400000</montantfinal>
    <nomcontractant>177180 CANADA INC.</nomcontractant>
    <neqcontractant>1144765139</neqcontractant>
  </contrat>
  <contrat>
    <numeroseao>1744892</numeroseao>
    <numero>44532008 / 44532011</numero>
    <datefinale>2023-06-29</datefinale>
    <datepublicationfinale>2023-11-13</datepublicationfinale>
    <montantfinal>0.000000</montantfinal>
    <nomcontractant>COMÉTAL INC.</nomcontractant>
    <neqcontractant>1165607558</neqcontractant>
  </contrat>
  <contrat>
    <numeroseao>1751232</numeroseao>
    <numero>44532823 / 44532826</numero>
    <datefinale>2023-08-03</datefinale>
    <datepublicationfinale>2023-09-12</datepublicationfinale>
    <montantfinal>0.000000</montantfinal>
    <nomcontractant>SIGNALISATION SAIC INC.</nomcontractant>
    <neqcontractant>1165663478</neqcontractant>
  </contrat>
  <contrat>
    <numeroseao>1754313</numeroseao>
    <numero>44535077</numero>
    <datefinale>2023-12-31</datefinale>
    <datepublicationfinale>2023-12-11</datepublicationfinale>
    <montantfinal>47749.000000</montantfinal>
    <nomcontractant>Démantèlement de la Capitale inc.</nomcontractant>
    <neqcontractant>1178121050</neqcontractant>
  </contrat>
  <contrat>
    <numeroseao>1757922</numeroseao>
    <numero>44532821 / 44532825</numero>
    <datefinale>2023-08-29</datefinale>
    <datepublicationfinale>2023-09-12</datepublicationfinale>
    <montantfinal>0.000000</montantfinal>
    <nomcontractant>ProScène Dauphinais Inc.</nomcontractant>
    <neqcontractant>1142893347</neqcontractant>
  </contrat>
  <contrat>
    <numeroseao>1758255</numeroseao>
    <numero>41105301</numero>
    <datefinale>2023-11-20</datefinale>
    <datepublicationfinale>2023-11-20</datepublicationfinale>
    <montantfinal>36705.970000</montantfinal>
    <nomcontractant>CONSTRUCTION FILIATRAULT INC.</nomcontractant>
    <neqcontractant>1143648757</neqcontractant>
  </contrat>
  <contrat>
    <numeroseao>1763444</numeroseao>
    <numero>BC00247919</numero>
    <datefinale>2024-04-18</datefinale>
    <datepublicationfinale>2024-02-15</datepublicationfinale>
    <montantfinal>146666.000000</montantfinal>
    <nomcontractant>SPENCER STUART &amp; ASSOCIÉS (CANADA) LTÉE</nomcontractant>
    <neqcontractant>1142890095</neqcontractant>
  </contrat>
  <contrat>
    <numeroseao>1770111</numeroseao>
    <numero>44535820</numero>
    <datefinale>2024-02-06</datefinale>
    <datepublicationfinale>2024-02-07</datepublicationfinale>
    <montantfinal>29953.480000</montantfinal>
    <nomcontractant>LIBRAIRIE JAMUNIK INC.</nomcontractant>
    <neqcontractant>1143253103</neqcontractant>
  </contrat>
  <contrat>
    <numeroseao>1777376</numeroseao>
    <numero>44536128</numero>
    <datefinale>2023-11-10</datefinale>
    <datepublicationfinale>2024-01-03</datepublicationfinale>
    <montantfinal>32494.820000</montantfinal>
    <nomcontractant>SOCIÉTÉ QUÉBÉCOISE DE DÉCONTAMINATION D'AMIANTE (SQDA) INC.</nomcontractant>
    <neqcontractant>1147923537</neqcontractant>
  </contrat>
  <contrat>
    <numeroseao>1781116</numeroseao>
    <numero>ITS-1663</numero>
    <datefinale>2023-11-03</datefinale>
    <datepublicationfinale>2023-11-16</datepublicationfinale>
    <montantfinal>66776.880000</montantfinal>
    <nomcontractant>AVI-SPL Canada Ltee.</nomcontractant>
    <neqcontractant>1169087500</neqcontractant>
  </contrat>
  <contrat>
    <numeroseao>1784734</numeroseao>
    <numero>2023CNT072</numero>
    <datefinale>2024-04-09</datefinale>
    <datepublicationfinale>2024-03-01</datepublicationfinale>
    <montantfinal>58409.000000</montantfinal>
    <nomcontractant>FECTO électrique inc.</nomcontractant>
    <neqcontractant>1172959356</neqcontractant>
  </contrat>
  <contrat>
    <numeroseao>1800043</numeroseao>
    <numero>2023-05-102</numero>
    <datefinale>2023-05-15</datefinale>
    <datepublicationfinale>2024-01-24</datepublicationfinale>
    <montantfinal>49734.000000</montantfinal>
    <nomcontractant>GPE DIÉSEL INC.</nomcontractant>
    <neqcontractant>1172922925</neqcontractant>
  </contrat>
  <contrat>
    <numeroseao>1804782</numeroseao>
    <numero>7001758</numero>
    <datefinale>2024-02-23</datefinale>
    <datepublicationfinale>2024-02-28</datepublicationfinale>
    <montantfinal>64399.400000</montantfinal>
    <nomcontractant>Icosagen AS</nomcontractant>
    <neqcontractant />
  </contrat>
  <contrat>
    <numeroseao>1809330</numeroseao>
    <numero>2022-013</numero>
    <datefinale>2024-02-29</datefinale>
    <datepublicationfinale>2024-03-05</datepublicationfinale>
    <montantfinal>23683.500000</montantfinal>
    <nomcontractant>Accessibilité Québec Inc.</nomcontractant>
    <neqcontractant>1176300862</neqcontractant>
  </contrat>
  <contrat>
    <numeroseao>1817481</numeroseao>
    <numero>MA101674 - 319262-ING</numero>
    <datefinale>2023-10-30</datefinale>
    <datepublicationfinale>2024-02-27</datepublicationfinale>
    <montantfinal>57508.050000</montantfinal>
    <nomcontractant>STANTEC EXPERTS-CONSEILS LTÉE</nomcontractant>
    <neqcontractant>1170241336</neqcontractant>
  </contrat>
  <contrat>
    <numeroseao>1817810</numeroseao>
    <numero>8907-23-ST01</numero>
    <datefinale>2024-04-08</datefinale>
    <datepublicationfinale>2024-03-08</datepublicationfinale>
    <montantfinal>37035.000000</montantfinal>
    <nomcontractant>Signalisations Prosign Québec inc.</nomcontractant>
    <neqcontractant>1171526800</neqcontractant>
  </contrat>
  <contrat>
    <numeroseao>1826196</numeroseao>
    <numero>8201-24-NB09</numero>
    <datefinale>2024-04-15</datefinale>
    <datepublicationfinale>2024-03-18</datepublicationfinale>
    <montantfinal>26442.190000</montantfinal>
    <nomcontractant>Héli Mistral Service inc.</nomcontractant>
    <neqcontractant>1166805854</neqcontractant>
  </contrat>
  <contrat>
    <numeroseao>1826866</numeroseao>
    <numero>5301-23-PF70</numero>
    <datefinale>2024-04-11</datefinale>
    <datepublicationfinale>2024-03-19</datepublicationfinale>
    <montantfinal>168628.560000</montantfinal>
    <nomcontractant>AgileAssets Inc.</nomcontractant>
    <neqcontractant />
  </contrat>
  <contrat>
    <numeroseao>1827570</numeroseao>
    <numero>CW28313</numero>
    <datefinale>2023-12-31</datefinale>
    <datepublicationfinale>2024-03-21</datepublicationfinale>
    <montantfinal>21590.000000</montantfinal>
    <nomcontractant>STANTEC EXPERTS-CONSEILS LTÉE</nomcontractant>
    <neqcontractant>1170241336</neqcontractant>
  </contrat>
</export>