<?xml version="1.0" encoding="UTF-8"?>
<metadata xml:lang="fr"><Esri><CreaDate>20220318</CreaDate><CreaTime>12014400</CreaTime><ArcGISFormat>1.0</ArcGISFormat><SyncOnce>FALSE</SyncOnce><DataProperties><itemProps><itemName Sync="TRUE">MetadonneesProduction_Erase_</itemName><imsContentType Sync="TRUE">002</imsContentType><itemSize Sync="TRUE">0.000</itemSize><itemLocation><linkage Sync="TRUE">file://\\CERFO-DSK006\C\Users\bbour\Documents\ArcGIS\Default1.gdb</linkage><protocol Sync="TRUE">Local Area Network</protocol></itemLocation></itemProps><coordRef><type Sync="TRUE">Geographic</type><geogcsn Sync="TRUE">GCS_North_American_1983_CSRS</geogcsn><csUnits Sync="TRUE">Angular Unit: Degree (0.017453)</csUnits><peXml Sync="TRUE">&lt;GeographicCoordinateSystem xsi:type='typens:GeographicCoordinateSystem' xmlns:xsi='http://www.w3.org/2001/XMLSchema-instance' xmlns:xs='http://www.w3.org/2001/XMLSchema' xmlns:typens='http://www.esri.com/schemas/ArcGIS/10.8'&gt;&lt;WKT&gt;GEOGCS[&amp;quot;GCS_North_American_1983_CSRS&amp;quot;,DATUM[&amp;quot;D_North_American_1983_CSRS&amp;quot;,SPHEROID[&amp;quot;GRS_1980&amp;quot;,6378137.0,298.257222101]],PRIMEM[&amp;quot;Greenwich&amp;quot;,0.0],UNIT[&amp;quot;Degree&amp;quot;,0.0174532925199433],AUTHORITY[&amp;quot;EPSG&amp;quot;,4617]]&lt;/WKT&gt;&lt;XOrigin&gt;-400&lt;/XOrigin&gt;&lt;YOrigin&gt;-400&lt;/YOrigin&gt;&lt;XYScale&gt;1111948722.2222221&lt;/XYScale&gt;&lt;ZOrigin&gt;-100000&lt;/ZOrigin&gt;&lt;ZScale&gt;10000&lt;/ZScale&gt;&lt;MOrigin&gt;-100000&lt;/MOrigin&gt;&lt;MScale&gt;10000&lt;/MScale&gt;&lt;XYTolerance&gt;8.9831528411952133e-09&lt;/XYTolerance&gt;&lt;ZTolerance&gt;0.001&lt;/ZTolerance&gt;&lt;MTolerance&gt;0.001&lt;/MTolerance&gt;&lt;HighPrecision&gt;true&lt;/HighPrecision&gt;&lt;LeftLongitude&gt;-180&lt;/LeftLongitude&gt;&lt;WKID&gt;4140&lt;/WKID&gt;&lt;LatestWKID&gt;4617&lt;/LatestWKID&gt;&lt;/GeographicCoordinateSystem&gt;</peXml></coordRef><lineage><Process ToolSource="c:\program files (x86)\arcgis\desktop10.8\ArcToolbox\Toolboxes\Data Management Tools.tbx\Merge" Date="20211026" Time="093533">Merge GATINEAU\2020classif;GATINEAU\GatineauClassif D:\20-0924-INSPQ\2_Traitements\ProdLidar\RMR_Gatineau\TilesSelect.shp "OBJECTID "OBJECTID" true true false 10 Long 0 10 ,First,#,GATINEAU\2020classif,OBJECTID,-1,-1,GATINEAU\GatineauClassif,OBJECTID,-1,-1;GSMCTLS_UU "GSMCTLS_UU" true true false 32 Text 0 0 ,First,#,GATINEAU\2020classif,GSMCTLS_UU,-1,-1,GATINEAU\GatineauClassif,GSMCTLS_UU,-1,-1;GS_NO_SEQ "GS_NO_SEQ" true true false 19 Double 0 0 ,First,#,GATINEAU\2020classif,GS_NO_SEQ,-1,-1,GATINEAU\GatineauClassif,GS_NO_SEQ,-1,-1;NOM_DOCU "NOM_DOCU" true true false 240 Text 0 0 ,First,#,GATINEAU\2020classif,NOM_DOCU,-1,-1,GATINEAU\GatineauClassif,NOM_DOCU,-1,-1;NOM_DOCU_R "NOM_DOCU_R" true true false 240 Text 0 0 ,First,#,GATINEAU\2020classif,NOM_DOCU_R,-1,-1,GATINEAU\GatineauClassif,NOM_DOCU_R,-1,-1;EMPLACEMEN "EMPLACEMEN" true true false 254 Text 0 0 ,First,#,GATINEAU\2020classif,EMPLACEMEN,-1,-1,GATINEAU\GatineauClassif,EMPLACEMEN,-1,-1;SESSION_VO "SESSION_VO" true true false 254 Text 0 0 ,First,#,GATINEAU\2020classif,SESSION_VO,-1,-1,GATINEAU\GatineauClassif,SESSION_VO,-1,-1;ANNEE_ACQU "ANNEE_ACQU" true true false 254 Text 0 0 ,First,#,GATINEAU\2020classif,ANNEE_ACQU,-1,-1,GATINEAU\GatineauClassif,ANNEE_ACQU,-1,-1;DATE_ACQUI "DATE_ACQUI" true true false 254 Text 0 0 ,First,#,GATINEAU\2020classif,DATE_ACQUI,-1,-1,GATINEAU\GatineauClassif,DATE_ACQUI,-1,-1;SAISON "SAISON" true true false 254 Text 0 0 ,First,#,GATINEAU\2020classif,SAISON,-1,-1,GATINEAU\GatineauClassif,SAISON,-1,-1;TYPE_DONNE "TYPE_DONNE" true true false 160 Text 0 0 ,First,#,GATINEAU\2020classif,TYPE_DONNE,-1,-1,GATINEAU\GatineauClassif,TYPE_DONNE,-1,-1;CLASSES "CLASSES" true true false 160 Text 0 0 ,First,#,GATINEAU\2020classif,CLASSES,-1,-1,GATINEAU\GatineauClassif,CLASSES,-1,-1;DEVIS_CLAS "DEVIS_CLAS" true true false 52 Text 0 0 ,First,#,GATINEAU\2020classif,DEVIS_CLAS,-1,-1,GATINEAU\GatineauClassif,DEVIS_CLAS,-1,-1;DENSITE_AC "DENSITE_AC" true true false 160 Text 0 0 ,First,#,GATINEAU\2020classif,DENSITE_AC,-1,-1,GATINEAU\GatineauClassif,DENSITE_AC,-1,-1;NB_POINT "NB_POINT" true true false 19 Double 0 0 ,First,#,GATINEAU\2020classif,NB_POINT,-1,-1,GATINEAU\GatineauClassif,NB_POINT,-1,-1;TYPE_TEMPS "TYPE_TEMPS" true true false 160 Text 0 0 ,First,#,GATINEAU\2020classif,TYPE_TEMPS,-1,-1,GATINEAU\GatineauClassif,TYPE_TEMPS,-1,-1;EPSG "EPSG" true true false 19 Double 0 0 ,First,#,GATINEAU\2020classif,EPSG,-1,-1,GATINEAU\GatineauClassif,EPSG,-1,-1;PROJECTION "PROJECTION" true true false 120 Text 0 0 ,First,#,GATINEAU\2020classif,PROJECTION,-1,-1,GATINEAU\GatineauClassif,PROJECTION,-1,-1;SYSREF_ALT "SYSREF_ALT" true true false 120 Text 0 0 ,First,#,GATINEAU\2020classif,SYSREF_ALT,-1,-1,GATINEAU\GatineauClassif,SYSREF_ALT,-1,-1;FORMAT "FORMAT" true true false 254 Text 0 0 ,First,#,GATINEAU\2020classif,FORMAT,-1,-1,GATINEAU\GatineauClassif,FORMAT,-1,-1;LAS_VERSIO "LAS_VERSIO" true true false 160 Text 0 0 ,First,#,GATINEAU\2020classif,LAS_VERSIO,-1,-1,GATINEAU\GatineauClassif,LAS_VERSIO,-1,-1;RAPPORT "RAPPORT" true true false 254 Text 0 0 ,First,#,GATINEAU\2020classif,RAPPORT,-1,-1,GATINEAU\GatineauClassif,RAPPORT,-1,-1;CAPTEUR "CAPTEUR" true true false 254 Text 0 0 ,First,#,GATINEAU\2020classif,CAPTEUR,-1,-1,GATINEAU\GatineauClassif,CAPTEUR,-1,-1;VEHICULE "VEHICULE" true true false 254 Text 0 0 ,First,#,GATINEAU\2020classif,VEHICULE,-1,-1,GATINEAU\GatineauClassif,VEHICULE,-1,-1;TAILLE_MO "TAILLE_MO" true true false 19 Double 0 0 ,First,#,GATINEAU\2020classif,TAILLE_MO,-1,-1,GATINEAU\GatineauClassif,TAILLE_MO,-1,-1;NEIGE_SOL "NEIGE_SOL" true true false 12 Text 0 0 ,First,#,GATINEAU\2020classif,NEIGE_SOL,-1,-1,GATINEAU\GatineauClassif,NEIGE_SOL,-1,-1;ID_PROJE "ID_PROJE" true true false 128 Text 0 0 ,First,#,GATINEAU\2020classif,ID_PROJE,-1,-1,GATINEAU\GatineauClassif,ID_PROJE,-1,-1;PROJET "PROJET" true true false 254 Text 0 0 ,First,#,GATINEAU\2020classif,PROJET,-1,-1,GATINEAU\GatineauClassif,PROJET,-1,-1;PROPRIETAI "PROPRIETAI" true true false 254 Text 0 0 ,First,#,GATINEAU\2020classif,PROPRIETAI,-1,-1,GATINEAU\GatineauClassif,PROPRIETAI,-1,-1;MAITRE_OEU "MAITRE_OEU" true true false 254 Text 0 0 ,First,#,GATINEAU\2020classif,MAITRE_OEU,-1,-1,GATINEAU\GatineauClassif,MAITRE_OEU,-1,-1;DIFFUSION "DIFFUSION" true true false 4 Text 0 0 ,First,#,GATINEAU\2020classif,DIFFUSION,-1,-1,GATINEAU\GatineauClassif,DIFFUSION,-1,-1;PARTAGE "PARTAGE" true true false 16 Text 0 0 ,First,#,GATINEAU\2020classif,PARTAGE,-1,-1,GATINEAU\GatineauClassif,PARTAGE,-1,-1;ACTIVITE "ACTIVITE" true true false 254 Text 0 0 ,First,#,GATINEAU\2020classif,ACTIVITE,-1,-1,GATINEAU\GatineauClassif,ACTIVITE,-1,-1;COUCHE_WMS "COUCHE_WMS" true true false 254 Text 0 0 ,First,#,GATINEAU\2020classif,COUCHE_WMS,-1,-1,GATINEAU\GatineauClassif,COUCHE_WMS,-1,-1;COUCHE_WMT "COUCHE_WMT" true true false 254 Text 0 0 ,First,#,GATINEAU\2020classif,COUCHE_WMT,-1,-1,GATINEAU\GatineauClassif,COUCHE_WMT,-1,-1;CONTRACTAN "CONTRACTAN" true true false 254 Text 0 0 ,First,#,GATINEAU\2020classif,CONTRACTAN,-1,-1,GATINEAU\GatineauClassif,CONTRACTAN,-1,-1;DROIT_AUTE "DROIT_AUTE" true true false 254 Text 0 0 ,First,#,GATINEAU\2020classif,DROIT_AUTE,-1,-1,GATINEAU\GatineauClassif,DROIT_AUTE,-1,-1;REF_UUID_G "REF_UUID_G" true true false 128 Text 0 0 ,First,#,GATINEAU\2020classif,REF_UUID_G,-1,-1,GATINEAU\GatineauClassif,REF_UUID_G,-1,-1;OBJECTID_1 "OBJECTID_1" true true false 10 Long 0 10 ,First,#,GATINEAU\2020classif,OBJECTID_1,-1,-1,GATINEAU\GatineauClassif,OBJECTID_1,-1,-1;SHAPE_Leng "SHAPE_Leng" true true false 19 Double 0 0 ,First,#,GATINEAU\2020classif,SHAPE_Leng,-1,-1,GATINEAU\GatineauClassif,SHAPE_Leng,-1,-1;SHAPE_Area "SHAPE_Area" true true false 19 Double 0 0 ,First,#,GATINEAU\2020classif,SHAPE_Area,-1,-1,GATINEAU\GatineauClassif,SHAPE_Area,-1,-1"</Process><Process Name="Merge" ToolSource="c:\program files (x86)\arcgis\desktop10.8\ArcToolbox\Toolboxes\Data Management Tools.tbx\Merge" Date="20220201" Time="102603">Merge 'GATINEAU\Sélection de tuiles\TilesSelect' C:\Users\bbour\Documents\ArcGIS\Default1.gdb\MTM7_18_ETE_Merge "OBJECTID "OBJECTID" true true false 10 Long 0 10 ,First,#,GATINEAU\Sélection de tuiles\TilesSelect,OBJECTID,-1,-1;GSMCTLS_UU "GSMCTLS_UU" true true false 32 Text 0 0 ,First,#,GATINEAU\Sélection de tuiles\TilesSelect,GSMCTLS_UU,-1,-1;GS_NO_SEQ "GS_NO_SEQ" true true false 19 Double 0 0 ,First,#,GATINEAU\Sélection de tuiles\TilesSelect,GS_NO_SEQ,-1,-1;NOM_DOCU "NOM_DOCU" true true false 240 Text 0 0 ,First,#,GATINEAU\Sélection de tuiles\TilesSelect,NOM_DOCU,-1,-1;NOM_DOCU_R "NOM_DOCU_R" true true false 240 Text 0 0 ,First,#,GATINEAU\Sélection de tuiles\TilesSelect,NOM_DOCU_R,-1,-1;EMPLACEMEN "EMPLACEMEN" true true false 254 Text 0 0 ,First,#,GATINEAU\Sélection de tuiles\TilesSelect,EMPLACEMEN,-1,-1;SESSION_VO "SESSION_VO" true true false 254 Text 0 0 ,First,#,GATINEAU\Sélection de tuiles\TilesSelect,SESSION_VO,-1,-1;ANNEE_ACQU "ANNEE_ACQU" true true false 254 Text 0 0 ,First,#,GATINEAU\Sélection de tuiles\TilesSelect,ANNEE_ACQU,-1,-1;DATE_ACQUI "DATE_ACQUI" true true false 254 Text 0 0 ,First,#,GATINEAU\Sélection de tuiles\TilesSelect,DATE_ACQUI,-1,-1;SAISON "SAISON" true true false 254 Text 0 0 ,First,#,GATINEAU\Sélection de tuiles\TilesSelect,SAISON,-1,-1;TYPE_DONNE "TYPE_DONNE" true true false 160 Text 0 0 ,First,#,GATINEAU\Sélection de tuiles\TilesSelect,TYPE_DONNE,-1,-1;CLASSES "CLASSES" true true false 160 Text 0 0 ,First,#,GATINEAU\Sélection de tuiles\TilesSelect,CLASSES,-1,-1;DEVIS_CLAS "DEVIS_CLAS" true true false 52 Text 0 0 ,First,#,GATINEAU\Sélection de tuiles\TilesSelect,DEVIS_CLAS,-1,-1;DENSITE_AC "DENSITE_AC" true true false 160 Text 0 0 ,First,#,GATINEAU\Sélection de tuiles\TilesSelect,DENSITE_AC,-1,-1;NB_POINT "NB_POINT" true true false 19 Double 0 0 ,First,#,GATINEAU\Sélection de tuiles\TilesSelect,NB_POINT,-1,-1;TYPE_TEMPS "TYPE_TEMPS" true true false 160 Text 0 0 ,First,#,GATINEAU\Sélection de tuiles\TilesSelect,TYPE_TEMPS,-1,-1;EPSG "EPSG" true true false 19 Double 0 0 ,First,#,GATINEAU\Sélection de tuiles\TilesSelect,EPSG,-1,-1;PROJECTION "PROJECTION" true true false 120 Text 0 0 ,First,#,GATINEAU\Sélection de tuiles\TilesSelect,PROJECTION,-1,-1;SYSREF_ALT "SYSREF_ALT" true true false 120 Text 0 0 ,First,#,GATINEAU\Sélection de tuiles\TilesSelect,SYSREF_ALT,-1,-1;FORMAT "FORMAT" true true false 254 Text 0 0 ,First,#,GATINEAU\Sélection de tuiles\TilesSelect,FORMAT,-1,-1;LAS_VERSIO "LAS_VERSIO" true true false 160 Text 0 0 ,First,#,GATINEAU\Sélection de tuiles\TilesSelect,LAS_VERSIO,-1,-1;RAPPORT "RAPPORT" true true false 254 Text 0 0 ,First,#,GATINEAU\Sélection de tuiles\TilesSelect,RAPPORT,-1,-1;CAPTEUR "CAPTEUR" true true false 254 Text 0 0 ,First,#,GATINEAU\Sélection de tuiles\TilesSelect,CAPTEUR,-1,-1;VEHICULE "VEHICULE" true true false 254 Text 0 0 ,First,#,GATINEAU\Sélection de tuiles\TilesSelect,VEHICULE,-1,-1;TAILLE_MO "TAILLE_MO" true true false 19 Double 0 0 ,First,#,GATINEAU\Sélection de tuiles\TilesSelect,TAILLE_MO,-1,-1;NEIGE_SOL "NEIGE_SOL" true true false 12 Text 0 0 ,First,#,GATINEAU\Sélection de tuiles\TilesSelect,NEIGE_SOL,-1,-1;ID_PROJE "ID_PROJE" true true false 128 Text 0 0 ,First,#,GATINEAU\Sélection de tuiles\TilesSelect,ID_PROJE,-1,-1;PROJET "PROJET" true true false 254 Text 0 0 ,First,#,GATINEAU\Sélection de tuiles\TilesSelect,PROJET,-1,-1;PROPRIETAI "PROPRIETAI" true true false 254 Text 0 0 ,First,#,GATINEAU\Sélection de tuiles\TilesSelect,PROPRIETAI,-1,-1;MAITRE_OEU "MAITRE_OEU" true true false 254 Text 0 0 ,First,#,GATINEAU\Sélection de tuiles\TilesSelect,MAITRE_OEU,-1,-1;DIFFUSION "DIFFUSION" true true false 4 Text 0 0 ,First,#,GATINEAU\Sélection de tuiles\TilesSelect,DIFFUSION,-1,-1;PARTAGE "PARTAGE" true true false 16 Text 0 0 ,First,#,GATINEAU\Sélection de tuiles\TilesSelect,PARTAGE,-1,-1;ACTIVITE "ACTIVITE" true true false 254 Text 0 0 ,First,#,GATINEAU\Sélection de tuiles\TilesSelect,ACTIVITE,-1,-1;COUCHE_WMS "COUCHE_WMS" true true false 254 Text 0 0 ,First,#,GATINEAU\Sélection de tuiles\TilesSelect,COUCHE_WMS,-1,-1;COUCHE_WMT "COUCHE_WMT" true true false 254 Text 0 0 ,First,#,GATINEAU\Sélection de tuiles\TilesSelect,COUCHE_WMT,-1,-1;CONTRACTAN "CONTRACTAN" true true false 254 Text 0 0 ,First,#,GATINEAU\Sélection de tuiles\TilesSelect,CONTRACTAN,-1,-1;DROIT_AUTE "DROIT_AUTE" true true false 254 Text 0 0 ,First,#,GATINEAU\Sélection de tuiles\TilesSelect,DROIT_AUTE,-1,-1;REF_UUID_G "REF_UUID_G" true true false 128 Text 0 0 ,First,#,GATINEAU\Sélection de tuiles\TilesSelect,REF_UUID_G,-1,-1;OBJECTID_1 "OBJECTID_1" true true false 10 Long 0 10 ,First,#,GATINEAU\Sélection de tuiles\TilesSelect,OBJECTID_1,-1,-1;SHAPE_Leng "SHAPE_Leng" true true false 19 Double 0 0 ,First,#,GATINEAU\Sélection de tuiles\TilesSelect,SHAPE_Leng,-1,-1;SHAPE_Area "SHAPE_Area" true true false 19 Double 0 0 ,First,#,GATINEAU\Sélection de tuiles\TilesSelect,SHAPE_Area,-1,-1"</Process><Process Name="Dissolve" ToolSource="c:\program files (x86)\arcgis\desktop10.8\ArcToolbox\Toolboxes\Data Management Tools.tbx\Dissolve" Date="20220201" Time="102604">Dissolve C:\Users\bbour\Documents\ArcGIS\Default1.gdb\MTM7_18_ETE_Merge C:\Users\bbour\Documents\ArcGIS\Default1.gdb\MTM7_18_ETE_Merge_Dissolve1 ANNEE_ACQU # MULTI_PART DISSOLVE_LINES</Process><Process ToolSource="c:\program files (x86)\arcgis\desktop10.8\ArcToolbox\Toolboxes\Data Management Tools.tbx\CalculateField" Date="20220201" Time="102849">CalculateField DateGatineau FEUILLES "NON" VB #</Process><Process ToolSource="c:\program files (x86)\arcgis\desktop10.8\ArcToolbox\Toolboxes\Data Management Tools.tbx\CalculateField" Date="20220201" Time="102854">CalculateField DateGatineau FEUILLES "NON" VB #</Process><Process ToolSource="c:\program files (x86)\arcgis\desktop10.8\ArcToolbox\Toolboxes\Data Management Tools.tbx\CalculateField" Date="20220201" Time="102907">CalculateField DateGatineau FEUILLES "NON" VB #</Process><Process ToolSource="c:\program files (x86)\arcgis\desktop10.8\ArcToolbox\Toolboxes\Data Management Tools.tbx\CalculateField" Date="20220201" Time="102927">CalculateField DateGatineau FEUILLES "NON" VB #</Process><Process ToolSource="c:\program files (x86)\arcgis\desktop10.8\ArcToolbox\Toolboxes\Data Management Tools.tbx\CalculateField" Date="20220201" Time="102940">CalculateField DateGatineau FEUILLES "OUI" VB #</Process><Process ToolSource="c:\program files (x86)\arcgis\desktop10.8\ArcToolbox\Toolboxes\Data Management Tools.tbx\CalculateField" Date="20220201" Time="103015">CalculateField DateGatineau FEUILLES "NON" VB #</Process><Process ToolSource="c:\program files (x86)\arcgis\desktop10.8\ArcToolbox\Toolboxes\Data Management Tools.tbx\CalculateField" Date="20220201" Time="103047">CalculateField DateGatineau FEUILLES "OUI" VB #</Process><Process ToolSource="c:\program files (x86)\arcgis\desktop10.8\ArcToolbox\Toolboxes\Data Management Tools.tbx\Merge" Date="20220202" Time="095430">Merge D:\20-0924-INSPQ\2_Traitements\Métadonnées\DateGatineau.shp;D:\20-0924-INSPQ\2_Traitements\Métadonnées\DateMontreal_sp.shp;D:\20-0924-INSPQ\2_Traitements\Métadonnées\DateQuebec.shp;D:\20-0924-INSPQ\2_Traitements\Métadonnées\DateSaguenay.shp;D:\20-0924-INSPQ\2_Traitements\Métadonnées\DateSherbrooke.shp;D:\20-0924-INSPQ\2_Traitements\Métadonnées\DateTR.shp D:\20-0924-INSPQ\3_Livrables\Métadonnées\MetadonneesProduction.shp "ANNEE_ACQU "ANNEE_ACQU" true true false 254 Text 0 0 ,First,#,D:\20-0924-INSPQ\2_Traitements\Métadonnées\DateGatineau.shp,ANNEE_ACQU,-1,-1,D:\20-0924-INSPQ\2_Traitements\Métadonnées\DateMontreal_sp.shp,ANNEE_ACQU,-1,-1,D:\20-0924-INSPQ\2_Traitements\Métadonnées\DateQuebec.shp,ANNEE_ACQU,-1,-1,D:\20-0924-INSPQ\2_Traitements\Métadonnées\DateSaguenay.shp,ANNEE_ACQU,-1,-1,D:\20-0924-INSPQ\2_Traitements\Métadonnées\DateSherbrooke.shp,ANNEE_ACQU,-1,-1,D:\20-0924-INSPQ\2_Traitements\Métadonnées\DateTR.shp,ANNEE_ACQU,-1,-1;FEUILLES "FEUILLES" true true false 50 Text 0 0 ,First,#,D:\20-0924-INSPQ\2_Traitements\Métadonnées\DateGatineau.shp,FEUILLES,-1,-1,D:\20-0924-INSPQ\2_Traitements\Métadonnées\DateMontreal_sp.shp,FEUILLES,-1,-1,D:\20-0924-INSPQ\2_Traitements\Métadonnées\DateQuebec.shp,FEUILLES,-1,-1,D:\20-0924-INSPQ\2_Traitements\Métadonnées\DateSaguenay.shp,FEUILLES,-1,-1,D:\20-0924-INSPQ\2_Traitements\Métadonnées\DateSherbrooke.shp,FEUILLES,-1,-1,D:\20-0924-INSPQ\2_Traitements\Métadonnées\DateTR.shp,FEUILLES,-1,-1;MODELE "MODELE" true true false 50 Text 0 0 ,First,#,D:\20-0924-INSPQ\2_Traitements\Métadonnées\DateMontreal_sp.shp,MODELE,-1,-1,D:\20-0924-INSPQ\2_Traitements\Métadonnées\DateTR.shp,MODELE,-1,-1"</Process><Process ToolSource="c:\program files (x86)\arcgis\desktop10.8\ArcToolbox\Toolboxes\Data Management Tools.tbx\CalculateField" Date="20220202" Time="095503">CalculateField MetadonneesProduction MODELE "Seuil hauteur MHC" VB #</Process><Process ToolSource="c:\program files (x86)\arcgis\desktop10.8\ArcToolbox\Toolboxes\Data Management Tools.tbx\CalculateField" Date="20220202" Time="095601">CalculateField MetadonneesProduction MODELE "Apprentissage profond - Lidar brut" VB #</Process><Process ToolSource="c:\program files (x86)\arcgis\desktop10.8\ArcToolbox\Toolboxes\Data Management Tools.tbx\CalculateField" Date="20220202" Time="095616">CalculateField MetadonneesProduction MODELE "Apprentissage profond - Lidar brut" VB #</Process><Process ToolSource="c:\program files (x86)\arcgis\desktop10.8\ArcToolbox\Toolboxes\Data Management Tools.tbx\CalculateField" Date="20220202" Time="095640">CalculateField MetadonneesProduction MODELE "Apprentissage profond - Modèle de hauteur de canopée" VB #</Process><Process ToolSource="c:\program files (x86)\arcgis\desktop10.8\ArcToolbox\Toolboxes\Data Management Tools.tbx\CalculateField" Date="20220202" Time="095712">CalculateField MetadonneesProduction MODELE "Seuil de hauteur sur modèle de hauteur de canopée" VB #</Process><Process ToolSource="c:\program files (x86)\arcgis\desktop10.8\ArcToolbox\Toolboxes\Data Management Tools.tbx\CalculateField" Date="20220202" Time="095840">CalculateField MetadonneesProduction RMR "Quebec" VB #</Process><Process ToolSource="c:\program files (x86)\arcgis\desktop10.8\ArcToolbox\Toolboxes\Data Management Tools.tbx\CalculateField" Date="20220202" Time="095857">CalculateField MetadonneesProduction RMR "Saguenay" VB #</Process><Process ToolSource="c:\program files (x86)\arcgis\desktop10.8\ArcToolbox\Toolboxes\Data Management Tools.tbx\CalculateField" Date="20220202" Time="103240">CalculateField MetadonneesProduction RMR "Trois-Rivieres" VB #</Process><Process ToolSource="c:\program files (x86)\arcgis\desktop10.8\ArcToolbox\Toolboxes\Data Management Tools.tbx\CalculateField" Date="20220202" Time="105717">CalculateField MetadonneesProduction RMR "Sherbrooke" VB #</Process><Process ToolSource="c:\program files (x86)\arcgis\desktop10.8\ArcToolbox\Toolboxes\Data Management Tools.tbx\CalculateField" Date="20220202" Time="105732">CalculateField MetadonneesProduction RMR "Montreal" VB #</Process><Process ToolSource="c:\program files (x86)\arcgis\desktop10.8\ArcToolbox\Toolboxes\Data Management Tools.tbx\CalculateField" Date="20220202" Time="105759">CalculateField MetadonneesProduction RMR "Gatineau" VB #</Process><Process ToolSource="c:\program files (x86)\arcgis\desktop10.8\ArcToolbox\Toolboxes\Analysis Tools.tbx\Erase" Date="20220208" Time="163557">Erase MetadonneesProduction ZONEclip C:\Users\bbour\Documents\ArcGIS\Default1.gdb\MetadonneesProduction_Erase #</Process><Process ToolSource="c:\program files (x86)\arcgis\desktop10.8\ArcToolbox\Toolboxes\Data Management Tools.tbx\Merge" Date="20220208" Time="163624">Merge MetadonneesProduction_Erase;ZONEclip C:\Users\bbour\Documents\ArcGIS\Default1.gdb\MetadonneesProduction_Erase_ "ANNEE_ACQU "ANNEE_ACQU" true true false 254 Text 0 0 ,First,#,MetadonneesProduction_Erase,ANNEE_ACQU,-1,-1;FEUILLES "FEUILLES" true true false 50 Text 0 0 ,First,#,MetadonneesProduction_Erase,FEUILLES,-1,-1;MODELE "MODELE" true true false 50 Text 0 0 ,First,#,MetadonneesProduction_Erase,MODELE,-1,-1;RMR "RMR" true true false 50 Text 0 0 ,First,#,MetadonneesProduction_Erase,RMR,-1,-1"</Process><Process ToolSource="c:\program files (x86)\arcgis\desktop10.8\ArcToolbox\Toolboxes\Data Management Tools.tbx\CalculateField" Date="20220222" Time="104029">CalculateField MetadonneesProduction_v2 PTS_m2 4 VB #</Process><Process ToolSource="c:\program files (x86)\arcgis\desktop10.8\ArcToolbox\Toolboxes\Data Management Tools.tbx\CalculateField" Date="20220222" Time="104040">CalculateField MetadonneesProduction_v2 PTS_m2 2.5 VB #</Process><Process ToolSource="c:\program files (x86)\arcgis\desktop10.8\ArcToolbox\Toolboxes\Data Management Tools.tbx\CalculateField" Date="20220222" Time="104052">CalculateField MetadonneesProduction_v2 PTS_m2 2.5 VB #</Process><Process ToolSource="c:\program files (x86)\arcgis\desktop10.8\ArcToolbox\Toolboxes\Data Management Tools.tbx\CalculateField" Date="20220222" Time="104442">CalculateField MetadonneesProduction_v2 PTS_m2 20 VB #</Process><Process ToolSource="c:\program files (x86)\arcgis\desktop10.8\ArcToolbox\Toolboxes\Data Management Tools.tbx\CalculateField" Date="20220222" Time="104457">CalculateField MetadonneesProduction_v2 PTS_m2 1 VB #</Process><Process ToolSource="c:\program files (x86)\arcgis\desktop10.8\ArcToolbox\Toolboxes\Data Management Tools.tbx\CalculateField" Date="20220222" Time="104512">CalculateField MetadonneesProduction_v2 PTS_m2 4 VB #</Process><Process ToolSource="c:\program files (x86)\arcgis\desktop10.8\ArcToolbox\Toolboxes\Data Management Tools.tbx\CalculateField" Date="20220222" Time="104522">CalculateField MetadonneesProduction_v2 PTS_m2 4 VB #</Process><Process ToolSource="c:\program files (x86)\arcgis\desktop10.8\ArcToolbox\Toolboxes\Data Management Tools.tbx\CalculateField" Date="20220222" Time="104531">CalculateField MetadonneesProduction_v2 PTS_m2 4 VB #</Process><Process ToolSource="c:\program files (x86)\arcgis\desktop10.8\ArcToolbox\Toolboxes\Data Management Tools.tbx\CalculateField" Date="20220222" Time="104538">CalculateField MetadonneesProduction_v2 PTS_m2 4 VB #</Process><Process ToolSource="c:\program files (x86)\arcgis\desktop10.8\ArcToolbox\Toolboxes\Data Management Tools.tbx\CalculateField" Date="20220222" Time="104547">CalculateField MetadonneesProduction_v2 PTS_m2 4 VB #</Process><Process ToolSource="c:\program files (x86)\arcgis\desktop10.8\ArcToolbox\Toolboxes\Data Management Tools.tbx\CalculateField" Date="20220222" Time="104553">CalculateField MetadonneesProduction_v2 PTS_m2 4 VB #</Process><Process ToolSource="c:\program files (x86)\arcgis\desktop10.8\ArcToolbox\Toolboxes\Data Management Tools.tbx\CalculateField" Date="20220222" Time="104600">CalculateField MetadonneesProduction_v2 PTS_m2 4 VB #</Process><Process ToolSource="c:\program files (x86)\arcgis\desktop10.8\ArcToolbox\Toolboxes\Data Management Tools.tbx\CalculateField" Date="20220222" Time="104607">CalculateField MetadonneesProduction_v2 PTS_m2 4 VB #</Process><Process ToolSource="c:\program files (x86)\arcgis\desktop10.8\ArcToolbox\Toolboxes\Data Management Tools.tbx\CalculateField" Date="20220222" Time="104616">CalculateField MetadonneesProduction_v2 PTS_m2 4 VB #</Process><Process ToolSource="c:\program files (x86)\arcgis\desktop10.8\ArcToolbox\Toolboxes\Data Management Tools.tbx\CalculateField" Date="20220222" Time="104624">CalculateField MetadonneesProduction_v2 PTS_m2 4 VB #</Process><Process ToolSource="c:\program files (x86)\arcgis\desktop10.8\ArcToolbox\Toolboxes\Data Management Tools.tbx\CalculateField" Date="20220222" Time="104632">CalculateField MetadonneesProduction_v2 PTS_m2 4 VB #</Process><Process ToolSource="c:\program files (x86)\arcgis\desktop10.8\ArcToolbox\Toolboxes\Data Management Tools.tbx\CalculateField" Date="20220222" Time="104638">CalculateField MetadonneesProduction_v2 PTS_m2 4 VB #</Process><Process ToolSource="c:\program files (x86)\arcgis\desktop10.8\ArcToolbox\Toolboxes\Data Management Tools.tbx\CalculateField" Date="20220222" Time="104647">CalculateField MetadonneesProduction_v2 PTS_m2 4 VB #</Process><Process ToolSource="c:\program files (x86)\arcgis\desktop10.8\ArcToolbox\Toolboxes\Data Management Tools.tbx\CalculateField" Date="20220222" Time="104848">CalculateField MetadonneesProduction_v2 PTS_m2 25 VB #</Process><Process ToolSource="c:\program files (x86)\arcgis\desktop10.8\ArcToolbox\Toolboxes\Data Management Tools.tbx\CalculateField" Date="20220222" Time="104900">CalculateField MetadonneesProduction_v2 PTS_m2 4 VB #</Process><Process ToolSource="c:\program files (x86)\arcgis\desktop10.8\ArcToolbox\Toolboxes\Data Management Tools.tbx\CalculateField" Date="20220222" Time="104906">CalculateField MetadonneesProduction_v2 PTS_m2 4 VB #</Process><Process ToolSource="c:\program files (x86)\arcgis\desktop10.8\ArcToolbox\Toolboxes\Data Management Tools.tbx\CalculateField" Date="20220222" Time="104911">CalculateField MetadonneesProduction_v2 PTS_m2 4 VB #</Process><Process ToolSource="c:\program files (x86)\arcgis\desktop10.8\ArcToolbox\Toolboxes\Data Management Tools.tbx\CalculateField" Date="20220222" Time="104918">CalculateField MetadonneesProduction_v2 PTS_m2 4 VB #</Process><Process ToolSource="c:\program files (x86)\arcgis\desktop10.8\ArcToolbox\Toolboxes\Data Management Tools.tbx\CalculateField" Date="20220222" Time="104931">CalculateField MetadonneesProduction_v2 PTS_m2 2.5 VB #</Process><Process ToolSource="c:\program files (x86)\arcgis\desktop10.8\ArcToolbox\Toolboxes\Data Management Tools.tbx\CalculateField" Date="20220222" Time="104941">CalculateField MetadonneesProduction_v2 PTS_m2 2.5 VB #</Process><Process ToolSource="c:\program files (x86)\arcgis\desktop10.8\ArcToolbox\Toolboxes\Data Management Tools.tbx\CalculateField" Date="20220222" Time="104950">CalculateField MetadonneesProduction_v2 PTS_m2 2.5 VB #</Process><Process ToolSource="c:\program files (x86)\arcgis\desktop10.8\ArcToolbox\Toolboxes\Data Management Tools.tbx\CalculateField" Date="20220222" Time="105013">CalculateField MetadonneesProduction_v2 PTS_m2 4 VB #</Process><Process ToolSource="c:\program files (x86)\arcgis\desktop10.8\ArcToolbox\Toolboxes\Data Management Tools.tbx\CalculateField" Date="20220222" Time="105024">CalculateField MetadonneesProduction_v2 PTS_m2 4 VB #</Process><Process ToolSource="c:\program files (x86)\arcgis\desktop10.8\ArcToolbox\Toolboxes\Data Management Tools.tbx\CalculateField" Date="20220222" Time="105149">CalculateField MetadonneesProduction_v2 PTS_m2 15 VB #</Process><Process ToolSource="c:\program files (x86)\arcgis\desktop10.8\ArcToolbox\Toolboxes\Data Management Tools.tbx\CalculateField" Date="20220222" Time="105202">CalculateField MetadonneesProduction_v2 PTS_m2 4 VB #</Process><Process ToolSource="c:\program files (x86)\arcgis\desktop10.8\ArcToolbox\Toolboxes\Data Management Tools.tbx\CalculateField" Date="20220222" Time="105208">CalculateField MetadonneesProduction_v2 PTS_m2 4 VB #</Process><Process ToolSource="c:\program files (x86)\arcgis\desktop10.8\ArcToolbox\Toolboxes\Data Management Tools.tbx\CalculateField" Date="20220222" Time="105213">CalculateField MetadonneesProduction_v2 PTS_m2 4 VB #</Process><Process ToolSource="c:\program files (x86)\arcgis\desktop10.8\ArcToolbox\Toolboxes\Data Management Tools.tbx\CalculateField" Date="20220222" Time="105218">CalculateField MetadonneesProduction_v2 PTS_m2 4 VB #</Process><Process ToolSource="c:\program files (x86)\arcgis\desktop10.8\ArcToolbox\Toolboxes\Data Management Tools.tbx\CalculateField" Date="20220222" Time="105315">CalculateField MetadonneesProduction_v2 PTS_m2 15 VB #</Process><Process ToolSource="c:\program files (x86)\arcgis\desktop10.8\ArcToolbox\Toolboxes\Data Management Tools.tbx\CalculateField" Date="20220222" Time="105348">CalculateField MetadonneesProduction_v2 PTS_m2 15 VB #</Process><Process ToolSource="c:\program files (x86)\arcgis\desktop10.8\ArcToolbox\Toolboxes\Data Management Tools.tbx\CalculateField" Date="20220222" Time="105355">CalculateField MetadonneesProduction_v2 PTS_m2 4 VB #</Process><Process ToolSource="c:\program files (x86)\arcgis\desktop10.8\ArcToolbox\Toolboxes\Data Management Tools.tbx\CalculateField" Date="20220222" Time="105405">CalculateField MetadonneesProduction_v2 PTS_m2 1 VB #</Process><Process ToolSource="c:\program files (x86)\arcgis\desktop10.8\ArcToolbox\Toolboxes\Data Management Tools.tbx\CalculateField" Date="20220222" Time="105411">CalculateField MetadonneesProduction_v2 PTS_m2 1 VB #</Process><Process ToolSource="c:\program files (x86)\arcgis\desktop10.8\ArcToolbox\Toolboxes\Data Management Tools.tbx\CalculateField" Date="20220222" Time="105417">CalculateField MetadonneesProduction_v2 PTS_m2 1 VB #</Process><Process ToolSource="c:\program files (x86)\arcgis\desktop10.8\ArcToolbox\Toolboxes\Data Management Tools.tbx\CalculateField" Date="20220222" Time="105430">CalculateField MetadonneesProduction_v2 PTS_m2 4 VB #</Process><Process ToolSource="c:\program files (x86)\arcgis\desktop10.8\ArcToolbox\Toolboxes\Data Management Tools.tbx\CalculateField" Date="20220222" Time="105437">CalculateField MetadonneesProduction_v2 PTS_m2 4 VB #</Process><Process ToolSource="c:\program files (x86)\arcgis\desktop10.8\ArcToolbox\Toolboxes\Data Management Tools.tbx\CalculateField" Date="20220222" Time="105446">CalculateField MetadonneesProduction_v2 PTS_m2 2 VB #</Process><Process ToolSource="c:\program files (x86)\arcgis\desktop10.8\ArcToolbox\Toolboxes\Data Management Tools.tbx\CalculateField" Date="20220222" Time="105457">CalculateField MetadonneesProduction_v2 PTS_m2 4 VB #</Process><Process ToolSource="c:\program files (x86)\arcgis\desktop10.8\ArcToolbox\Toolboxes\Data Management Tools.tbx\CalculateField" Date="20220222" Time="105508">CalculateField MetadonneesProduction_v2 PTS_m2 4 VB #</Process><Process ToolSource="c:\program files (x86)\arcgis\desktop10.8\ArcToolbox\Toolboxes\Data Management Tools.tbx\CalculateField" Date="20220222" Time="105518">CalculateField MetadonneesProduction_v2 PTS_m2 2.5 VB #</Process><Process ToolSource="c:\program files (x86)\arcgis\desktop10.8\ArcToolbox\Toolboxes\Data Management Tools.tbx\CalculateField" Date="20220222" Time="105531">CalculateField MetadonneesProduction_v2 PTS_m2 2.5 VB #</Process><Process ToolSource="c:\program files (x86)\arcgis\desktop10.8\ArcToolbox\Toolboxes\Data Management Tools.tbx\CalculateField" Date="20220222" Time="105543">CalculateField MetadonneesProduction_v2 PTS_m2 8 VB #</Process><Process ToolSource="c:\program files (x86)\arcgis\desktop10.8\ArcToolbox\Toolboxes\Data Management Tools.tbx\CalculateField" Date="20220222" Time="105554">CalculateField MetadonneesProduction_v2 PTS_m2 4 VB #</Process><Process ToolSource="c:\program files (x86)\arcgis\desktop10.8\ArcToolbox\Toolboxes\Data Management Tools.tbx\CalculateField" Date="20220222" Time="105605">CalculateField MetadonneesProduction_v2 PTS_m2 8 VB #</Process><Process ToolSource="c:\program files (x86)\arcgis\desktop10.8\ArcToolbox\Toolboxes\Data Management Tools.tbx\CalculateField" Date="20220222" Time="105625">CalculateField MetadonneesProduction_v2 PTS_m2 2 VB #</Process><Process ToolSource="c:\program files (x86)\arcgis\desktop10.8\ArcToolbox\Toolboxes\Data Management Tools.tbx\CalculateField" Date="20220222" Time="105636">CalculateField MetadonneesProduction_v2 PTS_m2 4 VB #</Process><Process ToolSource="c:\program files (x86)\arcgis\desktop10.8\ArcToolbox\Toolboxes\Data Management Tools.tbx\CalculateField" Date="20220222" Time="105647">CalculateField MetadonneesProduction_v2 PTS_m2 4 VB #</Process><Process ToolSource="c:\program files (x86)\arcgis\desktop10.8\ArcToolbox\Toolboxes\Data Management Tools.tbx\CalculateField" Date="20220222" Time="105701">CalculateField MetadonneesProduction_v2 PTS_m2 4 VB #</Process><Process ToolSource="c:\program files (x86)\arcgis\desktop10.8\ArcToolbox\Toolboxes\Data Management Tools.tbx\CalculateField" Date="20220222" Time="105714">CalculateField MetadonneesProduction_v2 PTS_m2 2.5 VB #</Process><Process ToolSource="c:\program files (x86)\arcgis\desktop10.8\ArcToolbox\Toolboxes\Data Management Tools.tbx\CalculateField" Date="20220222" Time="105730">CalculateField MetadonneesProduction_v2 PTS_m2 4 VB #</Process><Process ToolSource="c:\program files (x86)\arcgis\desktop10.8\ArcToolbox\Toolboxes\Data Management Tools.tbx\CalculateField" Date="20220222" Time="105739">CalculateField MetadonneesProduction_v2 PTS_m2 1 VB #</Process><Process ToolSource="c:\program files (x86)\arcgis\desktop10.8\ArcToolbox\Toolboxes\Data Management Tools.tbx\CalculateField" Date="20220222" Time="105748">CalculateField MetadonneesProduction_v2 PTS_m2 2.5 VB #</Process><Process ToolSource="c:\program files (x86)\arcgis\desktop10.8\ArcToolbox\Toolboxes\Data Management Tools.tbx\CalculateField" Date="20220222" Time="105801">CalculateField MetadonneesProduction_v2 PTS_m2 2 VB #</Process><Process ToolSource="c:\program files (x86)\arcgis\desktop10.8\ArcToolbox\Toolboxes\Data Management Tools.tbx\CalculateField" Date="20220222" Time="105809">CalculateField MetadonneesProduction_v2 PTS_m2 2 VB #</Process><Process ToolSource="c:\program files (x86)\arcgis\desktop10.8\ArcToolbox\Toolboxes\Data Management Tools.tbx\CalculateField" Date="20220222" Time="105817">CalculateField MetadonneesProduction_v2 PTS_m2 1 VB #</Process><Process ToolSource="c:\program files (x86)\arcgis\desktop10.8\ArcToolbox\Toolboxes\Data Management Tools.tbx\CalculateField" Date="20220222" Time="105825">CalculateField MetadonneesProduction_v2 PTS_m2 1 VB #</Process><Process ToolSource="c:\program files (x86)\arcgis\desktop10.8\ArcToolbox\Toolboxes\Data Management Tools.tbx\CalculateField" Date="20220222" Time="105834">CalculateField MetadonneesProduction_v2 PTS_m2 2.5 VB #</Process><Process ToolSource="c:\program files (x86)\arcgis\desktop10.8\ArcToolbox\Toolboxes\Data Management Tools.tbx\CalculateField" Date="20220222" Time="105842">CalculateField MetadonneesProduction_v2 PTS_m2 2 VB #</Process><Process ToolSource="c:\program files (x86)\arcgis\desktop10.8\ArcToolbox\Toolboxes\Data Management Tools.tbx\CalculateField" Date="20220222" Time="105848">CalculateField MetadonneesProduction_v2 PTS_m2 2 VB #</Process><Process ToolSource="c:\program files (x86)\arcgis\desktop10.8\ArcToolbox\Toolboxes\Data Management Tools.tbx\CalculateField" Date="20220222" Time="105903">CalculateField MetadonneesProduction_v2 PTS_m2 1 VB #</Process><Process ToolSource="c:\program files (x86)\arcgis\desktop10.8\ArcToolbox\Toolboxes\Data Management Tools.tbx\CalculateField" Date="20220222" Time="105914">CalculateField MetadonneesProduction_v2 PTS_m2 2.5 VB #</Process><Process ToolSource="c:\program files (x86)\arcgis\desktop10.8\ArcToolbox\Toolboxes\Data Management Tools.tbx\CalculateField" Date="20220222" Time="105928">CalculateField MetadonneesProduction_v2 PTS_m2 1 VB #</Process><Process ToolSource="c:\program files (x86)\arcgis\desktop10.8\ArcToolbox\Toolboxes\Data Management Tools.tbx\CalculateField" Date="20220222" Time="105942">CalculateField MetadonneesProduction_v2 PTS_m2 1 VB #</Process><Process ToolSource="c:\program files (x86)\arcgis\desktop10.8\ArcToolbox\Toolboxes\Data Management Tools.tbx\CalculateField" Date="20220222" Time="105955">CalculateField MetadonneesProduction_v2 PTS_m2 2 VB #</Process><Process ToolSource="c:\program files (x86)\arcgis\desktop10.8\ArcToolbox\Toolboxes\Data Management Tools.tbx\CalculateField" Date="20220222" Time="110001">CalculateField MetadonneesProduction_v2 PTS_m2 2 VB #</Process><Process ToolSource="c:\program files (x86)\arcgis\desktop10.8\ArcToolbox\Toolboxes\Data Management Tools.tbx\CalculateField" Date="20220222" Time="110013">CalculateField MetadonneesProduction_v2 PTS_m2 4 VB #</Process><Process ToolSource="c:\program files (x86)\arcgis\desktop10.8\ArcToolbox\Toolboxes\Data Management Tools.tbx\Project" Date="20220223" Time="100455">Project MetadonneesProduction_v2 E:\20-0924-INSPQ\3_Livrables\Métadonnées\MetadonneesProduction_v3.shp PROJCS['NAD_1983_Quebec_Lambert',GEOGCS['GCS_North_American_1983',DATUM['D_North_American_1983',SPHEROID['GRS_1980',6378137.0,298.257222101]],PRIMEM['Greenwich',0.0],UNIT['Degree',0.0174532925199433]],PROJECTION['Lambert_Conformal_Conic'],PARAMETER['False_Easting',0.0],PARAMETER['False_Northing',0.0],PARAMETER['Central_Meridian',-68.5],PARAMETER['Standard_Parallel_1',46.0],PARAMETER['Standard_Parallel_2',60.0],PARAMETER['Latitude_Of_Origin',44.0],UNIT['Meter',1.0]] 'NAD_1983_CSRS_To_WGS_1984_2 + WGS_1984_(ITRF00)_To_NAD_1983' GEOGCS['GCS_North_American_1983_CSRS',DATUM['D_North_American_1983_CSRS',SPHEROID['GRS_1980',6378137.0,298.257222101]],PRIMEM['Greenwich',0.0],UNIT['Degree',0.0174532925199433]] NO_PRESERVE_SHAPE # NO_VERTICAL</Process></lineage></DataProperties><SyncDate>20220208</SyncDate><SyncTime>16362400</SyncTime><ModDate>20220208</ModDate><ModTime>16362400</ModTime><ArcGISstyle>XTools Pro Metadata</ArcGISstyle></Esri><dataIdInfo><envirDesc Sync="TRUE"> Version 6.2 (Build 9200) ; Esri ArcGIS 10.8.1.14362</envirDesc><dataLang><languageCode value="fra" Sync="TRUE"></languageCode><countryCode value="CAN" Sync="TRUE"></countryCode></dataLang><idCitation><resTitle Sync="TRUE">MetadonneesProduction_Erase_</resTitle><presForm><PresFormCd value="005" Sync="TRUE"></PresFormCd></presForm></idCitation><spatRpType><SpatRepTypCd value="001" Sync="TRUE"></SpatRepTypCd></spatRpType></dataIdInfo><mdLang><languageCode value="fra" Sync="TRUE"></languageCode><countryCode value="CAN" Sync="TRUE"></countryCode></mdLang><mdChar><CharSetCd value="004" Sync="TRUE"></CharSetCd></mdChar><distInfo><distFormat><formatName Sync="TRUE">File Geodatabase Feature Class</formatName></distFormat><distTranOps><transSize Sync="TRUE">0.000</transSize></distTranOps></distInfo><mdHrLv><ScopeCd value="005" Sync="TRUE"></ScopeCd></mdHrLv><mdHrLvName Sync="TRUE">dataset</mdHrLvName><refSysInfo><RefSystem><refSysID><identCode code="4617" Sync="TRUE"></identCode><idCodeSpace Sync="TRUE">EPSG</idCodeSpace><idVersion Sync="TRUE">9.1.1(9.3.0.0)</idVersion></refSysID></RefSystem></refSysInfo><spatRepInfo><VectSpatRep><geometObjs Name="MetadonneesProduction_Erase_"><geoObjTyp><GeoObjTypCd value="002" Sync="TRUE"></GeoObjTypCd></geoObjTyp><geoObjCnt Sync="TRUE">0</geoObjCnt></geometObjs><topLvl><TopoLevCd value="001" Sync="TRUE"></TopoLevCd></topLvl></VectSpatRep></spatRepInfo><spdoinfo><ptvctinf><esriterm Name="MetadonneesProduction_Erase_"><efeatyp Sync="TRUE">Simple</efeatyp><efeageom code="4" Sync="TRUE"></efeageom><esritopo Sync="TRUE">FALSE</esritopo><efeacnt Sync="TRUE">0</efeacnt><spindex Sync="TRUE">TRUE</spindex><linrefer Sync="TRUE">FALSE</linrefer></esriterm></ptvctinf></spdoinfo><eainfo><detailed Name="MetadonneesProduction_Erase_"><enttyp><enttypl Sync="TRUE">MetadonneesProduction_Erase_</enttypl><enttypt Sync="TRUE">Feature Class</enttypt><enttypc Sync="TRUE">0</enttypc></enttyp><attr><attrlabl Sync="TRUE">OBJECTID</attrlabl><attalias Sync="TRUE">OBJECTID</attalias><attrtype Sync="TRUE">OID</attrtype><attwidth Sync="TRUE">4</attwidth><atprecis Sync="TRUE">0</atprecis><attscale Sync="TRUE">0</attscale><attrdef Sync="TRUE">Internal feature number.</attrdef><attrdefs Sync="TRUE">Esri</attrdefs><attrdomv><udom Sync="TRUE">Sequential unique whole numbers that are automatically generated.</udom></attrdomv></attr><attr><attrlabl Sync="TRUE">Shape</attrlabl><attalias Sync="TRUE">Shape</attalias><attrtype Sync="TRUE">Geometry</attrtype><attwidth Sync="TRUE">0</attwidth><atprecis Sync="TRUE">0</atprecis><attscale Sync="TRUE">0</attscale><attrdef Sync="TRUE">Feature geometry.</attrdef><attrdefs Sync="TRUE">Esri</attrdefs><attrdomv><udom Sync="TRUE">Coordinates defining the features.</udom></attrdomv></attr><attr><attrlabl Sync="TRUE">ANNEE_ACQU</attrlabl><attalias Sync="TRUE">ANNEE_ACQU</attalias><attrtype Sync="TRUE">String</attrtype><attwidth Sync="TRUE">254</attwidth><atprecis Sync="TRUE">0</atprecis><attscale Sync="TRUE">0</attscale></attr><attr><attrlabl Sync="TRUE">FEUILLES</attrlabl><attalias Sync="TRUE">FEUILLES</attalias><attrtype Sync="TRUE">String</attrtype><attwidth Sync="TRUE">50</attwidth><atprecis Sync="TRUE">0</atprecis><attscale Sync="TRUE">0</attscale></attr><attr><attrlabl Sync="TRUE">MODELE</attrlabl><attalias Sync="TRUE">MODELE</attalias><attrtype Sync="TRUE">String</attrtype><attwidth Sync="TRUE">50</attwidth><atprecis Sync="TRUE">0</atprecis><attscale Sync="TRUE">0</attscale></attr><attr><attrlabl Sync="TRUE">RMR</attrlabl><attalias Sync="TRUE">RMR</attalias><attrtype Sync="TRUE">String</attrtype><attwidth Sync="TRUE">50</attwidth><atprecis Sync="TRUE">0</atprecis><attscale Sync="TRUE">0</attscale></attr><attr><attrlabl Sync="TRUE">Shape_Length</attrlabl><attalias Sync="TRUE">Shape_Length</attalias><attrtype Sync="TRUE">Double</attrtype><attwidth Sync="TRUE">8</attwidth><atprecis Sync="TRUE">0</atprecis><attscale Sync="TRUE">0</attscale><attrdef Sync="TRUE">Length of feature in internal units.</attrdef><attrdefs Sync="TRUE">Esri</attrdefs><attrdomv><udom Sync="TRUE">Positive real numbers that are automatically generated.</udom></attrdomv></attr><attr><attrlabl Sync="TRUE">Shape_Area</attrlabl><attalias Sync="TRUE">Shape_Area</attalias><attrtype Sync="TRUE">Double</attrtype><attwidth Sync="TRUE">8</attwidth><atprecis Sync="TRUE">0</atprecis><attscale Sync="TRUE">0</attscale><attrdef Sync="TRUE">Area of feature in internal units squared.</attrdef><attrdefs Sync="TRUE">Esri</attrdefs><attrdomv><udom Sync="TRUE">Positive real numbers that are automatically generated.</udom></attrdomv></attr></detailed></eainfo><mdDateSt Sync="TRUE">20220208</mdDateSt></metadata>
