<?xml version="1.0" encoding="utf-8"?>
<export xmlns:xsi="http://www.w3.org/2001/XMLSchema-instance" xmlns:xsd="http://www.w3.org/2001/XMLSchema" datedebut="2022-12-01" datefin="2022-12-31">
  <contrat>
    <numeroseao>1057870</numeroseao>
    <numero>31595500</numero>
    <datefinale>2022-03-31</datefinale>
    <datepublicationfinale>2022-05-24</datepublicationfinale>
    <montantfinal>332148.220000</montantfinal>
    <nomcontractant>D.L. Sanitation enr (3100-2918 Québec inc.)</nomcontractant>
    <neqcontractant>1144319838</neqcontractant>
  </contrat>
  <contrat>
    <numeroseao>1066732</numeroseao>
    <numero>8642</numero>
    <datefinale>2022-12-07</datefinale>
    <datepublicationfinale>2022-11-24</datepublicationfinale>
    <montantfinal>372950.000000</montantfinal>
    <nomcontractant>Raymond Chabot Grant Thornton &amp; Cie S.E.N.C.R.L.</nomcontractant>
    <neqcontractant>3342037838</neqcontractant>
  </contrat>
  <contrat>
    <numeroseao>1097170</numeroseao>
    <numero>50843</numero>
    <datefinale />
    <datepublicationfinale>2019-03-27</datepublicationfinale>
    <montantfinal>0.000000</montantfinal>
    <nomcontractant>CIUSSS</nomcontractant>
    <neqcontractant />
  </contrat>
  <contrat>
    <numeroseao>1187722</numeroseao>
    <numero>52335-3367890</numero>
    <datefinale>2018-09-05</datefinale>
    <datepublicationfinale>2018-12-14</datepublicationfinale>
    <montantfinal>63981.290000</montantfinal>
    <nomcontractant>Maestrovision inc. </nomcontractant>
    <neqcontractant>1148379325</neqcontractant>
  </contrat>
  <contrat>
    <numeroseao>1187947</numeroseao>
    <numero>6501-18-HE04</numero>
    <datefinale>2022-08-23</datefinale>
    <datepublicationfinale>2022-08-24</datepublicationfinale>
    <montantfinal>91036.060000</montantfinal>
    <nomcontractant>SNC-Lavalin inc.</nomcontractant>
    <neqcontractant>1142775999</neqcontractant>
  </contrat>
  <contrat>
    <numeroseao>1199583</numeroseao>
    <numero>2506-17-PZ10</numero>
    <datefinale>2020-03-31</datefinale>
    <datepublicationfinale>2021-05-18</datepublicationfinale>
    <montantfinal>647848.080000</montantfinal>
    <nomcontractant>Barrière QMB inc.</nomcontractant>
    <neqcontractant>1140284119</neqcontractant>
  </contrat>
  <contrat>
    <numeroseao>1200311</numeroseao>
    <numero>33699500</numero>
    <datefinale>2022-02-26</datefinale>
    <datepublicationfinale>2022-03-30</datepublicationfinale>
    <montantfinal>1731834.040000</montantfinal>
    <nomcontractant>TOITURES QUATRE-SAISONS INC.</nomcontractant>
    <neqcontractant>1143162239</neqcontractant>
  </contrat>
  <contrat>
    <numeroseao>1240599</numeroseao>
    <numero>7183-19-0302</numero>
    <datefinale>2022-08-12</datefinale>
    <datepublicationfinale>2022-09-07</datepublicationfinale>
    <montantfinal>1283345.970000</montantfinal>
    <nomcontractant>Lignco Sigma inc.</nomcontractant>
    <neqcontractant>1147164058</neqcontractant>
  </contrat>
  <contrat>
    <numeroseao>1263256</numeroseao>
    <numero>6401-19-0103</numero>
    <datefinale>2022-03-31</datefinale>
    <datepublicationfinale>2022-04-05</datepublicationfinale>
    <montantfinal>45654.750000</montantfinal>
    <nomcontractant>Clôtures Nord Sud inc.</nomcontractant>
    <neqcontractant>1142477950</neqcontractant>
  </contrat>
  <contrat>
    <numeroseao>1268551</numeroseao>
    <numero>2019-03</numero>
    <datefinale />
    <datepublicationfinale>2020-06-25</datepublicationfinale>
    <montantfinal>1149693.070000</montantfinal>
    <nomcontractant>HÉLOÏSE THIBODEAU ARCHITECTE INC.</nomcontractant>
    <neqcontractant>1167027854</neqcontractant>
  </contrat>
  <contrat>
    <numeroseao>1278117</numeroseao>
    <numero>AP364</numero>
    <datefinale>2022-10-14</datefinale>
    <datepublicationfinale>2022-11-24</datepublicationfinale>
    <montantfinal>1249128.830000</montantfinal>
    <nomcontractant>LEVIO CONSEILS INC.</nomcontractant>
    <neqcontractant>1169672574</neqcontractant>
  </contrat>
  <contrat>
    <numeroseao>1297589</numeroseao>
    <numero>35851600</numero>
    <datefinale>2022-09-30</datefinale>
    <datepublicationfinale>2022-10-21</datepublicationfinale>
    <montantfinal>87092.180000</montantfinal>
    <nomcontractant>AV-TECH INC.</nomcontractant>
    <neqcontractant>1174192535</neqcontractant>
  </contrat>
  <contrat>
    <numeroseao>1298705</numeroseao>
    <numero>35851500</numero>
    <datefinale>2022-09-30</datefinale>
    <datepublicationfinale>2022-11-09</datepublicationfinale>
    <montantfinal>82174.560000</montantfinal>
    <nomcontractant>GAZÉO INC.</nomcontractant>
    <neqcontractant>1170699095</neqcontractant>
  </contrat>
  <contrat>
    <numeroseao>1306638</numeroseao>
    <numero>35852100</numero>
    <datefinale>2022-09-30</datefinale>
    <datepublicationfinale>2022-10-21</datepublicationfinale>
    <montantfinal>38822.530000</montantfinal>
    <nomcontractant>Plomberie Briere inc.</nomcontractant>
    <neqcontractant>1148270136</neqcontractant>
  </contrat>
  <contrat>
    <numeroseao>1308960</numeroseao>
    <numero>44512972</numero>
    <datefinale>2022-09-30</datefinale>
    <datepublicationfinale>2022-11-09</datepublicationfinale>
    <montantfinal>77215.850000</montantfinal>
    <nomcontractant>AV-TECH INC.</nomcontractant>
    <neqcontractant>1174192535</neqcontractant>
  </contrat>
  <contrat>
    <numeroseao>1322069</numeroseao>
    <numero>35712400</numero>
    <datefinale>2022-10-31</datefinale>
    <datepublicationfinale>2022-11-11</datepublicationfinale>
    <montantfinal>38563.200000</montantfinal>
    <nomcontractant>Construction Steve Durand</nomcontractant>
    <neqcontractant>1165380552</neqcontractant>
  </contrat>
  <contrat>
    <numeroseao>1335642</numeroseao>
    <numero>2503-18-0216</numero>
    <datefinale>2022-11-24</datefinale>
    <datepublicationfinale>2022-11-25</datepublicationfinale>
    <montantfinal>16608487.170000</montantfinal>
    <nomcontractant>CONSTRUCTION DEMATHIEU &amp; BARD (CDB) INC.</nomcontractant>
    <neqcontractant>1147057740</neqcontractant>
  </contrat>
  <contrat>
    <numeroseao>1360878</numeroseao>
    <numero>7006-20-0901</numero>
    <datefinale>2022-07-19</datefinale>
    <datepublicationfinale>2022-07-20</datepublicationfinale>
    <montantfinal>5817885.910000</montantfinal>
    <nomcontractant>Eurovia Québec Construction Inc.</nomcontractant>
    <neqcontractant>1169491884</neqcontractant>
  </contrat>
  <contrat>
    <numeroseao>1378146</numeroseao>
    <numero>36506400</numero>
    <datefinale>2022-11-30</datefinale>
    <datepublicationfinale>2022-04-07</datepublicationfinale>
    <montantfinal>3770034.300000</montantfinal>
    <nomcontractant>REVENCO (1991) INC.</nomcontractant>
    <neqcontractant>1142073841</neqcontractant>
  </contrat>
  <contrat>
    <numeroseao>1379014</numeroseao>
    <numero>2503-18-0220</numero>
    <datefinale>2022-12-14</datefinale>
    <datepublicationfinale>2022-06-27</datepublicationfinale>
    <montantfinal>2143412.080000</montantfinal>
    <nomcontractant>Parko inc</nomcontractant>
    <neqcontractant>1148136253</neqcontractant>
  </contrat>
  <contrat>
    <numeroseao>1391671</numeroseao>
    <numero>MEI-P253</numero>
    <datefinale>2022-09-16</datefinale>
    <datepublicationfinale>2022-11-28</datepublicationfinale>
    <montantfinal>259843.580000</montantfinal>
    <nomcontractant>MOMENTUM TECHNOLOGIES INC.</nomcontractant>
    <neqcontractant>1173994220</neqcontractant>
  </contrat>
  <contrat>
    <numeroseao>1404900</numeroseao>
    <numero>CS-90020-2046</numero>
    <datefinale>2022-06-09</datefinale>
    <datepublicationfinale>2022-11-22</datepublicationfinale>
    <montantfinal>24108232.000000</montantfinal>
    <nomcontractant>Chirurgie DIX30 Inc.</nomcontractant>
    <neqcontractant>1169096287</neqcontractant>
  </contrat>
  <contrat>
    <numeroseao>1411588</numeroseao>
    <numero>2902-21-SH01</numero>
    <datefinale>2022-08-31</datefinale>
    <datepublicationfinale>2022-09-01</datepublicationfinale>
    <montantfinal>153721.650000</montantfinal>
    <nomcontractant>9346-5003 Québec inc.</nomcontractant>
    <neqcontractant>1172101868</neqcontractant>
  </contrat>
  <contrat>
    <numeroseao>1417967</numeroseao>
    <numero>M.440.000.060-069 (20-21)</numero>
    <datefinale>2022-03-14</datefinale>
    <datepublicationfinale>2022-10-19</datepublicationfinale>
    <montantfinal>336341.270000</montantfinal>
    <nomcontractant>TOITURES JULES CHABOT INC.</nomcontractant>
    <neqcontractant>1141994179</neqcontractant>
  </contrat>
  <contrat>
    <numeroseao>1424045</numeroseao>
    <numero>999736516</numero>
    <datefinale>2022-10-27</datefinale>
    <datepublicationfinale>2022-11-15</datepublicationfinale>
    <montantfinal>140115.000000</montantfinal>
    <nomcontractant>Micro Logic Sainte-Foy Ltée</nomcontractant>
    <neqcontractant>1172265846</neqcontractant>
  </contrat>
  <contrat>
    <numeroseao>1427234</numeroseao>
    <numero>9109-19-0201</numero>
    <datefinale>2022-08-30</datefinale>
    <datepublicationfinale>2022-09-01</datepublicationfinale>
    <montantfinal>1212731.980000</montantfinal>
    <nomcontractant>9015-6472 QUÉBEC INC.</nomcontractant>
    <neqcontractant>1142398917</neqcontractant>
  </contrat>
  <contrat>
    <numeroseao>1433506</numeroseao>
    <numero>396400472</numero>
    <datefinale>2022-10-14</datefinale>
    <datepublicationfinale>2022-11-15</datepublicationfinale>
    <montantfinal>850000.000000</montantfinal>
    <nomcontractant>Amazon Web Services Inc.</nomcontractant>
    <neqcontractant />
  </contrat>
  <contrat>
    <numeroseao>1451473</numeroseao>
    <numero>6608-21-4575</numero>
    <datefinale>2022-08-31</datefinale>
    <datepublicationfinale>2022-09-01</datepublicationfinale>
    <montantfinal>614782.750000</montantfinal>
    <nomcontractant>A.M.L. CARON INC.</nomcontractant>
    <neqcontractant>1170754254</neqcontractant>
  </contrat>
  <contrat>
    <numeroseao>1459169</numeroseao>
    <numero>1091</numero>
    <datefinale>2022-11-02</datefinale>
    <datepublicationfinale>2022-11-23</datepublicationfinale>
    <montantfinal>229469.910000</montantfinal>
    <nomcontractant>Bordures et Trottoirs Mirabex Inc.</nomcontractant>
    <neqcontractant>1175322867</neqcontractant>
  </contrat>
  <contrat>
    <numeroseao>1475111</numeroseao>
    <numero>6608-21-NL03</numero>
    <datefinale>2022-06-28</datefinale>
    <datepublicationfinale>2022-10-07</datepublicationfinale>
    <montantfinal>146960.240000</montantfinal>
    <nomcontractant>LES CONCASSÉS DU CAP INC.</nomcontractant>
    <neqcontractant>1143435981</neqcontractant>
  </contrat>
  <contrat>
    <numeroseao>1481847</numeroseao>
    <numero>CX13423/GX3537</numero>
    <datefinale>2022-02-21</datefinale>
    <datepublicationfinale>2022-11-10</datepublicationfinale>
    <montantfinal>47484.680000</montantfinal>
    <nomcontractant>Léger</nomcontractant>
    <neqcontractant>1149442296</neqcontractant>
  </contrat>
  <contrat>
    <numeroseao>1483612</numeroseao>
    <numero>8601-21-0101</numero>
    <datefinale>2021-12-20</datefinale>
    <datepublicationfinale>2022-01-07</datepublicationfinale>
    <montantfinal>247312.100000</montantfinal>
    <nomcontractant>LES GLISSIÈRES DE SÉCURITÉ J.T.D. INC.</nomcontractant>
    <neqcontractant>1140429052</neqcontractant>
  </contrat>
  <contrat>
    <numeroseao>1501164</numeroseao>
    <numero>9001-19-PV28</numero>
    <datefinale>2021-02-18</datefinale>
    <datepublicationfinale>2021-09-07</datepublicationfinale>
    <montantfinal>2769632.960000</montantfinal>
    <nomcontractant>Standard Aero Limited</nomcontractant>
    <neqcontractant>1148289128</neqcontractant>
  </contrat>
  <contrat>
    <numeroseao>1501993</numeroseao>
    <numero>BON202101632</numero>
    <datefinale>2022-12-02</datefinale>
    <datepublicationfinale>2022-06-15</datepublicationfinale>
    <montantfinal>32072.000000</montantfinal>
    <nomcontractant>Perfix inc.</nomcontractant>
    <neqcontractant>1173404154</neqcontractant>
  </contrat>
  <contrat>
    <numeroseao>1507679</numeroseao>
    <numero>44517867</numero>
    <datefinale>2022-10-31</datefinale>
    <datepublicationfinale>2022-11-29</datepublicationfinale>
    <montantfinal>27052.120000</montantfinal>
    <nomcontractant>Groupe Ferti (Fertibeauce Inc)</nomcontractant>
    <neqcontractant>1142280917</neqcontractant>
  </contrat>
  <contrat>
    <numeroseao>1511516</numeroseao>
    <numero>396900107</numero>
    <datefinale>2022-10-01</datefinale>
    <datepublicationfinale>2022-01-27</datepublicationfinale>
    <montantfinal>66195.700000</montantfinal>
    <nomcontractant>Gap Wireless Inc.</nomcontractant>
    <neqcontractant>1175913434</neqcontractant>
  </contrat>
  <contrat>
    <numeroseao>1529064</numeroseao>
    <numero>396402830</numero>
    <datefinale>2022-09-30</datefinale>
    <datepublicationfinale>2022-11-15</datepublicationfinale>
    <montantfinal>42455.860000</montantfinal>
    <nomcontractant>LES SOLUTIONS VICTRIX INC.</nomcontractant>
    <neqcontractant>1167031799</neqcontractant>
  </contrat>
  <contrat>
    <numeroseao>1530346</numeroseao>
    <numero>396402422</numero>
    <datefinale>2022-09-30</datefinale>
    <datepublicationfinale>2022-11-15</datepublicationfinale>
    <montantfinal>155172.130000</montantfinal>
    <nomcontractant>Levi, Ray, and Shoup, Inc.</nomcontractant>
    <neqcontractant />
  </contrat>
  <contrat>
    <numeroseao>1536558</numeroseao>
    <numero>2021-195-2189-CS-GG</numero>
    <datefinale>2022-05-31</datefinale>
    <datepublicationfinale>2022-10-19</datepublicationfinale>
    <montantfinal>508502.370000</montantfinal>
    <nomcontractant>9417-2541 Québec inc.</nomcontractant>
    <neqcontractant>1175397166</neqcontractant>
  </contrat>
  <contrat>
    <numeroseao>1539249</numeroseao>
    <numero>44526167</numero>
    <datefinale>2022-08-24</datefinale>
    <datepublicationfinale>2022-08-24</datepublicationfinale>
    <montantfinal>36109.840000</montantfinal>
    <nomcontractant>9265-2338 Québec inc.</nomcontractant>
    <neqcontractant>1168360403</neqcontractant>
  </contrat>
  <contrat>
    <numeroseao>1549519</numeroseao>
    <numero>396403243</numero>
    <datefinale>2022-10-31</datefinale>
    <datepublicationfinale>2022-01-27</datepublicationfinale>
    <montantfinal>38556.440000</montantfinal>
    <nomcontractant>ORACLE CANADA ULC</nomcontractant>
    <neqcontractant>1166275785</neqcontractant>
  </contrat>
  <contrat>
    <numeroseao>1567668</numeroseao>
    <numero>S 280 429 393</numero>
    <datefinale>2022-10-11</datefinale>
    <datepublicationfinale>2022-06-01</datepublicationfinale>
    <montantfinal>55425.000000</montantfinal>
    <nomcontractant>Raymond Chabot Grant Thornton &amp; Cie S.E.N.C.R.L.</nomcontractant>
    <neqcontractant>3342037838</neqcontractant>
  </contrat>
  <contrat>
    <numeroseao>1570534</numeroseao>
    <numero>2021-0005</numero>
    <datefinale>2022-03-31</datefinale>
    <datepublicationfinale>2022-06-30</datepublicationfinale>
    <montantfinal>45762.500000</montantfinal>
    <nomcontractant>TERRANOVA WORLDWIDE CORPORATION</nomcontractant>
    <neqcontractant>1160433638</neqcontractant>
  </contrat>
  <contrat>
    <numeroseao>1591191</numeroseao>
    <numero>9001-22-PZ15</numero>
    <datefinale>2022-11-18</datefinale>
    <datepublicationfinale>2022-11-21</datepublicationfinale>
    <montantfinal>50328.030000</montantfinal>
    <nomcontractant>Newcastle Aviation Partners LLC</nomcontractant>
    <neqcontractant />
  </contrat>
  <contrat>
    <numeroseao>1591499</numeroseao>
    <numero>396403485</numero>
    <datefinale>2022-10-31</datefinale>
    <datepublicationfinale>2022-07-10</datepublicationfinale>
    <montantfinal>54703.000000</montantfinal>
    <nomcontractant>Micro Focus Software Solutions Canada Co.</nomcontractant>
    <neqcontractant />
  </contrat>
  <contrat>
    <numeroseao>1608080</numeroseao>
    <numero>DDP-2022-225</numero>
    <datefinale>2022-10-21</datefinale>
    <datepublicationfinale>2022-10-31</datepublicationfinale>
    <montantfinal>55405.000000</montantfinal>
    <nomcontractant>FORAGES TECHNIC-EAU INC.</nomcontractant>
    <neqcontractant>1175924829</neqcontractant>
  </contrat>
  <contrat>
    <numeroseao>1608513</numeroseao>
    <numero>2904-22-AR01</numero>
    <datefinale>2022-07-20</datefinale>
    <datepublicationfinale>2022-07-20</datepublicationfinale>
    <montantfinal>27172.640000</montantfinal>
    <nomcontractant>Construction et pavage Portneuf inc.</nomcontractant>
    <neqcontractant>1142323634</neqcontractant>
  </contrat>
  <contrat>
    <numeroseao>1636663</numeroseao>
    <numero>2022-0186/EQ16028</numero>
    <datefinale>2022-10-12</datefinale>
    <datepublicationfinale>2022-10-24</datepublicationfinale>
    <montantfinal>35026.000000</montantfinal>
    <nomcontractant>SERVICE DE L'ESTRIE (VENTE ET RÉPARATION) INC.</nomcontractant>
    <neqcontractant>1143691385</neqcontractant>
  </contrat>
  <contrat>
    <numeroseao>1642612</numeroseao>
    <numero>2022-0186/EQ16101</numero>
    <datefinale>2022-11-14</datefinale>
    <datepublicationfinale>2022-11-17</datepublicationfinale>
    <montantfinal>36548.000000</montantfinal>
    <nomcontractant>GROUPE SUPRÊME R.B. INC.</nomcontractant>
    <neqcontractant>1149542194</neqcontractant>
  </contrat>
  <contrat>
    <numeroseao>1642977</numeroseao>
    <numero>2022-0186/EQ16088_EQ16094</numero>
    <datefinale>2022-10-31</datefinale>
    <datepublicationfinale>2022-11-17</datepublicationfinale>
    <montantfinal>31241.000000</montantfinal>
    <nomcontractant>G. DOYON CUISINE INC.</nomcontractant>
    <neqcontractant>1166350455</neqcontractant>
  </contrat>
  <contrat>
    <numeroseao>1646543</numeroseao>
    <numero>GN148024</numero>
    <datefinale>2022-11-22</datefinale>
    <datepublicationfinale>2022-11-02</datepublicationfinale>
    <montantfinal>165718.170000</montantfinal>
    <nomcontractant>10x Genomics, Inc.</nomcontractant>
    <neqcontractant />
  </contrat>
  <contrat>
    <numeroseao>1653991</numeroseao>
    <numero>9001-20-PV87</numero>
    <datefinale>2022-10-17</datefinale>
    <datepublicationfinale>2022-10-19</datepublicationfinale>
    <montantfinal>293883.480000</montantfinal>
    <nomcontractant>Anderson Aeromotive, Inc.</nomcontractant>
    <neqcontractant />
  </contrat>
  <contrat>
    <numeroseao>1661243</numeroseao>
    <numero>CS103756 (206803-220701)</numero>
    <datefinale />
    <datepublicationfinale>2022-11-11</datepublicationfinale>
    <montantfinal>0.000000</montantfinal>
    <nomcontractant>Julie Bédard</nomcontractant>
    <neqcontractant />
  </contrat>
</export>