<?xml version="1.0"?>
<!--<!DOCTYPE metadata SYSTEM "http://www.esri.com/metadata/esriprof80.dtd">-->
<metadata xml:lang="fr"><Esri><CreaDate>20220311</CreaDate><CreaTime>14401200</CreaTime><SyncOnce>FALSE</SyncOnce><DataProperties><itemProps><itemLocation><linkage Sync="TRUE">file://\\monalisa\production\V\Limites_Administratives\BDGA5M\BDGA_5M(adm)_SHP\mrc_l.shp</linkage><protocol Sync="TRUE">Local Area Network</protocol></itemLocation><itemName Sync="TRUE">mrc_l</itemName><imsContentType Sync="TRUE">002</imsContentType><itemSize Sync="TRUE">0.000</itemSize></itemProps><copyHistory><copy source="q:\bdga5m\ainfo\admin\version_courante\adm\mrc_s" dest="\\monalisa\Production\v\limites_administratives\bdga5m\1_intrants_arcinfo\mrc_s" date="20220311" time="14401200"></copy></copyHistory><lineage><Process ToolSource="c:\program files (x86)\arcgis\desktop10.3\ArcToolbox\Toolboxes\Data Management Tools.tbx\CalculateField" Date="20170629" Time="085850">CalculateField "mrc_s polygon5m" MRS_DE_IND "Municipalité régionale de comté géographique" VB #</Process><Process ToolSource="c:\program files (x86)\arcgis\desktop10.3\ArcToolbox\Toolboxes\Data Management Tools.tbx\CalculateField" Date="20170629" Time="090645">CalculateField "mrc_s polygon5m" MRS_DE_IND "Municipalité régionale de comté géographique" VB #</Process><Process ToolSource="c:\program files (x86)\arcgis\desktop10.3\ArcToolbox\Toolboxes\Data Management Tools.tbx\CalculateField" Date="20170629" Time="090701">CalculateField "mrc_s polygon5m" MRS_DE_IND "Municipalité régionale de comté" VB #</Process><Process ToolSource="c:\program files (x86)\arcgis\desktop10.3\ArcToolbox\Toolboxes\Data Management Tools.tbx\CalculateField" Date="20170629" Time="090716">CalculateField "mrc_s polygon5m" MRS_DE_IND "Municipalité régionale de comté" VB #</Process><Process ToolSource="c:\program files (x86)\arcgis\desktop10.3\ArcToolbox\Toolboxes\Data Management Tools.tbx\CalculateField" Date="20170629" Time="090809">CalculateField "mrc_s polygon5m" MRS_DE_IND "Municipalité régionale de comté" VB #</Process><Process ToolSource="c:\program files (x86)\arcgis\desktop10.3\ArcToolbox\Toolboxes\Data Management Tools.tbx\CalculateField" Date="20170629" Time="090824">CalculateField "mrc_s polygon5m" MRS_DE_IND "Municipalité régionale de comté géographique" VB #</Process><Process ToolSource="c:\program files (x86)\arcgis\desktop10.3\ArcToolbox\Toolboxes\Data Management Tools.tbx\CalculateField" Date="20170629" Time="090855">CalculateField "mrc_s polygon5m" MRS_DE_IND "Municipalité régionale de comté" VB #</Process><Process ToolSource="c:\program files (x86)\arcgis\desktop10.3\ArcToolbox\Toolboxes\Data Management Tools.tbx\CalculateField" Date="20170629" Time="090913">CalculateField "mrc_s polygon5m" MRS_DE_IND "Municipalité régionale de comté géographique" VB #</Process><Process ToolSource="c:\program files (x86)\arcgis\desktop10.3\ArcToolbox\Toolboxes\Data Management Tools.tbx\CalculateField" Date="20170629" Time="090926">CalculateField "mrc_s polygon5m" MRS_DE_IND "Municipalité régionale de comté" VB #</Process><Process ToolSource="c:\program files (x86)\arcgis\desktop10.3\ArcToolbox\Toolboxes\Data Management Tools.tbx\CalculateField" Date="20170629" Time="090943">CalculateField "mrc_s polygon5m" MRS_DE_IND "Municipalité régionale de comté" VB #</Process><Process ToolSource="c:\program files (x86)\arcgis\desktop10.3\ArcToolbox\Toolboxes\Data Management Tools.tbx\CalculateField" Date="20170629" Time="090953">CalculateField "mrc_s polygon5m" MRS_DE_IND "Municipalité régionale de comté géographique" VB #</Process><Process ToolSource="c:\program files (x86)\arcgis\desktop10.3\ArcToolbox\Toolboxes\Data Management Tools.tbx\CalculateField" Date="20170629" Time="091008">CalculateField "mrc_s polygon5m" MRS_DE_IND "Municipalité régionale de comté" VB #</Process><Process ToolSource="c:\program files (x86)\arcgis\desktop10.3\ArcToolbox\Toolboxes\Data Management Tools.tbx\CalculateField" Date="20170629" Time="091032">CalculateField "mrc_s polygon5m" MRS_DE_IND "Municipalité régionale de comté" VB #</Process><Process ToolSource="c:\program files (x86)\arcgis\desktop10.3\ArcToolbox\Toolboxes\Data Management Tools.tbx\CalculateField" Date="20170629" Time="091043">CalculateField "mrc_s polygon5m" MRS_DE_IND "Municipalité régionale de comté géographique" VB #</Process><Process ToolSource="c:\program files (x86)\arcgis\desktop10.3\ArcToolbox\Toolboxes\Data Management Tools.tbx\CalculateField" Date="20170629" Time="091057">CalculateField "mrc_s polygon5m" MRS_DE_IND "Municipalité régionale de comté" VB #</Process><Process ToolSource="c:\program files (x86)\arcgis\desktop10.3\ArcToolbox\Toolboxes\Data Management Tools.tbx\CalculateField" Date="20170629" Time="091114">CalculateField "mrc_s polygon5m" MRS_DE_IND "Municipalité régionale de comté" VB #</Process><Process ToolSource="c:\program files (x86)\arcgis\desktop10.3\ArcToolbox\Toolboxes\Data Management Tools.tbx\CalculateField" Date="20170629" Time="091126">CalculateField "mrc_s polygon5m" MRS_DE_IND "Municipalité régionale de comté géographique" VB #</Process><Process ToolSource="c:\program files (x86)\arcgis\desktop10.3\ArcToolbox\Toolboxes\Data Management Tools.tbx\CalculateField" Date="20170629" Time="091140">CalculateField "mrc_s polygon5m" MRS_DE_IND "Municipalité régionale de comté" VB #</Process><Process ToolSource="c:\program files (x86)\arcgis\desktop10.3\ArcToolbox\Toolboxes\Data Management Tools.tbx\CalculateField" Date="20170629" Time="091158">CalculateField "mrc_s polygon5m" MRS_DE_IND "Municipalité régionale de comté" VB #</Process><Process ToolSource="c:\program files (x86)\arcgis\desktop10.3\ArcToolbox\Toolboxes\Data Management Tools.tbx\CalculateField" Date="20170629" Time="091207">CalculateField "mrc_s polygon5m" MRS_DE_IND "Municipalité régionale de comté géographique" VB #</Process><Process ToolSource="c:\program files (x86)\arcgis\desktop10.3\ArcToolbox\Toolboxes\Data Management Tools.tbx\CalculateField" Date="20170629" Time="091222">CalculateField "mrc_s polygon5m" MRS_DE_IND "Municipalité régionale de comté" VB #</Process><Process ToolSource="c:\program files (x86)\arcgis\desktop10.3\ArcToolbox\Toolboxes\Data Management Tools.tbx\CalculateField" Date="20170629" Time="091240">CalculateField "mrc_s polygon5m" MRS_DE_IND "Municipalité régionale de comté" VB #</Process><Process ToolSource="c:\program files (x86)\arcgis\desktop10.3\ArcToolbox\Toolboxes\Data Management Tools.tbx\CalculateField" Date="20170629" Time="091251">CalculateField "mrc_s polygon5m" MRS_DE_IND "Municipalité régionale de comté géographique" VB #</Process><Process ToolSource="c:\program files (x86)\arcgis\desktop10.3\ArcToolbox\Toolboxes\Data Management Tools.tbx\CalculateField" Date="20170629" Time="091302">CalculateField "mrc_s polygon5m" MRS_DE_IND "Municipalité régionale de comté" VB #</Process><Process ToolSource="c:\program files (x86)\arcgis\desktop10.3\ArcToolbox\Toolboxes\Data Management Tools.tbx\CalculateField" Date="20170629" Time="091313">CalculateField "mrc_s polygon5m" MRS_DE_IND "Municipalité régionale de comté" VB #</Process><Process ToolSource="c:\program files (x86)\arcgis\desktop10.3\ArcToolbox\Toolboxes\Data Management Tools.tbx\CalculateField" Date="20170629" Time="091327">CalculateField "mrc_s polygon5m" MRS_DE_IND "Municipalité régionale de comté géographique" VB #</Process><Process ToolSource="c:\program files (x86)\arcgis\desktop10.3\ArcToolbox\Toolboxes\Data Management Tools.tbx\CalculateField" Date="20170629" Time="091335">CalculateField "mrc_s polygon5m" MRS_DE_IND "Municipalité régionale de comté" VB #</Process><Process ToolSource="c:\program files (x86)\arcgis\desktop10.3\ArcToolbox\Toolboxes\Data Management Tools.tbx\CalculateField" Date="20170629" Time="091348">CalculateField "mrc_s polygon5m" MRS_DE_IND "Municipalité régionale de comté géographique" VB #</Process><Process ToolSource="c:\program files (x86)\arcgis\desktop10.3\ArcToolbox\Toolboxes\Data Management Tools.tbx\CalculateField" Date="20170629" Time="091405">CalculateField "mrc_s polygon5m" MRS_DE_IND "Municipalité régionale de comté" VB #</Process><Process ToolSource="c:\program files (x86)\arcgis\desktop10.3\ArcToolbox\Toolboxes\Data Management Tools.tbx\CalculateField" Date="20170629" Time="091418">CalculateField "mrc_s polygon5m" MRS_DE_IND "Municipalité régionale de comté géographique" VB #</Process><Process ToolSource="c:\program files (x86)\arcgis\desktop10.3\ArcToolbox\Toolboxes\Data Management Tools.tbx\CalculateField" Date="20170629" Time="091430">CalculateField "mrc_s polygon5m" MRS_DE_IND "Municipalité régionale de comté" VB #</Process><Process ToolSource="c:\program files (x86)\arcgis\desktop10.3\ArcToolbox\Toolboxes\Data Management Tools.tbx\CalculateField" Date="20171215" Time="084159">CalculateField "mrc_s polygon" MRS_NO_IND "50 02 0030 000" VB #</Process><Process ToolSource="c:\program files (x86)\arcgis\desktop10.3\ArcToolbox\Toolboxes\Data Management Tools.tbx\CalculateField" Date="20171215" Time="084346">CalculateField "mrc_s polygon" MRS_NO_IND "50 02 0010 000" VB #</Process><Process ToolSource="c:\program files (x86)\arcgis\desktop10.3\ArcToolbox\Toolboxes\Data Management Tools.tbx\CalculateField" Date="20171215" Time="084414">CalculateField "mrc_s polygon" MRS_NO_IND "50 02 0040 000" VB #</Process><Process ToolSource="c:\program files (x86)\arcgis\desktop10.3\ArcToolbox\Toolboxes\Data Management Tools.tbx\CalculateField" Date="20201026" Time="142857">CalculateField "mrc_s polygon" MRS_CO_VER "V2020-10" VB #</Process><Process ToolSource="c:\program files (x86)\arcgis\desktop10.3\ArcToolbox\Toolboxes\Data Management Tools.tbx\CalculateField" Date="20220124" Time="105220">CalculateField "mrc_s arc" MRS_CO_TYP "LIMMRC" VB #</Process><Process Name="Classe d’entités vers classe d’entités" ToolSource="c:\program files (x86)\arcgis\desktop10.3\ArcToolbox\Toolboxes\Conversion Tools.tbx\FeatureClassToFeatureClass" Date="20220311" Time="144224">FeatureClassToFeatureClass \\monalisa\production\V\Limites_Administratives\BDGA5M\1_Intrants_ArcInfo\mrc_s\arc \\monalisa\production\V\Limites_Administratives\BDGA5M\BDGA_5M(adm)_SHP mrc_l.shp # "FNODE_ "FNODE_" false true true 4 Long 0 0 ,First,#,\\monalisa\production\V\Limites_Administratives\BDGA5M\1_Intrants_ArcInfo\mrc_s\arc,FNODE#,-1,-1;TNODE_ "TNODE_" false true true 4 Long 0 0 ,First,#,\\monalisa\production\V\Limites_Administratives\BDGA5M\1_Intrants_ArcInfo\mrc_s\arc,TNODE#,-1,-1;LPOLY_ "LPOLY_" false true true 4 Long 0 0 ,First,#,\\monalisa\production\V\Limites_Administratives\BDGA5M\1_Intrants_ArcInfo\mrc_s\arc,LPOLY#,-1,-1;RPOLY_ "RPOLY_" false true true 4 Long 0 0 ,First,#,\\monalisa\production\V\Limites_Administratives\BDGA5M\1_Intrants_ArcInfo\mrc_s\arc,RPOLY#,-1,-1;LENGTH "LENGTH" false true true 8 Double 0 0 ,First,#,\\monalisa\production\V\Limites_Administratives\BDGA5M\1_Intrants_ArcInfo\mrc_s\arc,LENGTH,-1,-1;MRC_S_ "MRC_S_" false true true 4 Long 0 0 ,First,#,\\monalisa\production\V\Limites_Administratives\BDGA5M\1_Intrants_ArcInfo\mrc_s\arc,MRC_S#,-1,-1;MRC_S_ID "MRC_S_ID" true true true 4 Long 0 0 ,First,#,\\monalisa\production\V\Limites_Administratives\BDGA5M\1_Intrants_ArcInfo\mrc_s\arc,MRC_S-ID,-1,-1;MRS_CO_TYP "MRS_CO_TYP" true true false 6 Text 0 0 ,First,#,\\monalisa\production\V\Limites_Administratives\BDGA5M\1_Intrants_ArcInfo\mrc_s\arc,MRS_CO_TYP,-1,-1;MRS_DA_AJU "MRS_DA_AJU" true true false 8 Date 0 8 ,First,#,\\monalisa\production\V\Limites_Administratives\BDGA5M\1_Intrants_ArcInfo\mrc_s\arc,MRS_DA_AJU,-1,-1" #</Process></lineage><coordRef><type Sync="TRUE">Geographic</type><geogcsn Sync="TRUE">GCS_North_American_1983</geogcsn><csUnits Sync="TRUE">Angular Unit: Degree (0.017453)</csUnits><peXml Sync="TRUE">&lt;GeographicCoordinateSystem xsi:type='typens:GeographicCoordinateSystem' xmlns:xsi='http://www.w3.org/2001/XMLSchema-instance' xmlns:xs='http://www.w3.org/2001/XMLSchema' xmlns:typens='http://www.esri.com/schemas/ArcGIS/10.3'&gt;&lt;WKT&gt;GEOGCS[&amp;quot;GCS_North_American_1983&amp;quot;,DATUM[&amp;quot;D_North_American_1983&amp;quot;,SPHEROID[&amp;quot;GRS_1980&amp;quot;,6378137.0,298.257222101]],PRIMEM[&amp;quot;Greenwich&amp;quot;,0.0],UNIT[&amp;quot;Degree&amp;quot;,0.0174532925199433],AUTHORITY[&amp;quot;EPSG&amp;quot;,4269]]&lt;/WKT&gt;&lt;XOrigin&gt;-400&lt;/XOrigin&gt;&lt;YOrigin&gt;-400&lt;/YOrigin&gt;&lt;XYScale&gt;11258999068426.238&lt;/XYScale&gt;&lt;ZOrigin&gt;-100000&lt;/ZOrigin&gt;&lt;ZScale&gt;10000&lt;/ZScale&gt;&lt;MOrigin&gt;-100000&lt;/MOrigin&gt;&lt;MScale&gt;10000&lt;/MScale&gt;&lt;XYTolerance&gt;8.9831528411952133e-009&lt;/XYTolerance&gt;&lt;ZTolerance&gt;0.001&lt;/ZTolerance&gt;&lt;MTolerance&gt;0.001&lt;/MTolerance&gt;&lt;HighPrecision&gt;true&lt;/HighPrecision&gt;&lt;LeftLongitude&gt;-180&lt;/LeftLongitude&gt;&lt;WKID&gt;4269&lt;/WKID&gt;&lt;LatestWKID&gt;4269&lt;/LatestWKID&gt;&lt;/GeographicCoordinateSystem&gt;</peXml></coordRef></DataProperties><SyncDate>20220311</SyncDate><SyncTime>14422400</SyncTime><ModDate>20220311</ModDate><ModTime>14422400</ModTime></Esri><idinfo><citation><citeinfo><onlink Sync="TRUE">\\210965PT\D$\users\maj_sda_epel\couvertures\bdga5m\ainfo\admin\version_courante\adm\mrc_s</onlink></citeinfo></citation></idinfo><distInfo><distributor><distorTran><onLineSrc><linkage Sync="TRUE">file://\\210965PT\D$\users\maj_sda_epel\couvertures\bdga5m\ainfo\admin\version_courante\adm\mrc_s</linkage><protocol Sync="TRUE">Local Area Network</protocol></onLineSrc></distorTran></distributor><distFormat><formatName Sync="TRUE">Fichier de formes</formatName></distFormat><distTranOps><transSize Sync="TRUE">0.000</transSize></distTranOps></distInfo><dataqual><lineage><procstep><procdesc Sync="TRUE">Jeu de données copié.</procdesc><srcused Sync="TRUE">d:\users\maj_sda\couvertures\bdga5m\ainfo\admin\version_courante\adm\mrc_s</srcused><procdate Sync="TRUE">20150922</procdate><proctime Sync="TRUE">08431700</proctime></procstep></lineage></dataqual><dataIdInfo><envirDesc Sync="TRUE"> Version 6.2 (Build 9200) ; Esri ArcGIS 10.3.0.4322</envirDesc><dataLang><languageCode value="fra" Sync="TRUE"></languageCode><countryCode value="CAN" Sync="TRUE"></countryCode></dataLang><idCitation><resTitle Sync="TRUE">mrc_l</resTitle><presForm><PresFormCd value="005" Sync="TRUE"></PresFormCd></presForm></idCitation><spatRpType><SpatRepTypCd value="001" Sync="TRUE"></SpatRepTypCd></spatRpType></dataIdInfo><mdLang><languageCode value="fra" Sync="TRUE"></languageCode><countryCode value="CAN" Sync="TRUE"></countryCode></mdLang><mdHrLv><ScopeCd value="005" Sync="TRUE"></ScopeCd></mdHrLv><mdHrLvName Sync="TRUE">dataset</mdHrLvName><refSysInfo><RefSystem><refSysID><identCode code="4269" Sync="TRUE"></identCode><idCodeSpace Sync="TRUE">EPSG</idCodeSpace><idVersion Sync="TRUE">8.2.6</idVersion></refSysID></RefSystem></refSysInfo><spatRepInfo><VectSpatRep><geometObjs Name="mrc_l"><geoObjTyp><GeoObjTypCd value="002" Sync="TRUE"></GeoObjTypCd></geoObjTyp><geoObjCnt Sync="TRUE">0</geoObjCnt></geometObjs><topLvl><TopoLevCd value="001" Sync="TRUE"></TopoLevCd></topLvl></VectSpatRep></spatRepInfo><spdoinfo><ptvctinf><esriterm Name="mrc_l"><efeatyp Sync="TRUE">Simple</efeatyp><efeageom code="3" Sync="TRUE"></efeageom><esritopo Sync="TRUE">FALSE</esritopo><efeacnt Sync="TRUE">0</efeacnt><spindex Sync="TRUE">FALSE</spindex><linrefer Sync="TRUE">FALSE</linrefer></esriterm></ptvctinf></spdoinfo><eainfo><detailed Name="mrc_l"><enttyp><enttypl Sync="TRUE">mrc_l</enttypl><enttypt Sync="TRUE">Feature Class</enttypt><enttypc Sync="TRUE">0</enttypc></enttyp><attr><attrlabl Sync="TRUE">FID</attrlabl><attalias Sync="TRUE">FID</attalias><attrtype Sync="TRUE">OID</attrtype><attwidth Sync="TRUE">4</attwidth><atprecis Sync="TRUE">0</atprecis><attscale Sync="TRUE">0</attscale><attrdef Sync="TRUE">Internal feature number.</attrdef><attrdefs Sync="TRUE">Esri</attrdefs><attrdomv><udom Sync="TRUE">Sequential unique whole numbers that are automatically generated.</udom></attrdomv></attr><attr><attrlabl Sync="TRUE">Shape</attrlabl><attalias Sync="TRUE">Shape</attalias><attrtype Sync="TRUE">Geometry</attrtype><attwidth Sync="TRUE">0</attwidth><atprecis Sync="TRUE">0</atprecis><attscale Sync="TRUE">0</attscale><attrdef Sync="TRUE">Feature geometry.</attrdef><attrdefs Sync="TRUE">Esri</attrdefs><attrdomv><udom Sync="TRUE">Coordinates defining the features.</udom></attrdomv></attr><attr><attrlabl Sync="TRUE">FNODE_</attrlabl><attalias Sync="TRUE">FNODE_</attalias><attrtype Sync="TRUE">Integer</attrtype><attwidth Sync="TRUE">10</attwidth><atprecis Sync="TRUE">10</atprecis><attscale Sync="TRUE">0</attscale></attr><attr><attrlabl Sync="TRUE">TNODE_</attrlabl><attalias Sync="TRUE">TNODE_</attalias><attrtype Sync="TRUE">Integer</attrtype><attwidth Sync="TRUE">10</attwidth><atprecis Sync="TRUE">10</atprecis><attscale Sync="TRUE">0</attscale></attr><attr><attrlabl Sync="TRUE">LPOLY_</attrlabl><attalias Sync="TRUE">LPOLY_</attalias><attrtype Sync="TRUE">Integer</attrtype><attwidth Sync="TRUE">10</attwidth><atprecis Sync="TRUE">10</atprecis><attscale Sync="TRUE">0</attscale></attr><attr><attrlabl Sync="TRUE">RPOLY_</attrlabl><attalias Sync="TRUE">RPOLY_</attalias><attrtype Sync="TRUE">Integer</attrtype><attwidth Sync="TRUE">10</attwidth><atprecis Sync="TRUE">10</atprecis><attscale Sync="TRUE">0</attscale></attr><attr><attrlabl Sync="TRUE">LENGTH</attrlabl><attalias Sync="TRUE">LENGTH</attalias><attrtype Sync="TRUE">Double</attrtype><attwidth Sync="TRUE">19</attwidth><atprecis Sync="TRUE">0</atprecis><attscale Sync="TRUE">0</attscale></attr><attr><attrlabl Sync="TRUE">MRC_S_</attrlabl><attalias Sync="TRUE">MRC_S_</attalias><attrtype Sync="TRUE">Integer</attrtype><attwidth Sync="TRUE">10</attwidth><atprecis Sync="TRUE">10</atprecis><attscale Sync="TRUE">0</attscale></attr><attr><attrlabl Sync="TRUE">MRC_S_ID</attrlabl><attalias Sync="TRUE">MRC_S_ID</attalias><attrtype Sync="TRUE">Integer</attrtype><attwidth Sync="TRUE">10</attwidth><atprecis Sync="TRUE">10</atprecis><attscale Sync="TRUE">0</attscale></attr><attr><attrlabl Sync="TRUE">MRS_CO_TYP</attrlabl><attalias Sync="TRUE">MRS_CO_TYP</attalias><attrtype Sync="TRUE">String</attrtype><attwidth Sync="TRUE">6</attwidth><atprecis Sync="TRUE">0</atprecis><attscale Sync="TRUE">0</attscale></attr><attr><attrlabl Sync="TRUE">MRS_DA_AJU</attrlabl><attalias Sync="TRUE">MRS_DA_AJU</attalias><attrtype Sync="TRUE">Date</attrtype><attwidth Sync="TRUE">8</attwidth><atprecis Sync="TRUE">0</atprecis><attscale Sync="TRUE">0</attscale></attr></detailed></eainfo><mdDateSt Sync="TRUE">20220311</mdDateSt></metadata>
