<?xml version="1.0"?>
<!--<!DOCTYPE metadata SYSTEM "http://www.esri.com/metadata/esriprof80.dtd">-->
<metadata xml:lang="fr"><Esri><CreaDate>20130313</CreaDate><CreaTime>12011300</CreaTime><SyncOnce>TRUE</SyncOnce><DataProperties><lineage><Process ToolSource="E:\Program Files (x86)\ArcGIS\ArcToolbox\Toolboxes\Data Management Tools.tbx\RepairGeometry" Date="20120927" Time="114245">RepairGeometry tpg04_ll83_region KEEP_NULL tpg04_ll83_region</Process><Process ToolSource="E:\Program Files (x86)\ArcGIS\ArcToolbox\Toolboxes\Data Management Tools.tbx\DefineProjection" Date="20121003" Time="111001">DefineProjection tpg04_ll83_region GEOGCS['GCS_North_American_1983',DATUM['D_North_American_1983',SPHEROID['GRS_1980',6378137.0,298.257222101]],PRIMEM['Greenwich',0.0],UNIT['Degree',0.0174532925199433]] tpg04_ll83_region</Process><Process ToolSource="E:\Program Files (x86)\ArcGIS\ArcToolbox\Toolboxes\Data Management Tools.tbx\Append" Date="20130312" Time="160320">Append tpg05_ll83_region TordeusePinGris NO_TEST "NIVEAU 'NIVEAU' true false false 20 Text 0 0 ,First,#,J:\Dggmf\Thema\Insecte\Tpg\shp\tpg05_ll83_region.shp,NIVEAU,-1,-1;FEATURE_ID 'FEATURE_ID' true false false 12 Text 0 0 ,First,#,J:\Dggmf\Thema\Insecte\Tpg\shp\tpg05_ll83_region.shp,FEATURE_ID,-1,-1;IA04 'IA04' true false false 11 Double 0 11 ,First,#;IA04_UG 'IA04_UG' true false false 20 Text 0 0 ,First,#;TENURE 'TENURE' true false false 20 Text 0 0 ,First,#;SUPERF_HA 'SUPERF_HA' true false false 19 Double 2 18 ,First,#;IAG_CODE_D 'IAG_CODE_D' true false false 3 Short 0 3 ,First,#,J:\Dggmf\Thema\Insecte\Tpg\shp\tpg05_ll83_region.shp,IA05,-1,-1;IAG_NOM 'IAG_NOM' true false false 20 Text 0 0 ,First,#,J:\Dggmf\Thema\Insecte\Tpg\shp\tpg05_ll83_region.shp,NIVEAU,-1,-1;IAG_SUPRF 'IAG_SUPRF' true false false 19 Double 0 0 ,First,#,J:\Dggmf\Thema\Insecte\Tpg\shp\tpg05_ll83_region.shp,SUPERFICIE,-1,-1" # TordeusePinGris</Process><Process ToolSource="E:\Program Files (x86)\ArcGIS\ArcToolbox\Toolboxes\Data Management Tools.tbx\Append" Date="20130312" Time="160542">Append tpg06_outaouais_ll83 TordeusePinGris NO_TEST "NIVEAU 'NIVEAU' true false false 20 Text 0 0 ,First,#,J:\Dggmf\Thema\Insecte\Tpg\shp\tpg06_outaouais_ll83.shp,NIVEAU,-1,-1;FEATURE_ID 'FEATURE_ID' true false false 12 Text 0 0 ,First,#,J:\Dggmf\Thema\Insecte\Tpg\shp\tpg06_outaouais_ll83.shp,FEATURE_ID,-1,-1;IA04 'IA04' true false false 11 Double 0 11 ,First,#;IA04_UG 'IA04_UG' true false false 20 Text 0 0 ,First,#;TENURE 'TENURE' true false false 20 Text 0 0 ,First,#;SUPERF_HA 'SUPERF_HA' true false false 19 Double 2 18 ,First,#,J:\Dggmf\Thema\Insecte\Tpg\shp\tpg06_outaouais_ll83.shp,SUPERF_HA,-1,-1;IAG_CODE_D 'IAG_CODE_D' true false false 3 Short 0 3 ,First,#,J:\Dggmf\Thema\Insecte\Tpg\shp\tpg06_outaouais_ll83.shp,IA06,-1,-1;IAG_NOM 'IAG_NOM' true false false 20 Text 0 0 ,First,#,J:\Dggmf\Thema\Insecte\Tpg\shp\tpg06_outaouais_ll83.shp,NIVEAU,-1,-1;IAG_SUPRF 'IAG_SUPRF' true false false 19 Double 0 0 ,First,#,J:\Dggmf\Thema\Insecte\Tpg\shp\tpg06_outaouais_ll83.shp,SUPERF_HA,-1,-1;IAG_AN 'IAG_AN' true false false 4 Short 0 4 ,First,#" # TordeusePinGris</Process><Process ToolSource="E:\Program Files (x86)\ArcGIS\ArcToolbox\Toolboxes\Data Management Tools.tbx\Append" Date="20130312" Time="160738">Append Tpg07_Outaouais_ll83_region TordeusePinGris NO_TEST "NIVEAU 'NIVEAU' true false false 20 Text 0 0 ,First,#,J:\Dggmf\Thema\Insecte\Tpg\shp\Tpg07_Outaouais_ll83_region.shp,NIVEAU,-1,-1;FEATURE_ID 'FEATURE_ID' true false false 12 Text 0 0 ,First,#,J:\Dggmf\Thema\Insecte\Tpg\shp\Tpg07_Outaouais_ll83_region.shp,FEATURE_ID,-1,-1;IA04 'IA04' true false false 11 Double 0 11 ,First,#;IA04_UG 'IA04_UG' true false false 20 Text 0 0 ,First,#;TENURE 'TENURE' true false false 20 Text 0 0 ,First,#;SUPERF_HA 'SUPERF_HA' true false false 19 Double 2 18 ,First,#;IAG_CODE_D 'IAG_CODE_D' true false false 3 Short 0 3 ,First,#,J:\Dggmf\Thema\Insecte\Tpg\shp\Tpg07_Outaouais_ll83_region.shp,IA07,-1,-1;IAG_NOM 'IAG_NOM' true false false 20 Text 0 0 ,First,#,J:\Dggmf\Thema\Insecte\Tpg\shp\Tpg07_Outaouais_ll83_region.shp,NIVEAU,-1,-1;IAG_SUPRF 'IAG_SUPRF' true false false 19 Double 0 0 ,First,#,J:\Dggmf\Thema\Insecte\Tpg\shp\Tpg07_Outaouais_ll83_region.shp,SUPERF,-1,-1;IAG_AN 'IAG_AN' true false false 4 Short 0 4 ,First,#" # TordeusePinGris</Process></lineage></DataProperties><MetaID>{C9F5D711-FFC7-41BB-81F7-8B4C89446467}</MetaID></Esri><idinfo><citation><citeinfo><onlink Sync="TRUE"></onlink></citeinfo></citation></idinfo><distInfo><distributor><distorTran><onLineSrc><linkage Sync="TRUE">file://</linkage><protocol Sync="TRUE">Local Area Network</protocol></onLineSrc></distorTran></distributor></distInfo><dataqual><lineage><procstep><procdesc Sync="TRUE">Jeu de données copié.</procdesc><srcused Sync="TRUE"></srcused><procdate Sync="TRUE">20130312</procdate><proctime Sync="TRUE">15554100</proctime></procstep><procstep><procdesc Sync="TRUE">Jeu de données copié.</procdesc><srcused Sync="TRUE"></srcused><procdate Sync="TRUE">20130313</procdate><proctime Sync="TRUE">12011300</proctime></procstep></lineage></dataqual></metadata>
