<?xml version="1.0" encoding="UTF-8"?>
<metadata xml:lang="fr"><Esri><CreaDate>20170616</CreaDate><CreaTime>10252200</CreaTime><ArcGISFormat>1.0</ArcGISFormat><SyncOnce>FALSE</SyncOnce><DataProperties><lineage><Process ToolSource="c:\program files (x86)\arcgis\desktop10.1\ArcToolbox\Toolboxes\Data Management Tools.tbx\AddSpatialIndex" Date="20131007" Time="091100">AddSpatialIndex T:\railwaynetwork\LivraisonFinaleProduits\QC\SHP\RFN_QC_1_0_VOIE.shp 0 0 0</Process><Process ToolSource="c:\program files\arcgis\desktop10.1\ArcToolbox\Toolboxes\Conversion Tools.tbx\FeatureClassToFeatureClass" Date="20131126" Time="074046">FeatureClassToFeatureClass "S:\DirDevEconUrb\BureauDuPlan\08. Urbanisme\08.01 SIG\08.01.01 Donnees\Commun\VoiesFerrees\RFN_QC_1_0_VOIE.shp" "S:\DirDevEconUrb\BureauDuPlan\08. Urbanisme\08.01 SIG\08.01.01 Donnees\Commun\Commun.gdb" VoiesFerres # "IDN "IDN" true true false 32 Text 0 0 ,First,#,S:\DirDevEconUrb\BureauDuPlan\08. Urbanisme\08.01 SIG\08.01.01 Donnees\Commun\VoiesFerrees\RFN_QC_1_0_VOIE.shp,IDN,-1,-1;IDSEGVOIE "IDSEGVOIE" true true false 32 Text 0 0 ,First,#,S:\DirDevEconUrb\BureauDuPlan\08. Urbanisme\08.01 SIG\08.01.01 Donnees\Commun\VoiesFerrees\RFN_QC_1_0_VOIE.shp,IDSEGVOIE,-1,-1;NOMVOIE "NOMVOIE" true true false 100 Text 0 0 ,First,#,S:\DirDevEconUrb\BureauDuPlan\08. Urbanisme\08.01 SIG\08.01.01 Donnees\Commun\VoiesFerrees\RFN_QC_1_0_VOIE.shp,NOMVOIE,-1,-1;CLASSVOIE "CLASSVOIE" true true false 20 Text 0 0 ,First,#,S:\DirDevEconUrb\BureauDuPlan\08. Urbanisme\08.01 SIG\08.01.01 Donnees\Commun\VoiesFerrees\RFN_QC_1_0_VOIE.shp,CLASSVOIE,-1,-1;CLASSVOIC "CLASSVOIC" true true false 2 Short 0 2 ,First,#,S:\DirDevEconUrb\BureauDuPlan\08. Urbanisme\08.01 SIG\08.01.01 Donnees\Commun\VoiesFerrees\RFN_QC_1_0_VOIE.shp,CLASSVOIC,-1,-1;LEGISLATEU "LEGISLATEU" true true false 10 Text 0 0 ,First,#,S:\DirDevEconUrb\BureauDuPlan\08. Urbanisme\08.01 SIG\08.01.01 Donnees\Commun\VoiesFerrees\RFN_QC_1_0_VOIE.shp,LEGISLATEU,-1,-1;LEGISLATEC "LEGISLATEC" true true false 2 Short 0 2 ,First,#,S:\DirDevEconUrb\BureauDuPlan\08. Urbanisme\08.01 SIG\08.01.01 Donnees\Commun\VoiesFerrees\RFN_QC_1_0_VOIE.shp,LEGISLATEC,-1,-1;TYPETRANSP "TYPETRANSP" true true false 10 Text 0 0 ,First,#,S:\DirDevEconUrb\BureauDuPlan\08. Urbanisme\08.01 SIG\08.01.01 Donnees\Commun\VoiesFerrees\RFN_QC_1_0_VOIE.shp,TYPETRANSP,-1,-1;TYPETRANSC "TYPETRANSC" true true false 2 Short 0 2 ,First,#,S:\DirDevEconUrb\BureauDuPlan\08. Urbanisme\08.01 SIG\08.01.01 Donnees\Commun\VoiesFerrees\RFN_QC_1_0_VOIE.shp,TYPETRANSC,-1,-1;TYPEUTILIS "TYPEUTILIS" true true false 30 Text 0 0 ,First,#,S:\DirDevEconUrb\BureauDuPlan\08. Urbanisme\08.01 SIG\08.01.01 Donnees\Commun\VoiesFerrees\RFN_QC_1_0_VOIE.shp,TYPEUTILIS,-1,-1;TYPEUTILIC "TYPEUTILIC" true true false 2 Short 0 2 ,First,#,S:\DirDevEconUrb\BureauDuPlan\08. Urbanisme\08.01 SIG\08.01.01 Donnees\Commun\VoiesFerrees\RFN_QC_1_0_VOIE.shp,TYPEUTILIC,-1,-1;ECARTEMENT "ECARTEMENT" true true false 15 Text 0 0 ,First,#,S:\DirDevEconUrb\BureauDuPlan\08. Urbanisme\08.01 SIG\08.01.01 Donnees\Commun\VoiesFerrees\RFN_QC_1_0_VOIE.shp,ECARTEMENT,-1,-1;ECARTEMENC "ECARTEMENC" true true false 2 Short 0 2 ,First,#,S:\DirDevEconUrb\BureauDuPlan\08. Urbanisme\08.01 SIG\08.01.01 Donnees\Commun\VoiesFerrees\RFN_QC_1_0_VOIE.shp,ECARTEMENC,-1,-1;NBRVOIES "NBRVOIES" true true false 1 Short 0 1 ,First,#,S:\DirDevEconUrb\BureauDuPlan\08. Urbanisme\08.01 SIG\08.01.01 Donnees\Commun\VoiesFerrees\RFN_QC_1_0_VOIE.shp,NBRVOIES,-1,-1;ELECTRIFIC "ELECTRIFIC" true true false 10 Text 0 0 ,First,#,S:\DirDevEconUrb\BureauDuPlan\08. Urbanisme\08.01 SIG\08.01.01 Donnees\Commun\VoiesFerrees\RFN_QC_1_0_VOIE.shp,ELECTRIFIC,-1,-1;ELECTRIFCC "ELECTRIFCC" true true false 2 Short 0 2 ,First,#,S:\DirDevEconUrb\BureauDuPlan\08. Urbanisme\08.01 SIG\08.01.01 Donnees\Commun\VoiesFerrees\RFN_QC_1_0_VOIE.shp,ELECTRIFCC,-1,-1;ETAT "ETAT" true true false 20 Text 0 0 ,First,#,S:\DirDevEconUrb\BureauDuPlan\08. Urbanisme\08.01 SIG\08.01.01 Donnees\Commun\VoiesFerrees\RFN_QC_1_0_VOIE.shp,ETAT,-1,-1;ETATC "ETATC" true true false 2 Short 0 2 ,First,#,S:\DirDevEconUrb\BureauDuPlan\08. Urbanisme\08.01 SIG\08.01.01 Donnees\Commun\VoiesFerrees\RFN_QC_1_0_VOIE.shp,ETATC,-1,-1;VITLIMMARC "VITLIMMARC" true true false 3 Short 0 3 ,First,#,S:\DirDevEconUrb\BureauDuPlan\08. Urbanisme\08.01 SIG\08.01.01 Donnees\Commun\VoiesFerrees\RFN_QC_1_0_VOIE.shp,VITLIMMARC,-1,-1;VITLIMVOYA "VITLIMVOYA" true true false 3 Short 0 3 ,First,#,S:\DirDevEconUrb\BureauDuPlan\08. Urbanisme\08.01 SIG\08.01.01 Donnees\Commun\VoiesFerrees\RFN_QC_1_0_VOIE.shp,VITLIMVOYA,-1,-1;UNITEVITES "UNITEVITES" true true false 20 Text 0 0 ,First,#,S:\DirDevEconUrb\BureauDuPlan\08. Urbanisme\08.01 SIG\08.01.01 Donnees\Commun\VoiesFerrees\RFN_QC_1_0_VOIE.shp,UNITEVITES,-1,-1;UNITEVITEC "UNITEVITEC" true true false 2 Short 0 2 ,First,#,S:\DirDevEconUrb\BureauDuPlan\08. Urbanisme\08.01 SIG\08.01.01 Donnees\Commun\VoiesFerrees\RFN_QC_1_0_VOIE.shp,UNITEVITEC,-1,-1;IDSOURCE "IDSOURCE" true true false 50 Text 0 0 ,First,#,S:\DirDevEconUrb\BureauDuPlan\08. Urbanisme\08.01 SIG\08.01.01 Donnees\Commun\VoiesFerrees\RFN_QC_1_0_VOIE.shp,IDSOURCE,-1,-1;NMFREXPLOI "NMFREXPLOI" true true false 100 Text 0 0 ,First,#,S:\DirDevEconUrb\BureauDuPlan\08. Urbanisme\08.01 SIG\08.01.01 Donnees\Commun\VoiesFerrees\RFN_QC_1_0_VOIE.shp,NMFREXPLOI,-1,-1;SIGLEXPLOI "SIGLEXPLOI" true true false 10 Text 0 0 ,First,#,S:\DirDevEconUrb\BureauDuPlan\08. Urbanisme\08.01 SIG\08.01.01 Donnees\Commun\VoiesFerrees\RFN_QC_1_0_VOIE.shp,SIGLEXPLOI,-1,-1;DEBSUBEXPL "DEBSUBEXPL" true true false 6 Float 2 5 ,First,#,S:\DirDevEconUrb\BureauDuPlan\08. Urbanisme\08.01 SIG\08.01.01 Donnees\Commun\VoiesFerrees\RFN_QC_1_0_VOIE.shp,DEBSUBEXPL,-1,-1;FINSUBEXPL "FINSUBEXPL" true true false 6 Float 2 5 ,First,#,S:\DirDevEconUrb\BureauDuPlan\08. Urbanisme\08.01 SIG\08.01.01 Donnees\Commun\VoiesFerrees\RFN_QC_1_0_VOIE.shp,FINSUBEXPL,-1,-1;UDISUBEXP "UDISUBEXP" true true false 20 Text 0 0 ,First,#,S:\DirDevEconUrb\BureauDuPlan\08. Urbanisme\08.01 SIG\08.01.01 Donnees\Commun\VoiesFerrees\RFN_QC_1_0_VOIE.shp,UDISUBEXP,-1,-1;UDISUBEXPC "UDISUBEXPC" true true false 2 Short 0 2 ,First,#,S:\DirDevEconUrb\BureauDuPlan\08. Urbanisme\08.01 SIG\08.01.01 Donnees\Commun\VoiesFerrees\RFN_QC_1_0_VOIE.shp,UDISUBEXPC,-1,-1;NMFRPROPR "NMFRPROPR" true true false 100 Text 0 0 ,First,#,S:\DirDevEconUrb\BureauDuPlan\08. Urbanisme\08.01 SIG\08.01.01 Donnees\Commun\VoiesFerrees\RFN_QC_1_0_VOIE.shp,NMFRPROPR,-1,-1;NMFRUTI1VO "NMFRUTI1VO" true true false 100 Text 0 0 ,First,#,S:\DirDevEconUrb\BureauDuPlan\08. Urbanisme\08.01 SIG\08.01.01 Donnees\Commun\VoiesFerrees\RFN_QC_1_0_VOIE.shp,NMFRUTI1VO,-1,-1;SIGUTI1VO "SIGUTI1VO" true true false 10 Text 0 0 ,First,#,S:\DirDevEconUrb\BureauDuPlan\08. Urbanisme\08.01 SIG\08.01.01 Donnees\Commun\VoiesFerrees\RFN_QC_1_0_VOIE.shp,SIGUTI1VO,-1,-1;NMFRUTI2VO "NMFRUTI2VO" true true false 100 Text 0 0 ,First,#,S:\DirDevEconUrb\BureauDuPlan\08. Urbanisme\08.01 SIG\08.01.01 Donnees\Commun\VoiesFerrees\RFN_QC_1_0_VOIE.shp,NMFRUTI2VO,-1,-1;SIGUTI2VO "SIGUTI2VO" true true false 10 Text 0 0 ,First,#,S:\DirDevEconUrb\BureauDuPlan\08. Urbanisme\08.01 SIG\08.01.01 Donnees\Commun\VoiesFerrees\RFN_QC_1_0_VOIE.shp,SIGUTI2VO,-1,-1;NMFRUTI3VO "NMFRUTI3VO" true true false 100 Text 0 0 ,First,#,S:\DirDevEconUrb\BureauDuPlan\08. Urbanisme\08.01 SIG\08.01.01 Donnees\Commun\VoiesFerrees\RFN_QC_1_0_VOIE.shp,NMFRUTI3VO,-1,-1;SIGUTI3VO "SIGUTI3VO" true true false 10 Text 0 0 ,First,#,S:\DirDevEconUrb\BureauDuPlan\08. Urbanisme\08.01 SIG\08.01.01 Donnees\Commun\VoiesFerrees\RFN_QC_1_0_VOIE.shp,SIGUTI3VO,-1,-1;NMFRUTI4VO "NMFRUTI4VO" true true false 100 Text 0 0 ,First,#,S:\DirDevEconUrb\BureauDuPlan\08. Urbanisme\08.01 SIG\08.01.01 Donnees\Commun\VoiesFerrees\RFN_QC_1_0_VOIE.shp,NMFRUTI4VO,-1,-1;SIGUTI4VO "SIGUTI4VO" true true false 10 Text 0 0 ,First,#,S:\DirDevEconUrb\BureauDuPlan\08. Urbanisme\08.01 SIG\08.01.01 Donnees\Commun\VoiesFerrees\RFN_QC_1_0_VOIE.shp,SIGUTI4VO,-1,-1;IDNSUBDIV1 "IDNSUBDIV1" true true false 32 Text 0 0 ,First,#,S:\DirDevEconUrb\BureauDuPlan\08. Urbanisme\08.01 SIG\08.01.01 Donnees\Commun\VoiesFerrees\RFN_QC_1_0_VOIE.shp,IDNSUBDIV1,-1,-1;NOMSUBDIV1 "NOMSUBDIV1" true true false 100 Text 0 0 ,First,#,S:\DirDevEconUrb\BureauDuPlan\08. Urbanisme\08.01 SIG\08.01.01 Donnees\Commun\VoiesFerrees\RFN_QC_1_0_VOIE.shp,NOMSUBDIV1,-1,-1;DEBSUBDIV1 "DEBSUBDIV1" true true false 6 Float 2 5 ,First,#,S:\DirDevEconUrb\BureauDuPlan\08. Urbanisme\08.01 SIG\08.01.01 Donnees\Commun\VoiesFerrees\RFN_QC_1_0_VOIE.shp,DEBSUBDIV1,-1,-1;FINSUBDIV1 "FINSUBDIV1" true true false 6 Float 2 5 ,First,#,S:\DirDevEconUrb\BureauDuPlan\08. Urbanisme\08.01 SIG\08.01.01 Donnees\Commun\VoiesFerrees\RFN_QC_1_0_VOIE.shp,FINSUBDIV1,-1,-1;UNITDISUB1 "UNITDISUB1" true true false 20 Text 0 0 ,First,#,S:\DirDevEconUrb\BureauDuPlan\08. Urbanisme\08.01 SIG\08.01.01 Donnees\Commun\VoiesFerrees\RFN_QC_1_0_VOIE.shp,UNITDISUB1,-1,-1;UNITDSUB1C "UNITDSUB1C" true true false 2 Short 0 2 ,First,#,S:\DirDevEconUrb\BureauDuPlan\08. Urbanisme\08.01 SIG\08.01.01 Donnees\Commun\VoiesFerrees\RFN_QC_1_0_VOIE.shp,UNITDSUB1C,-1,-1;IDNSUBDIV2 "IDNSUBDIV2" true true false 32 Text 0 0 ,First,#,S:\DirDevEconUrb\BureauDuPlan\08. Urbanisme\08.01 SIG\08.01.01 Donnees\Commun\VoiesFerrees\RFN_QC_1_0_VOIE.shp,IDNSUBDIV2,-1,-1;NOMSUBDIV2 "NOMSUBDIV2" true true false 100 Text 0 0 ,First,#,S:\DirDevEconUrb\BureauDuPlan\08. Urbanisme\08.01 SIG\08.01.01 Donnees\Commun\VoiesFerrees\RFN_QC_1_0_VOIE.shp,NOMSUBDIV2,-1,-1;DEBSUBDIV2 "DEBSUBDIV2" true true false 6 Float 2 5 ,First,#,S:\DirDevEconUrb\BureauDuPlan\08. Urbanisme\08.01 SIG\08.01.01 Donnees\Commun\VoiesFerrees\RFN_QC_1_0_VOIE.shp,DEBSUBDIV2,-1,-1;FINSUBDIV2 "FINSUBDIV2" true true false 6 Float 2 5 ,First,#,S:\DirDevEconUrb\BureauDuPlan\08. Urbanisme\08.01 SIG\08.01.01 Donnees\Commun\VoiesFerrees\RFN_QC_1_0_VOIE.shp,FINSUBDIV2,-1,-1;UNITDISUB2 "UNITDISUB2" true true false 20 Text 0 0 ,First,#,S:\DirDevEconUrb\BureauDuPlan\08. Urbanisme\08.01 SIG\08.01.01 Donnees\Commun\VoiesFerrees\RFN_QC_1_0_VOIE.shp,UNITDISUB2,-1,-1;UNITDSUB2C "UNITDSUB2C" true true false 2 Short 0 2 ,First,#,S:\DirDevEconUrb\BureauDuPlan\08. Urbanisme\08.01 SIG\08.01.01 Donnees\Commun\VoiesFerrees\RFN_QC_1_0_VOIE.shp,UNITDSUB2C,-1,-1;TERRADMIN "TERRADMIN" true true false 50 Text 0 0 ,First,#,S:\DirDevEconUrb\BureauDuPlan\08. Urbanisme\08.01 SIG\08.01.01 Donnees\Commun\VoiesFerrees\RFN_QC_1_0_VOIE.shp,TERRADMIN,-1,-1;TERRADMINC "TERRADMINC" true true false 2 Text 0 0 ,First,#,S:\DirDevEconUrb\BureauDuPlan\08. Urbanisme\08.01 SIG\08.01.01 Donnees\Commun\VoiesFerrees\RFN_QC_1_0_VOIE.shp,TERRADMINC,-1,-1;VERSNORMES "VERSNORMES" true true false 10 Text 0 0 ,First,#,S:\DirDevEconUrb\BureauDuPlan\08. Urbanisme\08.01 SIG\08.01.01 Donnees\Commun\VoiesFerrees\RFN_QC_1_0_VOIE.shp,VERSNORMES,-1,-1;CLASSECUR "CLASSECUR" true true false 15 Text 0 0 ,First,#,S:\DirDevEconUrb\BureauDuPlan\08. Urbanisme\08.01 SIG\08.01.01 Donnees\Commun\VoiesFerrees\RFN_QC_1_0_VOIE.shp,CLASSECUR,-1,-1;CLASSECURC "CLASSECURC" true true false 2 Short 0 2 ,First,#,S:\DirDevEconUrb\BureauDuPlan\08. Urbanisme\08.01 SIG\08.01.01 Donnees\Commun\VoiesFerrees\RFN_QC_1_0_VOIE.shp,CLASSECURC,-1,-1;GEODATECRE "GEODATECRE" true true false 8 Text 0 0 ,First,#,S:\DirDevEconUrb\BureauDuPlan\08. Urbanisme\08.01 SIG\08.01.01 Donnees\Commun\VoiesFerrees\RFN_QC_1_0_VOIE.shp,GEODATECRE,-1,-1;GEODATEREV "GEODATEREV" true true false 8 Text 0 0 ,First,#,S:\DirDevEconUrb\BureauDuPlan\08. Urbanisme\08.01 SIG\08.01.01 Donnees\Commun\VoiesFerrees\RFN_QC_1_0_VOIE.shp,GEODATEREV,-1,-1;GEOTECHACQ "GEOTECHACQ" true true false 30 Text 0 0 ,First,#,S:\DirDevEconUrb\BureauDuPlan\08. Urbanisme\08.01 SIG\08.01.01 Donnees\Commun\VoiesFerrees\RFN_QC_1_0_VOIE.shp,GEOTECHACQ,-1,-1;GEOTECHACC "GEOTECHACC" true true false 2 Short 0 2 ,First,#,S:\DirDevEconUrb\BureauDuPlan\08. Urbanisme\08.01 SIG\08.01.01 Donnees\Commun\VoiesFerrees\RFN_QC_1_0_VOIE.shp,GEOTECHACC,-1,-1;GEOPRECISI "GEOPRECISI" true true false 3 Short 0 3 ,First,#,S:\DirDevEconUrb\BureauDuPlan\08. Urbanisme\08.01 SIG\08.01.01 Donnees\Commun\VoiesFerrees\RFN_QC_1_0_VOIE.shp,GEOPRECISI,-1,-1;GEOFOURNIS "GEOFOURNIS" true true false 25 Text 0 0 ,First,#,S:\DirDevEconUrb\BureauDuPlan\08. Urbanisme\08.01 SIG\08.01.01 Donnees\Commun\VoiesFerrees\RFN_QC_1_0_VOIE.shp,GEOFOURNIS,-1,-1;GEOFOURNIC "GEOFOURNIC" true true false 2 Short 0 2 ,First,#,S:\DirDevEconUrb\BureauDuPlan\08. Urbanisme\08.01 SIG\08.01.01 Donnees\Commun\VoiesFerrees\RFN_QC_1_0_VOIE.shp,GEOFOURNIC,-1,-1;ATTDATECRE "ATTDATECRE" true true false 8 Text 0 0 ,First,#,S:\DirDevEconUrb\BureauDuPlan\08. Urbanisme\08.01 SIG\08.01.01 Donnees\Commun\VoiesFerrees\RFN_QC_1_0_VOIE.shp,ATTDATECRE,-1,-1;ATTDATEREV "ATTDATEREV" true true false 8 Text 0 0 ,First,#,S:\DirDevEconUrb\BureauDuPlan\08. Urbanisme\08.01 SIG\08.01.01 Donnees\Commun\VoiesFerrees\RFN_QC_1_0_VOIE.shp,ATTDATEREV,-1,-1;ATTTECHACQ "ATTTECHACQ" true true false 30 Text 0 0 ,First,#,S:\DirDevEconUrb\BureauDuPlan\08. Urbanisme\08.01 SIG\08.01.01 Donnees\Commun\VoiesFerrees\RFN_QC_1_0_VOIE.shp,ATTTECHACQ,-1,-1;ATTTECHACC "ATTTECHACC" true true false 2 Short 0 2 ,First,#,S:\DirDevEconUrb\BureauDuPlan\08. Urbanisme\08.01 SIG\08.01.01 Donnees\Commun\VoiesFerrees\RFN_QC_1_0_VOIE.shp,ATTTECHACC,-1,-1;ATTFOURNIS "ATTFOURNIS" true true false 30 Text 0 0 ,First,#,S:\DirDevEconUrb\BureauDuPlan\08. Urbanisme\08.01 SIG\08.01.01 Donnees\Commun\VoiesFerrees\RFN_QC_1_0_VOIE.shp,ATTFOURNIS,-1,-1;ATTFOURNIC "ATTFOURNIC" true true false 2 Short 0 2 ,First,#,S:\DirDevEconUrb\BureauDuPlan\08. Urbanisme\08.01 SIG\08.01.01 Donnees\Commun\VoiesFerrees\RFN_QC_1_0_VOIE.shp,ATTFOURNIC,-1,-1" #</Process><Process ToolSource="c:\program files (x86)\arcgis\desktop10.2\ArcToolbox\Toolboxes\Data Management Tools.tbx\CalculateField" Date="20140513" Time="082645">CalculateField "Voie ferrée" CLASSVOIE "Épi" VB #</Process><Process ToolSource="c:\program files (x86)\arcgis\desktop10.2\ArcToolbox\Toolboxes\Data Management Tools.tbx\CalculateField" Date="20140513" Time="082735">CalculateField "Voie ferrée" CLASSVOIC "3" VB #</Process><Process ToolSource="c:\program files (x86)\arcgis\desktop10.2\ArcToolbox\Toolboxes\Data Management Tools.tbx\CalculateField" Date="20140513" Time="084341">CalculateField "Voie ferrée" CLASSVOIE "Principale" VB #</Process><Process ToolSource="c:\program files (x86)\arcgis\desktop10.2\ArcToolbox\Toolboxes\Data Management Tools.tbx\CalculateField" Date="20140513" Time="084422">CalculateField "Voie ferrée" CLASSVOIC "1" VB #</Process><Process ToolSource="c:\program files (x86)\arcgis\desktop10.2\ArcToolbox\Toolboxes\Data Management Tools.tbx\CalculateField" Date="20140513" Time="085606">CalculateField VoiesFerres CLASSVOIE "Principale" VB #</Process><Process ToolSource="c:\program files (x86)\arcgis\desktop10.2\ArcToolbox\Toolboxes\Data Management Tools.tbx\CalculateField" Date="20140513" Time="085618">CalculateField VoiesFerres CLASSVOIC "1" VB #</Process><Process ToolSource="c:\program files (x86)\arcgis\desktop10.2\ArcToolbox\Toolboxes\Data Management Tools.tbx\CalculateField" Date="20140513" Time="085732">CalculateField VoiesFerres CLASSVOIE "Épi" VB #</Process><Process ToolSource="c:\program files (x86)\arcgis\desktop10.2\ArcToolbox\Toolboxes\Data Management Tools.tbx\CalculateField" Date="20140513" Time="085746">CalculateField VoiesFerres CLASSVOIC "3" VB #</Process><Process ToolSource="c:\program files (x86)\arcgis\desktop10.2\ArcToolbox\Toolboxes\Data Management Tools.tbx\CalculateField" Date="20140513" Time="085905">CalculateField VoiesFerres CLASSVOIE "Principale" VB #</Process><Process ToolSource="c:\program files (x86)\arcgis\desktop10.2\ArcToolbox\Toolboxes\Data Management Tools.tbx\CalculateField" Date="20140513" Time="085915">CalculateField VoiesFerres CLASSVOIC "1" VB #</Process><Process ToolSource="c:\program files (x86)\arcgis\desktop10.2\ArcToolbox\Toolboxes\Data Management Tools.tbx\CalculateField" Date="20140513" Time="090033">CalculateField VoiesFerres CLASSVOIE "Épi" VB #</Process><Process ToolSource="c:\program files (x86)\arcgis\desktop10.2\ArcToolbox\Toolboxes\Data Management Tools.tbx\CalculateField" Date="20140513" Time="090042">CalculateField VoiesFerres CLASSVOIC "3" VB #</Process><Process ToolSource="c:\program files (x86)\arcgis\desktop10.2\ArcToolbox\Toolboxes\Data Management Tools.tbx\CalculateField" Date="20140513" Time="090057">CalculateField VoiesFerres CLASSVOIC "3" VB #</Process><Process ToolSource="c:\program files (x86)\arcgis\desktop10.2\ArcToolbox\Toolboxes\Data Management Tools.tbx\CalculateField" Date="20140513" Time="090106">CalculateField VoiesFerres CLASSVOIE "Épi" VB #</Process><Process ToolSource="c:\program files (x86)\arcgis\desktop10.2\ArcToolbox\Toolboxes\Data Management Tools.tbx\CalculateField" Date="20140513" Time="090123">CalculateField VoiesFerres CLASSVOIE "Épi" VB #</Process><Process ToolSource="c:\program files (x86)\arcgis\desktop10.2\ArcToolbox\Toolboxes\Data Management Tools.tbx\CalculateField" Date="20140513" Time="090132">CalculateField VoiesFerres CLASSVOIC "3" VB #</Process><Process ToolSource="c:\program files (x86)\arcgis\desktop10.2\ArcToolbox\Toolboxes\Data Management Tools.tbx\CalculateField" Date="20140513" Time="090154">CalculateField VoiesFerres CLASSVOIC "3" VB #</Process><Process ToolSource="c:\program files (x86)\arcgis\desktop10.2\ArcToolbox\Toolboxes\Data Management Tools.tbx\CalculateField" Date="20140513" Time="090205">CalculateField VoiesFerres CLASSVOIE "Épi" VB #</Process><Process ToolSource="c:\program files (x86)\arcgis\desktop10.2\ArcToolbox\Toolboxes\Data Management Tools.tbx\CalculateField" Date="20140513" Time="090302">CalculateField VoiesFerres CLASSVOIC "4" VB #</Process><Process ToolSource="c:\program files (x86)\arcgis\desktop10.2\ArcToolbox\Toolboxes\Data Management Tools.tbx\CalculateField" Date="20140513" Time="090314">CalculateField VoiesFerres CLASSVOIE "Triage" VB #</Process><Process ToolSource="c:\program files (x86)\arcgis\desktop10.2\ArcToolbox\Toolboxes\Data Management Tools.tbx\CalculateField" Date="20140626" Time="153128">CalculateField VoiesFerres CLASSVOIE "Épi" VB #</Process><Process ToolSource="c:\program files (x86)\arcgis\desktop10.2\ArcToolbox\Toolboxes\Data Management Tools.tbx\CalculateField" Date="20140626" Time="153139">CalculateField VoiesFerres CLASSVOIC "3" VB #</Process><Process ToolSource="c:\program files (x86)\arcgis\desktop10.2\ArcToolbox\Toolboxes\Data Management Tools.tbx\CalculateField" Date="20141203" Time="142501">CalculateField VoiesFerres20140918 Utilisation "Voyageurs" VB #</Process><Process ToolSource="c:\program files (x86)\arcgis\desktop10.2\ArcToolbox\Toolboxes\Data Management Tools.tbx\CalculateField" Date="20141203" Time="142538">CalculateField VoiesFerres20140918 Utilisation "Voyageurs" VB #</Process><Process ToolSource="c:\program files (x86)\arcgis\desktop10.2\ArcToolbox\Toolboxes\Data Management Tools.tbx\CalculateField" Date="20141203" Time="142830">CalculateField VoiesFerres20140918 Utilisation "&lt;Null&gt;" VB #</Process><Process ToolSource="c:\program files (x86)\arcgis\desktop10.2\ArcToolbox\Toolboxes\Data Management Tools.tbx\CalculateField" Date="20141203" Time="142849">CalculateField VoiesFerres20140918 Utilisation "&lt;Null&gt;" VB #</Process><Process ToolSource="c:\program files (x86)\arcgis\desktop10.2\ArcToolbox\Toolboxes\Data Management Tools.tbx\CalculateField" Date="20141203" Time="142914">CalculateField VoiesFerres20140918 Utilisation "&lt;Null&gt;" VB #</Process><Process ToolSource="c:\program files (x86)\arcgis\desktop10.2\ArcToolbox\Toolboxes\Data Management Tools.tbx\CalculateField" Date="20141203" Time="142935">CalculateField VoiesFerres20140918 Utilisation "&lt;Null&gt;" VB #</Process><Process ToolSource="c:\program files (x86)\arcgis\desktop10.2\ArcToolbox\Toolboxes\Data Management Tools.tbx\CalculateField" Date="20141203" Time="143002">CalculateField VoiesFerres20140918 Utilisation "&lt;Null&gt;" VB #</Process><Process ToolSource="c:\program files (x86)\arcgis\desktop10.2\ArcToolbox\Toolboxes\Data Management Tools.tbx\CalculateField" Date="20141203" Time="143048">CalculateField VoiesFerres20140918 Utilisation "&lt;Null&gt;" VB #</Process><Process ToolSource="c:\program files (x86)\arcgis\desktop10.2\ArcToolbox\Toolboxes\Data Management Tools.tbx\CalculateField" Date="20141203" Time="143206">CalculateField VoiesFerres20140918 Utilisation "Voyageurs" VB #</Process><Process ToolSource="c:\program files (x86)\arcgis\desktop10.2\ArcToolbox\Toolboxes\Data Management Tools.tbx\CalculateField" Date="20141203" Time="143449">CalculateField VoiesFerres20140918 Utilisation "Voyageurs" VB #</Process><Process ToolSource="c:\program files (x86)\arcgis\desktop10.2\ArcToolbox\Toolboxes\Data Management Tools.tbx\CalculateField" Date="20141203" Time="143620">CalculateField VoiesFerres20140918 Utilisation "Voyageurs" VB #</Process><Process ToolSource="c:\program files (x86)\arcgis\desktop10.2\ArcToolbox\Toolboxes\Data Management Tools.tbx\CalculateField" Date="20141203" Time="143826">CalculateField VoiesFerres20140918 Utilisation "Voyageurs" VB #</Process><Process ToolSource="c:\program files (x86)\arcgis\desktop10.2\ArcToolbox\Toolboxes\Data Management Tools.tbx\CalculateField" Date="20141203" Time="145007">CalculateField "Voie ferrée" Utilisation "Voyageurs" VB #</Process><Process ToolSource="c:\program files (x86)\arcgis\desktop10.4\ArcToolbox\Toolboxes\Data Management Tools.tbx\CalculateField" Date="20171219" Time="152329">CalculateField ReseauFerroviaire CLASSVOIC "2" VB #</Process><Process ToolSource="c:\program files (x86)\arcgis\desktop10.4\ArcToolbox\Toolboxes\Data Management Tools.tbx\CalculateField" Date="20171219" Time="152431">CalculateField ReseauFerroviaire CLASSVOIC "1" VB #</Process><Process ToolSource="c:\program files (x86)\arcgis\desktop10.4\ArcToolbox\Toolboxes\Data Management Tools.tbx\CalculateField" Date="20171219" Time="152537">CalculateField ReseauFerroviaire CLASSVOIC "4" VB #</Process><Process ToolSource="c:\program files (x86)\arcgis\desktop10.4\ArcToolbox\Toolboxes\Data Management Tools.tbx\CalculateField" Date="20171220" Time="090606">CalculateField ReseauFerroviaire CLASSVOIE "Embranchement" VB #</Process></lineage><itemProps><itemName Sync="TRUE">VoiesFerres20140918</itemName><imsContentType Sync="TRUE">002</imsContentType><itemLocation><linkage Sync="TRUE">file://\\ile.mtl.qc.ca\VDM$\12.UrbanismeHabitation\DivPlanUrb\10. SIG\10.01 Donnees\_Info\DonneesOuvertes\Donnees\SAD_Transport\VoiesFerres20140918.shp</linkage><protocol Sync="TRUE">Local Area Network</protocol></itemLocation><itemSize Sync="TRUE">0.000</itemSize></itemProps><coordRef><type Sync="TRUE">Projected</type><geogcsn Sync="TRUE">GCS_North_American_1983</geogcsn><csUnits Sync="TRUE">Linear Unit: Meter (1.000000)</csUnits><peXml Sync="TRUE">&lt;ProjectedCoordinateSystem xsi:type='typens:ProjectedCoordinateSystem' xmlns:xsi='http://www.w3.org/2001/XMLSchema-instance' xmlns:xs='http://www.w3.org/2001/XMLSchema' xmlns:typens='http://www.esri.com/schemas/ArcGIS/10.4'&gt;&lt;WKT&gt;PROJCS[&amp;quot;NAD83_MTM_zone_8&amp;quot;,GEOGCS[&amp;quot;GCS_North_American_1983&amp;quot;,DATUM[&amp;quot;D_North_American_1983&amp;quot;,SPHEROID[&amp;quot;GRS_1980&amp;quot;,6378137.0,298.257222101]],PRIMEM[&amp;quot;Greenwich&amp;quot;,0.0],UNIT[&amp;quot;Degree&amp;quot;,0.0174532925199433]],PROJECTION[&amp;quot;Transverse_Mercator&amp;quot;],PARAMETER[&amp;quot;false_easting&amp;quot;,304800.0],PARAMETER[&amp;quot;false_northing&amp;quot;,0.0],PARAMETER[&amp;quot;central_meridian&amp;quot;,-73.5],PARAMETER[&amp;quot;scale_factor&amp;quot;,0.9999],PARAMETER[&amp;quot;latitude_of_origin&amp;quot;,0.0],UNIT[&amp;quot;Meter&amp;quot;,1.0]]&lt;/WKT&gt;&lt;XOrigin&gt;-5317800&lt;/XOrigin&gt;&lt;YOrigin&gt;-10001100&lt;/YOrigin&gt;&lt;XYScale&gt;450310428.58990461&lt;/XYScale&gt;&lt;ZOrigin&gt;-100000&lt;/ZOrigin&gt;&lt;ZScale&gt;10000&lt;/ZScale&gt;&lt;MOrigin&gt;-100000&lt;/MOrigin&gt;&lt;MScale&gt;10000&lt;/MScale&gt;&lt;XYTolerance&gt;0.001&lt;/XYTolerance&gt;&lt;ZTolerance&gt;0.001&lt;/ZTolerance&gt;&lt;MTolerance&gt;0.001&lt;/MTolerance&gt;&lt;HighPrecision&gt;true&lt;/HighPrecision&gt;&lt;/ProjectedCoordinateSystem&gt;</peXml><projcsn Sync="TRUE">NAD83_MTM_zone_8</projcsn></coordRef></DataProperties><SyncDate>20170616</SyncDate><SyncTime>10232000</SyncTime><ModDate>20170616</ModDate><ModTime>10232000</ModTime></Esri><dataIdInfo><envirDesc Sync="TRUE">Microsoft Windows 7 Version 6.1 (Build 7601) Service Pack 1; Esri ArcGIS 10.4.1.5686</envirDesc><dataLang><languageCode value="fra" Sync="TRUE"></languageCode><countryCode value="CAN" Sync="TRUE"></countryCode></dataLang><idCitation><resTitle Sync="TRUE">VoiesFerres20140918</resTitle><presForm><PresFormCd value="005" Sync="TRUE"></PresFormCd></presForm></idCitation><spatRpType><SpatRepTypCd value="001" Sync="TRUE"></SpatRepTypCd></spatRpType></dataIdInfo><mdLang><languageCode value="fra" Sync="TRUE"></languageCode><countryCode value="CAN" Sync="TRUE"></countryCode></mdLang><distInfo><distFormat><formatName Sync="TRUE">Shapefile</formatName></distFormat><distTranOps><transSize Sync="TRUE">0.000</transSize></distTranOps></distInfo><mdHrLv><ScopeCd value="005" Sync="TRUE"></ScopeCd></mdHrLv><mdHrLvName Sync="TRUE">dataset</mdHrLvName><refSysInfo><RefSystem><refSysID><identCode code="0" Sync="TRUE"></identCode><idCodeSpace Sync="TRUE">EPSG</idCodeSpace><idVersion Sync="TRUE">7.9.4</idVersion></refSysID></RefSystem></refSysInfo><spatRepInfo><VectSpatRep><geometObjs Name="VoiesFerres20140918"><geoObjTyp><GeoObjTypCd value="002" Sync="TRUE"></GeoObjTypCd></geoObjTyp><geoObjCnt Sync="TRUE">0</geoObjCnt></geometObjs><topLvl><TopoLevCd value="001" Sync="TRUE"></TopoLevCd></topLvl></VectSpatRep></spatRepInfo><spdoinfo><ptvctinf><esriterm Name="VoiesFerres20140918"><efeatyp Sync="TRUE">Simple</efeatyp><efeageom code="3" Sync="TRUE"></efeageom><esritopo Sync="TRUE">FALSE</esritopo><efeacnt Sync="TRUE">0</efeacnt><spindex Sync="TRUE">FALSE</spindex><linrefer Sync="TRUE">TRUE</linrefer></esriterm></ptvctinf></spdoinfo><eainfo><detailed Name="VoiesFerres20140918"><enttyp><enttypl Sync="TRUE">VoiesFerres20140918</enttypl><enttypt Sync="TRUE">Feature Class</enttypt><enttypc Sync="TRUE">0</enttypc></enttyp><attr><attrlabl Sync="TRUE">FID</attrlabl><attalias Sync="TRUE">FID</attalias><attrtype Sync="TRUE">OID</attrtype><attwidth Sync="TRUE">4</attwidth><atprecis Sync="TRUE">0</atprecis><attscale Sync="TRUE">0</attscale><attrdef Sync="TRUE">Internal feature number.</attrdef><attrdefs Sync="TRUE">Esri</attrdefs><attrdomv><udom Sync="TRUE">Sequential unique whole numbers that are automatically generated.</udom></attrdomv></attr><attr><attrlabl Sync="TRUE">Shape</attrlabl><attalias Sync="TRUE">Shape</attalias><attrtype Sync="TRUE">Geometry</attrtype><attwidth Sync="TRUE">0</attwidth><atprecis Sync="TRUE">0</atprecis><attscale Sync="TRUE">0</attscale><attrdef Sync="TRUE">Feature geometry.</attrdef><attrdefs Sync="TRUE">Esri</attrdefs><attrdomv><udom Sync="TRUE">Coordinates defining the features.</udom></attrdomv></attr><attr><attrlabl Sync="TRUE">IDN</attrlabl><attalias Sync="TRUE">IDN</attalias><attrtype Sync="TRUE">String</attrtype><attwidth Sync="TRUE">32</attwidth><atprecis Sync="TRUE">0</atprecis><attscale Sync="TRUE">0</attscale></attr><attr><attrlabl Sync="TRUE">IDSEGVOIE</attrlabl><attalias Sync="TRUE">IDSEGVOIE</attalias><attrtype Sync="TRUE">String</attrtype><attwidth Sync="TRUE">32</attwidth><atprecis Sync="TRUE">0</atprecis><attscale Sync="TRUE">0</attscale></attr><attr><attrlabl Sync="TRUE">NOMVOIE</attrlabl><attalias Sync="TRUE">NOMVOIE</attalias><attrtype Sync="TRUE">String</attrtype><attwidth Sync="TRUE">100</attwidth><atprecis Sync="TRUE">0</atprecis><attscale Sync="TRUE">0</attscale></attr><attr><attrlabl Sync="TRUE">CLASSVOIE</attrlabl><attalias Sync="TRUE">CLASSVOIE</attalias><attrtype Sync="TRUE">String</attrtype><attwidth Sync="TRUE">20</attwidth><atprecis Sync="TRUE">0</atprecis><attscale Sync="TRUE">0</attscale></attr><attr><attrlabl Sync="TRUE">CLASSVOIC</attrlabl><attalias Sync="TRUE">CLASSVOIC</attalias><attrtype Sync="TRUE">Integer</attrtype><attwidth Sync="TRUE">5</attwidth><atprecis Sync="TRUE">5</atprecis><attscale Sync="TRUE">0</attscale></attr><attr><attrlabl Sync="TRUE">LEGISLATEU</attrlabl><attalias Sync="TRUE">LEGISLATEU</attalias><attrtype Sync="TRUE">String</attrtype><attwidth Sync="TRUE">10</attwidth><atprecis Sync="TRUE">0</atprecis><attscale Sync="TRUE">0</attscale></attr><attr><attrlabl Sync="TRUE">LEGISLATEC</attrlabl><attalias Sync="TRUE">LEGISLATEC</attalias><attrtype Sync="TRUE">Integer</attrtype><attwidth Sync="TRUE">5</attwidth><atprecis Sync="TRUE">5</atprecis><attscale Sync="TRUE">0</attscale></attr><attr><attrlabl Sync="TRUE">TYPETRANSP</attrlabl><attalias Sync="TRUE">TYPETRANSP</attalias><attrtype Sync="TRUE">String</attrtype><attwidth Sync="TRUE">10</attwidth><atprecis Sync="TRUE">0</atprecis><attscale Sync="TRUE">0</attscale></attr><attr><attrlabl Sync="TRUE">TYPETRANSC</attrlabl><attalias Sync="TRUE">TYPETRANSC</attalias><attrtype Sync="TRUE">Integer</attrtype><attwidth Sync="TRUE">5</attwidth><atprecis Sync="TRUE">5</atprecis><attscale Sync="TRUE">0</attscale></attr><attr><attrlabl Sync="TRUE">TYPEUTILIS</attrlabl><attalias Sync="TRUE">TYPEUTILIS</attalias><attrtype Sync="TRUE">String</attrtype><attwidth Sync="TRUE">30</attwidth><atprecis Sync="TRUE">0</atprecis><attscale Sync="TRUE">0</attscale></attr><attr><attrlabl Sync="TRUE">TYPEUTILIC</attrlabl><attalias Sync="TRUE">TYPEUTILIC</attalias><attrtype Sync="TRUE">Integer</attrtype><attwidth Sync="TRUE">5</attwidth><atprecis Sync="TRUE">5</atprecis><attscale Sync="TRUE">0</attscale></attr><attr><attrlabl Sync="TRUE">ECARTEMENT</attrlabl><attalias Sync="TRUE">ECARTEMENT</attalias><attrtype Sync="TRUE">String</attrtype><attwidth Sync="TRUE">15</attwidth><atprecis Sync="TRUE">0</atprecis><attscale Sync="TRUE">0</attscale></attr><attr><attrlabl Sync="TRUE">ECARTEMENC</attrlabl><attalias Sync="TRUE">ECARTEMENC</attalias><attrtype Sync="TRUE">Integer</attrtype><attwidth Sync="TRUE">5</attwidth><atprecis Sync="TRUE">5</atprecis><attscale Sync="TRUE">0</attscale></attr><attr><attrlabl Sync="TRUE">NBRVOIES</attrlabl><attalias Sync="TRUE">NBRVOIES</attalias><attrtype Sync="TRUE">Integer</attrtype><attwidth Sync="TRUE">5</attwidth><atprecis Sync="TRUE">5</atprecis><attscale Sync="TRUE">0</attscale></attr><attr><attrlabl Sync="TRUE">ELECTRIFIC</attrlabl><attalias Sync="TRUE">ELECTRIFIC</attalias><attrtype Sync="TRUE">String</attrtype><attwidth Sync="TRUE">10</attwidth><atprecis Sync="TRUE">0</atprecis><attscale Sync="TRUE">0</attscale></attr><attr><attrlabl Sync="TRUE">ELECTRIFCC</attrlabl><attalias Sync="TRUE">ELECTRIFCC</attalias><attrtype Sync="TRUE">Integer</attrtype><attwidth Sync="TRUE">5</attwidth><atprecis Sync="TRUE">5</atprecis><attscale Sync="TRUE">0</attscale></attr><attr><attrlabl Sync="TRUE">ETAT</attrlabl><attalias Sync="TRUE">ETAT</attalias><attrtype Sync="TRUE">String</attrtype><attwidth Sync="TRUE">20</attwidth><atprecis Sync="TRUE">0</atprecis><attscale Sync="TRUE">0</attscale></attr><attr><attrlabl Sync="TRUE">ETATC</attrlabl><attalias Sync="TRUE">ETATC</attalias><attrtype Sync="TRUE">Integer</attrtype><attwidth Sync="TRUE">5</attwidth><atprecis Sync="TRUE">5</atprecis><attscale Sync="TRUE">0</attscale></attr><attr><attrlabl Sync="TRUE">VITLIMMARC</attrlabl><attalias Sync="TRUE">VITLIMMARC</attalias><attrtype Sync="TRUE">Integer</attrtype><attwidth Sync="TRUE">5</attwidth><atprecis Sync="TRUE">5</atprecis><attscale Sync="TRUE">0</attscale></attr><attr><attrlabl Sync="TRUE">VITLIMVOYA</attrlabl><attalias Sync="TRUE">VITLIMVOYA</attalias><attrtype Sync="TRUE">Integer</attrtype><attwidth Sync="TRUE">5</attwidth><atprecis Sync="TRUE">5</atprecis><attscale Sync="TRUE">0</attscale></attr><attr><attrlabl Sync="TRUE">UNITEVITES</attrlabl><attalias Sync="TRUE">UNITEVITES</attalias><attrtype Sync="TRUE">String</attrtype><attwidth Sync="TRUE">20</attwidth><atprecis Sync="TRUE">0</atprecis><attscale Sync="TRUE">0</attscale></attr><attr><attrlabl Sync="TRUE">UNITEVITEC</attrlabl><attalias Sync="TRUE">UNITEVITEC</attalias><attrtype Sync="TRUE">Integer</attrtype><attwidth Sync="TRUE">5</attwidth><atprecis Sync="TRUE">5</atprecis><attscale Sync="TRUE">0</attscale></attr><attr><attrlabl Sync="TRUE">IDSOURCE</attrlabl><attalias Sync="TRUE">IDSOURCE</attalias><attrtype Sync="TRUE">String</attrtype><attwidth Sync="TRUE">50</attwidth><atprecis Sync="TRUE">0</atprecis><attscale Sync="TRUE">0</attscale></attr><attr><attrlabl Sync="TRUE">NMFREXPLOI</attrlabl><attalias Sync="TRUE">NMFREXPLOI</attalias><attrtype Sync="TRUE">String</attrtype><attwidth Sync="TRUE">100</attwidth><atprecis Sync="TRUE">0</atprecis><attscale Sync="TRUE">0</attscale></attr><attr><attrlabl Sync="TRUE">SIGLEXPLOI</attrlabl><attalias Sync="TRUE">SIGLEXPLOI</attalias><attrtype Sync="TRUE">String</attrtype><attwidth Sync="TRUE">10</attwidth><atprecis Sync="TRUE">0</atprecis><attscale Sync="TRUE">0</attscale></attr><attr><attrlabl Sync="TRUE">DEBSUBEXPL</attrlabl><attalias Sync="TRUE">DEBSUBEXPL</attalias><attrtype Sync="TRUE">Single</attrtype><attwidth Sync="TRUE">13</attwidth><atprecis Sync="TRUE">0</atprecis><attscale Sync="TRUE">0</attscale></attr><attr><attrlabl Sync="TRUE">FINSUBEXPL</attrlabl><attalias Sync="TRUE">FINSUBEXPL</attalias><attrtype Sync="TRUE">Single</attrtype><attwidth Sync="TRUE">13</attwidth><atprecis Sync="TRUE">0</atprecis><attscale Sync="TRUE">0</attscale></attr><attr><attrlabl Sync="TRUE">UDISUBEXP</attrlabl><attalias Sync="TRUE">UDISUBEXP</attalias><attrtype Sync="TRUE">String</attrtype><attwidth Sync="TRUE">20</attwidth><atprecis Sync="TRUE">0</atprecis><attscale Sync="TRUE">0</attscale></attr><attr><attrlabl Sync="TRUE">UDISUBEXPC</attrlabl><attalias Sync="TRUE">UDISUBEXPC</attalias><attrtype Sync="TRUE">Integer</attrtype><attwidth Sync="TRUE">5</attwidth><atprecis Sync="TRUE">5</atprecis><attscale Sync="TRUE">0</attscale></attr><attr><attrlabl Sync="TRUE">NMFRPROPR</attrlabl><attalias Sync="TRUE">NMFRPROPR</attalias><attrtype Sync="TRUE">String</attrtype><attwidth Sync="TRUE">100</attwidth><atprecis Sync="TRUE">0</atprecis><attscale Sync="TRUE">0</attscale></attr><attr><attrlabl Sync="TRUE">NMFRUTI1VO</attrlabl><attalias Sync="TRUE">NMFRUTI1VO</attalias><attrtype Sync="TRUE">String</attrtype><attwidth Sync="TRUE">100</attwidth><atprecis Sync="TRUE">0</atprecis><attscale Sync="TRUE">0</attscale></attr><attr><attrlabl Sync="TRUE">SIGUTI1VO</attrlabl><attalias Sync="TRUE">SIGUTI1VO</attalias><attrtype Sync="TRUE">String</attrtype><attwidth Sync="TRUE">10</attwidth><atprecis Sync="TRUE">0</atprecis><attscale Sync="TRUE">0</attscale></attr><attr><attrlabl Sync="TRUE">NMFRUTI2VO</attrlabl><attalias Sync="TRUE">NMFRUTI2VO</attalias><attrtype Sync="TRUE">String</attrtype><attwidth Sync="TRUE">100</attwidth><atprecis Sync="TRUE">0</atprecis><attscale Sync="TRUE">0</attscale></attr><attr><attrlabl Sync="TRUE">SIGUTI2VO</attrlabl><attalias Sync="TRUE">SIGUTI2VO</attalias><attrtype Sync="TRUE">String</attrtype><attwidth Sync="TRUE">10</attwidth><atprecis Sync="TRUE">0</atprecis><attscale Sync="TRUE">0</attscale></attr><attr><attrlabl Sync="TRUE">NMFRUTI3VO</attrlabl><attalias Sync="TRUE">NMFRUTI3VO</attalias><attrtype Sync="TRUE">String</attrtype><attwidth Sync="TRUE">100</attwidth><atprecis Sync="TRUE">0</atprecis><attscale Sync="TRUE">0</attscale></attr><attr><attrlabl Sync="TRUE">SIGUTI3VO</attrlabl><attalias Sync="TRUE">SIGUTI3VO</attalias><attrtype Sync="TRUE">String</attrtype><attwidth Sync="TRUE">10</attwidth><atprecis Sync="TRUE">0</atprecis><attscale Sync="TRUE">0</attscale></attr><attr><attrlabl Sync="TRUE">NMFRUTI4VO</attrlabl><attalias Sync="TRUE">NMFRUTI4VO</attalias><attrtype Sync="TRUE">String</attrtype><attwidth Sync="TRUE">100</attwidth><atprecis Sync="TRUE">0</atprecis><attscale Sync="TRUE">0</attscale></attr><attr><attrlabl Sync="TRUE">SIGUTI4VO</attrlabl><attalias Sync="TRUE">SIGUTI4VO</attalias><attrtype Sync="TRUE">String</attrtype><attwidth Sync="TRUE">10</attwidth><atprecis Sync="TRUE">0</atprecis><attscale Sync="TRUE">0</attscale></attr><attr><attrlabl Sync="TRUE">IDNSUBDIV1</attrlabl><attalias Sync="TRUE">IDNSUBDIV1</attalias><attrtype Sync="TRUE">String</attrtype><attwidth Sync="TRUE">32</attwidth><atprecis Sync="TRUE">0</atprecis><attscale Sync="TRUE">0</attscale></attr><attr><attrlabl Sync="TRUE">NOMSUBDIV1</attrlabl><attalias Sync="TRUE">NOMSUBDIV1</attalias><attrtype Sync="TRUE">String</attrtype><attwidth Sync="TRUE">100</attwidth><atprecis Sync="TRUE">0</atprecis><attscale Sync="TRUE">0</attscale></attr><attr><attrlabl Sync="TRUE">DEBSUBDIV1</attrlabl><attalias Sync="TRUE">DEBSUBDIV1</attalias><attrtype Sync="TRUE">Single</attrtype><attwidth Sync="TRUE">13</attwidth><atprecis Sync="TRUE">0</atprecis><attscale Sync="TRUE">0</attscale></attr><attr><attrlabl Sync="TRUE">FINSUBDIV1</attrlabl><attalias Sync="TRUE">FINSUBDIV1</attalias><attrtype Sync="TRUE">Single</attrtype><attwidth Sync="TRUE">13</attwidth><atprecis Sync="TRUE">0</atprecis><attscale Sync="TRUE">0</attscale></attr><attr><attrlabl Sync="TRUE">UNITDISUB1</attrlabl><attalias Sync="TRUE">UNITDISUB1</attalias><attrtype Sync="TRUE">String</attrtype><attwidth Sync="TRUE">20</attwidth><atprecis Sync="TRUE">0</atprecis><attscale Sync="TRUE">0</attscale></attr><attr><attrlabl Sync="TRUE">UNITDSUB1C</attrlabl><attalias Sync="TRUE">UNITDSUB1C</attalias><attrtype Sync="TRUE">Integer</attrtype><attwidth Sync="TRUE">5</attwidth><atprecis Sync="TRUE">5</atprecis><attscale Sync="TRUE">0</attscale></attr><attr><attrlabl Sync="TRUE">IDNSUBDIV2</attrlabl><attalias Sync="TRUE">IDNSUBDIV2</attalias><attrtype Sync="TRUE">String</attrtype><attwidth Sync="TRUE">32</attwidth><atprecis Sync="TRUE">0</atprecis><attscale Sync="TRUE">0</attscale></attr><attr><attrlabl Sync="TRUE">NOMSUBDIV2</attrlabl><attalias Sync="TRUE">NOMSUBDIV2</attalias><attrtype Sync="TRUE">String</attrtype><attwidth Sync="TRUE">100</attwidth><atprecis Sync="TRUE">0</atprecis><attscale Sync="TRUE">0</attscale></attr><attr><attrlabl Sync="TRUE">DEBSUBDIV2</attrlabl><attalias Sync="TRUE">DEBSUBDIV2</attalias><attrtype Sync="TRUE">Single</attrtype><attwidth Sync="TRUE">13</attwidth><atprecis Sync="TRUE">0</atprecis><attscale Sync="TRUE">0</attscale></attr><attr><attrlabl Sync="TRUE">FINSUBDIV2</attrlabl><attalias Sync="TRUE">FINSUBDIV2</attalias><attrtype Sync="TRUE">Single</attrtype><attwidth Sync="TRUE">13</attwidth><atprecis Sync="TRUE">0</atprecis><attscale Sync="TRUE">0</attscale></attr><attr><attrlabl Sync="TRUE">UNITDISUB2</attrlabl><attalias Sync="TRUE">UNITDISUB2</attalias><attrtype Sync="TRUE">String</attrtype><attwidth Sync="TRUE">20</attwidth><atprecis Sync="TRUE">0</atprecis><attscale Sync="TRUE">0</attscale></attr><attr><attrlabl Sync="TRUE">UNITDSUB2C</attrlabl><attalias Sync="TRUE">UNITDSUB2C</attalias><attrtype Sync="TRUE">Integer</attrtype><attwidth Sync="TRUE">5</attwidth><atprecis Sync="TRUE">5</atprecis><attscale Sync="TRUE">0</attscale></attr><attr><attrlabl Sync="TRUE">TERRADMIN</attrlabl><attalias Sync="TRUE">TERRADMIN</attalias><attrtype Sync="TRUE">String</attrtype><attwidth Sync="TRUE">50</attwidth><atprecis Sync="TRUE">0</atprecis><attscale Sync="TRUE">0</attscale></attr><attr><attrlabl Sync="TRUE">TERRADMINC</attrlabl><attalias Sync="TRUE">TERRADMINC</attalias><attrtype Sync="TRUE">String</attrtype><attwidth Sync="TRUE">2</attwidth><atprecis Sync="TRUE">0</atprecis><attscale Sync="TRUE">0</attscale></attr><attr><attrlabl Sync="TRUE">VERSNORMES</attrlabl><attalias Sync="TRUE">VERSNORMES</attalias><attrtype Sync="TRUE">String</attrtype><attwidth Sync="TRUE">10</attwidth><atprecis Sync="TRUE">0</atprecis><attscale Sync="TRUE">0</attscale></attr><attr><attrlabl Sync="TRUE">CLASSECUR</attrlabl><attalias Sync="TRUE">CLASSECUR</attalias><attrtype Sync="TRUE">String</attrtype><attwidth Sync="TRUE">15</attwidth><atprecis Sync="TRUE">0</atprecis><attscale Sync="TRUE">0</attscale></attr><attr><attrlabl Sync="TRUE">CLASSECURC</attrlabl><attalias Sync="TRUE">CLASSECURC</attalias><attrtype Sync="TRUE">Integer</attrtype><attwidth Sync="TRUE">5</attwidth><atprecis Sync="TRUE">5</atprecis><attscale Sync="TRUE">0</attscale></attr><attr><attrlabl Sync="TRUE">GEODATECRE</attrlabl><attalias Sync="TRUE">GEODATECRE</attalias><attrtype Sync="TRUE">String</attrtype><attwidth Sync="TRUE">8</attwidth><atprecis Sync="TRUE">0</atprecis><attscale Sync="TRUE">0</attscale></attr><attr><attrlabl Sync="TRUE">GEODATEREV</attrlabl><attalias Sync="TRUE">GEODATEREV</attalias><attrtype Sync="TRUE">String</attrtype><attwidth Sync="TRUE">8</attwidth><atprecis Sync="TRUE">0</atprecis><attscale Sync="TRUE">0</attscale></attr><attr><attrlabl Sync="TRUE">GEOTECHACQ</attrlabl><attalias Sync="TRUE">GEOTECHACQ</attalias><attrtype Sync="TRUE">String</attrtype><attwidth Sync="TRUE">30</attwidth><atprecis Sync="TRUE">0</atprecis><attscale Sync="TRUE">0</attscale></attr><attr><attrlabl Sync="TRUE">GEOTECHACC</attrlabl><attalias Sync="TRUE">GEOTECHACC</attalias><attrtype Sync="TRUE">Integer</attrtype><attwidth Sync="TRUE">5</attwidth><atprecis Sync="TRUE">5</atprecis><attscale Sync="TRUE">0</attscale></attr><attr><attrlabl Sync="TRUE">GEOPRECISI</attrlabl><attalias Sync="TRUE">GEOPRECISI</attalias><attrtype Sync="TRUE">Integer</attrtype><attwidth Sync="TRUE">5</attwidth><atprecis Sync="TRUE">5</atprecis><attscale Sync="TRUE">0</attscale></attr><attr><attrlabl Sync="TRUE">GEOFOURNIS</attrlabl><attalias Sync="TRUE">GEOFOURNIS</attalias><attrtype Sync="TRUE">String</attrtype><attwidth Sync="TRUE">25</attwidth><atprecis Sync="TRUE">0</atprecis><attscale Sync="TRUE">0</attscale></attr><attr><attrlabl Sync="TRUE">GEOFOURNIC</attrlabl><attalias Sync="TRUE">GEOFOURNIC</attalias><attrtype Sync="TRUE">Integer</attrtype><attwidth Sync="TRUE">5</attwidth><atprecis Sync="TRUE">5</atprecis><attscale Sync="TRUE">0</attscale></attr><attr><attrlabl Sync="TRUE">ATTDATECRE</attrlabl><attalias Sync="TRUE">ATTDATECRE</attalias><attrtype Sync="TRUE">String</attrtype><attwidth Sync="TRUE">8</attwidth><atprecis Sync="TRUE">0</atprecis><attscale Sync="TRUE">0</attscale></attr><attr><attrlabl Sync="TRUE">ATTDATEREV</attrlabl><attalias Sync="TRUE">ATTDATEREV</attalias><attrtype Sync="TRUE">String</attrtype><attwidth Sync="TRUE">8</attwidth><atprecis Sync="TRUE">0</atprecis><attscale Sync="TRUE">0</attscale></attr><attr><attrlabl Sync="TRUE">ATTTECHACQ</attrlabl><attalias Sync="TRUE">ATTTECHACQ</attalias><attrtype Sync="TRUE">String</attrtype><attwidth Sync="TRUE">30</attwidth><atprecis Sync="TRUE">0</atprecis><attscale Sync="TRUE">0</attscale></attr><attr><attrlabl Sync="TRUE">ATTTECHACC</attrlabl><attalias Sync="TRUE">ATTTECHACC</attalias><attrtype Sync="TRUE">Integer</attrtype><attwidth Sync="TRUE">5</attwidth><atprecis Sync="TRUE">5</atprecis><attscale Sync="TRUE">0</attscale></attr><attr><attrlabl Sync="TRUE">ATTFOURNIS</attrlabl><attalias Sync="TRUE">ATTFOURNIS</attalias><attrtype Sync="TRUE">String</attrtype><attwidth Sync="TRUE">30</attwidth><atprecis Sync="TRUE">0</atprecis><attscale Sync="TRUE">0</attscale></attr><attr><attrlabl Sync="TRUE">ATTFOURNIC</attrlabl><attalias Sync="TRUE">ATTFOURNIC</attalias><attrtype Sync="TRUE">Integer</attrtype><attwidth Sync="TRUE">5</attwidth><atprecis Sync="TRUE">5</atprecis><attscale Sync="TRUE">0</attscale></attr><attr><attrlabl Sync="TRUE">Utilisatio</attrlabl><attalias Sync="TRUE">Utilisatio</attalias><attrtype Sync="TRUE">String</attrtype><attwidth Sync="TRUE">50</attwidth><atprecis Sync="TRUE">0</atprecis><attscale Sync="TRUE">0</attscale></attr><attr><attrlabl Sync="TRUE">Shape_Leng</attrlabl><attalias Sync="TRUE">Shape_Leng</attalias><attrtype Sync="TRUE">Double</attrtype><attwidth Sync="TRUE">19</attwidth><atprecis Sync="TRUE">0</atprecis><attscale Sync="TRUE">0</attscale></attr></detailed></eainfo><mdDateSt Sync="TRUE">20170616</mdDateSt></metadata>
