<?xml version="1.0" encoding="utf-8"?>
<export xmlns:xsi="http://www.w3.org/2001/XMLSchema-instance" xmlns:xsd="http://www.w3.org/2001/XMLSchema" datedebut="2021-10-01" datefin="2021-10-31">
  <contrat>
    <numeroseao>959781</numeroseao>
    <numero>PRMI-100-0128</numero>
    <datefinale>2020-10-29</datefinale>
    <datepublicationfinale>2020-12-03</datepublicationfinale>
    <montantfinal>18295599.730000</montantfinal>
    <nomcontractant>CONSTRUCTION BLENDA INC.</nomcontractant>
    <neqcontractant>1143877612</neqcontractant>
  </contrat>
  <contrat>
    <numeroseao>975259</numeroseao>
    <numero>1516-SRM-07</numero>
    <datefinale>2021-06-30</datefinale>
    <datepublicationfinale>2021-09-15</datepublicationfinale>
    <montantfinal>57045.000000</montantfinal>
    <nomcontractant>ADT Canada Inc.</nomcontractant>
    <neqcontractant>1165085995</neqcontractant>
  </contrat>
  <contrat>
    <numeroseao>992944</numeroseao>
    <numero>SP9291.132</numero>
    <datefinale>2017-12-31</datefinale>
    <datepublicationfinale>2018-03-29</datepublicationfinale>
    <montantfinal>33000.000000</montantfinal>
    <nomcontractant>Yves Papillon</nomcontractant>
    <neqcontractant />
  </contrat>
  <contrat>
    <numeroseao>1123526</numeroseao>
    <numero>GÉO-2017-03</numero>
    <datefinale>2018-07-09</datefinale>
    <datepublicationfinale>2020-01-25</datepublicationfinale>
    <montantfinal>137682.560000</montantfinal>
    <nomcontractant>PERRON, HUDON, BÉLANGER INC.</nomcontractant>
    <neqcontractant>1142420935</neqcontractant>
  </contrat>
  <contrat>
    <numeroseao>1130166</numeroseao>
    <numero>AO 14399</numero>
    <datefinale>2019-11-20</datefinale>
    <datepublicationfinale>2020-10-15</datepublicationfinale>
    <montantfinal>34219.570000</montantfinal>
    <nomcontractant>9231-9235 QUÉBEC INC.</nomcontractant>
    <neqcontractant>1167073296</neqcontractant>
  </contrat>
  <contrat>
    <numeroseao>1135851</numeroseao>
    <numero>Projet SA 18 16</numero>
    <datefinale />
    <datepublicationfinale>2020-07-29</datepublicationfinale>
    <montantfinal>0.000000</montantfinal>
    <nomcontractant>lignes rive-sud</nomcontractant>
    <neqcontractant>1146655098</neqcontractant>
  </contrat>
  <contrat>
    <numeroseao>1140807</numeroseao>
    <numero>2018-010-02</numero>
    <datefinale>2021-07-01</datefinale>
    <datepublicationfinale>2021-09-29</datepublicationfinale>
    <montantfinal>466936.610000</montantfinal>
    <nomcontractant>ST-PIERRE PAYSAGISTE INC.</nomcontractant>
    <neqcontractant>1160407111</neqcontractant>
  </contrat>
  <contrat>
    <numeroseao>1147254</numeroseao>
    <numero>P1455-01-/6665</numero>
    <datefinale>2021-02-28</datefinale>
    <datepublicationfinale>2021-03-17</datepublicationfinale>
    <montantfinal>39493.960000</montantfinal>
    <nomcontractant>Régulvar Inc.</nomcontractant>
    <neqcontractant>1146502761</neqcontractant>
  </contrat>
  <contrat>
    <numeroseao>1147545</numeroseao>
    <numero>GÉO-2018-01</numero>
    <datefinale>2019-08-12</datefinale>
    <datepublicationfinale>2020-01-25</datepublicationfinale>
    <montantfinal>444378.380000</montantfinal>
    <nomcontractant>PERRON, HUDON, BÉLANGER INC.</nomcontractant>
    <neqcontractant>1142420935</neqcontractant>
  </contrat>
  <contrat>
    <numeroseao>1151938</numeroseao>
    <numero>SP9290.190 (CHUM-545)</numero>
    <datefinale>2017-03-28</datefinale>
    <datepublicationfinale>2018-03-29</datepublicationfinale>
    <montantfinal>11277.610000</montantfinal>
    <nomcontractant>SNC-Lavalin Télécom inc..</nomcontractant>
    <neqcontractant>1140155749</neqcontractant>
  </contrat>
  <contrat>
    <numeroseao>1154160</numeroseao>
    <numero>18-150</numero>
    <datefinale>2018-04-30</datefinale>
    <datepublicationfinale>2019-10-24</datepublicationfinale>
    <montantfinal>20229.890000</montantfinal>
    <nomcontractant>Pépinière Cramer Inc.</nomcontractant>
    <neqcontractant />
  </contrat>
  <contrat>
    <numeroseao>1154160</numeroseao>
    <numero>18-150</numero>
    <datefinale>2018-05-10</datefinale>
    <datepublicationfinale>2019-10-24</datepublicationfinale>
    <montantfinal>22420.130000</montantfinal>
    <nomcontractant>Pepiniere Y.Yvon Auclair &amp; fils enr.</nomcontractant>
    <neqcontractant />
  </contrat>
  <contrat>
    <numeroseao>1154393</numeroseao>
    <numero>Projet SA-18-17</numero>
    <datefinale>2018-12-27</datefinale>
    <datepublicationfinale>2019-10-24</datepublicationfinale>
    <montantfinal>59799.670000</montantfinal>
    <nomcontractant>Paysagiste Roger Martel inc</nomcontractant>
    <neqcontractant />
  </contrat>
  <contrat>
    <numeroseao>1156968</numeroseao>
    <numero>1001723</numero>
    <datefinale>2018-05-31</datefinale>
    <datepublicationfinale>2018-09-26</datepublicationfinale>
    <montantfinal>113476.880000</montantfinal>
    <nomcontractant>9808-7286 quebec inc VICTORIAVILLE MAZDA</nomcontractant>
    <neqcontractant>1170316070</neqcontractant>
  </contrat>
  <contrat>
    <numeroseao>1164823</numeroseao>
    <numero>45049110</numero>
    <datefinale>2018-09-27</datefinale>
    <datepublicationfinale>2018-11-02</datepublicationfinale>
    <montantfinal>93422.940000</montantfinal>
    <nomcontractant>O'BRIEN INSTALLATION LTÉE</nomcontractant>
    <neqcontractant>1162179270</neqcontractant>
  </contrat>
  <contrat>
    <numeroseao>1169308</numeroseao>
    <numero>9009-18-4573</numero>
    <datefinale>2021-09-23</datefinale>
    <datepublicationfinale>2019-10-30</datepublicationfinale>
    <montantfinal>714738.290000</montantfinal>
    <nomcontractant>R.P. Verpaelst Inc.</nomcontractant>
    <neqcontractant>1140035735</neqcontractant>
  </contrat>
  <contrat>
    <numeroseao>1171737</numeroseao>
    <numero>BO-2018-1</numero>
    <datefinale>2021-02-18</datefinale>
    <datepublicationfinale>2020-11-11</datepublicationfinale>
    <montantfinal>2911550.160000</montantfinal>
    <nomcontractant>Pépinière Boucher division plants forestiers inc.</nomcontractant>
    <neqcontractant>1165448292</neqcontractant>
  </contrat>
  <contrat>
    <numeroseao>1175035</numeroseao>
    <numero>2018CCA436</numero>
    <datefinale>2019-09-09</datefinale>
    <datepublicationfinale>2019-01-16</datepublicationfinale>
    <montantfinal>159590.000000</montantfinal>
    <nomcontractant>LES ENTREPRISES JRMORIN INC.</nomcontractant>
    <neqcontractant>1164863558</neqcontractant>
  </contrat>
  <contrat>
    <numeroseao>1177338</numeroseao>
    <numero>COAE-3767</numero>
    <datefinale>2021-04-30</datefinale>
    <datepublicationfinale>2021-09-10</datepublicationfinale>
    <montantfinal>74999.970000</montantfinal>
    <nomcontractant>Centre de technologies avancées BRP - UdeS</nomcontractant>
    <neqcontractant>1164134588</neqcontractant>
  </contrat>
  <contrat>
    <numeroseao>1177428</numeroseao>
    <numero>6509-18-4510</numero>
    <datefinale>2021-10-13</datefinale>
    <datepublicationfinale>2019-11-22</datepublicationfinale>
    <montantfinal>297916.740000</montantfinal>
    <nomcontractant>TRANSPORT PIERRE DIONNE</nomcontractant>
    <neqcontractant>1160004314</neqcontractant>
  </contrat>
  <contrat>
    <numeroseao>1198637</numeroseao>
    <numero>45048490</numero>
    <datefinale>2018-09-11</datefinale>
    <datepublicationfinale>2018-09-18</datepublicationfinale>
    <montantfinal>36637.360000</montantfinal>
    <nomcontractant>Cima+s.e.n.c.</nomcontractant>
    <neqcontractant>3340563140</neqcontractant>
  </contrat>
  <contrat>
    <numeroseao>1200291</numeroseao>
    <numero>9299</numero>
    <datefinale>2021-09-30</datefinale>
    <datepublicationfinale>2020-08-12</datepublicationfinale>
    <montantfinal>488783.140000</montantfinal>
    <nomcontractant>Institut Polytechnique Rural de Formation et de recherche Appliquée De Katibougou</nomcontractant>
    <neqcontractant />
  </contrat>
  <contrat>
    <numeroseao>1201355</numeroseao>
    <numero>2506-18-HE01</numero>
    <datefinale>2020-12-02</datefinale>
    <datepublicationfinale>2021-03-24</datepublicationfinale>
    <montantfinal>574158.200000</montantfinal>
    <nomcontractant>CIMA+ S.E.N.C.</nomcontractant>
    <neqcontractant>3340563140</neqcontractant>
  </contrat>
  <contrat>
    <numeroseao>1210583</numeroseao>
    <numero>Projet SA-18-32</numero>
    <datefinale>2020-12-17</datefinale>
    <datepublicationfinale>2019-10-30</datepublicationfinale>
    <montantfinal>441961.720000</montantfinal>
    <nomcontractant>LE GROUPE DR ÉLECTRIQUE INC.</nomcontractant>
    <neqcontractant>1165497844</neqcontractant>
  </contrat>
  <contrat>
    <numeroseao>1218357</numeroseao>
    <numero>SA-18-31</numero>
    <datefinale>2019-11-29</datefinale>
    <datepublicationfinale>2020-07-30</datepublicationfinale>
    <montantfinal>69110.190000</montantfinal>
    <nomcontractant>Climatisation Chauffage Ste-Julie</nomcontractant>
    <neqcontractant>1166966334</neqcontractant>
  </contrat>
  <contrat>
    <numeroseao>1237425</numeroseao>
    <numero>9442</numero>
    <datefinale>2021-05-05</datefinale>
    <datepublicationfinale>2021-01-19</datepublicationfinale>
    <montantfinal>223472.220000</montantfinal>
    <nomcontractant>Whip Mix Corporation</nomcontractant>
    <neqcontractant />
  </contrat>
  <contrat>
    <numeroseao>1239197</numeroseao>
    <numero>SA-19-02</numero>
    <datefinale>2019-11-15</datefinale>
    <datepublicationfinale>2020-07-30</datepublicationfinale>
    <montantfinal>93356.260000</montantfinal>
    <nomcontractant>Construction DJL Inc.  (Carignan)</nomcontractant>
    <neqcontractant>1147218763</neqcontractant>
  </contrat>
  <contrat>
    <numeroseao>1241970</numeroseao>
    <numero>SA-19-08</numero>
    <datefinale>2019-05-15</datefinale>
    <datepublicationfinale>2020-07-30</datepublicationfinale>
    <montantfinal>11549.240000</montantfinal>
    <nomcontractant>Pépinière Cramer Inc.</nomcontractant>
    <neqcontractant>1142752899</neqcontractant>
  </contrat>
  <contrat>
    <numeroseao>1252844</numeroseao>
    <numero>445782480</numero>
    <datefinale>2020-03-31</datefinale>
    <datepublicationfinale>2020-05-12</datepublicationfinale>
    <montantfinal>54548.880000</montantfinal>
    <nomcontractant>Wolters Kluwer Québec ltée</nomcontractant>
    <neqcontractant>1142836304</neqcontractant>
  </contrat>
  <contrat>
    <numeroseao>1265488</numeroseao>
    <numero>280423517</numero>
    <datefinale>2020-10-08</datefinale>
    <datepublicationfinale>2021-04-15</datepublicationfinale>
    <montantfinal>100223.000000</montantfinal>
    <nomcontractant>Reed Exhibitions</nomcontractant>
    <neqcontractant />
  </contrat>
  <contrat>
    <numeroseao>1269543</numeroseao>
    <numero>SP-29770</numero>
    <datefinale>2019-12-02</datefinale>
    <datepublicationfinale>2021-04-22</datepublicationfinale>
    <montantfinal>419658.750000</montantfinal>
    <nomcontractant>ÉQUIPEMENTS PLANNORD LTÉE</nomcontractant>
    <neqcontractant>1143540954</neqcontractant>
  </contrat>
  <contrat>
    <numeroseao>1275037</numeroseao>
    <numero>45040397</numero>
    <datefinale>2018-01-31</datefinale>
    <datepublicationfinale>2019-09-05</datepublicationfinale>
    <montantfinal>45930.210000</montantfinal>
    <nomcontractant>AECOM consultant</nomcontractant>
    <neqcontractant>1161553129</neqcontractant>
  </contrat>
  <contrat>
    <numeroseao>1280046</numeroseao>
    <numero>18-19-106</numero>
    <datefinale>2021-08-31</datefinale>
    <datepublicationfinale>2021-09-20</datepublicationfinale>
    <montantfinal>647776.610000</montantfinal>
    <nomcontractant>VERITIV CANADA, INC.</nomcontractant>
    <neqcontractant>1147558218</neqcontractant>
  </contrat>
  <contrat>
    <numeroseao>1290264</numeroseao>
    <numero>1819MCQ744</numero>
    <datefinale>2021-09-30</datefinale>
    <datepublicationfinale>2020-04-07</datepublicationfinale>
    <montantfinal>46440.000000</montantfinal>
    <nomcontractant>Masimo Canada ULC</nomcontractant>
    <neqcontractant>1163363766</neqcontractant>
  </contrat>
  <contrat>
    <numeroseao>1295718</numeroseao>
    <numero>SP-29692</numero>
    <datefinale>2019-11-05</datefinale>
    <datepublicationfinale>2021-04-23</datepublicationfinale>
    <montantfinal>486249.970000</montantfinal>
    <nomcontractant>LONGUS EQUIPEMENT INC.</nomcontractant>
    <neqcontractant>1143313709</neqcontractant>
  </contrat>
  <contrat>
    <numeroseao>1303253</numeroseao>
    <numero>44510831</numero>
    <datefinale>2021-05-27</datefinale>
    <datepublicationfinale>2021-04-14</datepublicationfinale>
    <montantfinal>31905.000000</montantfinal>
    <nomcontractant>Éric Lirette, architecte inc.</nomcontractant>
    <neqcontractant>1168715432</neqcontractant>
  </contrat>
  <contrat>
    <numeroseao>1305833</numeroseao>
    <numero>9001-19-PV27</numero>
    <datefinale>2019-08-20</datefinale>
    <datepublicationfinale>2019-09-25</datepublicationfinale>
    <montantfinal>1157661.210000</montantfinal>
    <nomcontractant>Standard Aero Limited</nomcontractant>
    <neqcontractant>1148289128</neqcontractant>
  </contrat>
  <contrat>
    <numeroseao>1331217</numeroseao>
    <numero>201900523</numero>
    <datefinale />
    <datepublicationfinale>2021-02-26</datepublicationfinale>
    <montantfinal>0.000000</montantfinal>
    <nomcontractant>LES CONSTRUCTIONS A. CARRIER INC.</nomcontractant>
    <neqcontractant>1144209799</neqcontractant>
  </contrat>
  <contrat>
    <numeroseao>1334109</numeroseao>
    <numero>20-064 - 069125971</numero>
    <datefinale>2021-06-06</datefinale>
    <datepublicationfinale>2021-08-23</datepublicationfinale>
    <montantfinal>498992.830000</montantfinal>
    <nomcontractant>CONSTRUCTION PLANIT INC.</nomcontractant>
    <neqcontractant>1161768842</neqcontractant>
  </contrat>
  <contrat>
    <numeroseao>1352623</numeroseao>
    <numero>45065714</numero>
    <datefinale>2020-04-01</datefinale>
    <datepublicationfinale>2020-04-02</datepublicationfinale>
    <montantfinal>82782.000000</montantfinal>
    <nomcontractant>Fondeuse à neige Paquette</nomcontractant>
    <neqcontractant>1170503479</neqcontractant>
  </contrat>
  <contrat>
    <numeroseao>1379054</numeroseao>
    <numero>2020-0064</numero>
    <datefinale>2021-03-31</datefinale>
    <datepublicationfinale>2021-07-29</datepublicationfinale>
    <montantfinal>73150.680000</montantfinal>
    <nomcontractant>La maison pour femmes immigrantes</nomcontractant>
    <neqcontractant>1144199354</neqcontractant>
  </contrat>
  <contrat>
    <numeroseao>1383167</numeroseao>
    <numero>TBT-20275</numero>
    <datefinale>2021-05-03</datefinale>
    <datepublicationfinale>2021-05-27</datepublicationfinale>
    <montantfinal>141963.800000</montantfinal>
    <nomcontractant>LÉVESQUE &amp; ASSOCIÉS CONSTRUCTION INC.</nomcontractant>
    <neqcontractant>1149139215</neqcontractant>
  </contrat>
  <contrat>
    <numeroseao>1432495</numeroseao>
    <numero>10055</numero>
    <datefinale>2021-08-25</datefinale>
    <datepublicationfinale>2021-07-27</datepublicationfinale>
    <montantfinal>52542.000000</montantfinal>
    <nomcontractant>Lotek Wireless</nomcontractant>
    <neqcontractant />
  </contrat>
  <contrat>
    <numeroseao>1439662</numeroseao>
    <numero>CG-210112-RY</numero>
    <datefinale>2021-02-11</datefinale>
    <datepublicationfinale>2021-07-21</datepublicationfinale>
    <montantfinal>195896.320000</montantfinal>
    <nomcontractant>Concepta Habitations inc.</nomcontractant>
    <neqcontractant>1169225027</neqcontractant>
  </contrat>
  <contrat>
    <numeroseao>1462011</numeroseao>
    <numero>411020-15</numero>
    <datefinale>2021-05-31</datefinale>
    <datepublicationfinale>2021-06-08</datepublicationfinale>
    <montantfinal>39077.500000</montantfinal>
    <nomcontractant>Danielle Demers</nomcontractant>
    <neqcontractant>2273787608</neqcontractant>
  </contrat>
  <contrat>
    <numeroseao>1469192</numeroseao>
    <numero>2021-007</numero>
    <datefinale>2021-09-30</datefinale>
    <datepublicationfinale>2021-09-16</datepublicationfinale>
    <montantfinal>89148.000000</montantfinal>
    <nomcontractant>Institut du Nouveau Monde</nomcontractant>
    <neqcontractant>1161264164</neqcontractant>
  </contrat>
  <contrat>
    <numeroseao>1470222</numeroseao>
    <numero>2018-0734-33-82-43050</numero>
    <datefinale>2021-05-31</datefinale>
    <datepublicationfinale>2021-09-20</datepublicationfinale>
    <montantfinal>431685.750000</montantfinal>
    <nomcontractant>Abbott Medical Canada</nomcontractant>
    <neqcontractant>1142609198</neqcontractant>
  </contrat>
  <contrat>
    <numeroseao>1481313</numeroseao>
    <numero>P524-149A.01</numero>
    <datefinale>2021-08-09</datefinale>
    <datepublicationfinale>2021-09-21</datepublicationfinale>
    <montantfinal>144131.000000</montantfinal>
    <nomcontractant>Carl Zeiss Canada Ltee</nomcontractant>
    <neqcontractant>1145073822</neqcontractant>
  </contrat>
</export>