<?xml version="1.0"?>
<!--<!DOCTYPE metadata SYSTEM "http://www.esri.com/metadata/esriprof80.dtd">-->
<metadata xml:lang="fr"><Esri><CreaDate>20131107</CreaDate><CreaTime>10570600</CreaTime><SyncOnce>FALSE</SyncOnce><DataProperties><lineage><Process ToolSource="E:\Program Files (x86)\ArcGIS\ArcToolbox\Toolboxes\Data Management Tools.tbx\CreateFeatureclass" Date="20131107" Time="104843">CreateFeatureclass K:\travail\DGGMF\Prive_DPF\Arpenteuse_2013\GlobalQc\fichier_final ARP13_GlobalQc_Cea.shp POLYGON # DISABLED DISABLED "PROJCS['NAD_1983_Quebec_Lambert',GEOGCS['GCS_North_American_1983',DATUM['D_North_American_1983',SPHEROID['GRS_1980',6378137.0,298.257222101]],PRIMEM['Greenwich',0.0],UNIT['Degree',0.0174532925199433]],PROJECTION['Lambert_Conformal_Conic'],PARAMETER['False_Easting',0.0],PARAMETER['False_Northing',0.0],PARAMETER['Central_Meridian',-68.5],PARAMETER['Standard_Parallel_1',46.0],PARAMETER['Standard_Parallel_2',60.0],PARAMETER['Latitude_Of_Origin',44.0],UNIT['Meter',1.0]];-35683500 -29917500 10000;0 100000;0 100000;0,001;0,00002;0,00002;IsHighPrecision" # 0 0 0 K:\travail\DGGMF\Prive_DPF\Arpenteuse_2013\GlobalQc\fichier_final\ARP13_GlobalQc_Cea.shp</Process><Process ToolSource="E:\Program Files (x86)\ArcGIS\ArcToolbox\Toolboxes\Data Management Tools.tbx\Project" Date="20131107" Time="105706">Project ARP13_GlobalQc_Cea K:\travail\DGGMF\Prive_DPF\Arpenteuse_2013\GlobalQc\fichier_final\iggmf_me_inv_aer_arpg_s_13.shp GEOGCS['GCS_North_American_1983',DATUM['D_North_American_1983',SPHEROID['GRS_1980',6378137.0,298.257222101]],PRIMEM['Greenwich',0.0],UNIT['Degree',0.0174532925199433]] # PROJCS['NAD_1983_Quebec_Lambert',GEOGCS['GCS_North_American_1983',DATUM['D_North_American_1983',SPHEROID['GRS_1980',6378137.0,298.257222101]],PRIMEM['Greenwich',0.0],UNIT['Degree',0.0174532925199433]],PROJECTION['Lambert_Conformal_Conic'],PARAMETER['False_Easting',0.0],PARAMETER['False_Northing',0.0],PARAMETER['Central_Meridian',-68.5],PARAMETER['Standard_Parallel_1',46.0],PARAMETER['Standard_Parallel_2',60.0],PARAMETER['Latitude_Of_Origin',44.0],UNIT['Meter',1.0]]</Process><Process ToolSource="c:\program files (x86)\arcgis\desktop10.1\ArcToolbox\Toolboxes\Data Management Tools.tbx\CalculateField" Date="20171122" Time="143835">CalculateField iggmf_me_inv_aer_arpg_s_13 Ia [Ia13] VB #</Process><Process ToolSource="c:\program files (x86)\arcgis\desktop10.1\ArcToolbox\Toolboxes\Data Management Tools.tbx\CalculateField" Date="20171122" Time="143841">CalculateField iggmf_me_inv_aer_arpg_s_13 ANNEE 2013 VB #</Process><Process ToolSource="c:\program files (x86)\arcgis\desktop10.1\ArcToolbox\Toolboxes\Data Management Tools.tbx\Merge" Date="20171122" Time="144154">Merge iggmf_me_inv_aer_arpg_s_13;iggmf_me_inv_aer_arpg_s_14;iggmf_me_inv_aer_arpg_s_15 Z:\travail\DGGMF\DPF\Projets_IMA_F\Diffusion\Donnees_ouvertes\Mandat_Diffusion_Automne2017\Depots_officiels_dec_2017\arpenteuse\donnees\Arpenteuse_donnees_2013_2015\iggmf_me_inv_aer_arpg_s_13_15.shp "SupHaCea "SupHaCea" true true false 19 Double 0 0 ,First,#,iggmf_me_inv_aer_arpg_s_13,SupHaCea,-1,-1,iggmf_me_inv_aer_arpg_s_14,SuphaCea,-1,-1,iggmf_me_inv_aer_arpg_s_15,SupHaCea,-1,-1;ANNEE "ANNEE" true true false 4 Short 0 4 ,First,#,iggmf_me_inv_aer_arpg_s_13,ANNEE,-1,-1,iggmf_me_inv_aer_arpg_s_14,ANNEE,-1,-1,iggmf_me_inv_aer_arpg_s_15,ANNEE,-1,-1;Ia "Ia" true true false 4 Short 0 4 ,First,#,iggmf_me_inv_aer_arpg_s_13,Ia,-1,-1,iggmf_me_inv_aer_arpg_s_14,Ia,-1,-1,iggmf_me_inv_aer_arpg_s_15,Ia,-1,-1;Niveau "Niveau" true true false 25 Text 0 0 ,First,#,iggmf_me_inv_aer_arpg_s_15,Niveau,-1,-1"</Process><Process ToolSource="c:\program files (x86)\arcgis\desktop10.1\ArcToolbox\Toolboxes\Data Management Tools.tbx\CalculateField" Date="20171122" Time="144341">CalculateField iggmf_me_inv_aer_arpg_s_13_15 Niveau "Mortalité 76% et plus" VB #</Process><Process ToolSource="c:\program files (x86)\arcgis\desktop10.1\ArcToolbox\Toolboxes\Data Management Tools.tbx\CalculateField" Date="20171122" Time="144356">CalculateField iggmf_me_inv_aer_arpg_s_13_15 Niveau "Modérée" VB #</Process><Process ToolSource="c:\program files (x86)\arcgis\desktop10.1\ArcToolbox\Toolboxes\Data Management Tools.tbx\CalculateField" Date="20171122" Time="144414">CalculateField iggmf_me_inv_aer_arpg_s_13_15 Niveau "Grave" VB #</Process><Process ToolSource="c:\program files (x86)\arcgis\desktop10.1\ArcToolbox\Toolboxes\Data Management Tools.tbx\CalculateField" Date="20171122" Time="144435">CalculateField iggmf_me_inv_aer_arpg_s_13_15 Niveau "Léger" VB #</Process><Process ToolSource="c:\program files (x86)\arcgis\desktop10.1\ArcToolbox\Toolboxes\Data Management Tools.tbx\CalculateField" Date="20171122" Time="145222">CalculateField iggmf_me_inv_aer_arpg_s_13_15 Niveau "Légère" VB #</Process></lineage><itemProps><itemName Sync="TRUE">iggmf_me_inv_aer_arpg_s_13_15</itemName><imsContentType Sync="TRUE">002</imsContentType><itemSize Sync="TRUE">0.000</itemSize><itemLocation><linkage Sync="TRUE">file://\\vulcain\RAIECHP\travail\DGGMF\DPF\Projets_IMA_F\Diffusion\Donnees_ouvertes\Mandat_Diffusion_Automne2017\Depots_officiels_dec_2017\arpenteuse\donnees\Arpenteuse_donnees_2013_2015\iggmf_me_inv_aer_arpg_s_13_15.shp</linkage><protocol Sync="TRUE">Local Area Network</protocol></itemLocation></itemProps><coordRef><type Sync="TRUE">Geographic</type><geogcsn Sync="TRUE">GCS_North_American_1983</geogcsn><csUnits Sync="TRUE">Angular Unit: Degree (0.017453)</csUnits><peXml Sync="TRUE">&lt;GeographicCoordinateSystem xsi:type='typens:GeographicCoordinateSystem' xmlns:xsi='http://www.w3.org/2001/XMLSchema-instance' xmlns:xs='http://www.w3.org/2001/XMLSchema' xmlns:typens='http://www.esri.com/schemas/ArcGIS/10.1'&gt;&lt;WKT&gt;GEOGCS[&amp;quot;GCS_North_American_1983&amp;quot;,DATUM[&amp;quot;D_North_American_1983&amp;quot;,SPHEROID[&amp;quot;GRS_1980&amp;quot;,6378137.0,298.257222101]],PRIMEM[&amp;quot;Greenwich&amp;quot;,0.0],UNIT[&amp;quot;Degree&amp;quot;,0.0174532925199433],AUTHORITY[&amp;quot;EPSG&amp;quot;,4269]]&lt;/WKT&gt;&lt;XOrigin&gt;-400&lt;/XOrigin&gt;&lt;YOrigin&gt;-400&lt;/YOrigin&gt;&lt;XYScale&gt;11258999068426.238&lt;/XYScale&gt;&lt;ZOrigin&gt;-100000&lt;/ZOrigin&gt;&lt;ZScale&gt;10000&lt;/ZScale&gt;&lt;MOrigin&gt;-100000&lt;/MOrigin&gt;&lt;MScale&gt;10000&lt;/MScale&gt;&lt;XYTolerance&gt;8.9831528411952133e-009&lt;/XYTolerance&gt;&lt;ZTolerance&gt;0.001&lt;/ZTolerance&gt;&lt;MTolerance&gt;0.001&lt;/MTolerance&gt;&lt;HighPrecision&gt;true&lt;/HighPrecision&gt;&lt;LeftLongitude&gt;-180&lt;/LeftLongitude&gt;&lt;WKID&gt;4269&lt;/WKID&gt;&lt;LatestWKID&gt;4269&lt;/LatestWKID&gt;&lt;/GeographicCoordinateSystem&gt;</peXml></coordRef></DataProperties><MetaID>{55D9B7C3-8D1A-4049-BF93-F00ED95895CD}</MetaID><SyncDate>20171122</SyncDate><SyncTime>14415300</SyncTime><ModDate>20171122</ModDate><ModTime>14415300</ModTime></Esri><idinfo><citation><citeinfo><onlink Sync="TRUE"></onlink></citeinfo></citation></idinfo><distInfo><distributor><distorTran><onLineSrc><linkage Sync="TRUE">file://</linkage><protocol Sync="TRUE">Local Area Network</protocol></onLineSrc></distorTran></distributor><distFormat><formatName Sync="TRUE">Fichier de formes</formatName></distFormat><distTranOps><transSize Sync="TRUE">0.000</transSize></distTranOps></distInfo><dataqual><lineage><procstep><procdesc Sync="TRUE">Jeu de données copié.</procdesc><srcused Sync="TRUE"></srcused><procdate Sync="TRUE">20131107</procdate><proctime Sync="TRUE">10570600</proctime></procstep></lineage></dataqual><dataIdInfo><envirDesc Sync="TRUE">Microsoft Windows 7 Version 6.1 (Build 7601) Service Pack 1; Esri ArcGIS 10.1.1.3143</envirDesc><dataLang><languageCode value="fra" Sync="TRUE"></languageCode><countryCode value="CAN" Sync="TRUE"></countryCode></dataLang><idCitation><resTitle Sync="TRUE">iggmf_me_inv_aer_arpg_s_13_15</resTitle><presForm><PresFormCd value="005" Sync="TRUE"></PresFormCd></presForm></idCitation><spatRpType><SpatRepTypCd value="001" Sync="TRUE"></SpatRepTypCd></spatRpType></dataIdInfo><mdLang><languageCode value="fra" Sync="TRUE"></languageCode><countryCode value="CAN" Sync="TRUE"></countryCode></mdLang><mdHrLv><ScopeCd value="005" Sync="TRUE"></ScopeCd></mdHrLv><mdHrLvName Sync="TRUE">dataset</mdHrLvName><refSysInfo><RefSystem><refSysID><identCode code="4269" Sync="TRUE"></identCode><idCodeSpace Sync="TRUE">EPSG</idCodeSpace><idVersion Sync="TRUE">7.11.2</idVersion></refSysID></RefSystem></refSysInfo><spatRepInfo><VectSpatRep><geometObjs Name="iggmf_me_inv_aer_arpg_s_13_15"><geoObjTyp><GeoObjTypCd value="002" Sync="TRUE"></GeoObjTypCd></geoObjTyp><geoObjCnt Sync="TRUE">0</geoObjCnt></geometObjs><topLvl><TopoLevCd value="001" Sync="TRUE"></TopoLevCd></topLvl></VectSpatRep></spatRepInfo><spdoinfo><ptvctinf><esriterm Name="iggmf_me_inv_aer_arpg_s_13_15"><efeatyp Sync="TRUE">Simple</efeatyp><efeageom code="4" Sync="TRUE"></efeageom><esritopo Sync="TRUE">FALSE</esritopo><efeacnt Sync="TRUE">0</efeacnt><spindex Sync="TRUE">FALSE</spindex><linrefer Sync="TRUE">FALSE</linrefer></esriterm></ptvctinf></spdoinfo><eainfo><detailed Name="iggmf_me_inv_aer_arpg_s_13_15"><enttyp><enttypl Sync="TRUE">iggmf_me_inv_aer_arpg_s_13_15</enttypl><enttypt Sync="TRUE">Feature Class</enttypt><enttypc Sync="TRUE">0</enttypc></enttyp><attr><attrlabl Sync="TRUE">FID</attrlabl><attalias Sync="TRUE">FID</attalias><attrtype Sync="TRUE">OID</attrtype><attwidth Sync="TRUE">4</attwidth><atprecis Sync="TRUE">0</atprecis><attscale Sync="TRUE">0</attscale><attrdef Sync="TRUE">Internal feature number.</attrdef><attrdefs Sync="TRUE">Esri</attrdefs><attrdomv><udom Sync="TRUE">Sequential unique whole numbers that are automatically generated.</udom></attrdomv></attr><attr><attrlabl Sync="TRUE">Shape</attrlabl><attalias Sync="TRUE">Shape</attalias><attrtype Sync="TRUE">Geometry</attrtype><attwidth Sync="TRUE">0</attwidth><atprecis Sync="TRUE">0</atprecis><attscale Sync="TRUE">0</attscale><attrdef Sync="TRUE">Feature geometry.</attrdef><attrdefs Sync="TRUE">Esri</attrdefs><attrdomv><udom Sync="TRUE">Coordinates defining the features.</udom></attrdomv></attr><attr><attrlabl Sync="TRUE">SupHaCea</attrlabl><attalias Sync="TRUE">SupHaCea</attalias><attrtype Sync="TRUE">Double</attrtype><attwidth Sync="TRUE">19</attwidth><atprecis Sync="TRUE">0</atprecis><attscale Sync="TRUE">0</attscale></attr><attr><attrlabl Sync="TRUE">ANNEE</attrlabl><attalias Sync="TRUE">ANNEE</attalias><attrtype Sync="TRUE">SmallInteger</attrtype><attwidth Sync="TRUE">4</attwidth><atprecis Sync="TRUE">4</atprecis><attscale Sync="TRUE">0</attscale></attr><attr><attrlabl Sync="TRUE">Ia</attrlabl><attalias Sync="TRUE">Ia</attalias><attrtype Sync="TRUE">SmallInteger</attrtype><attwidth Sync="TRUE">4</attwidth><atprecis Sync="TRUE">4</atprecis><attscale Sync="TRUE">0</attscale></attr><attr><attrlabl Sync="TRUE">Niveau</attrlabl><attalias Sync="TRUE">Niveau</attalias><attrtype Sync="TRUE">String</attrtype><attwidth Sync="TRUE">25</attwidth><atprecis Sync="TRUE">0</atprecis><attscale Sync="TRUE">0</attscale></attr></detailed></eainfo><mdDateSt Sync="TRUE">20171122</mdDateSt></metadata>
