<?xml version="1.0" encoding="utf-8"?>
<export xmlns:xsi="http://www.w3.org/2001/XMLSchema-instance" xmlns:xsd="http://www.w3.org/2001/XMLSchema" datedebut="2021-04-01" datefin="2021-04-30">
  <contrat>
    <numeroseao>700185</numeroseao>
    <numero>P01246 (374115)</numero>
    <datefinale>2020-03-31</datefinale>
    <datepublicationfinale>2019-01-23</datepublicationfinale>
    <montantfinal>439290.200000</montantfinal>
    <nomcontractant>Norda Stelo Inc. (siège social)</nomcontractant>
    <neqcontractant>1165310831</neqcontractant>
  </contrat>
  <contrat>
    <numeroseao>749289</numeroseao>
    <numero>25657900</numero>
    <datefinale>2020-12-16</datefinale>
    <datepublicationfinale>2021-01-22</datepublicationfinale>
    <montantfinal>95815870.140000</montantfinal>
    <nomcontractant>Pomerleau Inc.</nomcontractant>
    <neqcontractant>1142005934</neqcontractant>
  </contrat>
  <contrat>
    <numeroseao>886427</numeroseao>
    <numero>29212800</numero>
    <datefinale>2020-09-30</datefinale>
    <datepublicationfinale>2020-10-24</datepublicationfinale>
    <montantfinal>213396.540000</montantfinal>
    <nomcontractant>Les Entreprises Thibodeau et fils inc.</nomcontractant>
    <neqcontractant>1168900901</neqcontractant>
  </contrat>
  <contrat>
    <numeroseao>892126</numeroseao>
    <numero>29489600</numero>
    <datefinale>2020-08-31</datefinale>
    <datepublicationfinale>2020-10-20</datepublicationfinale>
    <montantfinal>139758.000000</montantfinal>
    <nomcontractant>Services  de Nettoyage d'Immeubles 2020 Inc.</nomcontractant>
    <neqcontractant>1147181037</neqcontractant>
  </contrat>
  <contrat>
    <numeroseao>895640</numeroseao>
    <numero>29213000</numero>
    <datefinale>2021-01-31</datefinale>
    <datepublicationfinale>2021-03-05</datepublicationfinale>
    <montantfinal>424659.820000</montantfinal>
    <nomcontractant>Récuperaction Centre du Québec Inc.</nomcontractant>
    <neqcontractant>1142350421</neqcontractant>
  </contrat>
  <contrat>
    <numeroseao>905339</numeroseao>
    <numero>28960900</numero>
    <datefinale>2020-12-31</datefinale>
    <datepublicationfinale>2021-01-20</datepublicationfinale>
    <montantfinal>159156.720000</montantfinal>
    <nomcontractant>Service d'entretien Globel (4182901 Canada inc.)</nomcontractant>
    <neqcontractant>1162809496</neqcontractant>
  </contrat>
  <contrat>
    <numeroseao>929434</numeroseao>
    <numero>30258900</numero>
    <datefinale>2020-11-30</datefinale>
    <datepublicationfinale>2021-01-20</datepublicationfinale>
    <montantfinal>76876.390000</montantfinal>
    <nomcontractant>Les Produits Énergétiques GAL inc.</nomcontractant>
    <neqcontractant>1146046280</neqcontractant>
  </contrat>
  <contrat>
    <numeroseao>1063235</numeroseao>
    <numero>32271500</numero>
    <datefinale>2021-03-11</datefinale>
    <datepublicationfinale>2020-08-04</datepublicationfinale>
    <montantfinal>14329885.540000</montantfinal>
    <nomcontractant>KAMCO CONSTRUCTION INC</nomcontractant>
    <neqcontractant>1167978700</neqcontractant>
  </contrat>
  <contrat>
    <numeroseao>1070426</numeroseao>
    <numero>SRM019434</numero>
    <datefinale>2019-11-06</datefinale>
    <datepublicationfinale>2019-12-10</datepublicationfinale>
    <montantfinal>78777.890000</montantfinal>
    <nomcontractant>AXOR Experts Conseils Inc.</nomcontractant>
    <neqcontractant>1168297498</neqcontractant>
  </contrat>
  <contrat>
    <numeroseao>1070480</numeroseao>
    <numero>25-2426P</numero>
    <datefinale>2019-11-06</datefinale>
    <datepublicationfinale>2019-12-10</datepublicationfinale>
    <montantfinal>2316331.990000</montantfinal>
    <nomcontractant>Excavation DDL</nomcontractant>
    <neqcontractant>1146070991</neqcontractant>
  </contrat>
  <contrat>
    <numeroseao>1072927</numeroseao>
    <numero>SRM019466</numero>
    <datefinale>2019-11-06</datefinale>
    <datepublicationfinale>2019-12-10</datepublicationfinale>
    <montantfinal>70770.720000</montantfinal>
    <nomcontractant>Géninovation</nomcontractant>
    <neqcontractant>1162801865</neqcontractant>
  </contrat>
  <contrat>
    <numeroseao>1075223</numeroseao>
    <numero>SRM019557</numero>
    <datefinale>2019-11-06</datefinale>
    <datepublicationfinale>2019-12-10</datepublicationfinale>
    <montantfinal>100872.530000</montantfinal>
    <nomcontractant>FSA Architecture Inc.</nomcontractant>
    <neqcontractant>1168743103</neqcontractant>
  </contrat>
  <contrat>
    <numeroseao>1076973</numeroseao>
    <numero>32335000</numero>
    <datefinale>2020-06-30</datefinale>
    <datepublicationfinale>2020-07-31</datepublicationfinale>
    <montantfinal>112777.370000</montantfinal>
    <nomcontractant>Protection Incendie Troy Ltée</nomcontractant>
    <neqcontractant>1162911698</neqcontractant>
  </contrat>
  <contrat>
    <numeroseao>1100797</numeroseao>
    <numero>8721</numero>
    <datefinale>2020-09-20</datefinale>
    <datepublicationfinale>2020-09-30</datepublicationfinale>
    <montantfinal>1386855.890000</montantfinal>
    <nomcontractant>Exploitation Forestière Daniel Cloutier Inc</nomcontractant>
    <neqcontractant>1144044717</neqcontractant>
  </contrat>
  <contrat>
    <numeroseao>1112515</numeroseao>
    <numero>44507807</numero>
    <datefinale>2020-05-27</datefinale>
    <datepublicationfinale>2020-06-30</datepublicationfinale>
    <montantfinal>334436.520000</montantfinal>
    <nomcontractant>Maçonnerie Rainville et Frères Inc.</nomcontractant>
    <neqcontractant>1162473921</neqcontractant>
  </contrat>
  <contrat>
    <numeroseao>1112534</numeroseao>
    <numero>33061500</numero>
    <datefinale>2020-11-30</datefinale>
    <datepublicationfinale>2021-01-14</datepublicationfinale>
    <montantfinal>280838.070000</montantfinal>
    <nomcontractant>Maintenance Euréka Ltée</nomcontractant>
    <neqcontractant>1142075036</neqcontractant>
  </contrat>
  <contrat>
    <numeroseao>1114204</numeroseao>
    <numero>32932900</numero>
    <datefinale>2020-06-30</datefinale>
    <datepublicationfinale>2020-10-24</datepublicationfinale>
    <montantfinal>220024.180000</montantfinal>
    <nomcontractant>Av-Tech INC..</nomcontractant>
    <neqcontractant>1174192535</neqcontractant>
  </contrat>
  <contrat>
    <numeroseao>1168828</numeroseao>
    <numero>445005794</numero>
    <datefinale>2021-03-31</datefinale>
    <datepublicationfinale>2020-12-02</datepublicationfinale>
    <montantfinal>3510055.550000</montantfinal>
    <nomcontractant>Conseillers en gestion et informatique CGI inc.</nomcontractant>
    <neqcontractant>1160358728</neqcontractant>
  </contrat>
  <contrat>
    <numeroseao>1194701</numeroseao>
    <numero>44510121</numero>
    <datefinale>2020-11-06</datefinale>
    <datepublicationfinale>2020-11-16</datepublicationfinale>
    <montantfinal>459363.900000</montantfinal>
    <nomcontractant>A Plus Construction</nomcontractant>
    <neqcontractant>1147105218</neqcontractant>
  </contrat>
  <contrat>
    <numeroseao>1201770</numeroseao>
    <numero>CN71676</numero>
    <datefinale>2020-04-29</datefinale>
    <datepublicationfinale>2019-06-26</datepublicationfinale>
    <montantfinal>222060.000000</montantfinal>
    <nomcontractant>Logibec inc.</nomcontractant>
    <neqcontractant>1170568035</neqcontractant>
  </contrat>
  <contrat>
    <numeroseao>1204582</numeroseao>
    <numero>SP-29482</numero>
    <datefinale>2020-01-31</datefinale>
    <datepublicationfinale>2021-03-11</datepublicationfinale>
    <montantfinal>423514.850000</montantfinal>
    <nomcontractant>Pro Ballast Inc</nomcontractant>
    <neqcontractant>1146571022</neqcontractant>
  </contrat>
  <contrat>
    <numeroseao>1207351</numeroseao>
    <numero>553052294</numero>
    <datefinale>2018-11-05</datefinale>
    <datepublicationfinale>2019-05-02</datepublicationfinale>
    <montantfinal>161932.010000</montantfinal>
    <nomcontractant>Informatique Pro-Contact inc.</nomcontractant>
    <neqcontractant>1173638405</neqcontractant>
  </contrat>
  <contrat>
    <numeroseao>1224120</numeroseao>
    <numero>34235600</numero>
    <datefinale>2021-01-31</datefinale>
    <datepublicationfinale>2021-02-09</datepublicationfinale>
    <montantfinal>116475.690000</montantfinal>
    <nomcontractant>Les Entreprises Électriques L.M.</nomcontractant>
    <neqcontractant>1168832021</neqcontractant>
  </contrat>
  <contrat>
    <numeroseao>1247291</numeroseao>
    <numero>SRM021380</numero>
    <datefinale>2019-11-06</datefinale>
    <datepublicationfinale>2019-12-10</datepublicationfinale>
    <montantfinal>92032.020000</montantfinal>
    <nomcontractant>GBi</nomcontractant>
    <neqcontractant>1148115281</neqcontractant>
  </contrat>
  <contrat>
    <numeroseao>1249494</numeroseao>
    <numero>BC0000028290</numero>
    <datefinale>2019-08-31</datefinale>
    <datepublicationfinale>2019-10-08</datepublicationfinale>
    <montantfinal>126875.700000</montantfinal>
    <nomcontractant>COPIBEC</nomcontractant>
    <neqcontractant>1147278783</neqcontractant>
  </contrat>
  <contrat>
    <numeroseao>1265393</numeroseao>
    <numero>44512620</numero>
    <datefinale>2020-05-13</datefinale>
    <datepublicationfinale>2020-06-05</datepublicationfinale>
    <montantfinal>228331.480000</montantfinal>
    <nomcontractant>JP Binette inc.</nomcontractant>
    <neqcontractant>1140995219</neqcontractant>
  </contrat>
  <contrat>
    <numeroseao>1272929</numeroseao>
    <numero>9572</numero>
    <datefinale>2020-02-26</datefinale>
    <datepublicationfinale>2020-05-14</datepublicationfinale>
    <montantfinal>134512.910000</montantfinal>
    <nomcontractant>Dalcon Inc</nomcontractant>
    <neqcontractant>1143533298</neqcontractant>
  </contrat>
  <contrat>
    <numeroseao>1282823</numeroseao>
    <numero>44513487</numero>
    <datefinale>2020-11-26</datefinale>
    <datepublicationfinale>2021-02-02</datepublicationfinale>
    <montantfinal>500954.300000</montantfinal>
    <nomcontractant>Couvertures Victo 2000 inc.</nomcontractant>
    <neqcontractant>1146056339</neqcontractant>
  </contrat>
  <contrat>
    <numeroseao>1289571</numeroseao>
    <numero>44513537</numero>
    <datefinale>2021-02-01</datefinale>
    <datepublicationfinale>2021-02-17</datepublicationfinale>
    <montantfinal>98277.830000</montantfinal>
    <nomcontractant>Toitures Des 2 Rives</nomcontractant>
    <neqcontractant>1148902977</neqcontractant>
  </contrat>
  <contrat>
    <numeroseao>1295013</numeroseao>
    <numero>44513620</numero>
    <datefinale>2020-10-08</datefinale>
    <datepublicationfinale>2020-11-16</datepublicationfinale>
    <montantfinal>129565.000000</montantfinal>
    <nomcontractant>Daniel Matteau Briqueteur Macon inc.</nomcontractant>
    <neqcontractant>1162935036</neqcontractant>
  </contrat>
  <contrat>
    <numeroseao>1305925</numeroseao>
    <numero>2019-05</numero>
    <datefinale>2020-01-20</datefinale>
    <datepublicationfinale>2020-03-25</datepublicationfinale>
    <montantfinal>539876.250000</montantfinal>
    <nomcontractant>MFT &amp; Fils Inc</nomcontractant>
    <neqcontractant>1167654624</neqcontractant>
  </contrat>
  <contrat>
    <numeroseao>1320695</numeroseao>
    <numero>SRMI-2019-03</numero>
    <datefinale>2021-01-05</datefinale>
    <datepublicationfinale>2021-01-12</datepublicationfinale>
    <montantfinal>548874.220000</montantfinal>
    <nomcontractant>Plomberie Pichette Inc..</nomcontractant>
    <neqcontractant>1143539014</neqcontractant>
  </contrat>
  <contrat>
    <numeroseao>1321749</numeroseao>
    <numero>44516126</numero>
    <datefinale>2020-07-31</datefinale>
    <datepublicationfinale>2020-08-18</datepublicationfinale>
    <montantfinal>46305.730000</montantfinal>
    <nomcontractant>Grand-Maison et Fils</nomcontractant>
    <neqcontractant>1142355925</neqcontractant>
  </contrat>
  <contrat>
    <numeroseao>1350352</numeroseao>
    <numero>19UNQ204</numero>
    <datefinale>2020-05-29</datefinale>
    <datepublicationfinale>2020-07-30</datepublicationfinale>
    <montantfinal>47435.980000</montantfinal>
    <nomcontractant>PCI - Perrault Conseil inc.</nomcontractant>
    <neqcontractant>1164125552</neqcontractant>
  </contrat>
  <contrat>
    <numeroseao>1363560</numeroseao>
    <numero>2020-036-1991</numero>
    <datefinale>2021-04-21</datefinale>
    <datepublicationfinale>2021-01-07</datepublicationfinale>
    <montantfinal>209042.950000</montantfinal>
    <nomcontractant>Plomberie CRT Therrien</nomcontractant>
    <neqcontractant>1161826145</neqcontractant>
  </contrat>
  <contrat>
    <numeroseao>1367994</numeroseao>
    <numero>CONV-ERDP-2020</numero>
    <datefinale>2021-03-04</datefinale>
    <datepublicationfinale>2020-12-22</datepublicationfinale>
    <montantfinal>42198.000000</montantfinal>
    <nomcontractant>ÉQUIPE R.D.P</nomcontractant>
    <neqcontractant>1147266788</neqcontractant>
  </contrat>
  <contrat>
    <numeroseao>1376183</numeroseao>
    <numero>CG-200527-CJ</numero>
    <datefinale>2020-10-09</datefinale>
    <datepublicationfinale>2021-03-12</datepublicationfinale>
    <montantfinal>41421.000000</montantfinal>
    <nomcontractant>Archimed Medical</nomcontractant>
    <neqcontractant>1169257566</neqcontractant>
  </contrat>
  <contrat>
    <numeroseao>1378479</numeroseao>
    <numero>2020SPR073</numero>
    <datefinale>2021-03-18</datefinale>
    <datepublicationfinale>2020-11-30</datepublicationfinale>
    <montantfinal>24735.000000</montantfinal>
    <nomcontractant>PAVILLON TURCOTTE</nomcontractant>
    <neqcontractant>1164867492</neqcontractant>
  </contrat>
  <contrat>
    <numeroseao>1380005</numeroseao>
    <numero>6501-20-0002</numero>
    <datefinale>2021-04-07</datefinale>
    <datepublicationfinale>2020-11-11</datepublicationfinale>
    <montantfinal>108438.700000</montantfinal>
    <nomcontractant>Construction B.M.L. Inc. div. de Sintra Inc.</nomcontractant>
    <neqcontractant>1145755295</neqcontractant>
  </contrat>
  <contrat>
    <numeroseao>1381813</numeroseao>
    <numero>44519017</numero>
    <datefinale>2020-09-30</datefinale>
    <datepublicationfinale>2020-10-28</datepublicationfinale>
    <montantfinal>28000.000000</montantfinal>
    <nomcontractant>Groupe Altus Limitée</nomcontractant>
    <neqcontractant>1167244210</neqcontractant>
  </contrat>
  <contrat>
    <numeroseao>1383172</numeroseao>
    <numero>CG-200621-RY</numero>
    <datefinale>2020-11-26</datefinale>
    <datepublicationfinale>2021-01-19</datepublicationfinale>
    <montantfinal>44163.850000</montantfinal>
    <nomcontractant>Entreprise Électrique MJL inc</nomcontractant>
    <neqcontractant>1149018211</neqcontractant>
  </contrat>
  <contrat>
    <numeroseao>1384521</numeroseao>
    <numero>44515615</numero>
    <datefinale>2021-02-05</datefinale>
    <datepublicationfinale>2021-02-26</datepublicationfinale>
    <montantfinal>44900.000000</montantfinal>
    <nomcontractant>Parizeau Pawulski Architectes (9112-4701 Québec inc.)</nomcontractant>
    <neqcontractant>3364451057</neqcontractant>
  </contrat>
  <contrat>
    <numeroseao>1390859</numeroseao>
    <numero>44517812</numero>
    <datefinale>2020-06-30</datefinale>
    <datepublicationfinale>2020-11-03</datepublicationfinale>
    <montantfinal>36000.000000</montantfinal>
    <nomcontractant>Groupe VRSB inc</nomcontractant>
    <neqcontractant>1163495469</neqcontractant>
  </contrat>
  <contrat>
    <numeroseao>1406054</numeroseao>
    <numero>BON202100358</numero>
    <datefinale>2021-02-24</datefinale>
    <datepublicationfinale>2021-03-03</datepublicationfinale>
    <montantfinal>39900.000000</montantfinal>
    <nomcontractant>MacConsultant - Frederic Hadi</nomcontractant>
    <neqcontractant>2268635820</neqcontractant>
  </contrat>
  <contrat>
    <numeroseao>1415821</numeroseao>
    <numero>PO0010034</numero>
    <datefinale>2020-03-01</datefinale>
    <datepublicationfinale>2021-03-16</datepublicationfinale>
    <montantfinal>62087.000000</montantfinal>
    <nomcontractant>Boyden Montreal Inc</nomcontractant>
    <neqcontractant>1170750153</neqcontractant>
  </contrat>
  <contrat>
    <numeroseao>1441106</numeroseao>
    <numero>45072535</numero>
    <datefinale>2021-01-15</datefinale>
    <datepublicationfinale>2021-02-05</datepublicationfinale>
    <montantfinal>37816.130000</montantfinal>
    <nomcontractant>ORX RAIL</nomcontractant>
    <neqcontractant />
  </contrat>
  <contrat>
    <numeroseao>1441130</numeroseao>
    <numero>CG-210114-PB</numero>
    <datefinale>2021-02-01</datefinale>
    <datepublicationfinale>2021-02-08</datepublicationfinale>
    <montantfinal>40624.580000</montantfinal>
    <nomcontractant>Les Installations Électriques Relais inc</nomcontractant>
    <neqcontractant>1142975003</neqcontractant>
  </contrat>
  <contrat>
    <numeroseao>1445532</numeroseao>
    <numero>15-14441</numero>
    <datefinale>2015-12-31</datefinale>
    <datepublicationfinale>2021-03-10</datepublicationfinale>
    <montantfinal>67089.580000</montantfinal>
    <nomcontractant>M3P Services-Conseils</nomcontractant>
    <neqcontractant>1164929185</neqcontractant>
  </contrat>
  <contrat>
    <numeroseao>1447398</numeroseao>
    <numero>1305208</numero>
    <datefinale />
    <datepublicationfinale>2021-02-02</datepublicationfinale>
    <montantfinal>57440.000000</montantfinal>
    <nomcontractant>Olivier Grunewald</nomcontractant>
    <neqcontractant />
  </contrat>
  <contrat>
    <numeroseao>1466468</numeroseao>
    <numero>45072932</numero>
    <datefinale>2021-02-16</datefinale>
    <datepublicationfinale>2021-03-18</datepublicationfinale>
    <montantfinal>43581.090000</montantfinal>
    <nomcontractant>ORX RAIL</nomcontractant>
    <neqcontractant />
  </contrat>
  <contrat>
    <numeroseao>1469193</numeroseao>
    <numero>OC20-CO-19-20-004</numero>
    <datefinale>2020-06-23</datefinale>
    <datepublicationfinale>2021-03-25</datepublicationfinale>
    <montantfinal>7868.640000</montantfinal>
    <nomcontractant>NASCO entretien ménager d'immeubles inc.</nomcontractant>
    <neqcontractant>1143653492</neqcontractant>
  </contrat>
</export>