<?xml version="1.0"?>
<!--<!DOCTYPE metadata SYSTEM "http://www.esri.com/metadata/esriprof80.dtd">-->
<metadata xml:lang="fr"><Esri><CreaDate>20130313</CreaDate><CreaTime>11594000</CreaTime><SyncOnce>TRUE</SyncOnce><DataProperties><lineage><Process ToolSource="E:\Program Files (x86)\ArcGIS\ArcToolbox\Toolboxes\Data Management Tools.tbx\Append" Date="20130312" Time="155016">Append iggmf_me_inv_aer_livg_s_08 Livree_up2_2002 NO_TEST "OBJECTID 'OBJECTID' true false false 10 Double 0 10 ,First,#;IAL_CODE_D 'IAL_CODE_D' true false false 3 Short 0 3 ,First,#,J:\Dggmf\Thema\Insecte\Livree\shp\iggmf_me_inv_aer_livg_s_08.shp,IA08,-1,-1;IAL_NOM 'IAL_NOM' true false false 20 Text 0 0 ,First,#,J:\Dggmf\Thema\Insecte\Livree\shp\iggmf_me_inv_aer_livg_s_08.shp,NIVEAU,-1,-1;IAL_SUPRF_ 'IAL_SUPRF_' true false false 11 Double 2 10 ,First,#,J:\Dggmf\Thema\Insecte\Livree\shp\iggmf_me_inv_aer_livg_s_08.shp,SUPERF_HA,-1,-1;IAL_AN 'IAL_AN' true false false 4 Short 0 4 ,First,#;SHAPE_AREA 'SHAPE_AREA' true false false 19 Double 0 0 ,First,#;SHAPE_LEN 'SHAPE_LEN' true false false 19 Double 0 0 ,First,#" # Livree_up2_2002</Process><Process ToolSource="E:\Program Files (x86)\ArcGIS\ArcToolbox\Toolboxes\Data Management Tools.tbx\Append" Date="20130312" Time="155133">Append iggmf_me_inv_aer_livg_s_09 Livree_up2_2002 NO_TEST "OBJECTID 'OBJECTID' true false false 10 Double 0 10 ,First,#;IAL_CODE_D 'IAL_CODE_D' true false false 3 Short 0 3 ,First,#,J:\Dggmf\Thema\Insecte\Livree\shp\iggmf_me_inv_aer_livg_s_09.shp,IA09,-1,-1;IAL_NOM 'IAL_NOM' true false false 20 Text 0 0 ,First,#,J:\Dggmf\Thema\Insecte\Livree\shp\iggmf_me_inv_aer_livg_s_09.shp,NIVEAU,-1,-1;IAL_SUPRF_ 'IAL_SUPRF_' true false false 11 Double 2 10 ,First,#,J:\Dggmf\Thema\Insecte\Livree\shp\iggmf_me_inv_aer_livg_s_09.shp,SUPERF_HA,-1,-1;IAL_AN 'IAL_AN' true false false 4 Short 0 4 ,First,#;SHAPE_AREA 'SHAPE_AREA' true false false 19 Double 0 0 ,First,#;SHAPE_LEN 'SHAPE_LEN' true false false 19 Double 0 0 ,First,#" # Livree_up2_2002</Process><Process ToolSource="E:\Program Files (x86)\ArcGIS\ArcToolbox\Toolboxes\Data Management Tools.tbx\Append" Date="20130312" Time="155258">Append iggmf_me_inv_aer_livg_s_10 Livree_up2_2002 NO_TEST "OBJECTID 'OBJECTID' true false false 10 Double 0 10 ,First,#;IAL_CODE_D 'IAL_CODE_D' true false false 3 Short 0 3 ,First,#,J:\Dggmf\Thema\Insecte\Livree\shp\iggmf_me_inv_aer_livg_s_10.shp,IA10,-1,-1;IAL_NOM 'IAL_NOM' true false false 20 Text 0 0 ,First,#,J:\Dggmf\Thema\Insecte\Livree\shp\iggmf_me_inv_aer_livg_s_10.shp,NIVEAU,-1,-1;IAL_SUPRF_ 'IAL_SUPRF_' true false false 11 Double 2 10 ,First,#,J:\Dggmf\Thema\Insecte\Livree\shp\iggmf_me_inv_aer_livg_s_10.shp,SUPERF_HA,-1,-1;IAL_AN 'IAL_AN' true false false 4 Short 0 4 ,First,#;SHAPE_AREA 'SHAPE_AREA' true false false 19 Double 0 0 ,First,#;SHAPE_LEN 'SHAPE_LEN' true false false 19 Double 0 0 ,First,#" # Livree_up2_2002</Process></lineage></DataProperties><MetaID>{0C0B6C1D-0A71-45D6-8705-72BFEEF29960}</MetaID></Esri><idinfo><citation><citeinfo><onlink Sync="TRUE"></onlink></citeinfo></citation></idinfo><distInfo><distributor><distorTran><onLineSrc><linkage Sync="TRUE">file://</linkage><protocol Sync="TRUE">Local Area Network</protocol></onLineSrc></distorTran></distributor></distInfo><dataqual><lineage><procstep><procdesc Sync="TRUE">Jeu de données copié.</procdesc><srcused Sync="TRUE"></srcused><procdate Sync="TRUE">20130313</procdate><proctime Sync="TRUE">11594000</proctime></procstep></lineage></dataqual></metadata>
