<?xml version="1.0" encoding="utf-8"?>
<export xmlns:xsi="http://www.w3.org/2001/XMLSchema-instance" xmlns:xsd="http://www.w3.org/2001/XMLSchema" datedebut="2023-01-01" datefin="2023-01-31">
  <contrat>
    <numeroseao>498966</numeroseao>
    <numero>8603-11-HE07</numero>
    <datefinale>2016-02-08</datefinale>
    <datepublicationfinale>2015-04-14</datepublicationfinale>
    <montantfinal>400920.060000</montantfinal>
    <nomcontractant>Dessau inc.</nomcontractant>
    <neqcontractant />
  </contrat>
  <contrat>
    <numeroseao>545962</numeroseao>
    <numero>8801-11-HE03</numero>
    <datefinale>2021-10-02</datefinale>
    <datepublicationfinale>2017-04-06</datepublicationfinale>
    <montantfinal>497499.880000</montantfinal>
    <nomcontractant>Stantec Experts-Conseils ltée</nomcontractant>
    <neqcontractant>1170241336</neqcontractant>
  </contrat>
  <contrat>
    <numeroseao>926918</numeroseao>
    <numero>401-111-15-021</numero>
    <datefinale>2022-12-12</datefinale>
    <datepublicationfinale>2022-12-22</datepublicationfinale>
    <montantfinal>71882.400000</montantfinal>
    <nomcontractant>CIMA+s.e.n.c.</nomcontractant>
    <neqcontractant>3340563140</neqcontractant>
  </contrat>
  <contrat>
    <numeroseao>1030776</numeroseao>
    <numero>2016-C-P-55</numero>
    <datefinale>2020-09-22</datefinale>
    <datepublicationfinale>2020-11-17</datepublicationfinale>
    <montantfinal>176687.690000</montantfinal>
    <nomcontractant>Agence Carbure</nomcontractant>
    <neqcontractant>1166926635</neqcontractant>
  </contrat>
  <contrat>
    <numeroseao>1048224</numeroseao>
    <numero>2016-434</numero>
    <datefinale>2019-03-21</datefinale>
    <datepublicationfinale>2020-04-02</datepublicationfinale>
    <montantfinal>62534.950000</montantfinal>
    <nomcontractant>Embellissement Baieriveraine inc.</nomcontractant>
    <neqcontractant>1142506725</neqcontractant>
  </contrat>
  <contrat>
    <numeroseao>1059471</numeroseao>
    <numero>2017-S-P-02</numero>
    <datefinale>2022-05-31</datefinale>
    <datepublicationfinale>2020-11-12</datepublicationfinale>
    <montantfinal>64895.350000</montantfinal>
    <nomcontractant>SODEM INC.</nomcontractant>
    <neqcontractant>1142830182</neqcontractant>
  </contrat>
  <contrat>
    <numeroseao>1064604</numeroseao>
    <numero>8805-16-SG01</numero>
    <datefinale>2022-12-21</datefinale>
    <datepublicationfinale>2022-12-22</datepublicationfinale>
    <montantfinal>106355.600000</montantfinal>
    <nomcontractant>AUBIER ENVIRONNEMENT INC.</nomcontractant>
    <neqcontractant>1168870989</neqcontractant>
  </contrat>
  <contrat>
    <numeroseao>1096585</numeroseao>
    <numero>32174800</numero>
    <datefinale>2022-11-30</datefinale>
    <datepublicationfinale>2022-12-08</datepublicationfinale>
    <montantfinal>140853.720000</montantfinal>
    <nomcontractant>Sogitex Services inc.</nomcontractant>
    <neqcontractant>1167812636</neqcontractant>
  </contrat>
  <contrat>
    <numeroseao>1106387</numeroseao>
    <numero>32557600</numero>
    <datefinale>2022-09-30</datefinale>
    <datepublicationfinale>2022-12-15</datepublicationfinale>
    <montantfinal>180457.800000</montantfinal>
    <nomcontractant>MAINTENANCE EURÉKA LTÉE</nomcontractant>
    <neqcontractant>1142075036</neqcontractant>
  </contrat>
  <contrat>
    <numeroseao>1115520</numeroseao>
    <numero>32661800</numero>
    <datefinale>2022-11-30</datefinale>
    <datepublicationfinale>2022-12-21</datepublicationfinale>
    <montantfinal>102089.580000</montantfinal>
    <nomcontractant>ASCENSEURS NAGLE INC.</nomcontractant>
    <neqcontractant>1142957399</neqcontractant>
  </contrat>
  <contrat>
    <numeroseao>1128308</numeroseao>
    <numero>4103-16-KC02</numero>
    <datefinale>2021-04-26</datefinale>
    <datepublicationfinale>2021-09-07</datepublicationfinale>
    <montantfinal>599806.480000</montantfinal>
    <nomcontractant>Englobe Corp.</nomcontractant>
    <neqcontractant>1167280206</neqcontractant>
  </contrat>
  <contrat>
    <numeroseao>1136212</numeroseao>
    <numero>4104-17-SF01</numero>
    <datefinale>2021-06-10</datefinale>
    <datepublicationfinale>2021-11-17</datepublicationfinale>
    <montantfinal>80904.750000</montantfinal>
    <nomcontractant>LES ATELIERS RÉGIS LESSARD INC.</nomcontractant>
    <neqcontractant>1143100395</neqcontractant>
  </contrat>
  <contrat>
    <numeroseao>1143265</numeroseao>
    <numero>2604-18-QH01</numero>
    <datefinale>2021-09-20</datefinale>
    <datepublicationfinale>2022-01-20</datepublicationfinale>
    <montantfinal>73522.230000</montantfinal>
    <nomcontractant>CONSULTANTS AECOM INC.</nomcontractant>
    <neqcontractant>1161553129</neqcontractant>
  </contrat>
  <contrat>
    <numeroseao>1191234</numeroseao>
    <numero>30129900</numero>
    <datefinale>2022-12-31</datefinale>
    <datepublicationfinale>2022-06-29</datepublicationfinale>
    <montantfinal>3126796.160000</montantfinal>
    <nomcontractant>HULIX CONSTRUCTION</nomcontractant>
    <neqcontractant>1163236905</neqcontractant>
  </contrat>
  <contrat>
    <numeroseao>1229850</numeroseao>
    <numero>EC5004333</numero>
    <datefinale>2022-09-30</datefinale>
    <datepublicationfinale>2022-12-05</datepublicationfinale>
    <montantfinal>69717.630000</montantfinal>
    <nomcontractant>9371-0812 Québec Inc.</nomcontractant>
    <neqcontractant>1173310229</neqcontractant>
  </contrat>
  <contrat>
    <numeroseao>1233615</numeroseao>
    <numero>8912-19-PA02</numero>
    <datefinale>2022-12-07</datefinale>
    <datepublicationfinale>2022-04-05</datepublicationfinale>
    <montantfinal>101075.000000</montantfinal>
    <nomcontractant>Société pour la prévention de la cruauté envers les animaux de l'Outaouais inc.</nomcontractant>
    <neqcontractant>1145187291</neqcontractant>
  </contrat>
  <contrat>
    <numeroseao>1234472</numeroseao>
    <numero>8912-19-PA03</numero>
    <datefinale>2022-12-07</datefinale>
    <datepublicationfinale>2022-04-05</datepublicationfinale>
    <montantfinal>84525.000000</montantfinal>
    <nomcontractant>Société pour la prévention de la cruauté envers les animaux de l'Outaouais inc.</nomcontractant>
    <neqcontractant>1145187291</neqcontractant>
  </contrat>
  <contrat>
    <numeroseao>1241077</numeroseao>
    <numero>44512558 </numero>
    <datefinale>2022-03-31</datefinale>
    <datepublicationfinale>2022-11-24</datepublicationfinale>
    <montantfinal>555879.300000</montantfinal>
    <nomcontractant>LES SPÉCIALISTES AVA INC.</nomcontractant>
    <neqcontractant>1171457683</neqcontractant>
  </contrat>
  <contrat>
    <numeroseao>1250958</numeroseao>
    <numero>280422620</numero>
    <datefinale>2022-03-31</datefinale>
    <datepublicationfinale>2022-12-21</datepublicationfinale>
    <montantfinal>33282.600000</montantfinal>
    <nomcontractant>Studio Alphatek inc.</nomcontractant>
    <neqcontractant>1144320166</neqcontractant>
  </contrat>
  <contrat>
    <numeroseao>1263256</numeroseao>
    <numero>6401-19-0103</numero>
    <datefinale>2022-03-31</datefinale>
    <datepublicationfinale>2022-04-05</datepublicationfinale>
    <montantfinal>49517.250000</montantfinal>
    <nomcontractant>Clôtures Nord Sud inc.</nomcontractant>
    <neqcontractant>1142477950</neqcontractant>
  </contrat>
  <contrat>
    <numeroseao>1275628</numeroseao>
    <numero>TP-17-156</numero>
    <datefinale>2022-01-06</datefinale>
    <datepublicationfinale>2022-03-22</datepublicationfinale>
    <montantfinal>295899.660000</montantfinal>
    <nomcontractant>Xylem Canada LP</nomcontractant>
    <neqcontractant>1140373151</neqcontractant>
  </contrat>
  <contrat>
    <numeroseao>1278404</numeroseao>
    <numero>2019-16</numero>
    <datefinale>2022-12-31</datefinale>
    <datepublicationfinale>2021-04-15</datepublicationfinale>
    <montantfinal>102687.320000</montantfinal>
    <nomcontractant>TELUS COMMUNICATIONS INC.</nomcontractant>
    <neqcontractant>1148459481</neqcontractant>
  </contrat>
  <contrat>
    <numeroseao>1308735</numeroseao>
    <numero>44513415</numero>
    <datefinale>2022-05-31</datefinale>
    <datepublicationfinale>2022-07-15</datepublicationfinale>
    <montantfinal>146100.000000</montantfinal>
    <nomcontractant>3103-6965 QUÉBEC INC.</nomcontractant>
    <neqcontractant>1140270316</neqcontractant>
  </contrat>
  <contrat>
    <numeroseao>1318093</numeroseao>
    <numero>2903-19-PA01</numero>
    <datefinale>2022-11-07</datefinale>
    <datepublicationfinale>2022-11-08</datepublicationfinale>
    <montantfinal>18572.000000</montantfinal>
    <nomcontractant>9291-1130 Québec inc.</nomcontractant>
    <neqcontractant>1169595320</neqcontractant>
  </contrat>
  <contrat>
    <numeroseao>1325707</numeroseao>
    <numero>2019-037</numero>
    <datefinale>2022-11-17</datefinale>
    <datepublicationfinale>2022-12-07</datepublicationfinale>
    <montantfinal>49167.500000</montantfinal>
    <nomcontractant>DECIMAL</nomcontractant>
    <neqcontractant>1140293037</neqcontractant>
  </contrat>
  <contrat>
    <numeroseao>1332111</numeroseao>
    <numero>6401-20-0302</numero>
    <datefinale>2023-01-27</datefinale>
    <datepublicationfinale>2022-12-13</datepublicationfinale>
    <montantfinal>824751.910000</montantfinal>
    <nomcontractant>Lignco</nomcontractant>
    <neqcontractant>1145755295</neqcontractant>
  </contrat>
  <contrat>
    <numeroseao>1345771</numeroseao>
    <numero>9012-20-SB02</numero>
    <datefinale />
    <datepublicationfinale>2022-10-12</datepublicationfinale>
    <montantfinal>0.000000</montantfinal>
    <nomcontractant>9211-4727 Québec inc.</nomcontractant>
    <neqcontractant>1165971558</neqcontractant>
  </contrat>
  <contrat>
    <numeroseao>1345868</numeroseao>
    <numero>9012-20-SB01</numero>
    <datefinale />
    <datepublicationfinale>2022-10-07</datepublicationfinale>
    <montantfinal>0.000000</montantfinal>
    <nomcontractant>Excavations G.A.L. inc.</nomcontractant>
    <neqcontractant>1161846168</neqcontractant>
  </contrat>
  <contrat>
    <numeroseao>1346629</numeroseao>
    <numero>9012-20-SB03</numero>
    <datefinale />
    <datepublicationfinale>2022-12-14</datepublicationfinale>
    <montantfinal>0.000000</montantfinal>
    <nomcontractant>Excavations G.A.L. inc.</nomcontractant>
    <neqcontractant>1161846168</neqcontractant>
  </contrat>
  <contrat>
    <numeroseao>1361225</numeroseao>
    <numero>553060019</numero>
    <datefinale>2021-02-28</datefinale>
    <datepublicationfinale>2021-03-22</datepublicationfinale>
    <montantfinal>330760.380000</montantfinal>
    <nomcontractant>Microsoft Canada Inc.</nomcontractant>
    <neqcontractant>1168494905</neqcontractant>
  </contrat>
  <contrat>
    <numeroseao>1364124</numeroseao>
    <numero>8907-20-4505</numero>
    <datefinale>2022-07-12</datefinale>
    <datepublicationfinale>2022-10-07</datepublicationfinale>
    <montantfinal>2045118.610000</montantfinal>
    <nomcontractant>RONALD O'CONNOR CONSTRUCTION INC.</nomcontractant>
    <neqcontractant>1144447522</neqcontractant>
  </contrat>
  <contrat>
    <numeroseao>1372025</numeroseao>
    <numero>4105-17-PV03</numero>
    <datefinale>2018-05-28</datefinale>
    <datepublicationfinale>2020-05-13</datepublicationfinale>
    <montantfinal>26220.280000</montantfinal>
    <nomcontractant>Dynatest Consulting, inc.</nomcontractant>
    <neqcontractant />
  </contrat>
  <contrat>
    <numeroseao>1388894</numeroseao>
    <numero>44529344</numero>
    <datefinale>2022-06-13</datefinale>
    <datepublicationfinale>2022-10-21</datepublicationfinale>
    <montantfinal>416052.550000</montantfinal>
    <nomcontractant>MACONNERIE JACQUES BOULAY INC</nomcontractant>
    <neqcontractant>1143777804</neqcontractant>
  </contrat>
  <contrat>
    <numeroseao>1404355</numeroseao>
    <numero>406604-200729CT</numero>
    <datefinale>2022-09-02</datefinale>
    <datepublicationfinale>2022-12-05</datepublicationfinale>
    <montantfinal>537340.590000</montantfinal>
    <nomcontractant>Pathassistant</nomcontractant>
    <neqcontractant />
  </contrat>
  <contrat>
    <numeroseao>1426063</numeroseao>
    <numero>2513-20-0204</numero>
    <datefinale>2022-11-28</datefinale>
    <datepublicationfinale>2022-11-29</datepublicationfinale>
    <montantfinal>4541800.520000</montantfinal>
    <nomcontractant>Réfection Ville-Marie S.E.P.</nomcontractant>
    <neqcontractant>1147057740</neqcontractant>
  </contrat>
  <contrat>
    <numeroseao>1433622</numeroseao>
    <numero>2503-19-0913</numero>
    <datefinale>2022-11-24</datefinale>
    <datepublicationfinale>2022-11-25</datepublicationfinale>
    <montantfinal>41966089.440000</montantfinal>
    <nomcontractant>L.A. HEBERT LTÉE</nomcontractant>
    <neqcontractant>1143421148</neqcontractant>
  </contrat>
  <contrat>
    <numeroseao>1439705</numeroseao>
    <numero>9010-21-PZ01</numero>
    <datefinale />
    <datepublicationfinale>2022-11-30</datepublicationfinale>
    <montantfinal>0.000000</montantfinal>
    <nomcontractant>LES ENTREPRISES MYRROY INC.</nomcontractant>
    <neqcontractant>1146685178</neqcontractant>
  </contrat>
  <contrat>
    <numeroseao>1442097</numeroseao>
    <numero>44516929</numero>
    <datefinale>2022-12-10</datefinale>
    <datepublicationfinale>2022-04-14</datepublicationfinale>
    <montantfinal>113175.000000</montantfinal>
    <nomcontractant>Rousseau Lefebvre Inc</nomcontractant>
    <neqcontractant>1149485345</neqcontractant>
  </contrat>
  <contrat>
    <numeroseao>1452125</numeroseao>
    <numero>6615-21-SH01</numero>
    <datefinale>2022-07-15</datefinale>
    <datepublicationfinale>2022-01-07</datepublicationfinale>
    <montantfinal>61639.600000</montantfinal>
    <nomcontractant>VEOLIA ES CANADA SERVICES INDUSTRIELS INC.</nomcontractant>
    <neqcontractant>1166357260</neqcontractant>
  </contrat>
  <contrat>
    <numeroseao>1454124</numeroseao>
    <numero>202102-18</numero>
    <datefinale>2022-12-14</datefinale>
    <datepublicationfinale>2022-12-14</datepublicationfinale>
    <montantfinal>827762.780000</montantfinal>
    <nomcontractant>TESSIER RÉCRÉO-PARC INC.</nomcontractant>
    <neqcontractant>1143424589</neqcontractant>
  </contrat>
  <contrat>
    <numeroseao>1465274</numeroseao>
    <numero>2904-21-ST01</numero>
    <datefinale>2022-12-30</datefinale>
    <datepublicationfinale>2022-11-15</datepublicationfinale>
    <montantfinal>1228896.000000</montantfinal>
    <nomcontractant>Signalisation STP</nomcontractant>
    <neqcontractant>1170632047</neqcontractant>
  </contrat>
  <contrat>
    <numeroseao>1475874</numeroseao>
    <numero>VPR-2021-02</numero>
    <datefinale>2022-08-16</datefinale>
    <datepublicationfinale>2022-06-21</datepublicationfinale>
    <montantfinal>93076.380000</montantfinal>
    <nomcontractant>DURAND MARQUAGE ET ASSOCIÉS INC.</nomcontractant>
    <neqcontractant>1147668041</neqcontractant>
  </contrat>
  <contrat>
    <numeroseao>1484137</numeroseao>
    <numero>2503-21-0905</numero>
    <datefinale>2022-11-15</datefinale>
    <datepublicationfinale>2022-11-16</datepublicationfinale>
    <montantfinal>4588346.550000</montantfinal>
    <nomcontractant>Eurovia Québec Construction Inc.</nomcontractant>
    <neqcontractant>1169491884</neqcontractant>
  </contrat>
  <contrat>
    <numeroseao>1486470</numeroseao>
    <numero>44523588</numero>
    <datefinale>2022-08-31</datefinale>
    <datepublicationfinale>2022-10-25</datepublicationfinale>
    <montantfinal>44621.620000</montantfinal>
    <nomcontractant>Groupe Soucy inc</nomcontractant>
    <neqcontractant>1169653715</neqcontractant>
  </contrat>
  <contrat>
    <numeroseao>1489217</numeroseao>
    <numero>CO2021-5103</numero>
    <datefinale />
    <datepublicationfinale>2022-07-21</datepublicationfinale>
    <montantfinal>0.000000</montantfinal>
    <nomcontractant>CHUBB FIRE &amp; SECURITY CANADA INC.</nomcontractant>
    <neqcontractant>1166501933</neqcontractant>
  </contrat>
  <contrat>
    <numeroseao>1491862</numeroseao>
    <numero>803363</numero>
    <datefinale />
    <datepublicationfinale>2022-05-24</datepublicationfinale>
    <montantfinal>0.000000</montantfinal>
    <nomcontractant>DMA architectes s.e.n.c.r.l.</nomcontractant>
    <neqcontractant>3364892656</neqcontractant>
  </contrat>
  <contrat>
    <numeroseao>1495788</numeroseao>
    <numero>2016-2171-02-28410</numero>
    <datefinale>2022-02-28</datefinale>
    <datepublicationfinale>2022-06-09</datepublicationfinale>
    <montantfinal>1885281.890000</montantfinal>
    <nomcontractant>Laboratoires Abbott Cie</nomcontractant>
    <neqcontractant>1144179075</neqcontractant>
  </contrat>
  <contrat>
    <numeroseao>1518288</numeroseao>
    <numero>6707-21-PB01</numero>
    <datefinale>2023-01-24</datefinale>
    <datepublicationfinale>2022-09-28</datepublicationfinale>
    <montantfinal>128300.480000</montantfinal>
    <nomcontractant>ASPLUNDH CANADA ULC</nomcontractant>
    <neqcontractant>1148035307</neqcontractant>
  </contrat>
  <contrat>
    <numeroseao>1520266</numeroseao>
    <numero>8801-21-HA15</numero>
    <datefinale>2022-12-13</datefinale>
    <datepublicationfinale>2022-12-14</datepublicationfinale>
    <montantfinal>32138.060000</montantfinal>
    <nomcontractant>Services EXP inc., Les</nomcontractant>
    <neqcontractant>1167268128</neqcontractant>
  </contrat>
  <contrat>
    <numeroseao>1521333</numeroseao>
    <numero>CO2021-6797</numero>
    <datefinale>2023-01-17</datefinale>
    <datepublicationfinale>2021-12-01</datepublicationfinale>
    <montantfinal>32357.500000</montantfinal>
    <nomcontractant>VALTECH ÉNERGIE INC.</nomcontractant>
    <neqcontractant>1160016359</neqcontractant>
  </contrat>
  <contrat>
    <numeroseao>1530611</numeroseao>
    <numero>2021-70-165</numero>
    <datefinale>2022-02-16</datefinale>
    <datepublicationfinale>2022-02-17</datepublicationfinale>
    <montantfinal>29415.510000</montantfinal>
    <nomcontractant>AGENCE SÉCURITÉ ACCÈS INC.</nomcontractant>
    <neqcontractant>1147399530</neqcontractant>
  </contrat>
  <contrat>
    <numeroseao>1534791</numeroseao>
    <numero>105-05-2021</numero>
    <datefinale>2021-12-31</datefinale>
    <datepublicationfinale>2021-10-14</datepublicationfinale>
    <montantfinal>14831.880000</montantfinal>
    <nomcontractant>LA SOCIÉTÉ DE QUÉBEC POUR PRÉVENIR LES CRUAUTÉS CONTRE LES ANIMAUX</nomcontractant>
    <neqcontractant>1166116658</neqcontractant>
  </contrat>
  <contrat>
    <numeroseao>1543321</numeroseao>
    <numero>DA197667</numero>
    <datefinale>2022-11-15</datefinale>
    <datepublicationfinale>2022-06-13</datepublicationfinale>
    <montantfinal>22160.460000</montantfinal>
    <nomcontractant>9321-0037 Québec inc.</nomcontractant>
    <neqcontractant>1170879853</neqcontractant>
  </contrat>
  <contrat>
    <numeroseao>1549150</numeroseao>
    <numero>GRM-2003</numero>
    <datefinale>2022-08-31</datefinale>
    <datepublicationfinale>2022-09-23</datepublicationfinale>
    <montantfinal>93805.500000</montantfinal>
    <nomcontractant>GESTION PL INC.</nomcontractant>
    <neqcontractant>1175005207</neqcontractant>
  </contrat>
  <contrat>
    <numeroseao>1551759</numeroseao>
    <numero>CGPOMLIO22</numero>
    <datefinale>2022-09-30</datefinale>
    <datepublicationfinale>2022-10-07</datepublicationfinale>
    <montantfinal>71601.000000</montantfinal>
    <nomcontractant>MEDTRONIC CANADA ULC</nomcontractant>
    <neqcontractant>1149830540</neqcontractant>
  </contrat>
  <contrat>
    <numeroseao>1551848</numeroseao>
    <numero>21-1057-GG-A</numero>
    <datefinale>2022-11-08</datefinale>
    <datepublicationfinale>2022-11-09</datepublicationfinale>
    <montantfinal>27130.000000</montantfinal>
    <nomcontractant>Novus Medical Inc</nomcontractant>
    <neqcontractant />
  </contrat>
  <contrat>
    <numeroseao>1559942</numeroseao>
    <numero>21-22-100</numero>
    <datefinale>2022-09-14</datefinale>
    <datepublicationfinale>2022-09-14</datepublicationfinale>
    <montantfinal>212544.140000</montantfinal>
    <nomcontractant>ART WOODS FOURNITURE DE BUREAU</nomcontractant>
    <neqcontractant>1160355666</neqcontractant>
  </contrat>
  <contrat>
    <numeroseao>1562278</numeroseao>
    <numero>TP2021-08</numero>
    <datefinale>2021-12-10</datefinale>
    <datepublicationfinale>2022-01-27</datepublicationfinale>
    <montantfinal>81427.160000</montantfinal>
    <nomcontractant>LES ENTREPRISES MICHAUDVILLE INC.</nomcontractant>
    <neqcontractant>1142707943</neqcontractant>
  </contrat>
  <contrat>
    <numeroseao>1563561</numeroseao>
    <numero>2021/22-035</numero>
    <datefinale>2022-06-22</datefinale>
    <datepublicationfinale>2022-08-05</datepublicationfinale>
    <montantfinal>43035.000000</montantfinal>
    <nomcontractant>ÉQUIPEMENTS RÉCRÉATIFS JAMBETTE INC.</nomcontractant>
    <neqcontractant>1163537765</neqcontractant>
  </contrat>
  <contrat>
    <numeroseao>1576229</numeroseao>
    <numero>CA-0118960</numero>
    <datefinale>2022-11-07</datefinale>
    <datepublicationfinale>2022-11-23</datepublicationfinale>
    <montantfinal>43959.900000</montantfinal>
    <nomcontractant>Opti-Tech Scientific Inc</nomcontractant>
    <neqcontractant />
  </contrat>
  <contrat>
    <numeroseao>1578115</numeroseao>
    <numero>8613-22-SB02</numero>
    <datefinale>2022-09-15</datefinale>
    <datepublicationfinale>2022-09-20</datepublicationfinale>
    <montantfinal>28389.610000</montantfinal>
    <nomcontractant>André Paris inc.</nomcontractant>
    <neqcontractant>1163583959</neqcontractant>
  </contrat>
  <contrat>
    <numeroseao>1584116</numeroseao>
    <numero>44528003</numero>
    <datefinale>2022-12-15</datefinale>
    <datepublicationfinale>2022-10-25</datepublicationfinale>
    <montantfinal>48839.400000</montantfinal>
    <nomcontractant>9177-9512 QUÉBEC INC.</nomcontractant>
    <neqcontractant>1164183775</neqcontractant>
  </contrat>
  <contrat>
    <numeroseao>1584518</numeroseao>
    <numero>SGDM-2022-1</numero>
    <datefinale>2023-01-11</datefinale>
    <datepublicationfinale>2022-07-25</datepublicationfinale>
    <montantfinal>62645.500000</montantfinal>
    <nomcontractant>Dronexperts inc.</nomcontractant>
    <neqcontractant>1168384833</neqcontractant>
  </contrat>
  <contrat>
    <numeroseao>1595174</numeroseao>
    <numero>9110-22-SJ01</numero>
    <datefinale />
    <datepublicationfinale>2022-12-15</datepublicationfinale>
    <montantfinal>0.000000</montantfinal>
    <nomcontractant>Paysage Lily enr.</nomcontractant>
    <neqcontractant>2241590423</neqcontractant>
  </contrat>
  <contrat>
    <numeroseao>1598937</numeroseao>
    <numero>2022-03</numero>
    <datefinale>2022-12-31</datefinale>
    <datepublicationfinale>2022-04-27</datepublicationfinale>
    <montantfinal>17246.250000</montantfinal>
    <nomcontractant>TÉTRA TECH QI INC.</nomcontractant>
    <neqcontractant>1169411510</neqcontractant>
  </contrat>
  <contrat>
    <numeroseao>1599062</numeroseao>
    <numero>63826</numero>
    <datefinale>2022-12-01</datefinale>
    <datepublicationfinale>2022-12-16</datepublicationfinale>
    <montantfinal>98810.060000</montantfinal>
    <nomcontractant>LOCATION SAUVAGEAU INC.</nomcontractant>
    <neqcontractant>1149887755</neqcontractant>
  </contrat>
  <contrat>
    <numeroseao>1606398</numeroseao>
    <numero>44526053</numero>
    <datefinale>2022-12-31</datefinale>
    <datepublicationfinale>2022-11-25</datepublicationfinale>
    <montantfinal>25121.660000</montantfinal>
    <nomcontractant>GAGNON, LETELLIER, CYR, RICARD, MATHIEU ET ASSOCIÉS, ARCHITECTES, S.E.N.C.</nomcontractant>
    <neqcontractant>3341133414</neqcontractant>
  </contrat>
  <contrat>
    <numeroseao>1616153</numeroseao>
    <numero>44529537</numero>
    <datefinale>2022-12-05</datefinale>
    <datepublicationfinale>2022-11-07</datepublicationfinale>
    <montantfinal>23969.560000</montantfinal>
    <nomcontractant>EXCAVATIONS TOURIGNY INC.</nomcontractant>
    <neqcontractant>1147893409</neqcontractant>
  </contrat>
  <contrat>
    <numeroseao>1618312</numeroseao>
    <numero>3254</numero>
    <datefinale>2021-11-25</datefinale>
    <datepublicationfinale>2022-06-22</datepublicationfinale>
    <montantfinal>32284.980000</montantfinal>
    <nomcontractant>EXCAVATION D. JOBIN INC.</nomcontractant>
    <neqcontractant>1173233785</neqcontractant>
  </contrat>
  <contrat>
    <numeroseao>1618355</numeroseao>
    <numero>156-05-2022</numero>
    <datefinale>2022-11-11</datefinale>
    <datepublicationfinale>2022-11-21</datepublicationfinale>
    <montantfinal>100488.150000</montantfinal>
    <nomcontractant>WESCO DISTRIBUTION CANADA LP</nomcontractant>
    <neqcontractant>3362416375</neqcontractant>
  </contrat>
  <contrat>
    <numeroseao>1618382</numeroseao>
    <numero>189-06-2022</numero>
    <datefinale>2022-11-11</datefinale>
    <datepublicationfinale>2022-11-21</datepublicationfinale>
    <montantfinal>90830.250000</montantfinal>
    <nomcontractant>GROUPE GEOS INC.</nomcontractant>
    <neqcontractant>1164347180</neqcontractant>
  </contrat>
  <contrat>
    <numeroseao>1618580</numeroseao>
    <numero>193-06-2020</numero>
    <datefinale>2022-09-20</datefinale>
    <datepublicationfinale>2022-10-31</datepublicationfinale>
    <montantfinal>46182.880000</montantfinal>
    <nomcontractant>ASCENSEURS CLOUTIER LTÉE</nomcontractant>
    <neqcontractant>1143231570</neqcontractant>
  </contrat>
  <contrat>
    <numeroseao>1622463</numeroseao>
    <numero>96401086</numero>
    <datefinale>2022-12-31</datefinale>
    <datepublicationfinale>2022-12-29</datepublicationfinale>
    <montantfinal>182025.000000</montantfinal>
    <nomcontractant>ORACLE CANADA ULC</nomcontractant>
    <neqcontractant>1166275785</neqcontractant>
  </contrat>
  <contrat>
    <numeroseao>1648219</numeroseao>
    <numero>9001-22-APD7</numero>
    <datefinale>2022-09-29</datefinale>
    <datepublicationfinale>2022-10-03</datepublicationfinale>
    <montantfinal>49322.280000</montantfinal>
    <nomcontractant>AvionTEq</nomcontractant>
    <neqcontractant />
  </contrat>
  <contrat>
    <numeroseao>1664868</numeroseao>
    <numero>3841</numero>
    <datefinale>2022-10-31</datefinale>
    <datepublicationfinale>2022-11-21</datepublicationfinale>
    <montantfinal>27594.000000</montantfinal>
    <nomcontractant>MODULAR CHEMICAL SYSTEMS CANADA ULC</nomcontractant>
    <neqcontractant>1173978538</neqcontractant>
  </contrat>
</export>