<?xml version="1.0" encoding="utf-8"?>
<export xmlns:xsi="http://www.w3.org/2001/XMLSchema-instance" xmlns:xsd="http://www.w3.org/2001/XMLSchema" datedebut="2019-06-01" datefin="2019-06-30">
  <contrat>
    <numeroseao>360025</numeroseao>
    <numero>3301-09-ZZ01</numero>
    <datefinale>2019-02-14</datefinale>
    <datepublicationfinale>2017-03-16</datepublicationfinale>
    <montantfinal>358000.000000</montantfinal>
    <nomcontractant>RAYMOND CHABOT GRANT THORNTON </nomcontractant>
    <neqcontractant />
  </contrat>
  <contrat>
    <numeroseao>383416</numeroseao>
    <numero>6407-09-0212</numero>
    <datefinale>2019-03-07</datefinale>
    <datepublicationfinale>2016-08-09</datepublicationfinale>
    <montantfinal>5016034.340000</montantfinal>
    <nomcontractant>Alta Ltée</nomcontractant>
    <neqcontractant>1143533082</neqcontractant>
  </contrat>
  <contrat>
    <numeroseao>450317</numeroseao>
    <numero>7103-10-HZ04</numero>
    <datefinale>2019-02-25</datefinale>
    <datepublicationfinale>2015-06-11</datepublicationfinale>
    <montantfinal>1502767.500000</montantfinal>
    <nomcontractant>SNC-Lavalin inc.</nomcontractant>
    <neqcontractant />
  </contrat>
  <contrat>
    <numeroseao>454574</numeroseao>
    <numero>6406-10-1101</numero>
    <datefinale>2015-08-27</datefinale>
    <datepublicationfinale>2016-04-20</datepublicationfinale>
    <montantfinal>51680667.240000</montantfinal>
    <nomcontractant>Neilson inc.- Macadam s.e.n.c.</nomcontractant>
    <neqcontractant />
  </contrat>
  <contrat>
    <numeroseao>458996</numeroseao>
    <numero>9109-10-NL01</numero>
    <datefinale>2014-11-19</datefinale>
    <datepublicationfinale>2013-12-16</datepublicationfinale>
    <montantfinal>246954.070000</montantfinal>
    <nomcontractant>Transport Gélinas inc.</nomcontractant>
    <neqcontractant />
  </contrat>
  <contrat>
    <numeroseao>483677</numeroseao>
    <numero>7105-10-GZ04</numero>
    <datefinale>2016-08-07</datefinale>
    <datepublicationfinale>2016-09-21</datepublicationfinale>
    <montantfinal>185613.000000</montantfinal>
    <nomcontractant>Écogénie Inc.</nomcontractant>
    <neqcontractant>1145423381</neqcontractant>
  </contrat>
  <contrat>
    <numeroseao>502776</numeroseao>
    <numero>7103-10-HC02</numero>
    <datefinale>2014-03-06</datefinale>
    <datepublicationfinale>2014-03-06</datepublicationfinale>
    <montantfinal>257432.230000</montantfinal>
    <nomcontractant>CIMA +</nomcontractant>
    <neqcontractant />
  </contrat>
  <contrat>
    <numeroseao>508017</numeroseao>
    <numero>8701-11-0210</numero>
    <datefinale>2014-03-17</datefinale>
    <datepublicationfinale>2014-02-27</datepublicationfinale>
    <montantfinal>2787098.440000</montantfinal>
    <nomcontractant>Les Entreprises Michaudville Inc.</nomcontractant>
    <neqcontractant>1142707943</neqcontractant>
  </contrat>
  <contrat>
    <numeroseao>511043</numeroseao>
    <numero>7108-11-4507</numero>
    <datefinale>2017-01-16</datefinale>
    <datepublicationfinale>2017-04-06</datepublicationfinale>
    <montantfinal>4679915.560000</montantfinal>
    <nomcontractant>Aurel Harvey &amp; Fils inc..</nomcontractant>
    <neqcontractant>1144299279</neqcontractant>
  </contrat>
  <contrat>
    <numeroseao>513636</numeroseao>
    <numero>8401-11-1101</numero>
    <datefinale>2019-02-26</datefinale>
    <datepublicationfinale>2017-03-16</datepublicationfinale>
    <montantfinal>7598904.480000</montantfinal>
    <nomcontractant>Demix  Construction, une division de CRH Canada inc.</nomcontractant>
    <neqcontractant>1171462923</neqcontractant>
  </contrat>
  <contrat>
    <numeroseao>519134</numeroseao>
    <numero>7107-11-0211</numero>
    <datefinale>2018-10-01</datefinale>
    <datepublicationfinale>2013-11-27</datepublicationfinale>
    <montantfinal>4249476.860000</montantfinal>
    <nomcontractant>Construction Génix Inc.</nomcontractant>
    <neqcontractant>1161491577</neqcontractant>
  </contrat>
  <contrat>
    <numeroseao>522577</numeroseao>
    <numero>8701-11-GE10</numero>
    <datefinale>2019-02-25</datefinale>
    <datepublicationfinale>2015-06-11</datepublicationfinale>
    <montantfinal>81356.560000</montantfinal>
    <nomcontractant>Dessau inc.</nomcontractant>
    <neqcontractant />
  </contrat>
  <contrat>
    <numeroseao>534586</numeroseao>
    <numero>8510-11-1102</numero>
    <datefinale>2018-12-11</datefinale>
    <datepublicationfinale>2016-03-15</datepublicationfinale>
    <montantfinal>10628387.780000</montantfinal>
    <nomcontractant>Groupe Hexagone, s.e.c..</nomcontractant>
    <neqcontractant>3365348633</neqcontractant>
  </contrat>
  <contrat>
    <numeroseao>540151</numeroseao>
    <numero>6501-12-0902</numero>
    <datefinale>2019-06-12</datefinale>
    <datepublicationfinale>2015-07-22</datepublicationfinale>
    <montantfinal>19562970.400000</montantfinal>
    <nomcontractant>Gervais Dubé Inc</nomcontractant>
    <neqcontractant>1144441871</neqcontractant>
  </contrat>
  <contrat>
    <numeroseao>540524</numeroseao>
    <numero>7107-12-1109</numero>
    <datefinale>2018-09-17</datefinale>
    <datepublicationfinale>2017-04-06</datepublicationfinale>
    <montantfinal>5033347.090000</montantfinal>
    <nomcontractant>Constructions BSL Inc.</nomcontractant>
    <neqcontractant>1141120692</neqcontractant>
  </contrat>
  <contrat>
    <numeroseao>543586</numeroseao>
    <numero>DRI-2011-20</numero>
    <datefinale>2018-07-07</datefinale>
    <datepublicationfinale>2019-05-27</datepublicationfinale>
    <montantfinal>6581889.180000</montantfinal>
    <nomcontractant>Bell Mobilité Inc.</nomcontractant>
    <neqcontractant>1143866029</neqcontractant>
  </contrat>
  <contrat>
    <numeroseao>545912</numeroseao>
    <numero>6501-09-HE01</numero>
    <datefinale>2019-02-02</datefinale>
    <datepublicationfinale>2014-04-29</datepublicationfinale>
    <montantfinal>1077236.480000</montantfinal>
    <nomcontractant>Roche ltée, Groupe-Conseil</nomcontractant>
    <neqcontractant>1165310831</neqcontractant>
  </contrat>
  <contrat>
    <numeroseao>548170</numeroseao>
    <numero>7001-12-0201</numero>
    <datefinale>2018-11-02</datefinale>
    <datepublicationfinale>2015-05-11</datepublicationfinale>
    <montantfinal>1022332.000000</montantfinal>
    <nomcontractant>Maurécon Inc.</nomcontractant>
    <neqcontractant>1143622794</neqcontractant>
  </contrat>
  <contrat>
    <numeroseao>548209</numeroseao>
    <numero>6401-12-0201</numero>
    <datefinale>2018-11-14</datefinale>
    <datepublicationfinale>2015-05-11</datepublicationfinale>
    <montantfinal>371183.690000</montantfinal>
    <nomcontractant>Maurécon Inc.</nomcontractant>
    <neqcontractant>1143622794</neqcontractant>
  </contrat>
  <contrat>
    <numeroseao>548435</numeroseao>
    <numero>7105-11-ZZ02</numero>
    <datefinale>2018-11-22</datefinale>
    <datepublicationfinale>2016-09-21</datepublicationfinale>
    <montantfinal>665164.740000</montantfinal>
    <nomcontractant>Dessau inc.</nomcontractant>
    <neqcontractant />
  </contrat>
  <contrat>
    <numeroseao>548521</numeroseao>
    <numero>8503-11-0006</numero>
    <datefinale>2018-07-16</datefinale>
    <datepublicationfinale>2018-01-09</datepublicationfinale>
    <montantfinal>1702190.940000</montantfinal>
    <nomcontractant>Environnement Routier NRJ Inc .</nomcontractant>
    <neqcontractant>1142611939</neqcontractant>
  </contrat>
  <contrat>
    <numeroseao>550952</numeroseao>
    <numero>6406-12-1101</numero>
    <datefinale>2019-06-07</datefinale>
    <datepublicationfinale>2017-11-14</datepublicationfinale>
    <montantfinal>37021310.270000</montantfinal>
    <nomcontractant>Coentreprise Sintra-Grandmont</nomcontractant>
    <neqcontractant>3367232157</neqcontractant>
  </contrat>
  <contrat>
    <numeroseao>561276</numeroseao>
    <numero>7007-12-0206</numero>
    <datefinale>2016-05-27</datefinale>
    <datepublicationfinale>2016-07-21</datepublicationfinale>
    <montantfinal>2950354.310000</montantfinal>
    <nomcontractant>Construction Injection EDM Inc.</nomcontractant>
    <neqcontractant>1144167138</neqcontractant>
  </contrat>
  <contrat>
    <numeroseao>562645</numeroseao>
    <numero>CHUSJ-387</numero>
    <datefinale>2013-05-15</datefinale>
    <datepublicationfinale>2017-10-02</datepublicationfinale>
    <montantfinal>354736.530000</montantfinal>
    <nomcontractant>Entreprise de Construction TEQ inc.</nomcontractant>
    <neqcontractant>1144233385</neqcontractant>
  </contrat>
  <contrat>
    <numeroseao>564757</numeroseao>
    <numero>8503-11-1111</numero>
    <datefinale>2018-07-16</datefinale>
    <datepublicationfinale>2018-06-29</datepublicationfinale>
    <montantfinal>17276521.560000</montantfinal>
    <nomcontractant>Groupe Hexagone, s.e.c..</nomcontractant>
    <neqcontractant>3365348633</neqcontractant>
  </contrat>
  <contrat>
    <numeroseao>571287</numeroseao>
    <numero>8706-12-0101</numero>
    <datefinale>2019-03-06</datefinale>
    <datepublicationfinale>2015-05-11</datepublicationfinale>
    <montantfinal>379103.340000</montantfinal>
    <nomcontractant>Les Clôtures Spécialisées (2957-4928 Québec Inc.)</nomcontractant>
    <neqcontractant>1142825372</neqcontractant>
  </contrat>
  <contrat>
    <numeroseao>578144</numeroseao>
    <numero>8709-12-SD01</numero>
    <datefinale>2018-11-01</datefinale>
    <datepublicationfinale>2015-05-11</datepublicationfinale>
    <montantfinal>103714.650000</montantfinal>
    <nomcontractant>Entreprises Myrroy inc., Les</nomcontractant>
    <neqcontractant />
  </contrat>
  <contrat>
    <numeroseao>582334</numeroseao>
    <numero>6806-12-1101</numero>
    <datefinale>2019-02-25</datefinale>
    <datepublicationfinale>2015-11-12</datepublicationfinale>
    <montantfinal>17974941.740000</montantfinal>
    <nomcontractant>Coentrreprise Alfred Boivin et Paul Pedneault</nomcontractant>
    <neqcontractant />
  </contrat>
  <contrat>
    <numeroseao>583988</numeroseao>
    <numero>8603-12-HE18</numero>
    <datefinale>2019-05-16</datefinale>
    <datepublicationfinale>2016-06-01</datepublicationfinale>
    <montantfinal>262438.690000</montantfinal>
    <nomcontractant>Dessau</nomcontractant>
    <neqcontractant>1142720136</neqcontractant>
  </contrat>
  <contrat>
    <numeroseao>584890</numeroseao>
    <numero>8901-12-0904</numero>
    <datefinale>2019-04-26</datefinale>
    <datepublicationfinale>2015-04-14</datepublicationfinale>
    <montantfinal>1999991.520000</montantfinal>
    <nomcontractant>Terra Location Inc.</nomcontractant>
    <neqcontractant>1164205370</neqcontractant>
  </contrat>
  <contrat>
    <numeroseao>591112</numeroseao>
    <numero>8503-12-0206</numero>
    <datefinale>2019-02-27</datefinale>
    <datepublicationfinale>2016-05-12</datepublicationfinale>
    <montantfinal>14014582.630000</montantfinal>
    <nomcontractant>Construction DJL Inc.  (Boucherville)</nomcontractant>
    <neqcontractant />
  </contrat>
  <contrat>
    <numeroseao>596345</numeroseao>
    <numero>7107-12-0217</numero>
    <datefinale>2018-10-10</datefinale>
    <datepublicationfinale>2015-04-14</datepublicationfinale>
    <montantfinal>3476386.450000</montantfinal>
    <nomcontractant>Alta Ltée</nomcontractant>
    <neqcontractant>1143533082</neqcontractant>
  </contrat>
  <contrat>
    <numeroseao>607443</numeroseao>
    <numero>8503-12-0214</numero>
    <datefinale>2019-02-11</datefinale>
    <datepublicationfinale>2016-06-01</datepublicationfinale>
    <montantfinal>1724220.150000</montantfinal>
    <nomcontractant>Les Grands Travaux Soter</nomcontractant>
    <neqcontractant>1146516688</neqcontractant>
  </contrat>
  <contrat>
    <numeroseao>610000</numeroseao>
    <numero>8503-12-0212</numero>
    <datefinale>2018-11-28</datefinale>
    <datepublicationfinale>2016-05-12</datepublicationfinale>
    <montantfinal>7871507.400000</montantfinal>
    <nomcontractant>Tesco 3000 inc..</nomcontractant>
    <neqcontractant />
  </contrat>
  <contrat>
    <numeroseao>615076</numeroseao>
    <numero>6408-13-1101</numero>
    <datefinale>2019-02-14</datefinale>
    <datepublicationfinale>2016-05-12</datepublicationfinale>
    <montantfinal>8103327.070000</montantfinal>
    <nomcontractant>Coffrage Alliance Ltée, Entrepreneur Général</nomcontractant>
    <neqcontractant>1161836276</neqcontractant>
  </contrat>
  <contrat>
    <numeroseao>616768</numeroseao>
    <numero>6705-13-1102</numero>
    <datefinale>2018-12-12</datefinale>
    <datepublicationfinale>2018-01-09</datepublicationfinale>
    <montantfinal>2287564.210000</montantfinal>
    <nomcontractant>Construction J. &amp; R. Savard Ltée</nomcontractant>
    <neqcontractant>1142565424</neqcontractant>
  </contrat>
  <contrat>
    <numeroseao>617372</numeroseao>
    <numero>6705-13-1101</numero>
    <datefinale>2018-12-12</datefinale>
    <datepublicationfinale>2017-12-11</datepublicationfinale>
    <montantfinal>2349212.020000</montantfinal>
    <nomcontractant>Construction J. &amp; R. Savard Ltée</nomcontractant>
    <neqcontractant>1142565424</neqcontractant>
  </contrat>
  <contrat>
    <numeroseao>617732</numeroseao>
    <numero>7007-13-1101</numero>
    <datefinale>2016-07-25</datefinale>
    <datepublicationfinale>2016-09-21</datepublicationfinale>
    <montantfinal>2628872.840000</montantfinal>
    <nomcontractant>CONSTRUCTION F.G.N. INC..</nomcontractant>
    <neqcontractant>1167490102</neqcontractant>
  </contrat>
  <contrat>
    <numeroseao>623593</numeroseao>
    <numero>8503-12-0306</numero>
    <datefinale>2016-08-15</datefinale>
    <datepublicationfinale>2016-10-19</datepublicationfinale>
    <montantfinal>1562455.050000</montantfinal>
    <nomcontractant>Systèmes Urbains Inc.</nomcontractant>
    <neqcontractant>1168008721</neqcontractant>
  </contrat>
  <contrat>
    <numeroseao>627672</numeroseao>
    <numero>8503-13-0001</numero>
    <datefinale>2018-01-10</datefinale>
    <datepublicationfinale>2018-01-30</datepublicationfinale>
    <montantfinal>4529699.280000</montantfinal>
    <nomcontractant>Routek Construction inc</nomcontractant>
    <neqcontractant>1164350945</neqcontractant>
  </contrat>
  <contrat>
    <numeroseao>628558</numeroseao>
    <numero>8401-13-0301</numero>
    <datefinale>2018-10-23</datefinale>
    <datepublicationfinale>2018-06-29</datepublicationfinale>
    <montantfinal>7021097.910000</montantfinal>
    <nomcontractant>Bruneau Électrique Inc.</nomcontractant>
    <neqcontractant>1142851337</neqcontractant>
  </contrat>
  <contrat>
    <numeroseao>629168</numeroseao>
    <numero>8701-12-0202</numero>
    <datefinale>2017-07-27</datefinale>
    <datepublicationfinale>2017-11-01</datepublicationfinale>
    <montantfinal>2702047.190000</montantfinal>
    <nomcontractant>Construction Injection EDM Inc.</nomcontractant>
    <neqcontractant>1144167138</neqcontractant>
  </contrat>
  <contrat>
    <numeroseao>636396</numeroseao>
    <numero>9001-13-0910</numero>
    <datefinale>2018-12-05</datefinale>
    <datepublicationfinale>2017-06-09</datepublicationfinale>
    <montantfinal>5873539.830000</montantfinal>
    <nomcontractant>Sintra Inc. - région Estrie</nomcontractant>
    <neqcontractant>1145755295</neqcontractant>
  </contrat>
  <contrat>
    <numeroseao>639794</numeroseao>
    <numero>7107-13-4532</numero>
    <datefinale>2017-01-16</datefinale>
    <datepublicationfinale>2017-04-06</datepublicationfinale>
    <montantfinal>415210.010000</montantfinal>
    <nomcontractant>Aurel Harvey &amp; Fils inc..</nomcontractant>
    <neqcontractant>1144299279</neqcontractant>
  </contrat>
  <contrat>
    <numeroseao>654648</numeroseao>
    <numero>8701-12-0915</numero>
    <datefinale>2019-03-13</datefinale>
    <datepublicationfinale>2015-11-12</datepublicationfinale>
    <montantfinal>3300482.050000</montantfinal>
    <nomcontractant>Bricon Inc.</nomcontractant>
    <neqcontractant>1174048141</neqcontractant>
  </contrat>
  <contrat>
    <numeroseao>664096</numeroseao>
    <numero>8910-13-PB03</numero>
    <datefinale>2019-03-04</datefinale>
    <datepublicationfinale>2014-04-29</datepublicationfinale>
    <montantfinal>53616.000000</montantfinal>
    <nomcontractant>Déboisement Forestco</nomcontractant>
    <neqcontractant />
  </contrat>
  <contrat>
    <numeroseao>668568</numeroseao>
    <numero>APP-13-121</numero>
    <datefinale>2016-08-12</datefinale>
    <datepublicationfinale>2016-08-10</datepublicationfinale>
    <montantfinal>29511.670000</montantfinal>
    <nomcontractant>Vêtements Stenis Inc</nomcontractant>
    <neqcontractant>1142536144</neqcontractant>
  </contrat>
  <contrat>
    <numeroseao>668639</numeroseao>
    <numero>APP-13-122</numero>
    <datefinale>2016-08-12</datefinale>
    <datepublicationfinale>2016-12-06</datepublicationfinale>
    <montantfinal>42791.980000</montantfinal>
    <nomcontractant>Groupe Trium Inc.</nomcontractant>
    <neqcontractant>1143586478</neqcontractant>
  </contrat>
  <contrat>
    <numeroseao>669656</numeroseao>
    <numero>8503-12-AE01</numero>
    <datefinale>2018-11-26</datefinale>
    <datepublicationfinale>2016-04-20</datepublicationfinale>
    <montantfinal>152907.190000</montantfinal>
    <nomcontractant>SNC-Lavalin inc.</nomcontractant>
    <neqcontractant />
  </contrat>
  <contrat>
    <numeroseao>669783</numeroseao>
    <numero>8701-12-FE03</numero>
    <datefinale>2018-12-12</datefinale>
    <datepublicationfinale>2017-05-03</datepublicationfinale>
    <montantfinal>130457.610000</montantfinal>
    <nomcontractant>Consultants SM inc., Les</nomcontractant>
    <neqcontractant />
  </contrat>
  <contrat>
    <numeroseao>670820</numeroseao>
    <numero>8503-13-FE03</numero>
    <datefinale>2018-08-29</datefinale>
    <datepublicationfinale>2018-06-29</datepublicationfinale>
    <montantfinal>193933.850000</montantfinal>
    <nomcontractant>CIMA +</nomcontractant>
    <neqcontractant />
  </contrat>
  <contrat>
    <numeroseao>682800</numeroseao>
    <numero>7103-13-HE19</numero>
    <datefinale>2019-03-08</datefinale>
    <datepublicationfinale>2016-04-20</datepublicationfinale>
    <montantfinal>203378.440000</montantfinal>
    <nomcontractant>Roche ltée, Groupe-Conseil</nomcontractant>
    <neqcontractant>1165310831</neqcontractant>
  </contrat>
  <contrat>
    <numeroseao>705984</numeroseao>
    <numero>8801-12-0203</numero>
    <datefinale>2019-05-22</datefinale>
    <datepublicationfinale>2017-05-03</datepublicationfinale>
    <montantfinal>1633548.290000</montantfinal>
    <nomcontractant>Stellaire Construction inc.</nomcontractant>
    <neqcontractant>1149238835</neqcontractant>
  </contrat>
  <contrat>
    <numeroseao>708202</numeroseao>
    <numero>6501-12-HE19</numero>
    <datefinale>2018-10-24</datefinale>
    <datepublicationfinale>2013-12-17</datepublicationfinale>
    <montantfinal>178704.180000</montantfinal>
    <nomcontractant>BPR - Infrastructure inc.</nomcontractant>
    <neqcontractant>1161581104</neqcontractant>
  </contrat>
  <contrat>
    <numeroseao>721407</numeroseao>
    <numero>8607-14-PZ01</numero>
    <datefinale>2016-12-31</datefinale>
    <datepublicationfinale>2017-03-16</datepublicationfinale>
    <montantfinal>177832.800000</montantfinal>
    <nomcontractant>Les entreprises Myrroy inc</nomcontractant>
    <neqcontractant>1146685178</neqcontractant>
  </contrat>
  <contrat>
    <numeroseao>722588</numeroseao>
    <numero>8603-13-1106</numero>
    <datefinale>2019-01-21</datefinale>
    <datepublicationfinale>2015-04-14</datepublicationfinale>
    <montantfinal>2311113.500000</montantfinal>
    <nomcontractant>Groupe Hexagone, s.e.c..</nomcontractant>
    <neqcontractant>3365348633</neqcontractant>
  </contrat>
  <contrat>
    <numeroseao>724942</numeroseao>
    <numero>APP-14-023</numero>
    <datefinale>2015-12-31</datefinale>
    <datepublicationfinale>2016-04-25</datepublicationfinale>
    <montantfinal>144587.970000</montantfinal>
    <nomcontractant>Ten4 Body Armor</nomcontractant>
    <neqcontractant>1162157185</neqcontractant>
  </contrat>
  <contrat>
    <numeroseao>726024</numeroseao>
    <numero>8901-13-0201</numero>
    <datefinale>2016-02-26</datefinale>
    <datepublicationfinale>2016-04-20</datepublicationfinale>
    <montantfinal>3044275.250000</montantfinal>
    <nomcontractant>Construction Audet et Knight</nomcontractant>
    <neqcontractant>1142398917</neqcontractant>
  </contrat>
  <contrat>
    <numeroseao>727228</numeroseao>
    <numero>8806-14-PZ01</numero>
    <datefinale>2018-11-01</datefinale>
    <datepublicationfinale>2015-05-11</datepublicationfinale>
    <montantfinal>79199.100000</montantfinal>
    <nomcontractant>Les entreprises Myrroy inc</nomcontractant>
    <neqcontractant>1146685178</neqcontractant>
  </contrat>
  <contrat>
    <numeroseao>729547</numeroseao>
    <numero>7103-14-HE01</numero>
    <datefinale>2019-03-15</datefinale>
    <datepublicationfinale>2018-06-29</datepublicationfinale>
    <montantfinal>1697804.310000</montantfinal>
    <nomcontractant>WSP Canada inc.</nomcontractant>
    <neqcontractant />
  </contrat>
  <contrat>
    <numeroseao>731237</numeroseao>
    <numero>2301-14-HZ01</numero>
    <datefinale>2015-07-28</datefinale>
    <datepublicationfinale>2015-07-22</datepublicationfinale>
    <montantfinal>1093975.400000</montantfinal>
    <nomcontractant>IGF axiom inc.</nomcontractant>
    <neqcontractant>1147455431</neqcontractant>
  </contrat>
  <contrat>
    <numeroseao>742613</numeroseao>
    <numero>6805-14-0202</numero>
    <datefinale>2018-10-26</datefinale>
    <datepublicationfinale>2016-07-21</datepublicationfinale>
    <montantfinal>1777271.670000</montantfinal>
    <nomcontractant>Paul Pedneault Inc</nomcontractant>
    <neqcontractant>1170180351</neqcontractant>
  </contrat>
  <contrat>
    <numeroseao>744394</numeroseao>
    <numero>7107-14-0211</numero>
    <datefinale>2018-09-17</datefinale>
    <datepublicationfinale>2017-11-24</datepublicationfinale>
    <montantfinal>1109814.470000</montantfinal>
    <nomcontractant>LES EXCAVATIONS LAFONTAINE INC.</nomcontractant>
    <neqcontractant>1143662378</neqcontractant>
  </contrat>
  <contrat>
    <numeroseao>752942</numeroseao>
    <numero>8701-12-HA01</numero>
    <datefinale>2019-02-26</datefinale>
    <datepublicationfinale>2015-11-12</datepublicationfinale>
    <montantfinal>228311.890000</montantfinal>
    <nomcontractant>AECOM Consultants Inc.</nomcontractant>
    <neqcontractant />
  </contrat>
  <contrat>
    <numeroseao>753715</numeroseao>
    <numero>APP-14-087 (2014-PAR-651)</numero>
    <datefinale>2015-03-10</datefinale>
    <datepublicationfinale>2015-04-16</datepublicationfinale>
    <montantfinal>208968.670000</montantfinal>
    <nomcontractant>Paysagiste Promovert Inc.</nomcontractant>
    <neqcontractant>1147610175</neqcontractant>
  </contrat>
  <contrat>
    <numeroseao>756164</numeroseao>
    <numero>6809-14-SA01</numero>
    <datefinale>2015-02-19</datefinale>
    <datepublicationfinale>2015-01-09</datepublicationfinale>
    <montantfinal>169540.700000</montantfinal>
    <nomcontractant>Somavrac c.c. inc.</nomcontractant>
    <neqcontractant>1146326724</neqcontractant>
  </contrat>
  <contrat>
    <numeroseao>759192</numeroseao>
    <numero>1201-14-ZZ01</numero>
    <datefinale>2015-07-17</datefinale>
    <datepublicationfinale>2015-04-14</datepublicationfinale>
    <montantfinal>35000.000000</montantfinal>
    <nomcontractant>Gisèle Brunette &amp; Associés</nomcontractant>
    <neqcontractant>1146009783</neqcontractant>
  </contrat>
  <contrat>
    <numeroseao>759306</numeroseao>
    <numero>8603-14-0204</numero>
    <datefinale>2015-10-26</datefinale>
    <datepublicationfinale>2015-05-11</datepublicationfinale>
    <montantfinal>1668845.910000</montantfinal>
    <nomcontractant>Roxboro Excavation INC..</nomcontractant>
    <neqcontractant>1142760280</neqcontractant>
  </contrat>
  <contrat>
    <numeroseao>759935</numeroseao>
    <numero>APP-14-009</numero>
    <datefinale>2016-08-09</datefinale>
    <datepublicationfinale>2016-08-15</datepublicationfinale>
    <montantfinal>83931.750000</montantfinal>
    <nomcontractant>Aréo-feu ltée</nomcontractant>
    <neqcontractant>1145941218</neqcontractant>
  </contrat>
  <contrat>
    <numeroseao>761812</numeroseao>
    <numero>6808-14-1007</numero>
    <datefinale>2015-01-13</datefinale>
    <datepublicationfinale>2015-01-29</datepublicationfinale>
    <montantfinal>1231566.500000</montantfinal>
    <nomcontractant>PAVEX LTÉE.</nomcontractant>
    <neqcontractant>1143508282</neqcontractant>
  </contrat>
  <contrat>
    <numeroseao>762429</numeroseao>
    <numero>6705-14-0208</numero>
    <datefinale>2015-06-01</datefinale>
    <datepublicationfinale>2015-07-22</datepublicationfinale>
    <montantfinal>1035397.180000</montantfinal>
    <nomcontractant>Construction Polaris Inc..</nomcontractant>
    <neqcontractant>1141845371</neqcontractant>
  </contrat>
  <contrat>
    <numeroseao>763530</numeroseao>
    <numero>7210-2010-013-CQ P</numero>
    <datefinale />
    <datepublicationfinale>2018-06-26</datepublicationfinale>
    <montantfinal>0.000000</montantfinal>
    <nomcontractant>Groupe  ABS</nomcontractant>
    <neqcontractant>1165977969</neqcontractant>
  </contrat>
  <contrat>
    <numeroseao>763544</numeroseao>
    <numero>8801-13-0219</numero>
    <datefinale>2018-11-22</datefinale>
    <datepublicationfinale>2017-01-19</datepublicationfinale>
    <montantfinal>1426440.320000</montantfinal>
    <nomcontractant>Gelco Construction inc.</nomcontractant>
    <neqcontractant>1144624518</neqcontractant>
  </contrat>
  <contrat>
    <numeroseao>764129</numeroseao>
    <numero>8801-13-0902</numero>
    <datefinale>2016-07-27</datefinale>
    <datepublicationfinale>2016-09-21</datepublicationfinale>
    <montantfinal>383034.250000</montantfinal>
    <nomcontractant>9088-9569 Québec inc..</nomcontractant>
    <neqcontractant>1149218464</neqcontractant>
  </contrat>
  <contrat>
    <numeroseao>769294</numeroseao>
    <numero>8701-13-0202</numero>
    <datefinale>2015-11-26</datefinale>
    <datepublicationfinale>2015-10-28</datepublicationfinale>
    <montantfinal>1775979.600000</montantfinal>
    <nomcontractant>Charex</nomcontractant>
    <neqcontractant>1167167742</neqcontractant>
  </contrat>
  <contrat>
    <numeroseao>771184</numeroseao>
    <numero>5379-13-PF75</numero>
    <datefinale>2019-03-14</datefinale>
    <datepublicationfinale>2015-08-07</datepublicationfinale>
    <montantfinal>336983.880000</montantfinal>
    <nomcontractant>Bentley Canada Inc.</nomcontractant>
    <neqcontractant />
  </contrat>
  <contrat>
    <numeroseao>771207</numeroseao>
    <numero>APP-14-130 (EQ-13-11)</numero>
    <datefinale>2016-01-12</datefinale>
    <datepublicationfinale>2015-06-29</datepublicationfinale>
    <montantfinal>416676.500000</montantfinal>
    <nomcontractant>Fourgons ELITE (9081-0060 Québec inc.)</nomcontractant>
    <neqcontractant>1142739243</neqcontractant>
  </contrat>
  <contrat>
    <numeroseao>779303</numeroseao>
    <numero>8801-14-0217</numero>
    <datefinale>2015-12-22</datefinale>
    <datepublicationfinale>2016-02-02</datepublicationfinale>
    <montantfinal>758521.650000</montantfinal>
    <nomcontractant>Maurécon Inc.</nomcontractant>
    <neqcontractant>1143622794</neqcontractant>
  </contrat>
  <contrat>
    <numeroseao>779821</numeroseao>
    <numero>8401-14-1005</numero>
    <datefinale>2019-02-05</datefinale>
    <datepublicationfinale>2018-06-29</datepublicationfinale>
    <montantfinal>1412787.930000</montantfinal>
    <nomcontractant>Groupe Hexagone, s.e.c..</nomcontractant>
    <neqcontractant>3365348633</neqcontractant>
  </contrat>
  <contrat>
    <numeroseao>780389</numeroseao>
    <numero>7106-14-0901</numero>
    <datefinale>2018-10-31</datefinale>
    <datepublicationfinale>2015-10-28</datepublicationfinale>
    <montantfinal>3042359.200000</montantfinal>
    <nomcontractant>Aurel Harvey &amp; Fils inc..</nomcontractant>
    <neqcontractant>1144299279</neqcontractant>
  </contrat>
  <contrat>
    <numeroseao>780394</numeroseao>
    <numero>5404-14-AP64</numero>
    <datefinale>2015-01-23</datefinale>
    <datepublicationfinale>2014-12-15</datepublicationfinale>
    <montantfinal>71850.000000</montantfinal>
    <nomcontractant>J.-René Lafond inc.</nomcontractant>
    <neqcontractant>1171818264</neqcontractant>
  </contrat>
  <contrat>
    <numeroseao>784830</numeroseao>
    <numero>8701-14-0907</numero>
    <datefinale>2015-04-20</datefinale>
    <datepublicationfinale>2015-05-11</datepublicationfinale>
    <montantfinal>1062886.390000</montantfinal>
    <nomcontractant>Construction DJL Inc.  (Carignan)</nomcontractant>
    <neqcontractant>1147218763</neqcontractant>
  </contrat>
  <contrat>
    <numeroseao>785767</numeroseao>
    <numero>5404-14-AP65</numero>
    <datefinale>2015-04-21</datefinale>
    <datepublicationfinale>2015-04-14</datepublicationfinale>
    <montantfinal>404074.350000</montantfinal>
    <nomcontractant>Valmont West Coast Engineering</nomcontractant>
    <neqcontractant>1141918830</neqcontractant>
  </contrat>
  <contrat>
    <numeroseao>786371</numeroseao>
    <numero>7106-14-1001</numero>
    <datefinale>2015-11-17</datefinale>
    <datepublicationfinale>2015-11-30</datepublicationfinale>
    <montantfinal>1388357.780000</montantfinal>
    <nomcontractant>Eurovia Québec Construction inc..</nomcontractant>
    <neqcontractant>1169491884</neqcontractant>
  </contrat>
  <contrat>
    <numeroseao>786874</numeroseao>
    <numero>APP-14-163 (ÉQ-13-19)</numero>
    <datefinale>2015-08-31</datefinale>
    <datepublicationfinale>2015-08-31</datepublicationfinale>
    <montantfinal>436063.960000</montantfinal>
    <nomcontractant>Toyota Drummondville</nomcontractant>
    <neqcontractant>1160501012</neqcontractant>
  </contrat>
  <contrat>
    <numeroseao>788621</numeroseao>
    <numero>5404-14-AP71</numero>
    <datefinale>2015-04-23</datefinale>
    <datepublicationfinale>2015-04-14</datepublicationfinale>
    <montantfinal>84954.000000</montantfinal>
    <nomcontractant>Métal Pole-Lite Inc.</nomcontractant>
    <neqcontractant>1140611261</neqcontractant>
  </contrat>
  <contrat>
    <numeroseao>790950</numeroseao>
    <numero>7210-2014-033</numero>
    <datefinale>2015-07-07</datefinale>
    <datepublicationfinale>2017-01-27</datepublicationfinale>
    <montantfinal>88645.720000</montantfinal>
    <nomcontractant>Cima+ S.E.N.C.</nomcontractant>
    <neqcontractant />
  </contrat>
  <contrat>
    <numeroseao>793270</numeroseao>
    <numero>6703-14-0909</numero>
    <datefinale>2018-09-20</datefinale>
    <datepublicationfinale>2017-05-03</datepublicationfinale>
    <montantfinal>1275800.340000</montantfinal>
    <nomcontractant>Entreprises Jacques Dufour Inc.</nomcontractant>
    <neqcontractant>1144802023</neqcontractant>
  </contrat>
  <contrat>
    <numeroseao>793853</numeroseao>
    <numero>9001-14-0225</numero>
    <datefinale>2015-11-20</datefinale>
    <datepublicationfinale>2015-10-01</datepublicationfinale>
    <montantfinal>309121.340000</montantfinal>
    <nomcontractant>Excavations Mario Roy inc..</nomcontractant>
    <neqcontractant>1142896415</neqcontractant>
  </contrat>
  <contrat>
    <numeroseao>794399</numeroseao>
    <numero>7108-14-4507</numero>
    <datefinale>2017-01-16</datefinale>
    <datepublicationfinale>2017-04-06</datepublicationfinale>
    <montantfinal>1638936.930000</montantfinal>
    <nomcontractant>Aurel Harvey &amp; Fils inc..</nomcontractant>
    <neqcontractant>1144299279</neqcontractant>
  </contrat>
  <contrat>
    <numeroseao>795451</numeroseao>
    <numero>8801-14-0103</numero>
    <datefinale>2019-02-28</datefinale>
    <datepublicationfinale>2016-09-21</datepublicationfinale>
    <montantfinal>683210.560000</montantfinal>
    <nomcontractant>Asphalte Desjardins Inc..</nomcontractant>
    <neqcontractant>1143605401</neqcontractant>
  </contrat>
  <contrat>
    <numeroseao>799224</numeroseao>
    <numero>6808-14-0101</numero>
    <datefinale>2015-02-20</datefinale>
    <datepublicationfinale>2014-12-15</datepublicationfinale>
    <montantfinal>59141.330000</montantfinal>
    <nomcontractant>9065-5267 Québec inc. (Renoflex)</nomcontractant>
    <neqcontractant>1147833371</neqcontractant>
  </contrat>
  <contrat>
    <numeroseao>802181</numeroseao>
    <numero>APP-14-187 (ÉQ-14-16)</numero>
    <datefinale>2016-01-14</datefinale>
    <datepublicationfinale>2016-01-14</datepublicationfinale>
    <montantfinal>60726.080000</montantfinal>
    <nomcontractant>Ovale Ford Lincoln Inc. (Ford Lincoln Gabriel)</nomcontractant>
    <neqcontractant>1143273275</neqcontractant>
  </contrat>
  <contrat>
    <numeroseao>809202</numeroseao>
    <numero>8801-14-0016</numero>
    <datefinale>2016-09-23</datefinale>
    <datepublicationfinale>2016-11-02</datepublicationfinale>
    <montantfinal>155206.460000</montantfinal>
    <nomcontractant>Jobert Inc..</nomcontractant>
    <neqcontractant>1143548841</neqcontractant>
  </contrat>
  <contrat>
    <numeroseao>810150</numeroseao>
    <numero>6306-13-SH01</numero>
    <datefinale>2017-03-31</datefinale>
    <datepublicationfinale>2017-05-29</datepublicationfinale>
    <montantfinal>102621.250000</montantfinal>
    <nomcontractant>LES LAVAGES INDUSTRIELS VIGNEAU INC</nomcontractant>
    <neqcontractant>1144136885</neqcontractant>
  </contrat>
  <contrat>
    <numeroseao>813000</numeroseao>
    <numero>APP-14-111</numero>
    <datefinale>2015-10-06</datefinale>
    <datepublicationfinale>2015-10-09</datepublicationfinale>
    <montantfinal>30249.920000</montantfinal>
    <nomcontractant>Équipements incendie CMP MAYER</nomcontractant>
    <neqcontractant />
  </contrat>
  <contrat>
    <numeroseao>820866</numeroseao>
    <numero>6301-14-FR02</numero>
    <datefinale>2018-12-13</datefinale>
    <datepublicationfinale>2019-05-31</datepublicationfinale>
    <montantfinal>121061.090000</montantfinal>
    <nomcontractant>Tetra Tech QI inc.</nomcontractant>
    <neqcontractant>1169411510</neqcontractant>
  </contrat>
  <contrat>
    <numeroseao>823284</numeroseao>
    <numero>5301-14-AP05</numero>
    <datefinale>2015-05-21</datefinale>
    <datepublicationfinale>2014-12-15</datepublicationfinale>
    <montantfinal>277407.500000</montantfinal>
    <nomcontractant>Oracle Canada ULC</nomcontractant>
    <neqcontractant>1166275785</neqcontractant>
  </contrat>
  <contrat>
    <numeroseao>833871</numeroseao>
    <numero>9103-14-KZ22</numero>
    <datefinale>2017-11-21</datefinale>
    <datepublicationfinale>2018-01-09</datepublicationfinale>
    <montantfinal>65722.940000</montantfinal>
    <nomcontractant>Groupe Qualitas inc.</nomcontractant>
    <neqcontractant>1166291337</neqcontractant>
  </contrat>
  <contrat>
    <numeroseao>835367</numeroseao>
    <numero>6808-14-1009</numero>
    <datefinale>2015-12-18</datefinale>
    <datepublicationfinale>2016-02-02</datepublicationfinale>
    <montantfinal>494627.490000</montantfinal>
    <nomcontractant>Inter-Cité Construction Ltée</nomcontractant>
    <neqcontractant>1143991546</neqcontractant>
  </contrat>
  <contrat>
    <numeroseao>837893</numeroseao>
    <numero>5301-14-AP06</numero>
    <datefinale>2015-05-21</datefinale>
    <datepublicationfinale>2015-03-05</datepublicationfinale>
    <montantfinal>260366.470000</montantfinal>
    <nomcontractant>ESI Technologies de l'information inc.</nomcontractant>
    <neqcontractant>1149162597</neqcontractant>
  </contrat>
  <contrat>
    <numeroseao>837924</numeroseao>
    <numero>7103-14-LD01</numero>
    <datefinale>2019-05-30</datefinale>
    <datepublicationfinale>2017-04-06</datepublicationfinale>
    <montantfinal>32730.450000</montantfinal>
    <nomcontractant>LVM, une division de Englobe Corp.</nomcontractant>
    <neqcontractant>1167280206</neqcontractant>
  </contrat>
  <contrat>
    <numeroseao>837990</numeroseao>
    <numero>8701-14-MA05</numero>
    <datefinale>2018-08-30</datefinale>
    <datepublicationfinale>2019-05-31</datepublicationfinale>
    <montantfinal>17325.000000</montantfinal>
    <nomcontractant>9231-9201 Québec inc. (Eximmo Montréal)</nomcontractant>
    <neqcontractant>1167073213</neqcontractant>
  </contrat>
  <contrat>
    <numeroseao>839433</numeroseao>
    <numero>5404-14-APC3/850427675</numero>
    <datefinale>2015-07-28</datefinale>
    <datepublicationfinale>2015-04-15</datepublicationfinale>
    <montantfinal>35970.240000</montantfinal>
    <nomcontractant>Deschenes et Fils Ltée</nomcontractant>
    <neqcontractant>1141748906</neqcontractant>
  </contrat>
  <contrat>
    <numeroseao>843352</numeroseao>
    <numero>6705-14-0221</numero>
    <datefinale>2017-02-20</datefinale>
    <datepublicationfinale>2016-12-09</datepublicationfinale>
    <montantfinal>1602704.480000</montantfinal>
    <nomcontractant>GESTION AJ(2003)INC</nomcontractant>
    <neqcontractant>1161485405</neqcontractant>
  </contrat>
  <contrat>
    <numeroseao>843812</numeroseao>
    <numero>6301-14-QA12</numero>
    <datefinale>2019-02-13</datefinale>
    <datepublicationfinale>2015-10-01</datepublicationfinale>
    <montantfinal>20482.690000</montantfinal>
    <nomcontractant>LVM, une division de Englobe Corp.</nomcontractant>
    <neqcontractant>1167280206</neqcontractant>
  </contrat>
  <contrat>
    <numeroseao>843886</numeroseao>
    <numero>4701-14-HZ03</numero>
    <datefinale>2019-01-17</datefinale>
    <datepublicationfinale>2015-04-14</datepublicationfinale>
    <montantfinal>27341.400000</montantfinal>
    <nomcontractant>WSP Canada inc.</nomcontractant>
    <neqcontractant>1148357057</neqcontractant>
  </contrat>
  <contrat>
    <numeroseao>843887</numeroseao>
    <numero>6301-14-HE09</numero>
    <datefinale>2018-11-21</datefinale>
    <datepublicationfinale>2018-05-02</datepublicationfinale>
    <montantfinal>155309.810000</montantfinal>
    <nomcontractant>BPR - Infrastructure inc.</nomcontractant>
    <neqcontractant>1161581104</neqcontractant>
  </contrat>
  <contrat>
    <numeroseao>857035</numeroseao>
    <numero>APP-14-005 (éq-12-41)</numero>
    <datefinale>2015-01-15</datefinale>
    <datepublicationfinale>2015-01-15</datepublicationfinale>
    <montantfinal>74695.810000</montantfinal>
    <nomcontractant>Les remorques Megcass Inc.</nomcontractant>
    <neqcontractant>1160292711</neqcontractant>
  </contrat>
  <contrat>
    <numeroseao>864404</numeroseao>
    <numero>APP-15-021 (2014-VL931)</numero>
    <datefinale>2016-09-22</datefinale>
    <datepublicationfinale>2016-02-18</datepublicationfinale>
    <montantfinal>66106.230000</montantfinal>
    <nomcontractant>Bricon Inc.</nomcontractant>
    <neqcontractant>1174048141</neqcontractant>
  </contrat>
  <contrat>
    <numeroseao>864424</numeroseao>
    <numero>APP-14-254 (EQ-13-21)</numero>
    <datefinale>2015-04-30</datefinale>
    <datepublicationfinale>2015-04-20</datepublicationfinale>
    <montantfinal>34445.360000</montantfinal>
    <nomcontractant>Location d'outils Simplex</nomcontractant>
    <neqcontractant>3362189410</neqcontractant>
  </contrat>
  <contrat>
    <numeroseao>865039</numeroseao>
    <numero>SG2014-033 P</numero>
    <datefinale>2017-04-09</datefinale>
    <datepublicationfinale>2018-07-17</datepublicationfinale>
    <montantfinal>1265835.390000</montantfinal>
    <nomcontractant>Quadrax et associés E.G.</nomcontractant>
    <neqcontractant>1165339939</neqcontractant>
  </contrat>
  <contrat>
    <numeroseao>869303</numeroseao>
    <numero>APP-15-035</numero>
    <datefinale>2016-07-06</datefinale>
    <datepublicationfinale>2016-02-18</datepublicationfinale>
    <montantfinal>118891.050000</montantfinal>
    <nomcontractant>Construction Jeanielle Inc.</nomcontractant>
    <neqcontractant>1141995655</neqcontractant>
  </contrat>
  <contrat>
    <numeroseao>874832</numeroseao>
    <numero>7103-15-1001</numero>
    <datefinale>2015-12-16</datefinale>
    <datepublicationfinale>2016-02-02</datepublicationfinale>
    <montantfinal>1476466.710000</montantfinal>
    <nomcontractant>Construction &amp; Pavage Portneuf</nomcontractant>
    <neqcontractant>1142323634</neqcontractant>
  </contrat>
  <contrat>
    <numeroseao>875283</numeroseao>
    <numero>6703-14-PB02</numero>
    <datefinale>2015-04-14</datefinale>
    <datepublicationfinale>2015-04-14</datepublicationfinale>
    <montantfinal>34977.000000</montantfinal>
    <nomcontractant>Jean Fournier inc.</nomcontractant>
    <neqcontractant>1142751800</neqcontractant>
  </contrat>
  <contrat>
    <numeroseao>876690</numeroseao>
    <numero>7103-15-PK01</numero>
    <datefinale>2018-09-21</datefinale>
    <datepublicationfinale>2018-01-30</datepublicationfinale>
    <montantfinal>536360.950000</montantfinal>
    <nomcontractant>Forages S.L. inc.</nomcontractant>
    <neqcontractant>1164963291</neqcontractant>
  </contrat>
  <contrat>
    <numeroseao>876710</numeroseao>
    <numero>5404-15-AP16</numero>
    <datefinale>2017-05-29</datefinale>
    <datepublicationfinale>2017-09-26</datepublicationfinale>
    <montantfinal>5654369.770000</montantfinal>
    <nomcontractant>UPONOR Infra Ltd</nomcontractant>
    <neqcontractant>1147329198</neqcontractant>
  </contrat>
  <contrat>
    <numeroseao>878931</numeroseao>
    <numero>6603-14-0917</numero>
    <datefinale>2016-02-24</datefinale>
    <datepublicationfinale>2016-04-20</datepublicationfinale>
    <montantfinal>1083638.000000</montantfinal>
    <nomcontractant>Construction B.M.L, Division de Sintra Inc.</nomcontractant>
    <neqcontractant>1145755295</neqcontractant>
  </contrat>
  <contrat>
    <numeroseao>879513</numeroseao>
    <numero>8901-14-0220</numero>
    <datefinale>2018-07-13</datefinale>
    <datepublicationfinale>2017-05-03</datepublicationfinale>
    <montantfinal>1458242.960000</montantfinal>
    <nomcontractant>9150-0124 Québec inc. (Groupe Diamantex)</nomcontractant>
    <neqcontractant>1162666482</neqcontractant>
  </contrat>
  <contrat>
    <numeroseao>880505</numeroseao>
    <numero>8801-13-0237</numero>
    <datefinale>2019-05-15</datefinale>
    <datepublicationfinale>2018-06-29</datepublicationfinale>
    <montantfinal>1610877.720000</montantfinal>
    <nomcontractant>Eurovia Québec Construction inc.</nomcontractant>
    <neqcontractant>1169491884</neqcontractant>
  </contrat>
  <contrat>
    <numeroseao>882862</numeroseao>
    <numero>9109-14-0901</numero>
    <datefinale>2017-08-30</datefinale>
    <datepublicationfinale>2016-12-09</datepublicationfinale>
    <montantfinal>3957641.090000</montantfinal>
    <nomcontractant>Lamothe Divison de Sintra</nomcontractant>
    <neqcontractant>1145755295</neqcontractant>
  </contrat>
  <contrat>
    <numeroseao>882889</numeroseao>
    <numero>9001-15-1015</numero>
    <datefinale>2015-12-16</datefinale>
    <datepublicationfinale>2016-02-02</datepublicationfinale>
    <montantfinal>648992.570000</montantfinal>
    <nomcontractant>Eurovia Québec Construction inc.</nomcontractant>
    <neqcontractant>1169491884</neqcontractant>
  </contrat>
  <contrat>
    <numeroseao>884208</numeroseao>
    <numero>8708-15-0102</numero>
    <datefinale>2019-02-04</datefinale>
    <datepublicationfinale>2016-04-20</datepublicationfinale>
    <montantfinal>94711.340000</montantfinal>
    <nomcontractant>Les Entreprises Steeve Couture Inc.</nomcontractant>
    <neqcontractant>1143536325</neqcontractant>
  </contrat>
  <contrat>
    <numeroseao>884722</numeroseao>
    <numero>6501-15-LC01</numero>
    <datefinale>2019-03-03</datefinale>
    <datepublicationfinale>2018-05-02</datepublicationfinale>
    <montantfinal>12801.340000</montantfinal>
    <nomcontractant>LVM, une division de Englobe Corp.</nomcontractant>
    <neqcontractant>1167280206</neqcontractant>
  </contrat>
  <contrat>
    <numeroseao>885021</numeroseao>
    <numero>SG2015-002 P</numero>
    <datefinale>2016-10-05</datefinale>
    <datepublicationfinale>2018-07-17</datepublicationfinale>
    <montantfinal>139347.940000</montantfinal>
    <nomcontractant>Omni Rail Inc.</nomcontractant>
    <neqcontractant>1161569729</neqcontractant>
  </contrat>
  <contrat>
    <numeroseao>885171</numeroseao>
    <numero>6808-15-1002</numero>
    <datefinale>2016-10-28</datefinale>
    <datepublicationfinale>2016-12-09</datepublicationfinale>
    <montantfinal>491374.570000</montantfinal>
    <nomcontractant>PAVEX LTÉE.</nomcontractant>
    <neqcontractant>1143508282</neqcontractant>
  </contrat>
  <contrat>
    <numeroseao>888433</numeroseao>
    <numero>6703-14-0911</numero>
    <datefinale>2019-01-22</datefinale>
    <datepublicationfinale>2017-11-24</datepublicationfinale>
    <montantfinal>1665182.330000</montantfinal>
    <nomcontractant>Jean Fournier Inc.</nomcontractant>
    <neqcontractant>1142751800</neqcontractant>
  </contrat>
  <contrat>
    <numeroseao>889364</numeroseao>
    <numero>7103-15-0903</numero>
    <datefinale>2018-09-17</datefinale>
    <datepublicationfinale>2016-02-02</datepublicationfinale>
    <montantfinal>404234.220000</montantfinal>
    <nomcontractant>Eurovia Québec Construction inc..</nomcontractant>
    <neqcontractant>1169491884</neqcontractant>
  </contrat>
  <contrat>
    <numeroseao>890518</numeroseao>
    <numero>6806-15-0302</numero>
    <datefinale>2016-03-03</datefinale>
    <datepublicationfinale>2016-06-01</datepublicationfinale>
    <montantfinal>47537.000000</montantfinal>
    <nomcontractant>Prowatt inc.</nomcontractant>
    <neqcontractant>1165963654</neqcontractant>
  </contrat>
  <contrat>
    <numeroseao>890521</numeroseao>
    <numero>8401-14-KZ19</numero>
    <datefinale>2019-04-17</datefinale>
    <datepublicationfinale>2019-01-29</datepublicationfinale>
    <montantfinal>16697.830000</montantfinal>
    <nomcontractant>Groupe Qualitas inc.</nomcontractant>
    <neqcontractant>1166291337</neqcontractant>
  </contrat>
  <contrat>
    <numeroseao>893274</numeroseao>
    <numero>6703-15-0901</numero>
    <datefinale>2018-09-18</datefinale>
    <datepublicationfinale>2016-07-21</datepublicationfinale>
    <montantfinal>2295506.730000</montantfinal>
    <nomcontractant>PAVEX LTÉE.</nomcontractant>
    <neqcontractant>1143508282</neqcontractant>
  </contrat>
  <contrat>
    <numeroseao>893796</numeroseao>
    <numero>5404-15-AP18 </numero>
    <datefinale>2016-04-15</datefinale>
    <datepublicationfinale>2016-04-20</datepublicationfinale>
    <montantfinal>349269.000000</montantfinal>
    <nomcontractant>Ver-Mac Inc.</nomcontractant>
    <neqcontractant>1143042290</neqcontractant>
  </contrat>
  <contrat>
    <numeroseao>902341</numeroseao>
    <numero>7103-15-HA02</numero>
    <datefinale>2018-10-23</datefinale>
    <datepublicationfinale>2016-04-20</datepublicationfinale>
    <montantfinal>43893.360000</montantfinal>
    <nomcontractant>Tetra Tech QI inc.</nomcontractant>
    <neqcontractant>1169411510</neqcontractant>
  </contrat>
  <contrat>
    <numeroseao>902485</numeroseao>
    <numero>8810-15-1007</numero>
    <datefinale>2019-01-17</datefinale>
    <datepublicationfinale>2016-04-20</datepublicationfinale>
    <montantfinal>282424.990000</montantfinal>
    <nomcontractant>Uniroc Construction inc</nomcontractant>
    <neqcontractant>1168784057</neqcontractant>
  </contrat>
  <contrat>
    <numeroseao>903892</numeroseao>
    <numero>9009-15-4544</numero>
    <datefinale>2018-06-26</datefinale>
    <datepublicationfinale>2019-05-24</datepublicationfinale>
    <montantfinal>506634.960000</montantfinal>
    <nomcontractant>J. Noël Francoeur Inc.</nomcontractant>
    <neqcontractant>1147227533</neqcontractant>
  </contrat>
  <contrat>
    <numeroseao>905288</numeroseao>
    <numero>SG2013-062-7 P</numero>
    <datefinale>2017-01-12</datefinale>
    <datepublicationfinale>2018-07-17</datepublicationfinale>
    <montantfinal>56380.830000</montantfinal>
    <nomcontractant>Enseigne Ste-Marie</nomcontractant>
    <neqcontractant>1142904649</neqcontractant>
  </contrat>
  <contrat>
    <numeroseao>907998</numeroseao>
    <numero>6501-15-0906</numero>
    <datefinale>2017-01-05</datefinale>
    <datepublicationfinale>2017-03-16</datepublicationfinale>
    <montantfinal>375060.460000</montantfinal>
    <nomcontractant>Les Entreprises L. Michaud et Fils (1982) Inc.</nomcontractant>
    <neqcontractant>1142342006</neqcontractant>
  </contrat>
  <contrat>
    <numeroseao>908493</numeroseao>
    <numero>7103-15-QA04</numero>
    <datefinale>2019-05-30</datefinale>
    <datepublicationfinale>2018-05-02</datepublicationfinale>
    <montantfinal>26350.720000</montantfinal>
    <nomcontractant>LVM, une division de Englobe Corp.</nomcontractant>
    <neqcontractant>1167280206</neqcontractant>
  </contrat>
  <contrat>
    <numeroseao>908743</numeroseao>
    <numero>8507-15-ST01</numero>
    <datefinale>2018-09-30</datefinale>
    <datepublicationfinale>2017-05-29</datepublicationfinale>
    <montantfinal>709972.940000</montantfinal>
    <nomcontractant>Teltech Télécommunication inc</nomcontractant>
    <neqcontractant>1140521684</neqcontractant>
  </contrat>
  <contrat>
    <numeroseao>911684</numeroseao>
    <numero>6806-15-3501</numero>
    <datefinale>2016-02-12</datefinale>
    <datepublicationfinale>2016-03-15</datepublicationfinale>
    <montantfinal>161739.640000</montantfinal>
    <nomcontractant>Barrette et Fils</nomcontractant>
    <neqcontractant>1160356904</neqcontractant>
  </contrat>
  <contrat>
    <numeroseao>913457</numeroseao>
    <numero>9001-15-0101</numero>
    <datefinale>2018-11-30</datefinale>
    <datepublicationfinale>2017-04-06</datepublicationfinale>
    <montantfinal>459789.660000</montantfinal>
    <nomcontractant>Les Entreprises Steeve Couture Inc.</nomcontractant>
    <neqcontractant>1143536325</neqcontractant>
  </contrat>
  <contrat>
    <numeroseao>913757</numeroseao>
    <numero>1301-15-MA01</numero>
    <datefinale>2018-11-16</datefinale>
    <datepublicationfinale>2018-06-29</datepublicationfinale>
    <montantfinal>317546.490000</montantfinal>
    <nomcontractant>Raymond Chabot Grant Thornton &amp; Cie</nomcontractant>
    <neqcontractant>3342037838</neqcontractant>
  </contrat>
  <contrat>
    <numeroseao>913763</numeroseao>
    <numero>6301-15-HE10</numero>
    <datefinale>2019-04-04</datefinale>
    <datepublicationfinale>2018-06-29</datepublicationfinale>
    <montantfinal>64213.450000</montantfinal>
    <nomcontractant>WSP Canada inc.</nomcontractant>
    <neqcontractant>1148357057</neqcontractant>
  </contrat>
  <contrat>
    <numeroseao>913814</numeroseao>
    <numero>7103-15-AI02</numero>
    <datefinale>2019-03-15</datefinale>
    <datepublicationfinale>2017-09-21</datepublicationfinale>
    <montantfinal>57845.280000</montantfinal>
    <nomcontractant>BPR - Infrastructure inc.</nomcontractant>
    <neqcontractant>1161581104</neqcontractant>
  </contrat>
  <contrat>
    <numeroseao>916046</numeroseao>
    <numero>6809-15-0106</numero>
    <datefinale>2018-09-20</datefinale>
    <datepublicationfinale>2017-01-19</datepublicationfinale>
    <montantfinal>1307287.830000</montantfinal>
    <nomcontractant>Construction rock dufour inc</nomcontractant>
    <neqcontractant>1143039288</neqcontractant>
  </contrat>
  <contrat>
    <numeroseao>917414</numeroseao>
    <numero>6806-15-3502</numero>
    <datefinale>2016-12-20</datefinale>
    <datepublicationfinale>2017-03-16</datepublicationfinale>
    <montantfinal>598274.490000</montantfinal>
    <nomcontractant>Turcotte (1989) Inc..</nomcontractant>
    <neqcontractant>1160209186</neqcontractant>
  </contrat>
  <contrat>
    <numeroseao>918416</numeroseao>
    <numero>SG2015-013</numero>
    <datefinale>2017-05-24</datefinale>
    <datepublicationfinale>2018-07-17</datepublicationfinale>
    <montantfinal>23533.070000</montantfinal>
    <nomcontractant>LAURIN &amp; LAURIN (1991) INC.</nomcontractant>
    <neqcontractant>1142298448</neqcontractant>
  </contrat>
  <contrat>
    <numeroseao>922511</numeroseao>
    <numero>6809-15-3502</numero>
    <datefinale>2016-02-12</datefinale>
    <datepublicationfinale>2016-03-15</datepublicationfinale>
    <montantfinal>74600.000000</montantfinal>
    <nomcontractant>Toitures Gilles Veilleux Ltée.</nomcontractant>
    <neqcontractant>1169107811</neqcontractant>
  </contrat>
  <contrat>
    <numeroseao>929702</numeroseao>
    <numero>SG2015-011</numero>
    <datefinale>2016-10-31</datefinale>
    <datepublicationfinale>2018-07-17</datepublicationfinale>
    <montantfinal>52517.160000</montantfinal>
    <nomcontractant>PAVAGE DION INC.</nomcontractant>
    <neqcontractant>1170326061</neqcontractant>
  </contrat>
  <contrat>
    <numeroseao>930393</numeroseao>
    <numero>SG2015-014 P</numero>
    <datefinale>2017-07-06</datefinale>
    <datepublicationfinale>2018-07-17</datepublicationfinale>
    <montantfinal>91788.970000</montantfinal>
    <nomcontractant>Enseigne Ste-Marie</nomcontractant>
    <neqcontractant>1142904649</neqcontractant>
  </contrat>
  <contrat>
    <numeroseao>935100</numeroseao>
    <numero>7103-15-FE07</numero>
    <datefinale>2018-11-22</datefinale>
    <datepublicationfinale>2018-01-30</datepublicationfinale>
    <montantfinal>107786.550000</montantfinal>
    <nomcontractant>Cima+ S.E.N.C.</nomcontractant>
    <neqcontractant>3340563140</neqcontractant>
  </contrat>
  <contrat>
    <numeroseao>935128</numeroseao>
    <numero>2015-207-00-01</numero>
    <datefinale>2019-03-03</datefinale>
    <datepublicationfinale>2019-04-05</datepublicationfinale>
    <montantfinal>199639.340000</montantfinal>
    <nomcontractant>Canada Bread Company, Limited</nomcontractant>
    <neqcontractant>1170310107</neqcontractant>
  </contrat>
  <contrat>
    <numeroseao>941977</numeroseao>
    <numero>6301-15-FE01</numero>
    <datefinale>2019-02-13</datefinale>
    <datepublicationfinale>2017-05-03</datepublicationfinale>
    <montantfinal>79481.770000</montantfinal>
    <nomcontractant>WSP Canada inc.</nomcontractant>
    <neqcontractant>1148357057</neqcontractant>
  </contrat>
  <contrat>
    <numeroseao>945144</numeroseao>
    <numero>7183-15-FA06</numero>
    <datefinale>2019-05-08</datefinale>
    <datepublicationfinale>2016-12-09</datepublicationfinale>
    <montantfinal>61733.350000</montantfinal>
    <nomcontractant>Consultants SM inc., Les</nomcontractant>
    <neqcontractant>1143019660</neqcontractant>
  </contrat>
  <contrat>
    <numeroseao>955816</numeroseao>
    <numero>5404-15-APF3</numero>
    <datefinale>2016-03-09</datefinale>
    <datepublicationfinale>2016-04-20</datepublicationfinale>
    <montantfinal>40600.000000</montantfinal>
    <nomcontractant>Barrière QMB Inc.</nomcontractant>
    <neqcontractant>1140284119</neqcontractant>
  </contrat>
  <contrat>
    <numeroseao>956180</numeroseao>
    <numero>6521-15-NB01</numero>
    <datefinale>2016-09-14</datefinale>
    <datepublicationfinale>2016-04-20</datepublicationfinale>
    <montantfinal>25532.840000</montantfinal>
    <nomcontractant>Heli-Inter inc.</nomcontractant>
    <neqcontractant>1147445044</neqcontractant>
  </contrat>
  <contrat>
    <numeroseao>956655</numeroseao>
    <numero>8507-16-PZ01</numero>
    <datefinale>2018-12-15</datefinale>
    <datepublicationfinale>2019-01-29</datepublicationfinale>
    <montantfinal>22340.010000</montantfinal>
    <nomcontractant>recyclage notre-dame inc</nomcontractant>
    <neqcontractant>1146231148</neqcontractant>
  </contrat>
  <contrat>
    <numeroseao>957947</numeroseao>
    <numero>6806-16-0001</numero>
    <datefinale>2016-09-13</datefinale>
    <datepublicationfinale>2016-10-19</datepublicationfinale>
    <montantfinal>193165.400000</montantfinal>
    <nomcontractant>Lignes Maska (9254-8783 Québec inc.)</nomcontractant>
    <neqcontractant>1167834648</neqcontractant>
  </contrat>
  <contrat>
    <numeroseao>968627</numeroseao>
    <numero>6603-16-0903</numero>
    <datefinale>2018-03-05</datefinale>
    <datepublicationfinale>2019-05-31</datepublicationfinale>
    <montantfinal>522141.740000</montantfinal>
    <nomcontractant>Transport beau rivage Inc</nomcontractant>
    <neqcontractant>1170761523</neqcontractant>
  </contrat>
  <contrat>
    <numeroseao>969007</numeroseao>
    <numero>2016-128</numero>
    <datefinale>2018-11-07</datefinale>
    <datepublicationfinale>2019-01-15</datepublicationfinale>
    <montantfinal>155216.250000</montantfinal>
    <nomcontractant>Constructions C.R. / 9042 5976 QUEBEC INC</nomcontractant>
    <neqcontractant>1146235313</neqcontractant>
  </contrat>
  <contrat>
    <numeroseao>970190</numeroseao>
    <numero>APP-16-091 (EQ-15-08)</numero>
    <datefinale>2017-01-18</datefinale>
    <datepublicationfinale>2017-01-20</datepublicationfinale>
    <montantfinal>717467.000000</montantfinal>
    <nomcontractant>Équipements JKL Inc.</nomcontractant>
    <neqcontractant>1165577132</neqcontractant>
  </contrat>
  <contrat>
    <numeroseao>971511</numeroseao>
    <numero>7007-15-0214</numero>
    <datefinale>2017-01-12</datefinale>
    <datepublicationfinale>2017-01-19</datepublicationfinale>
    <montantfinal>42019.430000</montantfinal>
    <nomcontractant>Maurecon inc.</nomcontractant>
    <neqcontractant>1143622794</neqcontractant>
  </contrat>
  <contrat>
    <numeroseao>973609</numeroseao>
    <numero>7103-10-FE15</numero>
    <datefinale>2019-06-11</datefinale>
    <datepublicationfinale>2016-04-20</datepublicationfinale>
    <montantfinal>72055.280000</montantfinal>
    <nomcontractant>BPR - Infrastructure inc.</nomcontractant>
    <neqcontractant>1161581104</neqcontractant>
  </contrat>
  <contrat>
    <numeroseao>976994</numeroseao>
    <numero>SG2016-010 P</numero>
    <datefinale>2017-10-05</datefinale>
    <datepublicationfinale>2018-07-17</datepublicationfinale>
    <montantfinal>352588.350000</montantfinal>
    <nomcontractant>Entreprises VG Inc.</nomcontractant>
    <neqcontractant>1145526910</neqcontractant>
  </contrat>
  <contrat>
    <numeroseao>978698</numeroseao>
    <numero>SG2016-001 P</numero>
    <datefinale>2017-10-27</datefinale>
    <datepublicationfinale>2018-07-17</datepublicationfinale>
    <montantfinal>413542.670000</montantfinal>
    <nomcontractant>Bernard Paysagiste Inc</nomcontractant>
    <neqcontractant>1143961887</neqcontractant>
  </contrat>
  <contrat>
    <numeroseao>978739</numeroseao>
    <numero>APP-16-118 (EQ-15-15)</numero>
    <datefinale>2017-11-15</datefinale>
    <datepublicationfinale>2017-11-16</datepublicationfinale>
    <montantfinal>182407.090000</montantfinal>
    <nomcontractant>VENTES FORD ELITE (1978) INC.</nomcontractant>
    <neqcontractant>1142931550</neqcontractant>
  </contrat>
  <contrat>
    <numeroseao>978890</numeroseao>
    <numero>SG2016-031 P</numero>
    <datefinale>2017-10-26</datefinale>
    <datepublicationfinale>2018-07-17</datepublicationfinale>
    <montantfinal>363561.060000</montantfinal>
    <nomcontractant>Lavallée &amp; Frères 1959 Ltée</nomcontractant>
    <neqcontractant>1145146164</neqcontractant>
  </contrat>
  <contrat>
    <numeroseao>982970</numeroseao>
    <numero>8401-16-0905</numero>
    <datefinale>2018-10-23</datefinale>
    <datepublicationfinale>2017-11-24</datepublicationfinale>
    <montantfinal>1498827.380000</montantfinal>
    <nomcontractant>Uniroc Construction inc</nomcontractant>
    <neqcontractant>1168784057</neqcontractant>
  </contrat>
  <contrat>
    <numeroseao>989541</numeroseao>
    <numero>SG2016-026 P</numero>
    <datefinale>2018-05-29</datefinale>
    <datepublicationfinale>2018-07-17</datepublicationfinale>
    <montantfinal>936203.000000</montantfinal>
    <nomcontractant>L.M.L. PAYSAGISTE ET FRÈRES INC. (revêtement synthétique)</nomcontractant>
    <neqcontractant>1144381515</neqcontractant>
  </contrat>
  <contrat>
    <numeroseao>990237</numeroseao>
    <numero>APP-16-166 (ÉQ-16-10)</numero>
    <datefinale>2017-06-30</datefinale>
    <datepublicationfinale>2017-07-04</datepublicationfinale>
    <montantfinal>631566.950000</montantfinal>
    <nomcontractant>Équipement Robert</nomcontractant>
    <neqcontractant>1166009671</neqcontractant>
  </contrat>
  <contrat>
    <numeroseao>990241</numeroseao>
    <numero>6705-16-0216</numero>
    <datefinale>2019-02-13</datefinale>
    <datepublicationfinale>2018-12-11</datepublicationfinale>
    <montantfinal>653599.970000</montantfinal>
    <nomcontractant>9183-1065 Qc. Inc./ Les Entreprises Roy, Duguay &amp; ASS</nomcontractant>
    <neqcontractant>1164474695</neqcontractant>
  </contrat>
  <contrat>
    <numeroseao>992014</numeroseao>
    <numero>7007-16-4525</numero>
    <datefinale>2017-09-29</datefinale>
    <datepublicationfinale>2018-05-02</datepublicationfinale>
    <montantfinal>454556.490000</montantfinal>
    <nomcontractant>Excavations Tourigny Inc.</nomcontractant>
    <neqcontractant>1147893409</neqcontractant>
  </contrat>
  <contrat>
    <numeroseao>992621</numeroseao>
    <numero>8801-16-0913</numero>
    <datefinale>2019-03-29</datefinale>
    <datepublicationfinale>2019-01-29</datepublicationfinale>
    <montantfinal>2344136.450000</montantfinal>
    <nomcontractant>9306-1380 Québec inc.</nomcontractant>
    <neqcontractant>1170196746</neqcontractant>
  </contrat>
  <contrat>
    <numeroseao>996682</numeroseao>
    <numero>7205-16-NB01</numero>
    <datefinale>2016-12-14</datefinale>
    <datepublicationfinale>2016-08-09</datepublicationfinale>
    <montantfinal>39202.740000</montantfinal>
    <nomcontractant>Max Aviation inc.</nomcontractant>
    <neqcontractant>1168712710</neqcontractant>
  </contrat>
  <contrat>
    <numeroseao>996726</numeroseao>
    <numero>APP-16-195 (ÉQ-16-26)</numero>
    <datefinale>2017-05-11</datefinale>
    <datepublicationfinale>2017-05-12</datepublicationfinale>
    <montantfinal>620533.000000</montantfinal>
    <nomcontractant>JACQUES OLIVIER FORD INC.</nomcontractant>
    <neqcontractant>1143058627</neqcontractant>
  </contrat>
  <contrat>
    <numeroseao>997600</numeroseao>
    <numero>9001-16-0914</numero>
    <datefinale>2018-10-18</datefinale>
    <datepublicationfinale>2018-01-30</datepublicationfinale>
    <montantfinal>2964694.170000</montantfinal>
    <nomcontractant>Eurovia Québec Construction inc. (Bromont)</nomcontractant>
    <neqcontractant>1169491884</neqcontractant>
  </contrat>
  <contrat>
    <numeroseao>1000583</numeroseao>
    <numero>6705-16-KA11</numero>
    <datefinale>2019-03-04</datefinale>
    <datepublicationfinale>2017-09-21</datepublicationfinale>
    <montantfinal>57131.050000</montantfinal>
    <nomcontractant>SNC-Lavalin GEM Québec inc.</nomcontractant>
    <neqcontractant>1166291337</neqcontractant>
  </contrat>
  <contrat>
    <numeroseao>1001644</numeroseao>
    <numero>SG2016-027 P</numero>
    <datefinale>2018-05-29</datefinale>
    <datepublicationfinale>2018-07-17</datepublicationfinale>
    <montantfinal>2505325.280000</montantfinal>
    <nomcontractant>Lanco Amenagement INC.</nomcontractant>
    <neqcontractant>1143790237</neqcontractant>
  </contrat>
  <contrat>
    <numeroseao>1003245</numeroseao>
    <numero>SG2016-011B</numero>
    <datefinale>2017-09-28</datefinale>
    <datepublicationfinale>2018-07-17</datepublicationfinale>
    <montantfinal>38900.050000</montantfinal>
    <nomcontractant>CONSTRUCTINS ANOR (1992) INC.</nomcontractant>
    <neqcontractant>1142123372</neqcontractant>
  </contrat>
  <contrat>
    <numeroseao>1004504</numeroseao>
    <numero>7183-16-HA02</numero>
    <datefinale>2018-12-11</datefinale>
    <datepublicationfinale>2017-04-06</datepublicationfinale>
    <montantfinal>160872.460000</montantfinal>
    <nomcontractant>Stantec Experts-Conseils ltée.</nomcontractant>
    <neqcontractant>1170241336</neqcontractant>
  </contrat>
  <contrat>
    <numeroseao>1006081</numeroseao>
    <numero>8701-16-0212</numero>
    <datefinale>2018-11-07</datefinale>
    <datepublicationfinale>2019-05-31</datepublicationfinale>
    <montantfinal>1504997.530000</montantfinal>
    <nomcontractant>Grandmont &amp; Fils Ltée.</nomcontractant>
    <neqcontractant>1142480053</neqcontractant>
  </contrat>
  <contrat>
    <numeroseao>1008432</numeroseao>
    <numero>8901-15-0222</numero>
    <datefinale>2018-12-04</datefinale>
    <datepublicationfinale>2018-06-29</datepublicationfinale>
    <montantfinal>320465.590000</montantfinal>
    <nomcontractant>Constructions Randard Inc.</nomcontractant>
    <neqcontractant>1142000042</neqcontractant>
  </contrat>
  <contrat>
    <numeroseao>1009299</numeroseao>
    <numero>6603-16-0249</numero>
    <datefinale>2018-12-06</datefinale>
    <datepublicationfinale>2017-09-26</datepublicationfinale>
    <montantfinal>249150.040000</montantfinal>
    <nomcontractant>Cité Construction TM inc.</nomcontractant>
    <neqcontractant>1161207114</neqcontractant>
  </contrat>
  <contrat>
    <numeroseao>1012779</numeroseao>
    <numero>8903-16-KB04</numero>
    <datefinale>2019-01-29</datefinale>
    <datepublicationfinale>2018-06-29</datepublicationfinale>
    <montantfinal>43223.440000</montantfinal>
    <nomcontractant>Services EXP inc., Les</nomcontractant>
    <neqcontractant>1167268128</neqcontractant>
  </contrat>
  <contrat>
    <numeroseao>1013195</numeroseao>
    <numero>3301-16-HE01</numero>
    <datefinale>2019-03-14</datefinale>
    <datepublicationfinale>2018-04-26</datepublicationfinale>
    <montantfinal>77231.160000</montantfinal>
    <nomcontractant>WSP Canada inc.</nomcontractant>
    <neqcontractant>1148357057</neqcontractant>
  </contrat>
  <contrat>
    <numeroseao>1020875</numeroseao>
    <numero>8701-16-0207</numero>
    <datefinale>2019-03-05</datefinale>
    <datepublicationfinale>2019-05-31</datepublicationfinale>
    <montantfinal>1451320.850000</montantfinal>
    <nomcontractant>Unigertec inc.</nomcontractant>
    <neqcontractant>1166651753</neqcontractant>
  </contrat>
  <contrat>
    <numeroseao>1023776</numeroseao>
    <numero>SG2016-041 P</numero>
    <datefinale>2018-05-30</datefinale>
    <datepublicationfinale>2018-07-17</datepublicationfinale>
    <montantfinal>59413.340000</montantfinal>
    <nomcontractant>ISI Construction Inc.</nomcontractant>
    <neqcontractant>1166800335</neqcontractant>
  </contrat>
  <contrat>
    <numeroseao>1025348</numeroseao>
    <numero>6806-16-0103</numero>
    <datefinale>2016-12-13</datefinale>
    <datepublicationfinale>2017-01-19</datepublicationfinale>
    <montantfinal>58582.690000</montantfinal>
    <nomcontractant>Clôtures Clermont inc.</nomcontractant>
    <neqcontractant>1142299578</neqcontractant>
  </contrat>
  <contrat>
    <numeroseao>1029703</numeroseao>
    <numero>9001-16-ST03</numero>
    <datefinale>2019-03-04</datefinale>
    <datepublicationfinale>2017-05-03</datepublicationfinale>
    <montantfinal>116839.100000</montantfinal>
    <nomcontractant>Location Jesna inc.</nomcontractant>
    <neqcontractant>1170964333</neqcontractant>
  </contrat>
  <contrat>
    <numeroseao>1032851</numeroseao>
    <numero>2017-4250-00-01</numero>
    <datefinale>2018-04-01</datefinale>
    <datepublicationfinale>2018-05-24</datepublicationfinale>
    <montantfinal>2773772.960000</montantfinal>
    <nomcontractant>Aliments H.A. Vaillancourt inc.</nomcontractant>
    <neqcontractant>1143908904</neqcontractant>
  </contrat>
  <contrat>
    <numeroseao>1032851</numeroseao>
    <numero>2017-4250-00-01</numero>
    <datefinale>2018-04-01</datefinale>
    <datepublicationfinale>2018-05-24</datepublicationfinale>
    <montantfinal>29894.330000</montantfinal>
    <nomcontractant>BOUCHERIE DES ERABLES</nomcontractant>
    <neqcontractant>1166811340</neqcontractant>
  </contrat>
  <contrat>
    <numeroseao>1032851</numeroseao>
    <numero>2017-4250-00-01</numero>
    <datefinale>2018-04-01</datefinale>
    <datepublicationfinale>2018-05-24</datepublicationfinale>
    <montantfinal>692260.790000</montantfinal>
    <nomcontractant>V. Lauzon Division Colabor</nomcontractant>
    <neqcontractant>1163575914</neqcontractant>
  </contrat>
  <contrat>
    <numeroseao>1033310</numeroseao>
    <numero>SG2016-038</numero>
    <datefinale>2018-05-04</datefinale>
    <datepublicationfinale>2018-07-17</datepublicationfinale>
    <montantfinal>34705.200000</montantfinal>
    <nomcontractant>ENSEIGNES BARBO INC. </nomcontractant>
    <neqcontractant>1165793226</neqcontractant>
  </contrat>
  <contrat>
    <numeroseao>1033750</numeroseao>
    <numero>6806-15-SB01</numero>
    <datefinale>2016-10-14</datefinale>
    <datepublicationfinale>2016-12-09</datepublicationfinale>
    <montantfinal>50099.480000</montantfinal>
    <nomcontractant>Déneigement N.D. (9282-2766 Québec inc.)</nomcontractant>
    <neqcontractant>1169149482</neqcontractant>
  </contrat>
  <contrat>
    <numeroseao>1041888</numeroseao>
    <numero>7103-16-0304</numero>
    <datefinale>2019-02-28</datefinale>
    <datepublicationfinale>2017-12-11</datepublicationfinale>
    <montantfinal>835336.110000</montantfinal>
    <nomcontractant>Aurel Harvey &amp; Fils inc..</nomcontractant>
    <neqcontractant>1144299279</neqcontractant>
  </contrat>
  <contrat>
    <numeroseao>1044124</numeroseao>
    <numero>6606-14-SB01</numero>
    <datefinale>2016-12-12</datefinale>
    <datepublicationfinale>2017-01-19</datepublicationfinale>
    <montantfinal>59480.280000</montantfinal>
    <nomcontractant>Fertibeauce inc.</nomcontractant>
    <neqcontractant>1142280917</neqcontractant>
  </contrat>
  <contrat>
    <numeroseao>1050873</numeroseao>
    <numero>6501-16-QA08</numero>
    <datefinale>2017-09-01</datefinale>
    <datepublicationfinale>2017-11-14</datepublicationfinale>
    <montantfinal>26668.000000</montantfinal>
    <nomcontractant>GHD Consultants Ltée</nomcontractant>
    <neqcontractant>1171077796</neqcontractant>
  </contrat>
  <contrat>
    <numeroseao>1050883</numeroseao>
    <numero>8903-16-FA05</numero>
    <datefinale>2018-03-06</datefinale>
    <datepublicationfinale>2018-06-29</datepublicationfinale>
    <montantfinal>88335.600000</montantfinal>
    <nomcontractant>Services EXP inc., Les</nomcontractant>
    <neqcontractant>1167268128</neqcontractant>
  </contrat>
  <contrat>
    <numeroseao>1051606</numeroseao>
    <numero>SG2017-005 P</numero>
    <datefinale>2018-06-15</datefinale>
    <datepublicationfinale>2018-07-17</datepublicationfinale>
    <montantfinal>83870.120000</montantfinal>
    <nomcontractant>Uniroc Construction inc</nomcontractant>
    <neqcontractant>1168784057</neqcontractant>
  </contrat>
  <contrat>
    <numeroseao>1059658</numeroseao>
    <numero>9001-17-1011</numero>
    <datefinale>2019-02-15</datefinale>
    <datepublicationfinale>2017-12-11</datepublicationfinale>
    <montantfinal>885099.870000</montantfinal>
    <nomcontractant>Sintra Inc. - région Estrie</nomcontractant>
    <neqcontractant>1145755295</neqcontractant>
  </contrat>
  <contrat>
    <numeroseao>1059732</numeroseao>
    <numero>7103-17-0913</numero>
    <datefinale>2018-11-29</datefinale>
    <datepublicationfinale>2018-06-29</datepublicationfinale>
    <montantfinal>942467.990000</montantfinal>
    <nomcontractant>Construction &amp; Pavage Portneuf inc.</nomcontractant>
    <neqcontractant>1142323634</neqcontractant>
  </contrat>
  <contrat>
    <numeroseao>1060070</numeroseao>
    <numero>2016-027-07RM</numero>
    <datefinale>2018-10-26</datefinale>
    <datepublicationfinale>2017-10-05</datepublicationfinale>
    <montantfinal>227165.480000</montantfinal>
    <nomcontractant>Généreux Construction Inc.</nomcontractant>
    <neqcontractant>1142608083</neqcontractant>
  </contrat>
  <contrat>
    <numeroseao>1060170</numeroseao>
    <numero>6603-15-0207</numero>
    <datefinale>2017-11-07</datefinale>
    <datepublicationfinale>2017-12-11</datepublicationfinale>
    <montantfinal>267667.590000</montantfinal>
    <nomcontractant>Construction Abénakis Inc.</nomcontractant>
    <neqcontractant>1164784424</neqcontractant>
  </contrat>
  <contrat>
    <numeroseao>1060510</numeroseao>
    <numero>6603-17-0201</numero>
    <datefinale>2019-01-18</datefinale>
    <datepublicationfinale>2018-01-30</datepublicationfinale>
    <montantfinal>515258.360000</montantfinal>
    <nomcontractant>Cité Construction TM inc.</nomcontractant>
    <neqcontractant>1161207114</neqcontractant>
  </contrat>
  <contrat>
    <numeroseao>1064292</numeroseao>
    <numero>9001-17-1008</numero>
    <datefinale>2018-11-16</datefinale>
    <datepublicationfinale>2017-12-11</datepublicationfinale>
    <montantfinal>662203.910000</montantfinal>
    <nomcontractant>Eurovia Québec Construction inc.</nomcontractant>
    <neqcontractant>1169491884</neqcontractant>
  </contrat>
  <contrat>
    <numeroseao>1066707</numeroseao>
    <numero>2018-0042</numero>
    <datefinale>2019-05-09</datefinale>
    <datepublicationfinale>2019-05-22</datepublicationfinale>
    <montantfinal>558807.000000</montantfinal>
    <nomcontractant>Covidien Canada ULC</nomcontractant>
    <neqcontractant>1167086280</neqcontractant>
  </contrat>
  <contrat>
    <numeroseao>1068706</numeroseao>
    <numero>6301-17-1013</numero>
    <datefinale>2018-12-11</datefinale>
    <datepublicationfinale>2018-01-30</datepublicationfinale>
    <montantfinal>567973.980000</montantfinal>
    <nomcontractant>Construction DJL inc.</nomcontractant>
    <neqcontractant>1147218763</neqcontractant>
  </contrat>
  <contrat>
    <numeroseao>1072467</numeroseao>
    <numero>8801-17-0902</numero>
    <datefinale>2018-12-07</datefinale>
    <datepublicationfinale>2017-11-14</datepublicationfinale>
    <montantfinal>1558664.150000</montantfinal>
    <nomcontractant>Pavages Multipro Inc.</nomcontractant>
    <neqcontractant>1170190491</neqcontractant>
  </contrat>
  <contrat>
    <numeroseao>1072898</numeroseao>
    <numero>7103-17-HA14</numero>
    <datefinale>2019-04-11</datefinale>
    <datepublicationfinale>2018-01-09</datepublicationfinale>
    <montantfinal>61025.760000</montantfinal>
    <nomcontractant>Beaudoin Hurens inc.</nomcontractant>
    <neqcontractant>1148115281</neqcontractant>
  </contrat>
  <contrat>
    <numeroseao>1073089</numeroseao>
    <numero>6803-17-0103</numero>
    <datefinale>2018-09-21</datefinale>
    <datepublicationfinale>2018-01-09</datepublicationfinale>
    <montantfinal>392114.560000</montantfinal>
    <nomcontractant>Location A.L.R. inc.</nomcontractant>
    <neqcontractant>1142448480</neqcontractant>
  </contrat>
  <contrat>
    <numeroseao>1079182</numeroseao>
    <numero>8801-16-0021</numero>
    <datefinale>2018-09-04</datefinale>
    <datepublicationfinale>2019-05-31</datepublicationfinale>
    <montantfinal>140616.010000</montantfinal>
    <nomcontractant>Charex inc.</nomcontractant>
    <neqcontractant>1167167742</neqcontractant>
  </contrat>
  <contrat>
    <numeroseao>1080326</numeroseao>
    <numero>176/2017</numero>
    <datefinale>2018-11-01</datefinale>
    <datepublicationfinale>2018-11-09</datepublicationfinale>
    <montantfinal>652697.000000</montantfinal>
    <nomcontractant>Gestion Dexsen</nomcontractant>
    <neqcontractant>1166479429</neqcontractant>
  </contrat>
  <contrat>
    <numeroseao>1087040</numeroseao>
    <numero>6501-17-LD01</numero>
    <datefinale>2018-10-30</datefinale>
    <datepublicationfinale>2019-05-24</datepublicationfinale>
    <montantfinal>147157.700000</montantfinal>
    <nomcontractant>Englobe Corp.</nomcontractant>
    <neqcontractant>1167280206</neqcontractant>
  </contrat>
  <contrat>
    <numeroseao>1087066</numeroseao>
    <numero>7183-17-HG02</numero>
    <datefinale>2018-12-06</datefinale>
    <datepublicationfinale>2018-06-29</datepublicationfinale>
    <montantfinal>45490.300000</montantfinal>
    <nomcontractant>Groupe Conseil CHG s.e.n.c.</nomcontractant>
    <neqcontractant>3371736177</neqcontractant>
  </contrat>
  <contrat>
    <numeroseao>1095599</numeroseao>
    <numero>6501-17-KA11</numero>
    <datefinale>2018-11-05</datefinale>
    <datepublicationfinale>2018-06-29</datepublicationfinale>
    <montantfinal>36395.670000</montantfinal>
    <nomcontractant>GHD Consultants Ltée</nomcontractant>
    <neqcontractant>1171077796</neqcontractant>
  </contrat>
  <contrat>
    <numeroseao>1100600</numeroseao>
    <numero>SG2017-019</numero>
    <datefinale>2018-10-19</datefinale>
    <datepublicationfinale>2017-12-07</datepublicationfinale>
    <montantfinal>78140.420000</montantfinal>
    <nomcontractant>Bernard Paysagiste Inc</nomcontractant>
    <neqcontractant>1143961887</neqcontractant>
  </contrat>
  <contrat>
    <numeroseao>1107438</numeroseao>
    <numero>7183-17-HE02</numero>
    <datefinale>2019-02-07</datefinale>
    <datepublicationfinale>2018-06-29</datepublicationfinale>
    <montantfinal>110170.710000</montantfinal>
    <nomcontractant>Services EXP inc., Les</nomcontractant>
    <neqcontractant>1167268128</neqcontractant>
  </contrat>
  <contrat>
    <numeroseao>1115724</numeroseao>
    <numero>6803-17-0007</numero>
    <datefinale>2018-09-05</datefinale>
    <datepublicationfinale>2019-05-31</datepublicationfinale>
    <montantfinal>71382.830000</montantfinal>
    <nomcontractant>Excavations G. Larouche inc., Les</nomcontractant>
    <neqcontractant>1143390095</neqcontractant>
  </contrat>
  <contrat>
    <numeroseao>1118566</numeroseao>
    <numero>8601-17-FG03</numero>
    <datefinale>2018-09-13</datefinale>
    <datepublicationfinale>2018-06-29</datepublicationfinale>
    <montantfinal>31104.630000</montantfinal>
    <nomcontractant>GHD Consultants Ltée</nomcontractant>
    <neqcontractant>1171077796</neqcontractant>
  </contrat>
  <contrat>
    <numeroseao>1119606</numeroseao>
    <numero>2017-355</numero>
    <datefinale>2018-01-25</datefinale>
    <datepublicationfinale>2018-07-20</datepublicationfinale>
    <montantfinal>37582.050000</montantfinal>
    <nomcontractant>Les Lignes du Fjord</nomcontractant>
    <neqcontractant />
  </contrat>
  <contrat>
    <numeroseao>1137224</numeroseao>
    <numero>2321-17</numero>
    <datefinale>2018-09-18</datefinale>
    <datepublicationfinale>2018-09-18</datepublicationfinale>
    <montantfinal>123126.150000</montantfinal>
    <nomcontractant>Couvertures Victo 2000 inc.</nomcontractant>
    <neqcontractant>1146056339</neqcontractant>
  </contrat>
  <contrat>
    <numeroseao>1137531</numeroseao>
    <numero>C-8463</numero>
    <datefinale>2019-05-12</datefinale>
    <datepublicationfinale>2018-10-18</datepublicationfinale>
    <montantfinal>297127.110000</montantfinal>
    <nomcontractant>BOLLORÉ Logistiques Canada Inc</nomcontractant>
    <neqcontractant>1143366749</neqcontractant>
  </contrat>
  <contrat>
    <numeroseao>1138333</numeroseao>
    <numero>44509573</numero>
    <datefinale>2018-10-09</datefinale>
    <datepublicationfinale>2019-04-16</datepublicationfinale>
    <montantfinal>36350.000000</montantfinal>
    <nomcontractant>CLEB Consultant</nomcontractant>
    <neqcontractant>1143292754</neqcontractant>
  </contrat>
  <contrat>
    <numeroseao>1140706</numeroseao>
    <numero>SRI-2017-706</numero>
    <datefinale>2019-03-31</datefinale>
    <datepublicationfinale>2019-05-24</datepublicationfinale>
    <montantfinal>42839.140000</montantfinal>
    <nomcontractant>IROSOFT INC.</nomcontractant>
    <neqcontractant>1144794949</neqcontractant>
  </contrat>
  <contrat>
    <numeroseao>1142151</numeroseao>
    <numero>2017-009-35RM (l740)</numero>
    <datefinale>2019-06-26</datefinale>
    <datepublicationfinale>2019-05-21</datepublicationfinale>
    <montantfinal>70740.400000</montantfinal>
    <nomcontractant>Gilles Malo Inc.</nomcontractant>
    <neqcontractant>1140910747</neqcontractant>
  </contrat>
  <contrat>
    <numeroseao>1152741</numeroseao>
    <numero>553050161</numero>
    <datefinale>2019-04-29</datefinale>
    <datepublicationfinale>2019-05-30</datepublicationfinale>
    <montantfinal>57142.280000</montantfinal>
    <nomcontractant>Catalogic Software</nomcontractant>
    <neqcontractant />
  </contrat>
  <contrat>
    <numeroseao>1158899</numeroseao>
    <numero>ACH1100-422</numero>
    <datefinale>2018-12-31</datefinale>
    <datepublicationfinale>2019-03-14</datepublicationfinale>
    <montantfinal>78495.740000</montantfinal>
    <nomcontractant>Neptune Security Services Inc</nomcontractant>
    <neqcontractant>1168627108</neqcontractant>
  </contrat>
  <contrat>
    <numeroseao>1159357</numeroseao>
    <numero>44510054</numero>
    <datefinale>2018-07-18</datefinale>
    <datepublicationfinale>2018-07-13</datepublicationfinale>
    <montantfinal>70402.050000</montantfinal>
    <nomcontractant>Édifice 200 Sainte-Foy inc.</nomcontractant>
    <neqcontractant>1171245849</neqcontractant>
  </contrat>
  <contrat>
    <numeroseao>1164197</numeroseao>
    <numero>P-1624</numero>
    <datefinale>2019-01-15</datefinale>
    <datepublicationfinale>2019-02-12</datepublicationfinale>
    <montantfinal>272294.370000</montantfinal>
    <nomcontractant>Construction Citadelle Inc</nomcontractant>
    <neqcontractant>1141875360</neqcontractant>
  </contrat>
  <contrat>
    <numeroseao>1174933</numeroseao>
    <numero>108EscaleAscenseur</numero>
    <datefinale>2019-03-29</datefinale>
    <datepublicationfinale>2019-03-29</datepublicationfinale>
    <montantfinal>38558.940000</montantfinal>
    <nomcontractant>Beaudry&amp;Palato inc.</nomcontractant>
    <neqcontractant>1149008394</neqcontractant>
  </contrat>
  <contrat>
    <numeroseao>1179858</numeroseao>
    <numero>2017-0616-33-02- Chaptec</numero>
    <datefinale>2019-01-31</datefinale>
    <datepublicationfinale>2019-05-31</datepublicationfinale>
    <montantfinal>44952.300000</montantfinal>
    <nomcontractant>Chaptec</nomcontractant>
    <neqcontractant>1145635620</neqcontractant>
  </contrat>
  <contrat>
    <numeroseao>1188740</numeroseao>
    <numero>S18-07-04-639</numero>
    <datefinale>2019-06-19</datefinale>
    <datepublicationfinale>2019-03-06</datepublicationfinale>
    <montantfinal>50210.960000</montantfinal>
    <nomcontractant>C.C.R. Mécanique inc.</nomcontractant>
    <neqcontractant>1162635289</neqcontractant>
  </contrat>
  <contrat>
    <numeroseao>1189959</numeroseao>
    <numero>86541</numero>
    <datefinale>2019-05-30</datefinale>
    <datepublicationfinale>2019-05-30</datepublicationfinale>
    <montantfinal>61492.500000</montantfinal>
    <nomcontractant>SBK TÉLÉCOM</nomcontractant>
    <neqcontractant>1162928627</neqcontractant>
  </contrat>
  <contrat>
    <numeroseao>1220047</numeroseao>
    <numero>CG18 0336</numero>
    <datefinale>2018-06-30</datefinale>
    <datepublicationfinale>2018-12-07</datepublicationfinale>
    <montantfinal>187000.000000</montantfinal>
    <nomcontractant>Moisson Montréal inc</nomcontractant>
    <neqcontractant>1142093427</neqcontractant>
  </contrat>
  <contrat>
    <numeroseao>1220053</numeroseao>
    <numero>CE18 1076</numero>
    <datefinale>2018-06-30</datefinale>
    <datepublicationfinale>2018-12-07</datepublicationfinale>
    <montantfinal>45194.000000</montantfinal>
    <nomcontractant>Comité Jeunesse de Notre-Dame-de-Grâce </nomcontractant>
    <neqcontractant>1145693223</neqcontractant>
  </contrat>
  <contrat>
    <numeroseao>1220061</numeroseao>
    <numero>CE18 1145 / 1 de 5</numero>
    <datefinale>2018-06-30</datefinale>
    <datepublicationfinale>2018-12-21</datepublicationfinale>
    <montantfinal>30000.000000</montantfinal>
    <nomcontractant>Centre des femmes de Montréal</nomcontractant>
    <neqcontractant>1143957596</neqcontractant>
  </contrat>
  <contrat>
    <numeroseao>1220063</numeroseao>
    <numero>CE18 1145 / 2 de 5</numero>
    <datefinale>2018-12-30</datefinale>
    <datepublicationfinale>2018-12-21</datepublicationfinale>
    <montantfinal>25000.000000</montantfinal>
    <nomcontractant>Association chrétienne des jeunes femmes de Montréal</nomcontractant>
    <neqcontractant>1144152510</neqcontractant>
  </contrat>
  <contrat>
    <numeroseao>1220067</numeroseao>
    <numero>CE18 1145 / 3 de 5</numero>
    <datefinale>2018-06-30</datefinale>
    <datepublicationfinale>2018-12-21</datepublicationfinale>
    <montantfinal>40000.000000</montantfinal>
    <nomcontractant>CARI St-Laurent</nomcontractant>
    <neqcontractant>1142027995</neqcontractant>
  </contrat>
  <contrat>
    <numeroseao>1220070</numeroseao>
    <numero>CE18 1145 / 4 de 5</numero>
    <datefinale>2018-06-30</datefinale>
    <datepublicationfinale>2018-12-21</datepublicationfinale>
    <montantfinal>42500.000000</montantfinal>
    <nomcontractant>Centre Communautaire des femmes Sud-Asiatique</nomcontractant>
    <neqcontractant>1145619830</neqcontractant>
  </contrat>
  <contrat>
    <numeroseao>1220076</numeroseao>
    <numero>  CE18 1145 / 5 de 5</numero>
    <datefinale>2018-06-30</datefinale>
    <datepublicationfinale>2018-12-21</datepublicationfinale>
    <montantfinal>38000.000000</montantfinal>
    <nomcontractant>Petites-Mains</nomcontractant>
    <neqcontractant>1173301756</neqcontractant>
  </contrat>
  <contrat>
    <numeroseao>1220083</numeroseao>
    <numero>CE18 1190  / 1 de 2</numero>
    <datefinale>2018-07-31</datefinale>
    <datepublicationfinale>2018-12-21</datepublicationfinale>
    <montantfinal>25000.000000</montantfinal>
    <nomcontractant>FADOQ – Région île de Montréal</nomcontractant>
    <neqcontractant>1142117077</neqcontractant>
  </contrat>
  <contrat>
    <numeroseao>1220093</numeroseao>
    <numero>CE18 1190 / 2 de 2</numero>
    <datefinale>2018-07-31</datefinale>
    <datepublicationfinale>2018-12-21</datepublicationfinale>
    <montantfinal>35000.000000</montantfinal>
    <nomcontractant>La Maisonnée</nomcontractant>
    <neqcontractant>1142550160</neqcontractant>
  </contrat>
  <contrat>
    <numeroseao>1220114</numeroseao>
    <numero>CE18 1885</numero>
    <datefinale>2018-12-31</datefinale>
    <datepublicationfinale>2018-12-21</datepublicationfinale>
    <montantfinal>25000.000000</montantfinal>
    <nomcontractant>Rue Action Prévention Jeunesse</nomcontractant>
    <neqcontractant>1160343985</neqcontractant>
  </contrat>
  <contrat>
    <numeroseao>1220122</numeroseao>
    <numero>CE18 1745</numero>
    <datefinale>2018-12-31</datefinale>
    <datepublicationfinale>2018-12-21</datepublicationfinale>
    <montantfinal>127500.000000</montantfinal>
    <nomcontractant>Réseau réussite Montréal</nomcontractant>
    <neqcontractant>1162053277</neqcontractant>
  </contrat>
  <contrat>
    <numeroseao>1254876</numeroseao>
    <numero>INV90594117</numero>
    <datefinale>2019-03-31</datefinale>
    <datepublicationfinale>2019-05-01</datepublicationfinale>
    <montantfinal>27501.900000</montantfinal>
    <nomcontractant>Ricoh Canada inc.</nomcontractant>
    <neqcontractant>1140323792</neqcontractant>
  </contrat>
</export>