<?xml version="1.0" encoding="utf-8"?>
<export xmlns:xsi="http://www.w3.org/2001/XMLSchema-instance" xmlns:xsd="http://www.w3.org/2001/XMLSchema" datedebut="2019-04-01" datefin="2019-04-30">
  <contrat>
    <numeroseao>637399</numeroseao>
    <numero>P1455-02-/235S</numero>
    <datefinale>2018-12-31</datefinale>
    <datepublicationfinale>2019-03-09</datepublicationfinale>
    <montantfinal>2528179.430000</montantfinal>
    <nomcontractant>Transport scolaire la Québécoise Inc</nomcontractant>
    <neqcontractant />
  </contrat>
  <contrat>
    <numeroseao>697373</numeroseao>
    <numero>25434600</numero>
    <datefinale>2019-03-31</datefinale>
    <datepublicationfinale>2016-06-07</datepublicationfinale>
    <montantfinal>1076947.740000</montantfinal>
    <nomcontractant>Regulvar Inc..</nomcontractant>
    <neqcontractant>1146502761</neqcontractant>
  </contrat>
  <contrat>
    <numeroseao>703284</numeroseao>
    <numero>24180200</numero>
    <datefinale>2019-02-11</datefinale>
    <datepublicationfinale>2017-04-19</datepublicationfinale>
    <montantfinal>5763701.990000</montantfinal>
    <nomcontractant>Maçonnerie Thibeault 2016</nomcontractant>
    <neqcontractant>1168766260</neqcontractant>
  </contrat>
  <contrat>
    <numeroseao>705468</numeroseao>
    <numero>24357100</numero>
    <datefinale>2018-12-31</datefinale>
    <datepublicationfinale>2019-02-07</datepublicationfinale>
    <montantfinal>148400.640000</montantfinal>
    <nomcontractant>Les Produits Énergétiques GAL inc.</nomcontractant>
    <neqcontractant>1146046280</neqcontractant>
  </contrat>
  <contrat>
    <numeroseao>753199</numeroseao>
    <numero>AO1314-013</numero>
    <datefinale>2018-06-28</datefinale>
    <datepublicationfinale>2018-11-09</datepublicationfinale>
    <montantfinal>1414257.720000</montantfinal>
    <nomcontractant>Groupe de sécurité Garda SENC</nomcontractant>
    <neqcontractant>3368599133</neqcontractant>
  </contrat>
  <contrat>
    <numeroseao>818737</numeroseao>
    <numero>EMS-121</numero>
    <datefinale>2017-09-01</datefinale>
    <datepublicationfinale>2017-08-18</datepublicationfinale>
    <montantfinal>43403.500000</montantfinal>
    <nomcontractant>Miele Ltd</nomcontractant>
    <neqcontractant>1143002146</neqcontractant>
  </contrat>
  <contrat>
    <numeroseao>859654</numeroseao>
    <numero>AP242</numero>
    <datefinale>2018-08-31</datefinale>
    <datepublicationfinale>2018-05-22</datepublicationfinale>
    <montantfinal>431866.790000</montantfinal>
    <nomcontractant>Fujitsu Canada (Réception des appels d'offres)</nomcontractant>
    <neqcontractant>1143039486</neqcontractant>
  </contrat>
  <contrat>
    <numeroseao>916456</numeroseao>
    <numero>29960400</numero>
    <datefinale>2018-11-30</datefinale>
    <datepublicationfinale>2019-03-07</datepublicationfinale>
    <montantfinal>118601.000000</montantfinal>
    <nomcontractant>Av-Tech INC..</nomcontractant>
    <neqcontractant>1174192535</neqcontractant>
  </contrat>
  <contrat>
    <numeroseao>921899</numeroseao>
    <numero>30122200</numero>
    <datefinale>2018-11-15</datefinale>
    <datepublicationfinale>2019-02-14</datepublicationfinale>
    <montantfinal>349633.000000</montantfinal>
    <nomcontractant>Av-Tech INC..</nomcontractant>
    <neqcontractant>1174192535</neqcontractant>
  </contrat>
  <contrat>
    <numeroseao>924017</numeroseao>
    <numero>P624-091 (CHUM-946)</numero>
    <datefinale>2018-12-10</datefinale>
    <datepublicationfinale>2018-12-10</datepublicationfinale>
    <montantfinal>50000.000000</montantfinal>
    <nomcontractant>Chronolog Corporation</nomcontractant>
    <neqcontractant />
  </contrat>
  <contrat>
    <numeroseao>929353</numeroseao>
    <numero>700 001 147</numero>
    <datefinale>2018-12-31</datefinale>
    <datepublicationfinale>2019-03-29</datepublicationfinale>
    <montantfinal>30655.340000</montantfinal>
    <nomcontractant>GardaWorld</nomcontractant>
    <neqcontractant>3361641544</neqcontractant>
  </contrat>
  <contrat>
    <numeroseao>932414</numeroseao>
    <numero>SO-15-4014</numero>
    <datefinale>2018-11-30</datefinale>
    <datepublicationfinale>2019-03-01</datepublicationfinale>
    <montantfinal>69741.000000</montantfinal>
    <nomcontractant>IRIS MERCIER, SERVICE DE CONSULTATION</nomcontractant>
    <neqcontractant>2264997380</neqcontractant>
  </contrat>
  <contrat>
    <numeroseao>940927</numeroseao>
    <numero>30240700</numero>
    <datefinale>2018-12-31</datefinale>
    <datepublicationfinale>2019-01-09</datepublicationfinale>
    <montantfinal>43676.390000</montantfinal>
    <nomcontractant>9169-5064 Québec inc. / Plomberie Cyr</nomcontractant>
    <neqcontractant>1163726491</neqcontractant>
  </contrat>
  <contrat>
    <numeroseao>1002536</numeroseao>
    <numero>AO 14026</numero>
    <datefinale>2018-10-25</datefinale>
    <datepublicationfinale>2017-10-30</datepublicationfinale>
    <montantfinal>453702.850000</montantfinal>
    <nomcontractant>Canadian Hydro Components Ltd.</nomcontractant>
    <neqcontractant />
  </contrat>
  <contrat>
    <numeroseao>1003556</numeroseao>
    <numero>P626-038C</numero>
    <datefinale>2019-01-22</datefinale>
    <datepublicationfinale>2019-01-22</datepublicationfinale>
    <montantfinal>40574.000000</montantfinal>
    <nomcontractant>Produits Sany, une division de Solutions Supérieures Ltée</nomcontractant>
    <neqcontractant>1166637166</neqcontractant>
  </contrat>
  <contrat>
    <numeroseao>1042536</numeroseao>
    <numero>2016-3018</numero>
    <datefinale>2017-09-12</datefinale>
    <datepublicationfinale>2017-09-12</datepublicationfinale>
    <montantfinal>1786643.750000</montantfinal>
    <nomcontractant>Philips Healthcare Canada</nomcontractant>
    <neqcontractant>1171607469</neqcontractant>
  </contrat>
  <contrat>
    <numeroseao>1076873</numeroseao>
    <numero>44507550</numero>
    <datefinale>2018-10-25</datefinale>
    <datepublicationfinale>2018-04-10</datepublicationfinale>
    <montantfinal>38195.950000</montantfinal>
    <nomcontractant>Guard-x inc</nomcontractant>
    <neqcontractant>1143398247</neqcontractant>
  </contrat>
  <contrat>
    <numeroseao>1106233</numeroseao>
    <numero>44508200</numero>
    <datefinale>2019-01-22</datefinale>
    <datepublicationfinale>2019-03-28</datepublicationfinale>
    <montantfinal>66280.000000</montantfinal>
    <nomcontractant>Ventilabec inc.</nomcontractant>
    <neqcontractant>1143233501</neqcontractant>
  </contrat>
  <contrat>
    <numeroseao>1108225</numeroseao>
    <numero>2017/006</numero>
    <datefinale>2019-02-28</datefinale>
    <datepublicationfinale>2019-02-28</datepublicationfinale>
    <montantfinal>153257.440000</montantfinal>
    <nomcontractant>Soudure JM Chantal</nomcontractant>
    <neqcontractant>1142803718</neqcontractant>
  </contrat>
  <contrat>
    <numeroseao>1121191</numeroseao>
    <numero>33371300</numero>
    <datefinale>2019-03-05</datefinale>
    <datepublicationfinale>2019-03-12</datepublicationfinale>
    <montantfinal>776419.990000</montantfinal>
    <nomcontractant>Therrien Entrepreneur Général</nomcontractant>
    <neqcontractant>1166269978</neqcontractant>
  </contrat>
  <contrat>
    <numeroseao>1143605</numeroseao>
    <numero>2018ACA186</numero>
    <datefinale>2018-12-28</datefinale>
    <datepublicationfinale>2018-12-28</datepublicationfinale>
    <montantfinal>64664.310000</montantfinal>
    <nomcontractant>G H Médical Inc</nomcontractant>
    <neqcontractant>1148219299</neqcontractant>
  </contrat>
  <contrat>
    <numeroseao>1150112</numeroseao>
    <numero>ING-020-2018-2811</numero>
    <datefinale>2018-10-31</datefinale>
    <datepublicationfinale>2019-03-29</datepublicationfinale>
    <montantfinal>326751.410000</montantfinal>
    <nomcontractant>Inter-Cité Construction Ltée</nomcontractant>
    <neqcontractant>1143991546</neqcontractant>
  </contrat>
  <contrat>
    <numeroseao>1151438</numeroseao>
    <numero>2018CCA220</numero>
    <datefinale>2018-12-04</datefinale>
    <datepublicationfinale>2018-12-04</datepublicationfinale>
    <montantfinal>137433.740000</montantfinal>
    <nomcontractant>Construction GALIPEAU Inc.</nomcontractant>
    <neqcontractant>1166065723</neqcontractant>
  </contrat>
  <contrat>
    <numeroseao>1184908</numeroseao>
    <numero>BON181900116</numero>
    <datefinale>2019-01-09</datefinale>
    <datepublicationfinale>2019-03-08</datepublicationfinale>
    <montantfinal>57821.000000</montantfinal>
    <nomcontractant>LAFLEUR ET FILS INC. PORTE DE GARAGE INDUSTRIELLES</nomcontractant>
    <neqcontractant>1142788893</neqcontractant>
  </contrat>
  <contrat>
    <numeroseao>1190621</numeroseao>
    <numero>33822800</numero>
    <datefinale>2018-08-24</datefinale>
    <datepublicationfinale>2018-10-03</datepublicationfinale>
    <montantfinal>26650.000000</montantfinal>
    <nomcontractant>Expertise laser 3D - iSCAN inc.</nomcontractant>
    <neqcontractant>1168127687</neqcontractant>
  </contrat>
  <contrat>
    <numeroseao>1199967</numeroseao>
    <numero>18-009</numero>
    <datefinale>2019-03-28</datefinale>
    <datepublicationfinale>2019-03-26</datepublicationfinale>
    <montantfinal>31764.500000</montantfinal>
    <nomcontractant>Omnitour</nomcontractant>
    <neqcontractant>1144734390</neqcontractant>
  </contrat>
  <contrat>
    <numeroseao>1207093</numeroseao>
    <numero>18-018</numero>
    <datefinale>2019-04-10</datefinale>
    <datepublicationfinale>2019-02-12</datepublicationfinale>
    <montantfinal>27147.560000</montantfinal>
    <nomcontractant>Voyages A+</nomcontractant>
    <neqcontractant>1163854780</neqcontractant>
  </contrat>
</export>