<?xml version="1.0" encoding="utf-8"?>
<export xmlns:xsi="http://www.w3.org/2001/XMLSchema-instance" xmlns:xsd="http://www.w3.org/2001/XMLSchema" datedebut="2019-07-01" datefin="2019-07-31">
  <contrat>
    <numeroseao>604146</numeroseao>
    <numero>2013-SPP-005</numero>
    <datefinale>2016-04-28</datefinale>
    <datepublicationfinale>2016-02-25</datepublicationfinale>
    <montantfinal>233098.460000</montantfinal>
    <nomcontractant>ACDF Architecture</nomcontractant>
    <neqcontractant />
  </contrat>
  <contrat>
    <numeroseao>655136</numeroseao>
    <numero>25329300</numero>
    <datefinale>2019-04-01</datefinale>
    <datepublicationfinale>2019-04-30</datepublicationfinale>
    <montantfinal>779853.180000</montantfinal>
    <nomcontractant>9256-3634 Québec Inc.</nomcontractant>
    <neqcontractant />
  </contrat>
  <contrat>
    <numeroseao>695325</numeroseao>
    <numero>6705-13-0213</numero>
    <datefinale>2016-11-24</datefinale>
    <datepublicationfinale>2017-01-19</datepublicationfinale>
    <montantfinal>3273349.560000</montantfinal>
    <nomcontractant>Les Excavations A. Savard  inc.</nomcontractant>
    <neqcontractant>1143068220</neqcontractant>
  </contrat>
  <contrat>
    <numeroseao>700876</numeroseao>
    <numero>25287700</numero>
    <datefinale>2018-10-16</datefinale>
    <datepublicationfinale>2019-01-15</datepublicationfinale>
    <montantfinal>1165429.250000</montantfinal>
    <nomcontractant>Gardium Sécurité</nomcontractant>
    <neqcontractant>1160955648</neqcontractant>
  </contrat>
  <contrat>
    <numeroseao>776948</numeroseao>
    <numero>VMP-14-013</numero>
    <datefinale>2019-07-03</datefinale>
    <datepublicationfinale>2016-09-26</datepublicationfinale>
    <montantfinal>34328.090000</montantfinal>
    <nomcontractant>Construction PDN</nomcontractant>
    <neqcontractant>1160684768</neqcontractant>
  </contrat>
  <contrat>
    <numeroseao>793786</numeroseao>
    <numero>7007-14-4526</numero>
    <datefinale>2017-01-23</datefinale>
    <datepublicationfinale>2017-03-16</datepublicationfinale>
    <montantfinal>1319850.720000</montantfinal>
    <nomcontractant>Excavation Anjou Inc.</nomcontractant>
    <neqcontractant>1142068031</neqcontractant>
  </contrat>
  <contrat>
    <numeroseao>794351</numeroseao>
    <numero>25512600</numero>
    <datefinale>2019-04-15</datefinale>
    <datepublicationfinale>2018-08-13</datepublicationfinale>
    <montantfinal>447714.230000</montantfinal>
    <nomcontractant>Dessau</nomcontractant>
    <neqcontractant>1142720136</neqcontractant>
  </contrat>
  <contrat>
    <numeroseao>835029</numeroseao>
    <numero>RPPV14-06033-OP</numero>
    <datefinale>2018-11-01</datefinale>
    <datepublicationfinale>2017-04-28</datepublicationfinale>
    <montantfinal>1792510.300000</montantfinal>
    <nomcontractant>Groupe TNT Inc.</nomcontractant>
    <neqcontractant>1160480704</neqcontractant>
  </contrat>
  <contrat>
    <numeroseao>878939</numeroseao>
    <numero>6407-15-PB01</numero>
    <datefinale>2018-07-19</datefinale>
    <datepublicationfinale>2016-05-12</datepublicationfinale>
    <montantfinal>24016.750000</montantfinal>
    <nomcontractant>9168 1643 QUÉBEC INC.</nomcontractant>
    <neqcontractant>1163654081</neqcontractant>
  </contrat>
  <contrat>
    <numeroseao>885210</numeroseao>
    <numero>25258400</numero>
    <datefinale>2019-04-15</datefinale>
    <datepublicationfinale>2019-04-16</datepublicationfinale>
    <montantfinal>1068812.190000</montantfinal>
    <nomcontractant>Couverture Montréal-Nord Ltée</nomcontractant>
    <neqcontractant>1168317445</neqcontractant>
  </contrat>
  <contrat>
    <numeroseao>935688</numeroseao>
    <numero>30203600</numero>
    <datefinale>2019-04-30</datefinale>
    <datepublicationfinale>2018-05-02</datepublicationfinale>
    <montantfinal>3901240.660000</montantfinal>
    <nomcontractant>Groupe Plombaction Inc.</nomcontractant>
    <neqcontractant>1143336031</neqcontractant>
  </contrat>
  <contrat>
    <numeroseao>939570</numeroseao>
    <numero>6603-15-0247</numero>
    <datefinale>2018-07-24</datefinale>
    <datepublicationfinale>2019-06-05</datepublicationfinale>
    <montantfinal>14469879.110000</montantfinal>
    <nomcontractant>Construction Injection EDM inc.</nomcontractant>
    <neqcontractant>1144167138</neqcontractant>
  </contrat>
  <contrat>
    <numeroseao>965136</numeroseao>
    <numero>251 72 500</numero>
    <datefinale>2019-04-24</datefinale>
    <datepublicationfinale>2019-04-29</datepublicationfinale>
    <montantfinal>6679144.010000</montantfinal>
    <nomcontractant>Ventilation Jean Roy 1999 Inc.</nomcontractant>
    <neqcontractant>1148376156</neqcontractant>
  </contrat>
  <contrat>
    <numeroseao>971180</numeroseao>
    <numero>30657900</numero>
    <datefinale>2019-04-30</datefinale>
    <datepublicationfinale>2019-06-04</datepublicationfinale>
    <montantfinal>103900.890000</montantfinal>
    <nomcontractant>UTC Incendie &amp; Sécurité Canada Inc.</nomcontractant>
    <neqcontractant>1166501933</neqcontractant>
  </contrat>
  <contrat>
    <numeroseao>974915</numeroseao>
    <numero>5404-16-AP32</numero>
    <datefinale>2016-11-17</datefinale>
    <datepublicationfinale>2017-01-19</datepublicationfinale>
    <montantfinal>408996.290000</montantfinal>
    <nomcontractant>Carrièreres Trois-Rivières inc</nomcontractant>
    <neqcontractant>1162946165</neqcontractant>
  </contrat>
  <contrat>
    <numeroseao>992085</numeroseao>
    <numero>31221200</numero>
    <datefinale>2019-06-11</datefinale>
    <datepublicationfinale>2019-06-19</datepublicationfinale>
    <montantfinal>115503.560000</montantfinal>
    <nomcontractant>Les Entretiens Paysagers Bernier</nomcontractant>
    <neqcontractant />
  </contrat>
  <contrat>
    <numeroseao>1006059</numeroseao>
    <numero>44505976</numero>
    <datefinale>2019-04-12</datefinale>
    <datepublicationfinale>2019-04-15</datepublicationfinale>
    <montantfinal>38536.310000</montantfinal>
    <nomcontractant>Les Services Technologiques A.C. inc.</nomcontractant>
    <neqcontractant>1149811482</neqcontractant>
  </contrat>
  <contrat>
    <numeroseao>1014641</numeroseao>
    <numero>6406-16-FE02</numero>
    <datefinale>2019-04-12</datefinale>
    <datepublicationfinale>2019-06-21</datepublicationfinale>
    <montantfinal>110518.140000</montantfinal>
    <nomcontractant>Services EXP inc., Les</nomcontractant>
    <neqcontractant>1167268128</neqcontractant>
  </contrat>
  <contrat>
    <numeroseao>1017768</numeroseao>
    <numero>31470900</numero>
    <datefinale>2019-06-06</datefinale>
    <datepublicationfinale>2019-06-19</datepublicationfinale>
    <montantfinal>25503.700000</montantfinal>
    <nomcontractant>102594 Canada Inc. (Excavation Michel)</nomcontractant>
    <neqcontractant>1145489762</neqcontractant>
  </contrat>
  <contrat>
    <numeroseao>1040836</numeroseao>
    <numero>44506594</numero>
    <datefinale>2019-03-19</datefinale>
    <datepublicationfinale>2019-04-04</datepublicationfinale>
    <montantfinal>548086.830000</montantfinal>
    <nomcontractant>SGC BPF</nomcontractant>
    <neqcontractant>1164726003</neqcontractant>
  </contrat>
  <contrat>
    <numeroseao>1056697</numeroseao>
    <numero>BC-73672-2NG(EMT)</numero>
    <datefinale>2017-07-02</datefinale>
    <datepublicationfinale>2017-07-04</datepublicationfinale>
    <montantfinal>101625.000000</montantfinal>
    <nomcontractant>Opto Electronic Components</nomcontractant>
    <neqcontractant>1163394464</neqcontractant>
  </contrat>
  <contrat>
    <numeroseao>1076364</numeroseao>
    <numero>2017-011-19RM</numero>
    <datefinale>2018-05-31</datefinale>
    <datepublicationfinale>2018-06-13</datepublicationfinale>
    <montantfinal>53779.970000</montantfinal>
    <nomcontractant>Gestion B G surintendant de chantier inc</nomcontractant>
    <neqcontractant>1171270342</neqcontractant>
  </contrat>
  <contrat>
    <numeroseao>1117361</numeroseao>
    <numero>2017-1233-L01S2</numero>
    <datefinale>2019-03-31</datefinale>
    <datepublicationfinale>2019-04-08</datepublicationfinale>
    <montantfinal>160786.000000</montantfinal>
    <nomcontractant>BUANDERIE ES PROFESSO</nomcontractant>
    <neqcontractant>1163385264</neqcontractant>
  </contrat>
  <contrat>
    <numeroseao>1119269</numeroseao>
    <numero>44508020</numero>
    <datefinale>2019-04-04</datefinale>
    <datepublicationfinale>2019-06-11</datepublicationfinale>
    <montantfinal>632516.210000</montantfinal>
    <nomcontractant>Construction R. Cloutier Inc..</nomcontractant>
    <neqcontractant>1141083171</neqcontractant>
  </contrat>
  <contrat>
    <numeroseao>1123010</numeroseao>
    <numero>1718003</numero>
    <datefinale>2019-01-10</datefinale>
    <datepublicationfinale>2019-04-04</datepublicationfinale>
    <montantfinal>444634.300000</montantfinal>
    <nomcontractant>Bernard Malo Inc.</nomcontractant>
    <neqcontractant>1143239102</neqcontractant>
  </contrat>
  <contrat>
    <numeroseao>1139235</numeroseao>
    <numero>2017-063-23RM</numero>
    <datefinale>2019-07-03</datefinale>
    <datepublicationfinale>2019-05-21</datepublicationfinale>
    <montantfinal>422512.390000</montantfinal>
    <nomcontractant>Bernard Malo Inc.</nomcontractant>
    <neqcontractant>1143239102</neqcontractant>
  </contrat>
  <contrat>
    <numeroseao>1156390</numeroseao>
    <numero>18978900</numero>
    <datefinale>2019-04-13</datefinale>
    <datepublicationfinale>2018-07-27</datepublicationfinale>
    <montantfinal>41722.950000</montantfinal>
    <nomcontractant>Technorm inc.</nomcontractant>
    <neqcontractant>1171560858</neqcontractant>
  </contrat>
  <contrat>
    <numeroseao>1196664</numeroseao>
    <numero>18VO65</numero>
    <datefinale>2019-04-30</datefinale>
    <datepublicationfinale>2019-05-31</datepublicationfinale>
    <montantfinal>158813.370000</montantfinal>
    <nomcontractant>Poste Camionnage en Vrac Région 06 Inc</nomcontractant>
    <neqcontractant>1142649921</neqcontractant>
  </contrat>
  <contrat>
    <numeroseao>1209052</numeroseao>
    <numero>VML-G-18-28</numero>
    <datefinale>2018-12-31</datefinale>
    <datepublicationfinale>2019-06-21</datepublicationfinale>
    <montantfinal>25084.100000</montantfinal>
    <nomcontractant>V.Meilleur et Frères inc.</nomcontractant>
    <neqcontractant>1142368167</neqcontractant>
  </contrat>
  <contrat>
    <numeroseao>1209052</numeroseao>
    <numero>VML-G-18-28</numero>
    <datefinale>2018-12-31</datefinale>
    <datepublicationfinale>2019-06-21</datepublicationfinale>
    <montantfinal>33099.830000</montantfinal>
    <nomcontractant>Carrière Falardeau inc. </nomcontractant>
    <neqcontractant>1171160642</neqcontractant>
  </contrat>
  <contrat>
    <numeroseao>1209443</numeroseao>
    <numero>44511218</numero>
    <datefinale>2019-05-31</datefinale>
    <datepublicationfinale>2018-12-14</datepublicationfinale>
    <montantfinal>104584.000000</montantfinal>
    <nomcontractant>Gides April Inc..</nomcontractant>
    <neqcontractant>1142497610</neqcontractant>
  </contrat>
  <contrat>
    <numeroseao>1214064</numeroseao>
    <numero>19390000</numero>
    <datefinale>2019-02-15</datefinale>
    <datepublicationfinale>2019-05-13</datepublicationfinale>
    <montantfinal>97309.150000</montantfinal>
    <nomcontractant>Gardium Sécurité inc.</nomcontractant>
    <neqcontractant>1160955564</neqcontractant>
  </contrat>
  <contrat>
    <numeroseao>1214522</numeroseao>
    <numero>34740700</numero>
    <datefinale>2019-06-15</datefinale>
    <datepublicationfinale>2019-06-03</datepublicationfinale>
    <montantfinal>35360.000000</montantfinal>
    <nomcontractant>Bouthillette Parizeau inc.</nomcontractant>
    <neqcontractant>1142591438</neqcontractant>
  </contrat>
  <contrat>
    <numeroseao>1218995</numeroseao>
    <numero>2018-004</numero>
    <datefinale>2019-05-29</datefinale>
    <datepublicationfinale>2019-06-19</datepublicationfinale>
    <montantfinal>48883.980000</montantfinal>
    <nomcontractant>Arthur Murphy Contracting Ltd</nomcontractant>
    <neqcontractant>1144065712</neqcontractant>
  </contrat>
  <contrat>
    <numeroseao>1219958</numeroseao>
    <numero>CLL-2234</numero>
    <datefinale>2019-06-27</datefinale>
    <datepublicationfinale>2019-06-06</datepublicationfinale>
    <montantfinal>134200.000000</montantfinal>
    <nomcontractant>Les Agences Aquavap</nomcontractant>
    <neqcontractant>1143845783</neqcontractant>
  </contrat>
  <contrat>
    <numeroseao>1230142</numeroseao>
    <numero>R 488-18-12-18</numero>
    <datefinale>2019-04-15</datefinale>
    <datepublicationfinale>2019-05-30</datepublicationfinale>
    <montantfinal>1434750.420000</montantfinal>
    <nomcontractant>TRANSPORTEURS EN VRAC DU GRAND SHAWINIGAN ET DES ENVIRONS (1982) INC.</nomcontractant>
    <neqcontractant>1148525067</neqcontractant>
  </contrat>
  <contrat>
    <numeroseao>1247066</numeroseao>
    <numero>35287900</numero>
    <datefinale>2019-04-25</datefinale>
    <datepublicationfinale>2019-04-11</datepublicationfinale>
    <montantfinal>35000.000000</montantfinal>
    <nomcontractant>Hall Hospitality Advisors incc.</nomcontractant>
    <neqcontractant />
  </contrat>
  <contrat>
    <numeroseao>1259227</numeroseao>
    <numero>GG201903-35</numero>
    <datefinale>2019-05-13</datefinale>
    <datepublicationfinale>2019-06-17</datepublicationfinale>
    <montantfinal>49366.240000</montantfinal>
    <nomcontractant>INFORMATIQUE PRO-CONTACT INC.</nomcontractant>
    <neqcontractant>1173638405</neqcontractant>
  </contrat>
</export>