<?xml version="1.0" encoding="utf-8"?>
<export xmlns:xsi="http://www.w3.org/2001/XMLSchema-instance" xmlns:xsd="http://www.w3.org/2001/XMLSchema" datedebut="2019-01-01" datefin="2019-01-31">
  <avis>
    <numeroseao>636508</numeroseao>
    <numero>8701-12-1102</numero>
    <depenses>
      <depense>
        <datedepense>2014-09-21</datedepense>
        <datepublicationdepense>2014-11-03</datepublicationdepense>
        <montantdepense>318777.480000</montantdepense>
        <description>Dommages ne pouvant être décelés qu'au moment des travaux</description>
        <nomcontractant>Construction Polaris Inc..</nomcontractant>
        <neqcontractant>1141845371</neqcontractant>
      </depense>
      <depense>
        <datedepense>2015-12-21</datedepense>
        <datepublicationdepense>2016-01-25</datepublicationdepense>
        <montantdepense>711036.560000</montantdepense>
        <description>Dommages ne pouvant être décelés qu'au moment des travaux</description>
        <nomcontractant>Construction Polaris Inc..</nomcontractant>
        <neqcontractant>1141845371</neqcontractant>
      </depense>
      <depense>
        <datedepense>2016-02-17</datedepense>
        <datepublicationdepense>2016-03-21</datepublicationdepense>
        <montantdepense>50561.670000</montantdepense>
        <description>Dépassement relié à des variations de quantité et/ou des modifications au contrat de construction ou de services de nature technique</description>
        <nomcontractant>Construction Polaris Inc..</nomcontractant>
        <neqcontractant>1141845371</neqcontractant>
      </depense>
      <depense>
        <datedepense>2016-11-22</datedepense>
        <datepublicationdepense>2017-01-13</datepublicationdepense>
        <montantdepense>58729.650000</montantdepense>
        <description>Poursuites judiciaires ou réclamations</description>
        <nomcontractant>Construction Polaris Inc..</nomcontractant>
        <neqcontractant>1141845371</neqcontractant>
      </depense>
    </depenses>
  </avis>
  <avis>
    <numeroseao>669318</numeroseao>
    <numero>6407-12-FA01</numero>
    <depenses>
      <depense>
        <datedepense>2016-06-23</datedepense>
        <datepublicationdepense>2016-10-05</datepublicationdepense>
        <montantdepense>17204.230000</montantdepense>
        <description>Dépassement relié à des modifications au contrat de services professionnels. </description>
        <nomcontractant>Pluritec ltée</nomcontractant>
        <neqcontractant />
      </depense>
    </depenses>
  </avis>
  <avis>
    <numeroseao>671375</numeroseao>
    <numero>9103-12-KZ06</numero>
    <depenses>
      <depense>
        <datedepense>2013-11-05</datedepense>
        <datepublicationdepense>2013-12-03</datepublicationdepense>
        <montantdepense>21826.060000</montantdepense>
        <description>Dépassement relié à des modifications au contrat</description>
        <nomcontractant>SNC-Lavalin GEM Québec inc.</nomcontractant>
        <neqcontractant>1166291337</neqcontractant>
      </depense>
    </depenses>
  </avis>
  <avis>
    <numeroseao>694129</numeroseao>
    <numero>2014-177-02-01</numero>
    <depenses>
      <depense>
        <datedepense>2018-08-31</datedepense>
        <datepublicationdepense>2019-01-09</datepublicationdepense>
        <montantdepense>45947.000000</montantdepense>
        <description>Contrat à commande.  Fluctuation du volume.</description>
        <nomcontractant>Produit Sanitaire Norfil</nomcontractant>
      </depense>
    </depenses>
  </avis>
  <avis>
    <numeroseao>694147</numeroseao>
    <numero>P621-025B (CHUM637)</numero>
    <depenses>
      <depense>
        <datedepense>2014-03-31</datedepense>
        <datepublicationdepense>2018-02-26</datepublicationdepense>
        <montantdepense>173695.000000</montantdepense>
        <description>Conversion de la suspension plafonnière du système d'angiographie cardiaque.</description>
        <nomcontractant>Philips Healthcare Canada</nomcontractant>
        <neqcontractant>1166356130</neqcontractant>
      </depense>
      <depense>
        <datedepense>2017-08-03</datedepense>
        <datepublicationdepense>2018-02-26</datepublicationdepense>
        <montantdepense>5500.000000</montantdepense>
        <description>Ajout de prolongation de la garantie incluant MSNC</description>
        <nomcontractant>Philips Healthcare Canada</nomcontractant>
        <neqcontractant>1166356130</neqcontractant>
      </depense>
    </depenses>
  </avis>
  <avis>
    <numeroseao>708051</numeroseao>
    <numero>8701-11-FE18</numero>
    <depenses>
      <depense>
        <datedepense>2016-08-30</datedepense>
        <datepublicationdepense>2016-11-03</datepublicationdepense>
        <montantdepense>16611.640000</montantdepense>
        <description>Dépassement relié à des modifications au contrat de services professionnels</description>
        <nomcontractant>CIMA +</nomcontractant>
        <neqcontractant />
      </depense>
    </depenses>
  </avis>
  <avis>
    <numeroseao>747065</numeroseao>
    <numero>25172600</numero>
    <depenses>
      <depense>
        <datedepense>2016-12-02</datedepense>
        <datepublicationdepense>2017-05-10</datepublicationdepense>
        <montantdepense>5015.250000</montantdepense>
        <description>Condition imprévisible de chantier</description>
        <nomcontractant>Siemens Canada ltée - Div. Technologies du Batiment Ltée</nomcontractant>
        <neqcontractant>1161355988</neqcontractant>
      </depense>
      <depense>
        <datedepense>2017-04-20</datedepense>
        <datepublicationdepense>2017-05-10</datepublicationdepense>
        <montantdepense>242294.120000</montantdepense>
        <description>Condition imprévisible de chantier - Changement de programme SQI</description>
        <nomcontractant>Siemens Canada ltée - Div. Technologies du Batiment Ltée</nomcontractant>
        <neqcontractant>1161355988</neqcontractant>
      </depense>
      <depense>
        <datedepense>2017-07-05</datedepense>
        <datepublicationdepense>2017-07-06</datepublicationdepense>
        <montantdepense>80433.250000</montantdepense>
        <description>Erreur et omission</description>
        <nomcontractant>Siemens Canada ltée - Div. Technologies du Batiment Ltée</nomcontractant>
        <neqcontractant>1161355988</neqcontractant>
      </depense>
      <depense>
        <datedepense>2017-07-11</datedepense>
        <datepublicationdepense>2017-07-26</datepublicationdepense>
        <montantdepense>3069.000000</montantdepense>
        <description>Erreur et omission</description>
        <nomcontractant>Siemens Canada ltée - Div. Technologies du Batiment Ltée</nomcontractant>
        <neqcontractant>1161355988</neqcontractant>
      </depense>
      <depense>
        <datedepense>2018-02-02</datedepense>
        <datepublicationdepense>2018-02-02</datepublicationdepense>
        <montantdepense>17938.300000</montantdepense>
        <description>Erreur et omission</description>
        <nomcontractant>Siemens Canada ltée - Div. Technologies du Batiment Ltée</nomcontractant>
        <neqcontractant>1161355988</neqcontractant>
      </depense>
      <depense>
        <datedepense>2018-03-12</datedepense>
        <datepublicationdepense>2018-04-18</datepublicationdepense>
        <montantdepense>32125.000000</montantdepense>
        <description>Condition imprévisible de chantier et erreur et omission</description>
        <nomcontractant>Siemens Canada ltée - Div. Technologies du Batiment Ltée</nomcontractant>
        <neqcontractant>1161355988</neqcontractant>
      </depense>
      <depense>
        <datedepense>2018-08-21</datedepense>
        <datepublicationdepense>2018-10-02</datepublicationdepense>
        <montantdepense>9398.000000</montantdepense>
        <description>Erreur ou omission</description>
        <nomcontractant>Siemens Canada ltée - Div. Technologies du Batiment Ltée</nomcontractant>
        <neqcontractant>1161355988</neqcontractant>
      </depense>
      <depense>
        <datedepense>2018-12-03</datedepense>
        <datepublicationdepense>2018-12-18</datepublicationdepense>
        <montantdepense>17132.000000</montantdepense>
        <description>Conditions imprévisibles de chantier</description>
        <nomcontractant>Siemens Canada ltée - Div. Technologies du Batiment Ltée</nomcontractant>
        <neqcontractant>1161355988</neqcontractant>
      </depense>
    </depenses>
  </avis>
  <avis>
    <numeroseao>753811</numeroseao>
    <numero>25093500</numero>
    <depenses>
      <depense>
        <datedepense>2017-01-11</datedepense>
        <datepublicationdepense>2017-01-12</datepublicationdepense>
        <montantdepense>3330.980000</montantdepense>
        <description>Condition imprévisible de chantier</description>
        <nomcontractant>SOCOMEC INDUSTRIEL INC.</nomcontractant>
        <neqcontractant />
      </depense>
      <depense>
        <datedepense>2017-07-19</datedepense>
        <datepublicationdepense>2017-07-26</datepublicationdepense>
        <montantdepense>123580.000000</montantdepense>
        <description>Condition imprévisible de chantier et Erreur et Omission</description>
        <nomcontractant>SOCOMEC INDUSTRIEL INC.</nomcontractant>
        <neqcontractant />
      </depense>
      <depense>
        <datedepense>2018-03-09</datedepense>
        <datepublicationdepense>2018-04-18</datepublicationdepense>
        <montantdepense>173186.290000</montantdepense>
        <description>Condition imprévisible de chantier et erreur et omission</description>
        <nomcontractant>SOCOMEC INDUSTRIEL INC.</nomcontractant>
        <neqcontractant />
      </depense>
    </depenses>
  </avis>
  <avis>
    <numeroseao>758574</numeroseao>
    <numero>7103-13-FI05</numero>
    <depenses>
      <depense>
        <datedepense>2016-09-14</datedepense>
        <datepublicationdepense>2016-11-03</datepublicationdepense>
        <montantdepense>43688.720000</montantdepense>
        <description>Dépassement relié à des modifications au contrat de services professionnels.</description>
        <nomcontractant>Cima+ S.E.N.C.</nomcontractant>
        <neqcontractant />
      </depense>
    </depenses>
  </avis>
  <avis>
    <numeroseao>763562</numeroseao>
    <numero>P00899 (374500)</numero>
    <depenses>
      <depense>
        <datedepense>2017-05-31</datedepense>
        <datepublicationdepense>2017-07-11</datepublicationdepense>
        <montantdepense>5549106.820000</montantdepense>
        <description>Conditions imprévisibles de chantier</description>
        <nomcontractant>Pomerleau Inc.</nomcontractant>
        <neqcontractant>1142005934</neqcontractant>
      </depense>
      <depense>
        <datedepense>2017-06-30</datedepense>
        <datepublicationdepense>2017-10-24</datepublicationdepense>
        <montantdepense>85879.600000</montantdepense>
        <description>Conditions de chantier</description>
        <nomcontractant>Pomerleau Inc.</nomcontractant>
        <neqcontractant>1142005934</neqcontractant>
      </depense>
      <depense>
        <datedepense>2017-06-30</datedepense>
        <datepublicationdepense>2017-10-24</datepublicationdepense>
        <montantdepense>164565.110000</montantdepense>
        <description>Conditions de chantier</description>
        <nomcontractant>Pomerleau Inc.</nomcontractant>
        <neqcontractant>1142005934</neqcontractant>
      </depense>
      <depense>
        <datedepense>2017-08-31</datedepense>
        <datepublicationdepense>2017-10-24</datepublicationdepense>
        <montantdepense>160518.850000</montantdepense>
        <description>Conditions de chantier</description>
        <nomcontractant>Pomerleau Inc.</nomcontractant>
        <neqcontractant>1142005934</neqcontractant>
      </depense>
      <depense>
        <datedepense>2017-09-30</datedepense>
        <datepublicationdepense>2017-10-24</datepublicationdepense>
        <montantdepense>95562.560000</montantdepense>
        <description>Conditions de chantier</description>
        <nomcontractant>Pomerleau Inc.</nomcontractant>
        <neqcontractant>1142005934</neqcontractant>
      </depense>
      <depense>
        <datedepense>2017-10-31</datedepense>
        <datepublicationdepense>2017-11-15</datepublicationdepense>
        <montantdepense>2042153.250000</montantdepense>
        <description>Conditions imprévisibles de chantier</description>
        <nomcontractant>Pomerleau Inc.</nomcontractant>
        <neqcontractant>1142005934</neqcontractant>
      </depense>
      <depense>
        <datedepense>2017-12-01</datedepense>
        <datepublicationdepense>2017-12-01</datepublicationdepense>
        <montantdepense>301102.310000</montantdepense>
        <description>Conditions imprévisibles de chantier</description>
        <nomcontractant>Pomerleau Inc.</nomcontractant>
        <neqcontractant>1142005934</neqcontractant>
      </depense>
      <depense>
        <datedepense>2017-12-31</datedepense>
        <datepublicationdepense>2018-01-26</datepublicationdepense>
        <montantdepense>606922.730000</montantdepense>
        <description>Conditions imprévisibles de chantier</description>
        <nomcontractant>Pomerleau Inc.</nomcontractant>
        <neqcontractant>1142005934</neqcontractant>
      </depense>
      <depense>
        <datedepense>2018-03-20</datedepense>
        <datepublicationdepense>2018-03-20</datepublicationdepense>
        <montantdepense>681949.730000</montantdepense>
        <description>Conditions imprévisibles de chantier</description>
        <nomcontractant>Pomerleau Inc.</nomcontractant>
        <neqcontractant>1142005934</neqcontractant>
      </depense>
      <depense>
        <datedepense>2018-03-31</datedepense>
        <datepublicationdepense>2018-04-26</datepublicationdepense>
        <montantdepense>28636.490000</montantdepense>
        <description>Conditions imprévisibles de chantier</description>
        <nomcontractant>Pomerleau Inc.</nomcontractant>
        <neqcontractant>1142005934</neqcontractant>
      </depense>
      <depense>
        <datedepense>2018-06-30</datedepense>
        <datepublicationdepense>2018-07-25</datepublicationdepense>
        <montantdepense>1996759.420000</montantdepense>
        <description>Conditions imprévisibles de chantier</description>
        <nomcontractant>Pomerleau Inc.</nomcontractant>
        <neqcontractant>1142005934</neqcontractant>
      </depense>
      <depense>
        <datedepense>2018-09-18</datedepense>
        <datepublicationdepense>2018-09-18</datepublicationdepense>
        <montantdepense>641723.410000</montantdepense>
        <description>Conditions imprévisibles de chantier</description>
        <nomcontractant>Pomerleau Inc.</nomcontractant>
        <neqcontractant>1142005934</neqcontractant>
      </depense>
      <depense>
        <datedepense>2018-11-30</datedepense>
        <datepublicationdepense>2018-12-05</datepublicationdepense>
        <montantdepense>213969.850000</montantdepense>
        <description>Conditions imprévisibles de chantier</description>
        <nomcontractant>Pomerleau Inc.</nomcontractant>
        <neqcontractant>1142005934</neqcontractant>
      </depense>
      <depense>
        <datedepense>2018-12-31</datedepense>
        <datepublicationdepense>2019-01-09</datepublicationdepense>
        <montantdepense>47362.860000</montantdepense>
        <description>Conditions imprévisibles de chantier</description>
        <nomcontractant>Pomerleau Inc.</nomcontractant>
        <neqcontractant>1142005934</neqcontractant>
      </depense>
    </depenses>
  </avis>
  <avis>
    <numeroseao>905873</numeroseao>
    <numero>6510-15-NL01</numero>
    <depenses>
      <depense>
        <datedepense>2018-02-22</datedepense>
        <datepublicationdepense>2018-04-26</datepublicationdepense>
        <montantdepense>71855.330000</montantdepense>
        <description>Dépassement relié à des variations de quantité et/ou des modifications au contrat de construction ou de services de nature technique</description>
        <nomcontractant>164019 Canada inc. - Déneigement N.C.</nomcontractant>
        <neqcontractant>1144214187</neqcontractant>
      </depense>
    </depenses>
  </avis>
  <avis>
    <numeroseao>911248</numeroseao>
    <numero>2015/16-067</numero>
    <depenses>
      <depense>
        <datedepense>2016-12-20</datedepense>
        <datepublicationdepense>2017-04-10</datepublicationdepense>
        <montantdepense>423623.830000</montantdepense>
        <description>Le 1er 10% a totalisé des dépenses de 423 623,83$ où des avenants de modification de 1 à 72 ont été émis excluant l'AM #63 pour divers ajouts ou retraits de travaux en cour de réalisation de la construction.  L'avenant # 73 a fait monté la dépense à plus de 10 % soit 10,68%</description>
        <nomcontractant>CANDEV CONSTRUCTION INC.</nomcontractant>
        <neqcontractant>1144754414</neqcontractant>
      </depense>
      <depense>
        <datedepense>2016-12-20</datedepense>
        <datepublicationdepense>2017-04-10</datepublicationdepense>
        <montantdepense>38581.370000</montantdepense>
        <description>AM #73 DM-E-6 Modification alimentation chauffage périmétrique DM-E-10 : Ajout prises data IP et relais : DM-E-11: Modification circuits alimentation chauffage 3e étage :DM-E-20 : Locaux 318 et 322 enlever et réinstaller conduit ventilation pr réaliser travaux coupe-feu -raccordement boite mélange</description>
        <nomcontractant>CANDEV CONSTRUCTION INC.</nomcontractant>
        <neqcontractant>1144754414</neqcontractant>
      </depense>
      <depense>
        <datedepense>2017-02-13</datedepense>
        <datepublicationdepense>2017-04-10</datepublicationdepense>
        <montantdepense>24900.200000</montantdepense>
        <description>AM #74 DM-M-18 : Modification mécanique pour sécheuse et autre DM-E-5: Modification électrique locaux 110 et 120B DM-E-13R3: Modification alimentation boîte VAV  </description>
        <nomcontractant>CANDEV CONSTRUCTION INC.</nomcontractant>
        <neqcontractant>1144754414</neqcontractant>
      </depense>
      <depense>
        <datedepense>2016-11-09</datedepense>
        <datepublicationdepense>2017-04-10</datepublicationdepense>
        <montantdepense>15122.240000</montantdepense>
        <description>AM #63 :DM-A-35R1 : Enlèvement de moisissure : Temps matériel DM-A-19R2 et coût pour les travaux en extra des 2 zones de la DM-A-10R3</description>
        <nomcontractant>CANDEV CONSTRUCTION INC.</nomcontractant>
        <neqcontractant>1144754414</neqcontractant>
      </depense>
      <depense>
        <datedepense>2017-01-26</datedepense>
        <datepublicationdepense>2017-04-10</datepublicationdepense>
        <montantdepense>39839.160000</montantdepense>
        <description>AM #76 : DM-C-2: Modification armature de l'escalier : DM-C-3R-1 : Installation poteaux clôture terrain basket :DM-S-10 : Fosse de captation : DM-S-16 : Préparation des surfaces de béton requise pour le rehaussement des pilastres </description>
        <nomcontractant>CANDEV CONSTRUCTION INC.</nomcontractant>
        <neqcontractant>1144754414</neqcontractant>
      </depense>
      <depense>
        <datedepense>2017-02-17</datedepense>
        <datepublicationdepense>2017-04-11</datepublicationdepense>
        <montantdepense>3582.940000</montantdepense>
        <description>AM #77: DM-A-25R1: Soufflage cloison sur axe 3 entre E et F au RDC, N2 et N3 :DM-A-54 : Peinture partie haute des cloisons du local 221-2 :DM-1-55 : Perfore portes 126 et 129 insérer grilles  ventilation :DM-A-57 Frais déplacement lignage sol classe 120-A:DM-A-58 Rallonges retenues portes magnétique</description>
        <nomcontractant>CANDEV CONSTRUCTION INC.</nomcontractant>
        <neqcontractant>1144754414</neqcontractant>
      </depense>
      <depense>
        <datedepense>2017-02-15</datedepense>
        <datepublicationdepense>2017-04-11</datepublicationdepense>
        <montantdepense>4348.740000</montantdepense>
        <description>AM #78 DM-E-17 :Modification alimentation chauffe-eau local 135 :DM-E-12 :Alimentation pompe puisard :DM-M-22 : Fournir/ installer 5 grilles ventilation dans portes:DM-C-1 : Modif. trottoir entrée princ.et ajout trottoir 2 portes:DM-C-4 :Retrait travaux civil :crédit gazon en plaque/lignage chaussée</description>
        <nomcontractant>CANDEV CONSTRUCTION INC.</nomcontractant>
        <neqcontractant>1144754414</neqcontractant>
      </depense>
      <depense>
        <datedepense>2017-03-30</datedepense>
        <datepublicationdepense>2017-05-15</datepublicationdepense>
        <montantdepense>2299.240000</montantdepense>
        <description>AM-79 Ajout d'un extincteur conformité lieux et livraison pour la conformité -Annuler branchement d'humidificateur existant-Enlèvement/pose d'allège dû moisissures -Finition cadre porte garage</description>
        <nomcontractant>CANDEV CONSTRUCTION INC.</nomcontractant>
        <neqcontractant>1144754414</neqcontractant>
      </depense>
      <depense>
        <datedepense>2017-04-05</datedepense>
        <datepublicationdepense>2017-05-15</datepublicationdepense>
        <montantdepense>22.500000</montantdepense>
        <description>AM-80 DM-A-40 =non utilisation de l'allocation (1640,78) crédit - DM-E-18 = omission les horloges doubes nécessitaient 2 câbles plutôt qu'un seul pour les alimenter 1663,28$ (Ajout) = 22,50$</description>
        <nomcontractant>CANDEV CONSTRUCTION INC.</nomcontractant>
        <neqcontractant>1144754414</neqcontractant>
      </depense>
      <depense>
        <datedepense>2017-05-25</datedepense>
        <datepublicationdepense>2017-08-31</datepublicationdepense>
        <montantdepense>1826.900000</montantdepense>
        <description>AM-82 Remplacer fibre dans le béton sur pontage métallique (2e et 3e) par un treillis métallique plus gros 4x4x4/4</description>
        <nomcontractant>CANDEV CONSTRUCTION INC.</nomcontractant>
        <neqcontractant>1144754414</neqcontractant>
      </depense>
      <depense>
        <datedepense>2017-12-22</datedepense>
        <datepublicationdepense>2018-03-20</datepublicationdepense>
        <montantdepense>199.090000</montantdepense>
        <description>AM#81 DM-S-17 (Candec 192) - Réparation des trous dans le mur de fondation existant dans le puis d'ascenseur</description>
        <nomcontractant>CANDEV CONSTRUCTION INC.</nomcontractant>
        <neqcontractant>1144754414</neqcontractant>
      </depense>
      <depense>
        <datedepense>2018-01-09</datedepense>
        <datepublicationdepense>2018-03-20</datepublicationdepense>
        <montantdepense>3550.000000</montantdepense>
        <description> AM#83 (R2) DM-A-(Candev 179)Ajustement 02/A-404 (entrée des étudiants) suite à  DM-C-2 550$ - DM-A-61(Candev  Rehausser portes grillag 212) ées escaliers 1-2 pour être égal avec 1ère marche de la volée d'escalier du 3e étage</description>
        <nomcontractant>CANDEV CONSTRUCTION INC.</nomcontractant>
        <neqcontractant>1144754414</neqcontractant>
      </depense>
      <depense>
        <datedepense>2018-01-29</datedepense>
        <datepublicationdepense>2018-03-27</datepublicationdepense>
        <montantdepense>9383.300000</montantdepense>
        <description>AM#84 DM-A-62 : C148 frais chauffage temporaire -DMA-63 C206 Travaux soir au lieu jour balancement ventilation - DM-E-19 Crédit 10 klaxons suppl. au devis mais pas fournis - DM-A-64 C217 Divers travaux suppl à la demande CSDL </description>
        <nomcontractant>CANDEV CONSTRUCTION INC.</nomcontractant>
        <neqcontractant>1144754414</neqcontractant>
      </depense>
      <depense>
        <datedepense>2018-11-29</datedepense>
        <datepublicationdepense>2018-12-17</datepublicationdepense>
        <montantdepense>0.000000</montantdepense>
        <description>AM#85 0$ (1335,78$) + 1335,78$ en date du 13 juin 2018 AM#86 crédit (65 818,58$) suite à une entente de règlement (litige) </description>
        <nomcontractant>CANDEV CONSTRUCTION INC.</nomcontractant>
        <neqcontractant>1144754414</neqcontractant>
      </depense>
    </depenses>
  </avis>
  <avis>
    <numeroseao>913510</numeroseao>
    <numero>6508-15-NL01</numero>
    <depenses />
  </avis>
  <avis>
    <numeroseao>919361</numeroseao>
    <numero>8801-15-KB14</numero>
    <depenses>
      <depense>
        <datedepense>2016-05-15</datedepense>
        <datepublicationdepense>2016-10-05</datepublicationdepense>
        <montantdepense>10027.380000</montantdepense>
        <description>Dépassement relié à des modifications au contrat de services professionnels. </description>
        <nomcontractant>LVM, une division d'Englobe Corp.</nomcontractant>
        <neqcontractant>1167280206</neqcontractant>
      </depense>
    </depenses>
  </avis>
  <avis>
    <numeroseao>924651</numeroseao>
    <numero>6308-15-NL01</numero>
    <depenses />
  </avis>
  <avis>
    <numeroseao>926600</numeroseao>
    <numero>SPMC-151020</numero>
    <depenses>
      <depense>
        <datedepense>2018-11-29</datedepense>
        <datepublicationdepense>2019-01-25</datepublicationdepense>
        <montantdepense>24000.000000</montantdepense>
        <description>Prolongation de contrat jusqu'au 31 janvier 2019</description>
        <nomcontractant>Icône agence photo</nomcontractant>
        <neqcontractant>2270490438</neqcontractant>
      </depense>
    </depenses>
  </avis>
  <avis>
    <numeroseao>1034470</numeroseao>
    <numero>A16-1201</numero>
    <depenses>
      <depense>
        <datedepense>2019-01-18</datedepense>
        <datepublicationdepense>2019-01-23</datepublicationdepense>
        <montantdepense>163219.140000</montantdepense>
        <description>Travaux en architecture et ingénierie</description>
        <nomcontractant>Qualité Construction (CDN) Ltée</nomcontractant>
        <neqcontractant>1141465030</neqcontractant>
      </depense>
    </depenses>
  </avis>
  <avis>
    <numeroseao>1036337</numeroseao>
    <numero>BON161701045</numero>
    <depenses>
      <depense>
        <datedepense>2017-03-24</datedepense>
        <datepublicationdepense>2018-03-05</datepublicationdepense>
        <montantdepense>11553.250000</montantdepense>
        <description>AJOUT DES SERVICES D'INGÉNIERIES ET D'ANALYSES POUR L'ÉVALUATION DE LA STRUCTURE EXISTANTE SELON L'OFFRE DE SERVICE DE DUMONT GROUPE-CONSEIL</description>
        <nomcontractant>Select Consultant</nomcontractant>
        <neqcontractant>2265224206</neqcontractant>
      </depense>
      <depense>
        <datedepense>2018-12-19</datedepense>
        <datepublicationdepense>2018-12-19</datepublicationdepense>
        <montantdepense>2070.000000</montantdepense>
        <description>Ajout des services d'ingénieries et d'analyses pour la conception et la surveillance partielle des supports supplémentaires</description>
        <nomcontractant>Select Consultant</nomcontractant>
        <neqcontractant>2265224206</neqcontractant>
      </depense>
    </depenses>
  </avis>
  <avis>
    <numeroseao>1044974</numeroseao>
    <numero>32140400</numero>
    <depenses>
      <depense>
        <datedepense>2017-09-26</datedepense>
        <datepublicationdepense>2017-11-16</datepublicationdepense>
        <montantdepense>178892.000000</montantdepense>
        <description>Condition imprévisible de chantier - Erreur et omission</description>
        <nomcontractant>Corporation de Construction Germano</nomcontractant>
        <neqcontractant>1146850632</neqcontractant>
      </depense>
      <depense>
        <datedepense>2017-11-13</datedepense>
        <datepublicationdepense>2017-11-16</datepublicationdepense>
        <montantdepense>43511.000000</montantdepense>
        <description>Condition imprévisible de chantier - Erreur et omission</description>
        <nomcontractant>Corporation de Construction Germano</nomcontractant>
        <neqcontractant>1146850632</neqcontractant>
      </depense>
      <depense>
        <datedepense>2018-07-10</datedepense>
        <datepublicationdepense>2018-09-05</datepublicationdepense>
        <montantdepense>14325.000000</montantdepense>
        <description>Réclamation</description>
        <nomcontractant>Corporation de Construction Germano</nomcontractant>
        <neqcontractant>1146850632</neqcontractant>
      </depense>
      <depense>
        <datedepense>2018-10-29</datedepense>
        <datepublicationdepense>2018-10-29</datepublicationdepense>
        <montantdepense>42245.000000</montantdepense>
        <description>Réclamation prolongation de chantier </description>
        <nomcontractant>Corporation de Construction Germano</nomcontractant>
        <neqcontractant>1146850632</neqcontractant>
      </depense>
    </depenses>
  </avis>
  <avis>
    <numeroseao>1061601</numeroseao>
    <numero>2014-IM-Enveloppe GTQ</numero>
    <depenses>
      <depense>
        <datedepense>2017-03-14</datedepense>
        <datepublicationdepense>2017-05-12</datepublicationdepense>
        <montantdepense>2724530.150000</montantdepense>
        <description>Réfection de l'enveloppe extérieure du GTQ - Ordres de changement #1 et #2</description>
        <nomcontractant>POMERLEAU INC .</nomcontractant>
        <neqcontractant>1142005934</neqcontractant>
      </depense>
      <depense>
        <datedepense>2017-10-04</datedepense>
        <datepublicationdepense>2017-10-23</datepublicationdepense>
        <montantdepense>206617.970000</montantdepense>
        <description>Réfection de l'enveloppe extérieure du GTQ - Ordre de changement #3</description>
        <nomcontractant>POMERLEAU INC .</nomcontractant>
        <neqcontractant>1142005934</neqcontractant>
      </depense>
      <depense>
        <datedepense>2017-11-01</datedepense>
        <datepublicationdepense>2017-11-16</datepublicationdepense>
        <montantdepense>298850.950000</montantdepense>
        <description>Réfection de l'enveloppe extérieure du GTQ - Ordre de changement #4</description>
        <nomcontractant>POMERLEAU INC .</nomcontractant>
        <neqcontractant>1142005934</neqcontractant>
      </depense>
      <depense>
        <datedepense>2017-11-16</datedepense>
        <datepublicationdepense>2017-11-17</datepublicationdepense>
        <montantdepense>108309.070000</montantdepense>
        <description>Réfection de l'enveloppe extérieure du GTQ - Ordres de changements #5</description>
        <nomcontractant>POMERLEAU INC .</nomcontractant>
        <neqcontractant>1142005934</neqcontractant>
      </depense>
      <depense>
        <datedepense>2018-02-14</datedepense>
        <datepublicationdepense>2018-02-22</datepublicationdepense>
        <montantdepense>19681.000000</montantdepense>
        <description>Réfection de l'enveloppe extérieure du GTQ - Ordre de changement # 6</description>
        <nomcontractant>POMERLEAU INC .</nomcontractant>
        <neqcontractant>1142005934</neqcontractant>
      </depense>
      <depense>
        <datedepense>2018-02-28</datedepense>
        <datepublicationdepense>2018-02-28</datepublicationdepense>
        <montantdepense>100000.000000</montantdepense>
        <description>Réfection de l'enveloppe extérieure du GTQ - Ordre de changement # 7</description>
        <nomcontractant>POMERLEAU INC .</nomcontractant>
        <neqcontractant>1142005934</neqcontractant>
      </depense>
      <depense>
        <datedepense>2018-02-28</datedepense>
        <datepublicationdepense>2018-02-28</datepublicationdepense>
        <montantdepense>29063.090000</montantdepense>
        <description>Réfection de l'enveloppe extérieure du GTQ - Ordre de changement # 8</description>
        <nomcontractant>POMERLEAU INC .</nomcontractant>
        <neqcontractant>1142005934</neqcontractant>
      </depense>
      <depense>
        <datedepense>2018-05-14</datedepense>
        <datepublicationdepense>2018-05-14</datepublicationdepense>
        <montantdepense>685337.670000</montantdepense>
        <description>Réfection de l'enveloppe extérieure du GTQ - Ordre de changements #9</description>
        <nomcontractant>POMERLEAU INC .</nomcontractant>
        <neqcontractant>1142005934</neqcontractant>
      </depense>
      <depense>
        <datedepense>2018-05-16</datedepense>
        <datepublicationdepense>2018-05-16</datepublicationdepense>
        <montantdepense>178213.270000</montantdepense>
        <description>Réfection de l'enveloppe extérieure du GTQ - Ordre de changements #10</description>
        <nomcontractant>POMERLEAU INC .</nomcontractant>
        <neqcontractant>1142005934</neqcontractant>
      </depense>
      <depense>
        <datedepense>2018-06-20</datedepense>
        <datepublicationdepense>2018-06-21</datepublicationdepense>
        <montantdepense>458260.000000</montantdepense>
        <description>Réfection de l'enveloppe extérieure du GTQ - Ordre de changement #12</description>
        <nomcontractant>POMERLEAU INC .</nomcontractant>
        <neqcontractant>1142005934</neqcontractant>
      </depense>
      <depense>
        <datedepense>2018-07-26</datedepense>
        <datepublicationdepense>2018-07-26</datepublicationdepense>
        <montantdepense>711621.530000</montantdepense>
        <description>Réfection de l'enveloppe extérieure du GTQ - Ordre de changement # 11</description>
        <nomcontractant>POMERLEAU INC .</nomcontractant>
        <neqcontractant>1142005934</neqcontractant>
      </depense>
      <depense>
        <datedepense>2018-09-26</datedepense>
        <datepublicationdepense>2018-10-15</datepublicationdepense>
        <montantdepense>1001614.070000</montantdepense>
        <description>Réfection de l'enveloppe extérieure du GTQ - Ordres de changement # 13 et # 14</description>
        <nomcontractant>POMERLEAU INC .</nomcontractant>
        <neqcontractant>1142005934</neqcontractant>
      </depense>
      <depense>
        <datedepense>2018-10-03</datedepense>
        <datepublicationdepense>2018-10-15</datepublicationdepense>
        <montantdepense>27720.000000</montantdepense>
        <description>Réfection de l'enveloppe extérieure du GTQ - Ordre de changement # 15</description>
        <nomcontractant>POMERLEAU INC .</nomcontractant>
        <neqcontractant>1142005934</neqcontractant>
      </depense>
      <depense>
        <datedepense>2018-11-14</datedepense>
        <datepublicationdepense>2018-12-07</datepublicationdepense>
        <montantdepense>126366.810000</montantdepense>
        <description>Réfection de l'enveloppe extérieure du GTQ - Ordre de changement # 16</description>
        <nomcontractant>POMERLEAU INC .</nomcontractant>
        <neqcontractant>1142005934</neqcontractant>
      </depense>
      <depense>
        <datedepense>2018-12-12</datedepense>
        <datepublicationdepense>2018-12-14</datepublicationdepense>
        <montantdepense>386346.720000</montantdepense>
        <description>Réfection de l'enveloppe extérieure du GTQ - Ordre de changement # 17</description>
        <nomcontractant>POMERLEAU INC .</nomcontractant>
        <neqcontractant>1142005934</neqcontractant>
      </depense>
      <depense>
        <datedepense>2019-01-16</datedepense>
        <datepublicationdepense>2019-01-16</datepublicationdepense>
        <montantdepense>21730.190000</montantdepense>
        <description>Réfection de l'enveloppe extérieure du GTQ - Ordre de changement # 18</description>
        <nomcontractant>POMERLEAU INC .</nomcontractant>
        <neqcontractant>1142005934</neqcontractant>
      </depense>
      <depense>
        <datedepense>2019-01-24</datedepense>
        <datepublicationdepense>2019-01-25</datepublicationdepense>
        <montantdepense>131880.000000</montantdepense>
        <description>Réfection de l'enveloppe extérieure du GTQ - Ordre de changement # 19</description>
        <nomcontractant>POMERLEAU INC .</nomcontractant>
        <neqcontractant>1142005934</neqcontractant>
      </depense>
    </depenses>
  </avis>
  <avis>
    <numeroseao>1064706</numeroseao>
    <numero>55028-606_MJT_PUB_C</numero>
    <depenses>
      <depense>
        <datedepense>2018-11-06</datedepense>
        <datepublicationdepense>2019-01-11</datepublicationdepense>
        <montantdepense>124851.610000</montantdepense>
        <description>Demandes de changement juillet 2017 à mai 2018 (voir annexe 2 ref. no. 103430)</description>
        <nomcontractant>Sutera Inc.</nomcontractant>
        <neqcontractant>1167160945</neqcontractant>
      </depense>
    </depenses>
  </avis>
  <avis>
    <numeroseao>1068071</numeroseao>
    <numero>A17-0404</numero>
    <depenses>
      <depense>
        <datedepense>2017-11-21</datedepense>
        <datepublicationdepense>2017-11-21</datepublicationdepense>
        <montantdepense>382036.980000</montantdepense>
        <description>Imprévus de chantier - raisons multiples</description>
        <nomcontractant>Beauvais et Verret Inc</nomcontractant>
        <neqcontractant>1166261025</neqcontractant>
      </depense>
      <depense>
        <datedepense>2017-11-24</datedepense>
        <datepublicationdepense>2017-11-24</datepublicationdepense>
        <montantdepense>64153.010000</montantdepense>
        <description>Imprévus de chantier-raisons multiples</description>
        <nomcontractant>Beauvais et Verret Inc</nomcontractant>
        <neqcontractant>1166261025</neqcontractant>
      </depense>
      <depense>
        <datedepense>2019-01-15</datedepense>
        <datepublicationdepense>2019-01-24</datepublicationdepense>
        <montantdepense>504107.980000</montantdepense>
        <description>Raisons Multiples</description>
        <nomcontractant>Beauvais et Verret Inc</nomcontractant>
        <neqcontractant>1166261025</neqcontractant>
      </depense>
    </depenses>
  </avis>
  <avis>
    <numeroseao>1075662</numeroseao>
    <numero>AO-43260</numero>
    <depenses>
      <depense>
        <datedepense>2018-01-10</datedepense>
        <datepublicationdepense>2019-01-31</datepublicationdepense>
        <montantdepense>7040.810000</montantdepense>
        <description>Ordre de changement </description>
        <nomcontractant>Les Constructions Unic Inc</nomcontractant>
        <neqcontractant>1141811712</neqcontractant>
      </depense>
    </depenses>
  </avis>
  <avis>
    <numeroseao>1077720</numeroseao>
    <numero>16-17-111</numero>
    <depenses>
      <depense>
        <datedepense>2018-09-13</datedepense>
        <datepublicationdepense>2018-10-04</datepublicationdepense>
        <montantdepense>5280.630000</montantdepense>
        <description>OC1 -  Ajout de détecteurs de fumée dans les ascenseurs - câblé des réseaux de détection sur une zone séparée au puits ASC de l'administration</description>
        <nomcontractant>Bruneau Électrique Inc.</nomcontractant>
        <neqcontractant>1142851337</neqcontractant>
      </depense>
      <depense>
        <datedepense>2018-09-13</datedepense>
        <datepublicationdepense>2018-10-04</datepublicationdepense>
        <montantdepense>7786.730000</montantdepense>
        <description>OC2 - Divers travaux dans les locaux G125 - G237 - G205A - G1A</description>
        <nomcontractant>Bruneau Électrique Inc.</nomcontractant>
        <neqcontractant>1142851337</neqcontractant>
      </depense>
      <depense>
        <datedepense>2018-09-13</datedepense>
        <datepublicationdepense>2018-10-04</datepublicationdepense>
        <montantdepense>6605.130000</montantdepense>
        <description>OC3 - Fournir et installer 5 nouveaux détecteurs de gaine aux systèmes de ventilation existants desservant le secteur administration</description>
        <nomcontractant>Bruneau Électrique Inc.</nomcontractant>
        <neqcontractant>1142851337</neqcontractant>
      </depense>
      <depense>
        <datedepense>2018-09-13</datedepense>
        <datepublicationdepense>2018-10-04</datepublicationdepense>
        <montantdepense>7039.960000</montantdepense>
        <description>OC4 - Fournir un boîtier d'alarme intrusion verrouillable contenant les composantes DSC</description>
        <nomcontractant>Bruneau Électrique Inc.</nomcontractant>
        <neqcontractant>1142851337</neqcontractant>
      </depense>
      <depense>
        <datedepense>2018-09-13</datedepense>
        <datepublicationdepense>2018-10-04</datepublicationdepense>
        <montantdepense>4211.580000</montantdepense>
        <description>OC5 - Ajout d'un haut-parleur dans les locaux A108 - A207A - B115-1 - salle mécanique - ascenseur - E130 et G159</description>
        <nomcontractant>Bruneau Électrique Inc.</nomcontractant>
        <neqcontractant>1142851337</neqcontractant>
      </depense>
      <depense>
        <datedepense>2018-09-13</datedepense>
        <datepublicationdepense>2018-10-04</datepublicationdepense>
        <montantdepense>2110.730000</montantdepense>
        <description>OC6 - Ajout d'un haut-parleur dans les 4 petits locaux contigus au local C123</description>
        <nomcontractant>Bruneau Électrique Inc.</nomcontractant>
        <neqcontractant>1142851337</neqcontractant>
      </depense>
      <depense>
        <datedepense>2018-09-13</datedepense>
        <datepublicationdepense>2018-10-04</datepublicationdepense>
        <montantdepense>5743.350000</montantdepense>
        <description>OC7 - Modification des détecteurs de fumée dans les locaux A128 et E228 - Travaux divers dans les locaux A108 - A212 - C106 - C149 et G258</description>
        <nomcontractant>Bruneau Électrique Inc.</nomcontractant>
        <neqcontractant>1142851337</neqcontractant>
      </depense>
      <depense>
        <datedepense>2018-12-10</datedepense>
        <datepublicationdepense>2019-01-07</datepublicationdepense>
        <montantdepense>1150.000000</montantdepense>
        <description>OC8 - Fourniture et installation d'un relais programmable d'alarme incendie - local G-258a - Enlever l'ancien relais.</description>
        <nomcontractant>Bruneau Électrique Inc.</nomcontractant>
        <neqcontractant>1142851337</neqcontractant>
      </depense>
    </depenses>
  </avis>
  <avis>
    <numeroseao>1095551</numeroseao>
    <numero>7007-17-HE04</numero>
    <depenses>
      <depense>
        <datedepense>2018-03-05</datedepense>
        <datepublicationdepense>2018-04-26</datepublicationdepense>
        <montantdepense>23794.250000</montantdepense>
        <description>Dépassement relié à des modifications au contrat de services professionnels</description>
        <nomcontractant>Pluritec ltée</nomcontractant>
        <neqcontractant>1143954734</neqcontractant>
      </depense>
      <depense>
        <datedepense>2017-11-01</datedepense>
        <datepublicationdepense>2019-01-29</datepublicationdepense>
        <montantdepense>29693.100000</montantdepense>
        <description>Dépassement relié à des modifications au contrat de services professionnels</description>
        <nomcontractant>Pluritec ltée</nomcontractant>
        <neqcontractant>1143954734</neqcontractant>
      </depense>
      <depense>
        <datedepense>2017-12-18</datedepense>
        <datepublicationdepense>2019-01-29</datepublicationdepense>
        <montantdepense>33205.500000</montantdepense>
        <description>Dépassement relié à des modifications au contrat de services professionnels</description>
        <nomcontractant>Pluritec ltée</nomcontractant>
        <neqcontractant>1143954734</neqcontractant>
      </depense>
    </depenses>
  </avis>
  <avis>
    <numeroseao>1100915</numeroseao>
    <numero>A17-0802</numero>
    <depenses>
      <depense>
        <datedepense>2018-07-26</datedepense>
        <datepublicationdepense>2018-08-01</datepublicationdepense>
        <montantdepense>486089.000000</montantdepense>
        <description>Imprévus de chantier</description>
        <nomcontractant>Les constructions BÉLAND &amp; Lapointe Inc..</nomcontractant>
        <neqcontractant>1142908889</neqcontractant>
      </depense>
      <depense>
        <datedepense>2018-12-18</datedepense>
        <datepublicationdepense>2019-01-07</datepublicationdepense>
        <montantdepense>629343.710000</montantdepense>
        <description>Ajustements à réaliser sur place, erreurs et omissions, impacts de chantier et imprévus</description>
        <nomcontractant>Les constructions BÉLAND &amp; Lapointe Inc..</nomcontractant>
        <neqcontractant>1142908889</neqcontractant>
      </depense>
    </depenses>
  </avis>
  <avis>
    <numeroseao>1106450</numeroseao>
    <numero>DA124109</numero>
    <depenses>
      <depense>
        <datedepense>2018-10-01</datedepense>
        <datepublicationdepense>2019-01-07</datepublicationdepense>
        <montantdepense>28000.000000</montantdepense>
        <description>Prolongation du contrat de services, car le projet n'est pas terminé et nécessite de poursuivre.</description>
        <nomcontractant>Sylvain Vallée</nomcontractant>
        <neqcontractant />
      </depense>
    </depenses>
  </avis>
  <avis>
    <numeroseao>1108254</numeroseao>
    <numero>604116888</numero>
    <depenses>
      <depense>
        <datedepense>2019-01-12</datedepense>
        <datepublicationdepense>2019-01-21</datepublicationdepense>
        <montantdepense>15000.000000</montantdepense>
        <description>Supplément requis pour préparation d'un deuxième rapport et témoignage en cour</description>
        <nomcontractant>TLD Marketing Consultants inc.</nomcontractant>
        <neqcontractant />
      </depense>
    </depenses>
  </avis>
  <avis>
    <numeroseao>1118234</numeroseao>
    <numero>17-18-22</numero>
    <depenses>
      <depense>
        <datedepense>2018-05-23</datedepense>
        <datepublicationdepense>2018-10-04</datepublicationdepense>
        <montantdepense>34022.000000</montantdepense>
        <description>OC1 - Démantèlement d'un réservoir sous-terrain pétrolier de 10 000 litres</description>
        <nomcontractant>Mécanique Northerm Inc</nomcontractant>
        <neqcontractant>1166012469</neqcontractant>
      </depense>
      <depense>
        <datedepense>2018-09-13</datedepense>
        <datepublicationdepense>2018-10-04</datepublicationdepense>
        <montantdepense>36588.450000</montantdepense>
        <description>OC2 - Mise en place de pieux d'acier temporaires - travaux de toutènement</description>
        <nomcontractant>Mécanique Northerm Inc</nomcontractant>
        <neqcontractant>1166012469</neqcontractant>
      </depense>
      <depense>
        <datedepense>2018-10-12</datedepense>
        <datepublicationdepense>2018-10-23</datepublicationdepense>
        <montantdepense>5564.500000</montantdepense>
        <description>OC3 - Installation d'une clôture autour du nouveau réservoir</description>
        <nomcontractant>Mécanique Northerm Inc</nomcontractant>
        <neqcontractant>1166012469</neqcontractant>
      </depense>
      <depense>
        <datedepense>2018-10-17</datedepense>
        <datepublicationdepense>2018-10-23</datepublicationdepense>
        <montantdepense>1138.610000</montantdepense>
        <description>OC4 - Enlèvement des coudes d'amiante - Modification mesurage client</description>
        <nomcontractant>Mécanique Northerm Inc</nomcontractant>
        <neqcontractant>1166012469</neqcontractant>
      </depense>
      <depense>
        <datedepense>2018-11-28</datedepense>
        <datepublicationdepense>2019-01-08</datepublicationdepense>
        <montantdepense>1430.000000</montantdepense>
        <description>OC5 - Relocalisé les démarreurs des pompes PCH-1 et PCH-2.</description>
        <nomcontractant>Mécanique Northerm Inc</nomcontractant>
        <neqcontractant>1166012469</neqcontractant>
      </depense>
    </depenses>
  </avis>
  <avis>
    <numeroseao>1121901</numeroseao>
    <numero>034-561-42176, 45605</numero>
    <depenses>
      <depense>
        <datedepense>2018-08-09</datedepense>
        <datepublicationdepense>2018-12-21</datepublicationdepense>
        <montantdepense>42175.670000</montantdepense>
        <description>AVENANT 01 À AVENANT 04</description>
        <nomcontractant>Excavation ESM Inc.</nomcontractant>
        <neqcontractant>1163352314</neqcontractant>
      </depense>
      <depense>
        <datedepense>2018-08-09</datedepense>
        <datepublicationdepense>2019-01-18</datepublicationdepense>
        <montantdepense>0.000000</montantdepense>
        <description>ODC-01 À ODC-04</description>
        <nomcontractant>Excavation ESM Inc.</nomcontractant>
        <neqcontractant>1163352314</neqcontractant>
      </depense>
    </depenses>
  </avis>
  <avis>
    <numeroseao>1123789</numeroseao>
    <numero>Qc-RAMQ-20175033</numero>
    <depenses>
      <depense>
        <datedepense>2018-07-10</datedepense>
        <datepublicationdepense>2018-09-11</datepublicationdepense>
        <montantdepense>12141.910000</montantdepense>
        <description>Ordre de changement 4 : Divers travaux de chantier imprévus tels inversion des portes d'entrée, test d'infiltration à l'imprimerie, vérification de la composition exacte du complexe de matériaux sous le pavé.</description>
        <nomcontractant>Construction Trivica 2015 inc.</nomcontractant>
        <neqcontractant>1171476402</neqcontractant>
      </depense>
      <depense>
        <datedepense>2018-09-17</datedepense>
        <datepublicationdepense>2018-10-29</datepublicationdepense>
        <montantdepense>99158.390000</montantdepense>
        <description>Odre de changement 6 : Divers travaux de chantier imprévus tels la rectification des pentes existantes, construction d’un muret et réparation de la zone C-8, etc.)</description>
        <nomcontractant>Construction Trivica 2015 inc.</nomcontractant>
        <neqcontractant>1171476402</neqcontractant>
      </depense>
      <depense>
        <datedepense>2018-05-08</datedepense>
        <datepublicationdepense>2018-11-13</datepublicationdepense>
        <montantdepense>3995.460000</montantdepense>
        <description>Ordre changement 1 : Travaux préparatoires non prévus</description>
        <nomcontractant>Construction Trivica 2015 inc.</nomcontractant>
        <neqcontractant>1171476402</neqcontractant>
      </depense>
      <depense>
        <datedepense>2018-06-14</datedepense>
        <datepublicationdepense>2018-11-13</datepublicationdepense>
        <montantdepense>78089.390000</montantdepense>
        <description>Odre de changement 2 : Rectifications des pentes existantes dans la dalle structurale dans l'allée de circulation car les plans tels que construits sont non conformes</description>
        <nomcontractant>Construction Trivica 2015 inc.</nomcontractant>
        <neqcontractant>1171476402</neqcontractant>
      </depense>
      <depense>
        <datedepense>2018-06-28</datedepense>
        <datepublicationdepense>2018-11-13</datepublicationdepense>
        <montantdepense>38678.010000</montantdepense>
        <description>Ordre de changement 3 : Installation d’une chape à la zone RC I afin de finaliser la rectification des pentes car les plans tel que construits sont non conformes.</description>
        <nomcontractant>Construction Trivica 2015 inc.</nomcontractant>
        <neqcontractant>1171476402</neqcontractant>
      </depense>
      <depense>
        <datedepense>2018-07-25</datedepense>
        <datepublicationdepense>2018-11-13</datepublicationdepense>
        <montantdepense>154423.110000</montantdepense>
        <description>Ordre de changement 5 : Divers travaux de chantier imprévus suite à la démolition du pavage de certaines zones (installation de nouveaux cadres, réparations de colonnes, reconfiguration de surfaces à imperméabiliser, etc.</description>
        <nomcontractant>Construction Trivica 2015 inc.</nomcontractant>
        <neqcontractant>1171476402</neqcontractant>
      </depense>
      <depense>
        <datedepense>2018-11-05</datedepense>
        <datepublicationdepense>2018-11-13</datepublicationdepense>
        <montantdepense>144624.180000</montantdepense>
        <description>Ordre de changement 7 : Installation de câbles teck, reconstruction de la bordure de béton, augmentation de l’épaisseur du pavage en fonction de la nouvelle base de ciment et réparation du béton aux niveaux 1 et 2.</description>
        <nomcontractant>Construction Trivica 2015 inc.</nomcontractant>
        <neqcontractant>1171476402</neqcontractant>
      </depense>
      <depense>
        <datedepense>2018-12-10</datedepense>
        <datepublicationdepense>2019-01-08</datepublicationdepense>
        <montantdepense>194627.150000</montantdepense>
        <description>Ordre de changement 8 : changement de l'épaisseur du pavage en fonction des nouvelles chapes et divers travaux supplémentaires d'imperméabilisation</description>
        <nomcontractant>Construction Trivica 2015 inc.</nomcontractant>
        <neqcontractant>1171476402</neqcontractant>
      </depense>
      <depense>
        <datedepense>2019-01-24</datedepense>
        <datepublicationdepense>2019-01-30</datepublicationdepense>
        <montantdepense>138072.440000</montantdepense>
        <description>Ordre de changement 9 : Dû à la prolongation du contrat, frais de chantier pour des conditions hivernales et frais généraux</description>
        <nomcontractant>Construction Trivica 2015 inc.</nomcontractant>
        <neqcontractant>1171476402</neqcontractant>
      </depense>
    </depenses>
  </avis>
  <avis>
    <numeroseao>1128922</numeroseao>
    <numero>A18-0102</numero>
    <depenses>
      <depense>
        <datedepense>2018-12-19</datedepense>
        <datepublicationdepense>2019-01-04</datepublicationdepense>
        <montantdepense>42134.650000</montantdepense>
        <description>Réfection des plafonds en face de l'ascenseur</description>
        <nomcontractant>Lévesque et Associées Construction Inc.</nomcontractant>
        <neqcontractant>1149139215</neqcontractant>
      </depense>
    </depenses>
  </avis>
  <avis>
    <numeroseao>1129379</numeroseao>
    <numero>201700434</numero>
    <depenses>
      <depense>
        <datedepense>2018-07-18</datedepense>
        <datepublicationdepense>2019-01-15</datepublicationdepense>
        <montantdepense>43492.870000</montantdepense>
        <description>Ajout au contrat suite à des conditions de chantier non prévues dans les plans et devis </description>
        <nomcontractant>Construction Durand Inc.</nomcontractant>
        <neqcontractant>1144384501</neqcontractant>
      </depense>
      <depense>
        <datedepense>2018-09-12</datedepense>
        <datepublicationdepense>2019-01-15</datepublicationdepense>
        <montantdepense>20546.700000</montantdepense>
        <description>Ajout au contrat suite à des conditions de chantier non prévues dans les plans et devis </description>
        <nomcontractant>Construction Durand Inc.</nomcontractant>
        <neqcontractant>1144384501</neqcontractant>
      </depense>
      <depense>
        <datedepense>2018-11-14</datedepense>
        <datepublicationdepense>2019-01-15</datepublicationdepense>
        <montantdepense>26936.100000</montantdepense>
        <description>Ajout au contrat suite à des conditions de chantier non prévues dans les plans et devis </description>
        <nomcontractant>Construction Durand Inc.</nomcontractant>
        <neqcontractant>1144384501</neqcontractant>
      </depense>
      <depense>
        <datedepense>2019-01-08</datedepense>
        <datepublicationdepense>2019-01-15</datepublicationdepense>
        <montantdepense>23577.220000</montantdepense>
        <description>Ajout au contrat suite à des conditions de chantier non prévues dans les plans et devis </description>
        <nomcontractant>Construction Durand Inc.</nomcontractant>
        <neqcontractant>1144384501</neqcontractant>
      </depense>
    </depenses>
  </avis>
  <avis>
    <numeroseao>1129864</numeroseao>
    <numero>18-004</numero>
    <depenses>
      <depense>
        <datedepense>2019-01-07</datedepense>
        <datepublicationdepense>2019-01-16</datepublicationdepense>
        <montantdepense>6721.600000</montantdepense>
        <description>travaux supplémentaires</description>
        <nomcontractant>Poulin Électrique (Claude Poulin)</nomcontractant>
        <neqcontractant>1148666176</neqcontractant>
      </depense>
    </depenses>
  </avis>
  <avis>
    <numeroseao>1130557</numeroseao>
    <numero>RM-2017-107-01</numero>
    <depenses>
      <depense>
        <datedepense>2018-07-04</datedepense>
        <datepublicationdepense>2018-08-20</datepublicationdepense>
        <montantdepense>1049.960000</montantdepense>
        <description>Enlever en condition d'amiante les panneaux de soffite de fribrociment qui sont en contact avec le cadre de porte à démolir de l'entrée principale.</description>
        <nomcontractant>Construction et rénovation Jeremie Houle inc.</nomcontractant>
        <neqcontractant>1163800650</neqcontractant>
      </depense>
      <depense>
        <datedepense>2018-08-06</datedepense>
        <datepublicationdepense>2018-08-20</datepublicationdepense>
        <montantdepense>10087.830000</montantdepense>
        <description>Dalle de béton avait une épaisseur de 8" vs 6" au plans;Plus grande quantité de tuyaux recouverts d'amiante dans les murs; Installation de cloison de toilette qui seront fixées au sol à cause d'un problème de poutrelles; travaux électrique</description>
        <nomcontractant>Construction et rénovation Jeremie Houle inc.</nomcontractant>
        <neqcontractant>1163800650</neqcontractant>
      </depense>
      <depense>
        <datedepense>2018-08-06</datedepense>
        <datepublicationdepense>2018-08-20</datepublicationdepense>
        <montantdepense>7230.450000</montantdepense>
        <description>Structure de bois dans les poutrelles des salles de bain au rez-de-chaussée et entrée pour installation du plafond de gypse.</description>
        <nomcontractant>Construction et rénovation Jeremie Houle inc.</nomcontractant>
        <neqcontractant>1163800650</neqcontractant>
      </depense>
      <depense>
        <datedepense>2018-08-07</datedepense>
        <datepublicationdepense>2018-08-30</datepublicationdepense>
        <montantdepense>902.850000</montantdepense>
        <description>Fournir et installer un volet coupe feu dans la conduite d'évacuation des salles de bain de l'étage et installer les poste d'accès requises. </description>
        <nomcontractant>Construction et rénovation Jeremie Houle inc.</nomcontractant>
        <neqcontractant>1163800650</neqcontractant>
      </depense>
      <depense>
        <datedepense>2018-08-17</datedepense>
        <datepublicationdepense>2018-08-30</datepublicationdepense>
        <montantdepense>3783.440000</montantdepense>
        <description>Fournir le matériel et installer trois nouveaux panneaux de béton 13mm avec système d'enduit sur nouvelle fourrure métallique galvanisé cal. 20 @ 300 mm c/c vissée au bâti existant. Peinturer le plafond sous la section de l'entrée de la marquise. </description>
        <nomcontractant>Construction et rénovation Jeremie Houle inc.</nomcontractant>
        <neqcontractant>1163800650</neqcontractant>
      </depense>
      <depense>
        <datedepense>2018-08-29</datedepense>
        <datepublicationdepense>2018-08-30</datepublicationdepense>
        <montantdepense>1193.000000</montantdepense>
        <description>Refaire le plancher en Stonehard, utiliser le même fini et couleur que les autres planchers.</description>
        <nomcontractant>Construction et rénovation Jeremie Houle inc.</nomcontractant>
        <neqcontractant>1163800650</neqcontractant>
      </depense>
      <depense>
        <datedepense>2018-06-07</datedepense>
        <datepublicationdepense>2018-08-30</datepublicationdepense>
        <montantdepense>4131.440000</montantdepense>
        <description>Démolir la cloison vitrée existante et faire la finition intérieure et extérieure au périmètre de la nouvelle cloison vitrée. Fournir et installer une nouvelle cloison vitrée en aluminium pour remplacer celle existante qui sert d'encadrement au portes du vestibule # 130. </description>
        <nomcontractant>Construction et rénovation Jeremie Houle inc.</nomcontractant>
        <neqcontractant>1163800650</neqcontractant>
      </depense>
      <depense>
        <datedepense>2018-10-05</datedepense>
        <datepublicationdepense>2018-10-09</datepublicationdepense>
        <montantdepense>965.740000</montantdepense>
        <description>Remplacer et raccorder l'interrupteur 200A, 120/240V se trouvant dans le local de salle électrique pour un disjoncteur principal 200A, 120/240V.</description>
        <nomcontractant>Construction et rénovation Jeremie Houle inc.</nomcontractant>
        <neqcontractant>1163800650</neqcontractant>
      </depense>
      <depense>
        <datedepense>2018-10-05</datedepense>
        <datepublicationdepense>2018-10-09</datepublicationdepense>
        <montantdepense>561.470000</montantdepense>
        <description>Fournir le matériel et la main-d'oeuvre requis pour le nivelage de plancher de la salle de bain handicapé.</description>
        <nomcontractant>Construction et rénovation Jeremie Houle inc.</nomcontractant>
        <neqcontractant>1163800650</neqcontractant>
      </depense>
      <depense>
        <datedepense>2018-10-05</datedepense>
        <datepublicationdepense>2018-10-09</datepublicationdepense>
        <montantdepense>1684.420000</montantdepense>
        <description>Plinthes de terrazzo à ajouter dans le hall d'entrée.</description>
        <nomcontractant>Construction et rénovation Jeremie Houle inc.</nomcontractant>
        <neqcontractant>1163800650</neqcontractant>
      </depense>
      <depense>
        <datedepense>2018-10-09</datedepense>
        <datepublicationdepense>2018-10-12</datepublicationdepense>
        <montantdepense>9252.310000</montantdepense>
        <description>Travaux de plomberie divers - Modification de l'alimentation d'eau froide des salles de bain </description>
        <nomcontractant>Construction et rénovation Jeremie Houle inc.</nomcontractant>
        <neqcontractant>1163800650</neqcontractant>
      </depense>
      <depense>
        <datedepense>2018-10-10</datedepense>
        <datepublicationdepense>2018-10-12</datepublicationdepense>
        <montantdepense>2676.920000</montantdepense>
        <description>conduit d'évacuation - dévier le conduit d'évacuation afin d'éviter les tuyauteries de plomberie et de pouvoir installer le volet coupe-feu adéquatement. remplacer un conet isoler un conduit d'évacuation dans la salle de bain 105.</description>
        <nomcontractant>Construction et rénovation Jeremie Houle inc.</nomcontractant>
        <neqcontractant>1163800650</neqcontractant>
      </depense>
      <depense>
        <datedepense>2018-10-10</datedepense>
        <datepublicationdepense>2018-10-12</datepublicationdepense>
        <montantdepense>193.150000</montantdepense>
        <description>Remplacer le volet anti-retour qui est défectueux par un nouveau volet anti-retour. </description>
        <nomcontractant>Construction et rénovation Jeremie Houle inc.</nomcontractant>
        <neqcontractant>1163800650</neqcontractant>
      </depense>
      <depense>
        <datedepense>2018-11-06</datedepense>
        <datepublicationdepense>2018-11-07</datepublicationdepense>
        <montantdepense>4864.470000</montantdepense>
        <description>Travaux de fin de semaine pour de livrer les planchers devant recevoir la finition de Stonhard.</description>
        <nomcontractant>Construction et rénovation Jeremie Houle inc.</nomcontractant>
        <neqcontractant>1163800650</neqcontractant>
      </depense>
      <depense>
        <datedepense>2018-11-20</datedepense>
        <datepublicationdepense>2018-11-21</datepublicationdepense>
        <montantdepense>5527.720000</montantdepense>
        <description>Ajout de travaux de peinture des sections manquantes dans les corridors # 132 et #133. </description>
        <nomcontractant>Construction et rénovation Jeremie Houle inc.</nomcontractant>
        <neqcontractant>1163800650</neqcontractant>
      </depense>
    </depenses>
  </avis>
  <avis>
    <numeroseao>1135729</numeroseao>
    <numero>17-18-02-148</numero>
    <depenses />
  </avis>
  <avis>
    <numeroseao>1138019</numeroseao>
    <numero>201700433</numero>
    <depenses>
      <depense>
        <datedepense>2018-12-12</datedepense>
        <datepublicationdepense>2018-11-16</datepublicationdepense>
        <montantdepense>91929.040000</montantdepense>
        <description>Ajout au contrat suite à des conditions de chantier non prévues dans les plans et devis</description>
        <nomcontractant>Menuiserie D. Pouliot Inc</nomcontractant>
        <neqcontractant>1140174690</neqcontractant>
      </depense>
    </depenses>
  </avis>
  <avis>
    <numeroseao>1140388</numeroseao>
    <numero>1701-EG</numero>
    <depenses>
      <depense>
        <datedepense>2018-08-15</datedepense>
        <datepublicationdepense>2018-12-11</datepublicationdepense>
        <montantdepense>1195.180000</montantdepense>
        <description>ODC-03: Travaux supplémentaires pour nouveau lampadaire extérieur non fonctionnel: Réalimentation électrique et travaux d'excavation et remblai pour conduite souterraine.</description>
        <nomcontractant>Construction Richard A. Germano Ltée.</nomcontractant>
        <neqcontractant>1144224061</neqcontractant>
      </depense>
      <depense>
        <datedepense>2018-08-20</datedepense>
        <datepublicationdepense>2018-12-11</datepublicationdepense>
        <montantdepense>4457.200000</montantdepense>
        <description>ODC-05: Remplacement du ponceau existant par un ponceau en PEHD et modification du profil du trottoir</description>
        <nomcontractant>Construction Richard A. Germano Ltée.</nomcontractant>
        <neqcontractant>1144224061</neqcontractant>
      </depense>
      <depense>
        <datedepense>2018-08-08</datedepense>
        <datepublicationdepense>2018-12-11</datepublicationdepense>
        <montantdepense>612.870000</montantdepense>
        <description>ODC-07: Remplacement de la tête d'un puisard</description>
        <nomcontractant>Construction Richard A. Germano Ltée.</nomcontractant>
        <neqcontractant>1144224061</neqcontractant>
      </depense>
      <depense>
        <datedepense>2018-10-19</datedepense>
        <datepublicationdepense>2018-12-11</datepublicationdepense>
        <montantdepense>4107.310000</montantdepense>
        <description>ODC-8: Ajout de tuiles radiantes aux plafond des toilettes de l'admninistration</description>
        <nomcontractant>Construction Richard A. Germano Ltée.</nomcontractant>
        <neqcontractant>1144224061</neqcontractant>
      </depense>
      <depense>
        <datedepense>2018-08-13</datedepense>
        <datepublicationdepense>2018-12-11</datepublicationdepense>
        <montantdepense>7095.000000</montantdepense>
        <description>ODC-09: Remplacement des puits de lumière</description>
        <nomcontractant>Construction Richard A. Germano Ltée.</nomcontractant>
        <neqcontractant>1144224061</neqcontractant>
      </depense>
      <depense>
        <datedepense>2018-06-27</datedepense>
        <datepublicationdepense>2018-12-17</datepublicationdepense>
        <montantdepense>7251.220000</montantdepense>
        <description>ODC-1: Travaux supplémentaires suite èa la découverte du massif lors de l'excavation pour l'enlèevement du réservoir d'huile </description>
        <nomcontractant>Construction Richard A. Germano Ltée.</nomcontractant>
        <neqcontractant>1144224061</neqcontractant>
      </depense>
      <depense>
        <datedepense>2018-08-13</datedepense>
        <datepublicationdepense>2018-12-17</datepublicationdepense>
        <montantdepense>47682.820000</montantdepense>
        <description>ODC-13: Travaux supplémentaires reliés à l'enlèevement du réservoir d'huile souterrain de stockage de combustibles et de gestion des sols contaminées de type AB et BC.</description>
        <nomcontractant>Construction Richard A. Germano Ltée.</nomcontractant>
        <neqcontractant>1144224061</neqcontractant>
      </depense>
    </depenses>
  </avis>
  <avis>
    <numeroseao>1142313</numeroseao>
    <numero>44508918</numero>
    <depenses>
      <depense>
        <datedepense>2019-01-14</datedepense>
        <datepublicationdepense>2019-01-15</datepublicationdepense>
        <montantdepense>127378.720000</montantdepense>
        <description>Conditions imprévisible de chantiers ODC 1 à 28</description>
        <nomcontractant>LCC &amp; Associés Canada Inc.</nomcontractant>
        <neqcontractant>1166591686</neqcontractant>
      </depense>
      <depense>
        <datedepense>2019-01-09</datedepense>
        <datepublicationdepense>2019-01-15</datepublicationdepense>
        <montantdepense>496.470000</montantdepense>
        <description>Modification mineure ODC 29</description>
        <nomcontractant>LCC &amp; Associés Canada Inc.</nomcontractant>
        <neqcontractant>1166591686</neqcontractant>
      </depense>
      <depense>
        <datedepense>2019-01-09</datedepense>
        <datepublicationdepense>2019-01-15</datepublicationdepense>
        <montantdepense>0.000000</montantdepense>
        <description>Modification mineure. Crédit suite à l'annulation de travaux (600$) ODC 30</description>
        <nomcontractant>LCC &amp; Associés Canada Inc.</nomcontractant>
        <neqcontractant>1166591686</neqcontractant>
      </depense>
      <depense>
        <datedepense>2019-01-09</datedepense>
        <datepublicationdepense>2019-01-15</datepublicationdepense>
        <montantdepense>811.110000</montantdepense>
        <description>Erreur ou omission (1411.11 - 600) ODC 31</description>
        <nomcontractant>LCC &amp; Associés Canada Inc.</nomcontractant>
        <neqcontractant>1166591686</neqcontractant>
      </depense>
      <depense>
        <datedepense>2019-01-09</datedepense>
        <datepublicationdepense>2019-01-15</datepublicationdepense>
        <montantdepense>4843.100000</montantdepense>
        <description>Condition imprévisible de chantier ODC 32</description>
        <nomcontractant>LCC &amp; Associés Canada Inc.</nomcontractant>
        <neqcontractant>1166591686</neqcontractant>
      </depense>
      <depense>
        <datedepense>2019-01-11</datedepense>
        <datepublicationdepense>2019-01-15</datepublicationdepense>
        <montantdepense>2767.000000</montantdepense>
        <description>Imprévu de chantier ODC 33</description>
        <nomcontractant>LCC &amp; Associés Canada Inc.</nomcontractant>
        <neqcontractant>1166591686</neqcontractant>
      </depense>
      <depense>
        <datedepense>2019-01-16</datedepense>
        <datepublicationdepense>2019-01-21</datepublicationdepense>
        <montantdepense>3460.780000</montantdepense>
        <description>Changement de programme client ODC 034</description>
        <nomcontractant>LCC &amp; Associés Canada Inc.</nomcontractant>
        <neqcontractant>1166591686</neqcontractant>
      </depense>
      <depense>
        <datedepense>2019-01-16</datedepense>
        <datepublicationdepense>2019-01-21</datepublicationdepense>
        <montantdepense>2926.290000</montantdepense>
        <description>Condition de chantier ODC 035</description>
        <nomcontractant>LCC &amp; Associés Canada Inc.</nomcontractant>
        <neqcontractant>1166591686</neqcontractant>
      </depense>
      <depense>
        <datedepense>2019-01-29</datedepense>
        <datepublicationdepense>2019-01-30</datepublicationdepense>
        <montantdepense>4090.150000</montantdepense>
        <description>Modification significative client ODC # 036</description>
        <nomcontractant>LCC &amp; Associés Canada Inc.</nomcontractant>
        <neqcontractant>1166591686</neqcontractant>
      </depense>
    </depenses>
  </avis>
  <avis>
    <numeroseao>1154047</numeroseao>
    <numero>1718-CAP-01</numero>
    <depenses>
      <depense>
        <datedepense>2018-08-17</datedepense>
        <datepublicationdepense>2019-01-11</datepublicationdepense>
        <montantdepense>2510.840000</montantdepense>
        <description>Remplacement de la grille gratte-pieds (porte 308A)</description>
        <nomcontractant>MARIEVILLE CONSTRUCTION INC (MCI)</nomcontractant>
        <neqcontractant>1141721614</neqcontractant>
      </depense>
      <depense>
        <datedepense>2018-08-17</datedepense>
        <datepublicationdepense>2019-01-11</datepublicationdepense>
        <montantdepense>10414.370000</montantdepense>
        <description>Démantèlement de la mise à la terre existante de l'armoire, pour refaire la dalle de béton et réinstallation de la mise à la terre par la suite. Réparation des circuits à la suite du sciage de la dalle.</description>
        <nomcontractant>MARIEVILLE CONSTRUCTION INC (MCI)</nomcontractant>
        <neqcontractant>1141721614</neqcontractant>
      </depense>
      <depense>
        <datedepense>2018-08-17</datedepense>
        <datepublicationdepense>2019-01-11</datepublicationdepense>
        <montantdepense>19146.560000</montantdepense>
        <description>Fournir et installer 2 nouvelles valves d'arrêt sur la tuyauterie d'eau chaude existante. Fournir et installer la tuyauterie nécessaire pour le raccordement du serpentin SC-1. Modification des conduits d'air</description>
        <nomcontractant>MARIEVILLE CONSTRUCTION INC (MCI)</nomcontractant>
        <neqcontractant>1141721614</neqcontractant>
      </depense>
      <depense>
        <datedepense>2018-11-20</datedepense>
        <datepublicationdepense>2019-01-11</datepublicationdepense>
        <montantdepense>19860.890000</montantdepense>
        <description>Relocalisation du panneau électrique: Démolir le soufflage existant et construire un nouveau soufflage. Séparation coupe-feu entre l'atelier et la mezzanine. Plafond sous mezzanine / soufflage conduits de ventilation.</description>
        <nomcontractant>MARIEVILLE CONSTRUCTION INC (MCI)</nomcontractant>
        <neqcontractant>1141721614</neqcontractant>
      </depense>
      <depense>
        <datedepense>2018-11-20</datedepense>
        <datepublicationdepense>2019-01-11</datepublicationdepense>
        <montantdepense>289.400000</montantdepense>
        <description>Remplacement de la station de contrôle des démarreurs UA-1R et UA-1A</description>
        <nomcontractant>MARIEVILLE CONSTRUCTION INC (MCI)</nomcontractant>
        <neqcontractant>1141721614</neqcontractant>
      </depense>
      <depense>
        <datedepense>2018-11-20</datedepense>
        <datepublicationdepense>2019-01-11</datepublicationdepense>
        <montantdepense>5511.530000</montantdepense>
        <description>Fournir et installer trois actuateurs modulaires.</description>
        <nomcontractant>MARIEVILLE CONSTRUCTION INC (MCI)</nomcontractant>
        <neqcontractant>1141721614</neqcontractant>
      </depense>
    </depenses>
  </avis>
  <avis>
    <numeroseao>1161781</numeroseao>
    <numero>327-367SBAP180502</numero>
    <depenses>
      <depense>
        <datedepense>2018-08-08</datedepense>
        <datepublicationdepense>2019-01-23</datepublicationdepense>
        <montantdepense>2590.370000</montantdepense>
        <description>Fourniture</description>
        <nomcontractant>construction jacques malette et fils</nomcontractant>
        <neqcontractant>1160648979</neqcontractant>
      </depense>
    </depenses>
  </avis>
  <avis>
    <numeroseao>1164115</numeroseao>
    <numero>2018-16</numero>
    <depenses>
      <depense>
        <datedepense>2018-09-21</datedepense>
        <datepublicationdepense>2018-09-25</datepublicationdepense>
        <montantdepense>37169.520000</montantdepense>
        <description>Prolongation du contrat jusqu'au 30 novembre 2018</description>
        <nomcontractant>Électronique Mercier</nomcontractant>
        <neqcontractant>1161794285</neqcontractant>
      </depense>
      <depense>
        <datedepense>2018-12-13</datedepense>
        <datepublicationdepense>2019-01-31</datepublicationdepense>
        <montantdepense>37169.520000</montantdepense>
        <description>Prolongation jusqu’au 31 janvier 2019</description>
        <nomcontractant>Électronique Mercier</nomcontractant>
        <neqcontractant>1161794285</neqcontractant>
      </depense>
    </depenses>
  </avis>
  <avis>
    <numeroseao>1169073</numeroseao>
    <numero>17-18-109</numero>
    <depenses>
      <depense>
        <datedepense>2018-09-10</datedepense>
        <datepublicationdepense>2019-01-08</datepublicationdepense>
        <montantdepense>36549.910000</montantdepense>
        <description>OC1 - Nouveau gypse au plafond</description>
        <nomcontractant>L'Archevêque et Rivest Ltée</nomcontractant>
        <neqcontractant>1163230627</neqcontractant>
      </depense>
      <depense>
        <datedepense>2018-10-23</datedepense>
        <datepublicationdepense>2019-01-08</datepublicationdepense>
        <montantdepense>2604.650000</montantdepense>
        <description>OC2 - Remplacement linteau existant et nouvelle porte</description>
        <nomcontractant>L'Archevêque et Rivest Ltée</nomcontractant>
        <neqcontractant>1163230627</neqcontractant>
      </depense>
      <depense>
        <datedepense>2018-11-12</datedepense>
        <datepublicationdepense>2019-01-08</datepublicationdepense>
        <montantdepense>13330.570000</montantdepense>
        <description>OC4 - Divers travaux complémentaires - local 124 - toiture - Fenêtre local 209 - Soufflage porte p-117.2.</description>
        <nomcontractant>L'Archevêque et Rivest Ltée</nomcontractant>
        <neqcontractant>1163230627</neqcontractant>
      </depense>
      <depense>
        <datedepense>2018-11-12</datedepense>
        <datepublicationdepense>2019-01-08</datepublicationdepense>
        <montantdepense>8893.240000</montantdepense>
        <description>OC5 - Divers travaux complémentaires - Drain évier local 125 - Panneau d'indication Sortie dans corridor 117 - Installation de caméras - Ajout de banc de corridor - Retrait de tableaux verts.</description>
        <nomcontractant>L'Archevêque et Rivest Ltée</nomcontractant>
        <neqcontractant>1163230627</neqcontractant>
      </depense>
      <depense>
        <datedepense>2018-11-12</datedepense>
        <datepublicationdepense>2019-01-08</datepublicationdepense>
        <montantdepense>2275.190000</montantdepense>
        <description>OC6 - Fourniture et installation klaxons et strob. - Passer de l'évaporateur mural câble jusqu'au condenseur au toit.</description>
        <nomcontractant>L'Archevêque et Rivest Ltée</nomcontractant>
        <neqcontractant>1163230627</neqcontractant>
      </depense>
      <depense>
        <datedepense>2018-11-21</datedepense>
        <datepublicationdepense>2019-01-08</datepublicationdepense>
        <montantdepense>2390.910000</montantdepense>
        <description>OC7 - Fourniture et installation unité de chauffage.</description>
        <nomcontractant>L'Archevêque et Rivest Ltée</nomcontractant>
        <neqcontractant>1163230627</neqcontractant>
      </depense>
      <depense>
        <datedepense>2018-11-21</datedepense>
        <datepublicationdepense>2019-01-08</datepublicationdepense>
        <montantdepense>520.360000</montantdepense>
        <description>OC8 - Retrait d'une prise électrique.</description>
        <nomcontractant>L'Archevêque et Rivest Ltée</nomcontractant>
        <neqcontractant>1163230627</neqcontractant>
      </depense>
      <depense>
        <datedepense>2018-11-26</datedepense>
        <datepublicationdepense>2019-01-08</datepublicationdepense>
        <montantdepense>444.310000</montantdepense>
        <description>OC9 - Installation de gypse au plafond - local 124 - Soufflage de mur et tirer les joints.</description>
        <nomcontractant>L'Archevêque et Rivest Ltée</nomcontractant>
        <neqcontractant>1163230627</neqcontractant>
      </depense>
      <depense>
        <datedepense>2018-11-27</datedepense>
        <datepublicationdepense>2019-01-08</datepublicationdepense>
        <montantdepense>2330.340000</montantdepense>
        <description>OC10 - Sablage des surfaces des portes et cadres à peindre - Peinture du système S-60 sur tous les cadres et portes du projet.</description>
        <nomcontractant>L'Archevêque et Rivest Ltée</nomcontractant>
        <neqcontractant>1163230627</neqcontractant>
      </depense>
      <depense>
        <datedepense>2018-11-27</datedepense>
        <datepublicationdepense>2019-01-08</datepublicationdepense>
        <montantdepense>1695.040000</montantdepense>
        <description>OC11 - Travaux complémentaires - Fourniture et installation des accessoires aux toiles solaires.</description>
        <nomcontractant>L'Archevêque et Rivest Ltée</nomcontractant>
        <neqcontractant>1163230627</neqcontractant>
      </depense>
      <depense>
        <datedepense>2018-12-05</datedepense>
        <datepublicationdepense>2019-01-08</datepublicationdepense>
        <montantdepense>929.130000</montantdepense>
        <description>OC12 - Ajout d'un lecteur de cartes pour la porte du corridor donnant sur la cage d'escalier ESC.2.</description>
        <nomcontractant>L'Archevêque et Rivest Ltée</nomcontractant>
        <neqcontractant>1163230627</neqcontractant>
      </depense>
      <depense>
        <datedepense>2018-12-14</datedepense>
        <datepublicationdepense>2019-01-08</datepublicationdepense>
        <montantdepense>5876.530000</montantdepense>
        <description>OC13 - Démolition et installation du gypse - Tiré les joints et peindre - Solidifié cadre de porte P120-2.</description>
        <nomcontractant>L'Archevêque et Rivest Ltée</nomcontractant>
        <neqcontractant>1163230627</neqcontractant>
      </depense>
    </depenses>
  </avis>
  <avis>
    <numeroseao>1173659</numeroseao>
    <numero>18-02</numero>
    <depenses>
      <depense>
        <datedepense>2019-12-10</datedepense>
        <datepublicationdepense>2019-01-23</datepublicationdepense>
        <montantdepense>3531.000000</montantdepense>
        <description>Validations complémentaires requise lors du mandat qui ne pouvaient être prévues initialement pour finaliser le mandat.</description>
        <nomcontractant>PwC Management Services L.P.</nomcontractant>
        <neqcontractant>3347816566</neqcontractant>
      </depense>
    </depenses>
  </avis>
  <avis>
    <numeroseao>1176950</numeroseao>
    <numero>A18-0606</numero>
    <depenses>
      <depense>
        <datedepense>2018-12-19</datedepense>
        <datepublicationdepense>2019-01-07</datepublicationdepense>
        <montantdepense>62610.930000</montantdepense>
        <description>Imprévus de chantier en lien avec la désuétude des infrastructures</description>
        <nomcontractant>Les Entreprises Québechab Ltée</nomcontractant>
        <neqcontractant>1142765446</neqcontractant>
      </depense>
      <depense>
        <datedepense>2018-01-15</datedepense>
        <datepublicationdepense>2019-01-23</datepublicationdepense>
        <montantdepense>179732.720000</montantdepense>
        <description>Travaux en mécanique-électricité, architecture et structure</description>
        <nomcontractant>Les Entreprises Québechab Ltée</nomcontractant>
        <neqcontractant>1142765446</neqcontractant>
      </depense>
    </depenses>
  </avis>
  <avis>
    <numeroseao>1198589</numeroseao>
    <numero>44510475</numero>
    <depenses>
      <depense>
        <datedepense>2018-11-13</datedepense>
        <datepublicationdepense>2018-11-28</datepublicationdepense>
        <montantdepense>52989.000000</montantdepense>
        <description>ODC 001 /Prolongement du réseau d'aqueduc proposé</description>
        <nomcontractant>Excavation Bourgoin et Dickner Inc.</nomcontractant>
        <neqcontractant>1142894154</neqcontractant>
      </depense>
      <depense>
        <datedepense>2018-12-10</datedepense>
        <datepublicationdepense>2018-12-14</datepublicationdepense>
        <montantdepense>332.550000</montantdepense>
        <description>Ajout d’un robinet d’isolement en amont du tamis</description>
        <nomcontractant>Excavation Bourgoin et Dickner Inc.</nomcontractant>
        <neqcontractant>1142894154</neqcontractant>
      </depense>
      <depense>
        <datedepense>2018-12-14</datedepense>
        <datepublicationdepense>2019-01-07</datepublicationdepense>
        <montantdepense>576.400000</montantdepense>
        <description>Peinture de la zone de reprise de béton</description>
        <nomcontractant>Excavation Bourgoin et Dickner Inc.</nomcontractant>
        <neqcontractant>1142894154</neqcontractant>
      </depense>
      <depense>
        <datedepense>2018-12-14</datedepense>
        <datepublicationdepense>2019-01-28</datepublicationdepense>
        <montantdepense>9056.210000</montantdepense>
        <description>ODC 004 - Travaux non prévus - Cassage de roc</description>
        <nomcontractant>Excavation Bourgoin et Dickner Inc.</nomcontractant>
        <neqcontractant>1142894154</neqcontractant>
      </depense>
      <depense>
        <datedepense>2019-01-10</datedepense>
        <datepublicationdepense>2019-01-28</datepublicationdepense>
        <montantdepense>425.120000</montantdepense>
        <description>ODC 006 - Remplacement du panneau alarme-incendie par le client</description>
        <nomcontractant>Excavation Bourgoin et Dickner Inc.</nomcontractant>
        <neqcontractant>1142894154</neqcontractant>
      </depense>
      <depense>
        <datedepense>2019-01-22</datedepense>
        <datepublicationdepense>2019-01-28</datepublicationdepense>
        <montantdepense>1374.120000</montantdepense>
        <description>ODC 007 - Réparations de câbles électriques sou la dalle</description>
        <nomcontractant>Excavation Bourgoin et Dickner Inc.</nomcontractant>
        <neqcontractant>1142894154</neqcontractant>
      </depense>
    </depenses>
  </avis>
  <avis>
    <numeroseao>1199210</numeroseao>
    <numero>44510456</numero>
    <depenses>
      <depense>
        <datedepense>2018-12-19</datedepense>
        <datepublicationdepense>2019-01-07</datepublicationdepense>
        <montantdepense>48965.430000</montantdepense>
        <description>Condition imprévisible de chantier</description>
        <nomcontractant>Construction Couture &amp; Tanguay</nomcontractant>
        <neqcontractant>1161224309</neqcontractant>
      </depense>
      <depense>
        <datedepense>2019-01-09</datedepense>
        <datepublicationdepense>2019-01-11</datepublicationdepense>
        <montantdepense>1599.400000</montantdepense>
        <description>Condition imprévisible de chantier</description>
        <nomcontractant>Construction Couture &amp; Tanguay</nomcontractant>
        <neqcontractant>1161224309</neqcontractant>
      </depense>
    </depenses>
  </avis>
  <avis>
    <numeroseao>1225882</numeroseao>
    <numero>C0000688</numero>
    <depenses>
      <depense>
        <datedepense>2015-07-01</datedepense>
        <datepublicationdepense>2019-01-03</datepublicationdepense>
        <montantdepense>50550.080000</montantdepense>
        <description>Ajout de la licence pour "Baseline" ("BL") et renouvellemet de la licence "CollegiateLink" ("CL"); Prix de $40,295 USD converti au taux de change à la fermeture du 2 juillet 2015 (1.2545)</description>
        <nomcontractant>Higher One, Inc.</nomcontractant>
        <neqcontractant />
      </depense>
      <depense>
        <datedepense>2016-07-01</datedepense>
        <datepublicationdepense>2019-01-03</datepublicationdepense>
        <montantdepense>53523.620000</montantdepense>
        <description>Renouvellement des licences pour "Baseline" ("BLSA") et "CollegiateLink" ("CL") pour 2016-2017; Prix de $41,907 USD converti au taux de change à la fermeture du 23 juin 2016 (1.2772)</description>
        <nomcontractant>Higher One, Inc.</nomcontractant>
        <neqcontractant />
      </depense>
      <depense>
        <datedepense>2016-11-28</datedepense>
        <datepublicationdepense>2019-01-03</datepublicationdepense>
        <montantdepense>66871.470000</montantdepense>
        <description>Ajout d'une fonctionalité ("Collegiate Link Co-curricular Tools") à la licence "CL" et renouvellement des licences "BLSA" et "CL" (incluant "Co-curricular Tools") pour 2017-2018; Prix de $49,826 USD converti au taux de change à la fermeture du 28 novembre 2016 (1.3421)</description>
        <nomcontractant>Higher One, Inc.</nomcontractant>
        <neqcontractant />
      </depense>
    </depenses>
  </avis>
  <avis>
    <numeroseao>1230734</numeroseao>
    <numero>87810119</numero>
    <depenses>
      <depense>
        <datedepense>2019-01-30</datedepense>
        <datepublicationdepense>2019-01-30</datepublicationdepense>
        <montantdepense>18216.750000</montantdepense>
        <description>Surprise non prévue ; désamiantage et démolition non prévu </description>
        <nomcontractant>Construction Mafranc Inc.</nomcontractant>
        <neqcontractant>1143061902</neqcontractant>
      </depense>
    </depenses>
  </avis>
</export>