<?xml version="1.0" encoding="utf-8"?>
<export xmlns:xsi="http://www.w3.org/2001/XMLSchema-instance" xmlns:xsd="http://www.w3.org/2001/XMLSchema" datedebut="2021-12-01" datefin="2021-12-31">
  <contrat>
    <numeroseao>512289</numeroseao>
    <numero>8401-11-0907</numero>
    <datefinale>2017-07-17</datefinale>
    <datepublicationfinale>2014-12-15</datepublicationfinale>
    <montantfinal>8400647.750000</montantfinal>
    <nomcontractant>CONSTRUCTION DJL INC.</nomcontractant>
    <neqcontractant>1147218763</neqcontractant>
  </contrat>
  <contrat>
    <numeroseao>931332</numeroseao>
    <numero>28015700</numero>
    <datefinale>2021-04-30</datefinale>
    <datepublicationfinale>2021-07-29</datepublicationfinale>
    <montantfinal>319226.370000</montantfinal>
    <nomcontractant>NASCO ENTRETIEN MÉNAGER D'IMMEUBLES INC.</nomcontractant>
    <neqcontractant>1143653492</neqcontractant>
  </contrat>
  <contrat>
    <numeroseao>976339</numeroseao>
    <numero>29540400</numero>
    <datefinale>2021-07-31</datefinale>
    <datepublicationfinale>2021-09-09</datepublicationfinale>
    <montantfinal>55299.240000</montantfinal>
    <nomcontractant>Nasco entretien ménager d'immeubles</nomcontractant>
    <neqcontractant>1143653492</neqcontractant>
  </contrat>
  <contrat>
    <numeroseao>980996</numeroseao>
    <numero>DB13689</numero>
    <datefinale>2021-06-30</datefinale>
    <datepublicationfinale>2021-11-08</datepublicationfinale>
    <montantfinal>157204.000000</montantfinal>
    <nomcontractant>ASCENSEURS VIAU INC.</nomcontractant>
    <neqcontractant>1161135307</neqcontractant>
  </contrat>
  <contrat>
    <numeroseao>1025716</numeroseao>
    <numero>2016-363</numero>
    <datefinale>2019-01-24</datefinale>
    <datepublicationfinale>2020-11-20</datepublicationfinale>
    <montantfinal>478729.130000</montantfinal>
    <nomcontractant>ELECTRO SAGUENAY LTÉE</nomcontractant>
    <neqcontractant>1143228782</neqcontractant>
  </contrat>
  <contrat>
    <numeroseao>1076837</numeroseao>
    <numero>6603-17-NM01</numero>
    <datefinale>2020-07-26</datefinale>
    <datepublicationfinale>2020-10-05</datepublicationfinale>
    <montantfinal>671181.250000</montantfinal>
    <nomcontractant>9150-0124 QUÉBEC INC.</nomcontractant>
    <neqcontractant>1162666482</neqcontractant>
  </contrat>
  <contrat>
    <numeroseao>1084840</numeroseao>
    <numero>407910</numero>
    <datefinale>2018-06-19</datefinale>
    <datepublicationfinale>2018-09-12</datepublicationfinale>
    <montantfinal>68589.160000</montantfinal>
    <nomcontractant>NÉOLECT INC.</nomcontractant>
    <neqcontractant>1166302126</neqcontractant>
  </contrat>
  <contrat>
    <numeroseao>1133059</numeroseao>
    <numero>2017-00-2740-08AI</numero>
    <datefinale>2021-11-12</datefinale>
    <datepublicationfinale>2021-11-23</datepublicationfinale>
    <montantfinal>37825.000000</montantfinal>
    <nomcontractant>Bell Canada</nomcontractant>
    <neqcontractant>1172462849</neqcontractant>
  </contrat>
  <contrat>
    <numeroseao>1154899</numeroseao>
    <numero>CISSSLAU-VB-AO-20180409</numero>
    <datefinale>2021-07-31</datefinale>
    <datepublicationfinale>2021-11-22</datepublicationfinale>
    <montantfinal>550165.000000</montantfinal>
    <nomcontractant>CONFORTMÉDIC TECHNOLOGIES INC. </nomcontractant>
    <neqcontractant>1164967904</neqcontractant>
  </contrat>
  <contrat>
    <numeroseao>1159302</numeroseao>
    <numero>9008-18-SH01</numero>
    <datefinale>2021-09-23</datefinale>
    <datepublicationfinale>2021-11-18</datepublicationfinale>
    <montantfinal>82428.650000</montantfinal>
    <nomcontractant>LES ENTREPRISES MYRROY INC.</nomcontractant>
    <neqcontractant>1146685178</neqcontractant>
  </contrat>
  <contrat>
    <numeroseao>1173666</numeroseao>
    <numero>6407-18-4529</numero>
    <datefinale>2021-11-24</datefinale>
    <datepublicationfinale>2019-09-25</datepublicationfinale>
    <montantfinal>664081.520000</montantfinal>
    <nomcontractant>EXCAVATIONS TOURIGNY INC.</nomcontractant>
    <neqcontractant>1147893409</neqcontractant>
  </contrat>
  <contrat>
    <numeroseao>1175353</numeroseao>
    <numero>304801BC1056252</numero>
    <datefinale>2018-11-02</datefinale>
    <datepublicationfinale>2018-06-18</datepublicationfinale>
    <montantfinal>28743.750000</montantfinal>
    <nomcontractant>Cogeco N</nomcontractant>
    <neqcontractant />
  </contrat>
  <contrat>
    <numeroseao>1194825</numeroseao>
    <numero>2018STC574</numero>
    <datefinale>2021-09-30</datefinale>
    <datepublicationfinale>2021-10-07</datepublicationfinale>
    <montantfinal>175583.370000</montantfinal>
    <nomcontractant>SERVICE SANITAIRE FRONTENAC LTÉE</nomcontractant>
    <neqcontractant>1142883132</neqcontractant>
  </contrat>
  <contrat>
    <numeroseao>1195044</numeroseao>
    <numero>2018SCT567</numero>
    <datefinale>2021-09-30</datefinale>
    <datepublicationfinale>2021-10-12</datepublicationfinale>
    <montantfinal>103410.000000</montantfinal>
    <nomcontractant>SERVICE KVP INC.</nomcontractant>
    <neqcontractant>1169736312</neqcontractant>
  </contrat>
  <contrat>
    <numeroseao>1220547</numeroseao>
    <numero>Contrat 2019-02-SP</numero>
    <datefinale>2021-11-30</datefinale>
    <datepublicationfinale>2021-06-04</datepublicationfinale>
    <montantfinal>302719.710000</montantfinal>
    <nomcontractant>GBI EXPERTS-CONSEILS INC.</nomcontractant>
    <neqcontractant>1148115281</neqcontractant>
  </contrat>
  <contrat>
    <numeroseao>1268430</numeroseao>
    <numero>44511864</numero>
    <datefinale>2021-06-22</datefinale>
    <datepublicationfinale>2021-07-26</datepublicationfinale>
    <montantfinal>129058.750000</montantfinal>
    <nomcontractant>SÉGUIN MORRIS INC.</nomcontractant>
    <neqcontractant>1143119205</neqcontractant>
  </contrat>
  <contrat>
    <numeroseao>1349073</numeroseao>
    <numero>999109359</numero>
    <datefinale />
    <datepublicationfinale>2021-05-12</datepublicationfinale>
    <montantfinal>0.000000</montantfinal>
    <nomcontractant>CONNEX Québec inc.</nomcontractant>
    <neqcontractant>1168018977</neqcontractant>
  </contrat>
  <contrat>
    <numeroseao>1356231</numeroseao>
    <numero>44516908</numero>
    <datefinale>2021-06-23</datefinale>
    <datepublicationfinale>2021-07-27</datepublicationfinale>
    <montantfinal>90609.000000</montantfinal>
    <nomcontractant>Regulvar Inc..</nomcontractant>
    <neqcontractant>1146502761</neqcontractant>
  </contrat>
  <contrat>
    <numeroseao>1360023</numeroseao>
    <numero>20-102 - 026148070</numero>
    <datefinale>2021-10-09</datefinale>
    <datepublicationfinale>2021-08-20</datepublicationfinale>
    <montantfinal>98271.370000</montantfinal>
    <nomcontractant>MGB ASSOCIÉS INC.</nomcontractant>
    <neqcontractant>1140350373</neqcontractant>
  </contrat>
  <contrat>
    <numeroseao>1368056</numeroseao>
    <numero>28011</numero>
    <datefinale>2021-01-26</datefinale>
    <datepublicationfinale>2021-09-27</datepublicationfinale>
    <montantfinal>101600.000000</montantfinal>
    <nomcontractant>Patrick Galipault</nomcontractant>
    <neqcontractant />
  </contrat>
  <contrat>
    <numeroseao>1374498</numeroseao>
    <numero>20-012 - 033125938</numero>
    <datefinale>2021-10-20</datefinale>
    <datepublicationfinale>2021-09-20</datepublicationfinale>
    <montantfinal>134900.000000</montantfinal>
    <nomcontractant>Les Constructions Serbec Inc.</nomcontractant>
    <neqcontractant>1167832824</neqcontractant>
  </contrat>
  <contrat>
    <numeroseao>1380878</numeroseao>
    <numero>7103-20-PZ01</numero>
    <datefinale>2021-12-10</datefinale>
    <datepublicationfinale>2021-09-07</datepublicationfinale>
    <montantfinal>401939.010000</montantfinal>
    <nomcontractant>Can-Explore inc.</nomcontractant>
    <neqcontractant>1169863447</neqcontractant>
  </contrat>
  <contrat>
    <numeroseao>1383732</numeroseao>
    <numero>44518456</numero>
    <datefinale>2021-06-29</datefinale>
    <datepublicationfinale>2021-07-26</datepublicationfinale>
    <montantfinal>119903.960000</montantfinal>
    <nomcontractant>Les Constructions B.G.P.</nomcontractant>
    <neqcontractant>1172279631</neqcontractant>
  </contrat>
  <contrat>
    <numeroseao>1419091</numeroseao>
    <numero>CO2020-6340</numero>
    <datefinale>2021-03-31</datefinale>
    <datepublicationfinale>2021-09-22</datepublicationfinale>
    <montantfinal>48000.000000</montantfinal>
    <nomcontractant>Bell Canada</nomcontractant>
    <neqcontractant>1172462849</neqcontractant>
  </contrat>
  <contrat>
    <numeroseao>1427250</numeroseao>
    <numero>DIRM 20201125 ALU</numero>
    <datefinale>2021-06-01</datefinale>
    <datepublicationfinale>2021-11-02</datepublicationfinale>
    <montantfinal>238345.000000</montantfinal>
    <nomcontractant>SHAWINIGAN MARINE INC.</nomcontractant>
    <neqcontractant>1174051822</neqcontractant>
  </contrat>
  <contrat>
    <numeroseao>1434231</numeroseao>
    <numero>38088800</numero>
    <datefinale>2021-02-28</datefinale>
    <datepublicationfinale>2021-04-14</datepublicationfinale>
    <montantfinal>44496.240000</montantfinal>
    <nomcontractant>Honeywell Ltée (Lachine)</nomcontractant>
    <neqcontractant>1160665643</neqcontractant>
  </contrat>
  <contrat>
    <numeroseao>1441147</numeroseao>
    <numero>CO2020-6450</numero>
    <datefinale>2021-07-14</datefinale>
    <datepublicationfinale>2021-09-27</datepublicationfinale>
    <montantfinal>52529.070000</montantfinal>
    <nomcontractant>AQUA-BLANC INC.</nomcontractant>
    <neqcontractant>1146330825</neqcontractant>
  </contrat>
  <contrat>
    <numeroseao>1450484</numeroseao>
    <numero>INSPQ-10221-1</numero>
    <datefinale>2021-10-31</datefinale>
    <datepublicationfinale>2021-09-02</datepublicationfinale>
    <montantfinal>76047.750000</montantfinal>
    <nomcontractant>Novaconcept Formation inc.</nomcontractant>
    <neqcontractant>1149531833</neqcontractant>
  </contrat>
  <contrat>
    <numeroseao>1452840</numeroseao>
    <numero>20-360 - 025157172</numero>
    <datefinale>2021-12-16</datefinale>
    <datepublicationfinale>2021-11-11</datepublicationfinale>
    <montantfinal>30272.400000</montantfinal>
    <nomcontractant>CLIMATISATION MORRISON INC.</nomcontractant>
    <neqcontractant>1145475118</neqcontractant>
  </contrat>
  <contrat>
    <numeroseao>1476757</numeroseao>
    <numero>RPPS21-01012-GG</numero>
    <datefinale>2021-06-17</datefinale>
    <datepublicationfinale>2021-08-09</datepublicationfinale>
    <montantfinal>60661.780000</montantfinal>
    <nomcontractant>Uxbridge Nurseries Ltd.</nomcontractant>
    <neqcontractant />
  </contrat>
  <contrat>
    <numeroseao>1477005</numeroseao>
    <numero>44523451</numero>
    <datefinale>2021-04-16</datefinale>
    <datepublicationfinale>2021-07-28</datepublicationfinale>
    <montantfinal>165958.230000</montantfinal>
    <nomcontractant>Société de développement de la Baie-James</nomcontractant>
    <neqcontractant>8812180956</neqcontractant>
  </contrat>
  <contrat>
    <numeroseao>1500470</numeroseao>
    <numero>DP-21-059 (ÉQ-20-21B)</numero>
    <datefinale>2021-11-19</datefinale>
    <datepublicationfinale>2021-10-27</datepublicationfinale>
    <montantfinal>58578.060000</montantfinal>
    <nomcontractant>PRODUITS D'ÉLECTRONIQUE ET DE SIGNALISATION (P.E.S.) CANADA INC.</nomcontractant>
    <neqcontractant>1149543804</neqcontractant>
  </contrat>
  <contrat>
    <numeroseao>1514561</numeroseao>
    <numero>20211075</numero>
    <datefinale>2021-11-15</datefinale>
    <datepublicationfinale>2021-11-17</datepublicationfinale>
    <montantfinal>27241.970000</montantfinal>
    <nomcontractant>SOLUTIONS CLÔTURES INC.</nomcontractant>
    <neqcontractant>1172020860</neqcontractant>
  </contrat>
  <contrat>
    <numeroseao>1543558</numeroseao>
    <numero>P21-1123JDE</numero>
    <datefinale>2020-10-21</datefinale>
    <datepublicationfinale>2021-11-12</datepublicationfinale>
    <montantfinal>45107.250000</montantfinal>
    <nomcontractant>Pathcare Medical Inc</nomcontractant>
    <neqcontractant />
  </contrat>
  <contrat>
    <numeroseao>1545686</numeroseao>
    <numero>BC1474644</numero>
    <datefinale>2021-08-31</datefinale>
    <datepublicationfinale>2021-11-19</datepublicationfinale>
    <montantfinal>31540.580000</montantfinal>
    <nomcontractant>LOCATION SAUVAGEAU INC.</nomcontractant>
    <neqcontractant>1149887755</neqcontractant>
  </contrat>
</export>