<?xml version="1.0" encoding="utf-8"?>
<export xmlns:xsi="http://www.w3.org/2001/XMLSchema-instance" xmlns:xsd="http://www.w3.org/2001/XMLSchema" datedebut="2022-03-01" datefin="2022-03-31">
  <contrat>
    <numeroseao>517141</numeroseao>
    <numero>8503-11-1110</numero>
    <datefinale>2022-03-04</datefinale>
    <datepublicationfinale>2021-04-28</datepublicationfinale>
    <montantfinal>7781504.640000</montantfinal>
    <nomcontractant>Construction Garnier Ltée</nomcontractant>
    <neqcontractant>1144452167</neqcontractant>
  </contrat>
  <contrat>
    <numeroseao>706511</numeroseao>
    <numero>GAT 2013 SI 315</numero>
    <datefinale>2017-01-31</datefinale>
    <datepublicationfinale>2017-03-30</datepublicationfinale>
    <montantfinal>59674.090000</montantfinal>
    <nomcontractant>Exova Québec</nomcontractant>
    <neqcontractant>1160032398</neqcontractant>
  </contrat>
  <contrat>
    <numeroseao>743175</numeroseao>
    <numero>GAT 2014 SP 104</numero>
    <datefinale>2017-12-31</datefinale>
    <datepublicationfinale>2018-08-01</datepublicationfinale>
    <montantfinal>57914.260000</montantfinal>
    <nomcontractant>ROTOPLAST INC.</nomcontractant>
    <neqcontractant>1163944607</neqcontractant>
  </contrat>
  <contrat>
    <numeroseao>974552</numeroseao>
    <numero>7204-16-3502</numero>
    <datefinale>2022-03-14</datefinale>
    <datepublicationfinale>2019-06-20</datepublicationfinale>
    <montantfinal>1304541.520000</montantfinal>
    <nomcontractant>EDC Nord (9185-9280 Québec inc.)</nomcontractant>
    <neqcontractant>1164621667</neqcontractant>
  </contrat>
  <contrat>
    <numeroseao>984062</numeroseao>
    <numero>ACH500-354</numero>
    <datefinale>2016-07-31</datefinale>
    <datepublicationfinale>2017-09-12</datepublicationfinale>
    <montantfinal>398779.300000</montantfinal>
    <nomcontractant>INDUSTRIES TOROMONT LTEE</nomcontractant>
    <neqcontractant>1144694263</neqcontractant>
  </contrat>
  <contrat>
    <numeroseao>985663</numeroseao>
    <numero>28829</numero>
    <datefinale>2021-10-31</datefinale>
    <datepublicationfinale>2022-02-24</datepublicationfinale>
    <montantfinal>355336.830000</montantfinal>
    <nomcontractant>ENTRETIEN DRAGOMIR SENC</nomcontractant>
    <neqcontractant>3348507719</neqcontractant>
  </contrat>
  <contrat>
    <numeroseao>1013169</numeroseao>
    <numero>31684400</numero>
    <datefinale>2021-11-30</datefinale>
    <datepublicationfinale>2021-12-03</datepublicationfinale>
    <montantfinal>2654157.250000</montantfinal>
    <nomcontractant>Axia services</nomcontractant>
    <neqcontractant>1142208512</neqcontractant>
  </contrat>
  <contrat>
    <numeroseao>1018254</numeroseao>
    <numero>28944</numero>
    <datefinale>2019-09-12</datefinale>
    <datepublicationfinale>2021-02-11</datepublicationfinale>
    <montantfinal>787144.600000</montantfinal>
    <nomcontractant>AGI Environnement Inc.</nomcontractant>
    <neqcontractant>1171225460</neqcontractant>
  </contrat>
  <contrat>
    <numeroseao>1018555</numeroseao>
    <numero>31534000</numero>
    <datefinale>2021-11-30</datefinale>
    <datepublicationfinale>2022-02-14</datepublicationfinale>
    <montantfinal>272427.510000</montantfinal>
    <nomcontractant>ENTRETIEN FABIEN PERRON INC.</nomcontractant>
    <neqcontractant>1160032216</neqcontractant>
  </contrat>
  <contrat>
    <numeroseao>1045758</numeroseao>
    <numero>C-17-05-A</numero>
    <datefinale>2019-06-27</datefinale>
    <datepublicationfinale>2020-04-16</datepublicationfinale>
    <montantfinal>3763585.690000</montantfinal>
    <nomcontractant>LES ENTREPRISES MICHAUDVILLE INC.</nomcontractant>
    <neqcontractant>1142707943</neqcontractant>
  </contrat>
  <contrat>
    <numeroseao>1050534</numeroseao>
    <numero>29048</numero>
    <datefinale>2020-10-16</datefinale>
    <datepublicationfinale>2021-02-11</datepublicationfinale>
    <montantfinal>1135527.640000</montantfinal>
    <nomcontractant>LES CONSTRUCTIONS BERKA INC.</nomcontractant>
    <neqcontractant>1160248853</neqcontractant>
  </contrat>
  <contrat>
    <numeroseao>1064276</numeroseao>
    <numero>1428355</numero>
    <datefinale>2021-09-30</datefinale>
    <datepublicationfinale>2022-02-15</datepublicationfinale>
    <montantfinal>142235.590000</montantfinal>
    <nomcontractant>COMPAGNIE DE CHEMIN DE FER CANADIEN PACIFIQUE</nomcontractant>
    <neqcontractant>1142977165</neqcontractant>
  </contrat>
  <contrat>
    <numeroseao>1101776</numeroseao>
    <numero>8801-17-0221</numero>
    <datefinale>2022-03-11</datefinale>
    <datepublicationfinale>2020-04-20</datepublicationfinale>
    <montantfinal>2009280.130000</montantfinal>
    <nomcontractant>Gelco Construction inc.</nomcontractant>
    <neqcontractant>1144624518</neqcontractant>
  </contrat>
  <contrat>
    <numeroseao>1118370</numeroseao>
    <numero>SP-29352</numero>
    <datefinale>2019-10-29</datefinale>
    <datepublicationfinale>2021-02-22</datepublicationfinale>
    <montantfinal>1708510.920000</montantfinal>
    <nomcontractant>9200-2088 QUÉBEC INC.</nomcontractant>
    <neqcontractant>1165343220</neqcontractant>
  </contrat>
  <contrat>
    <numeroseao>1122497</numeroseao>
    <numero>50554</numero>
    <datefinale>2021-03-31</datefinale>
    <datepublicationfinale>2021-06-23</datepublicationfinale>
    <montantfinal>4841152.460000</montantfinal>
    <nomcontractant>LES ENTREPRISES QUÉBECHAB LTÉE</nomcontractant>
    <neqcontractant>1142765446</neqcontractant>
  </contrat>
  <contrat>
    <numeroseao>1123096</numeroseao>
    <numero>999108132</numero>
    <datefinale>2021-04-02</datefinale>
    <datepublicationfinale>2021-07-27</datepublicationfinale>
    <montantfinal>1299936.690000</montantfinal>
    <nomcontractant>R3D Conseil Inc.</nomcontractant>
    <neqcontractant>1145625696</neqcontractant>
  </contrat>
  <contrat>
    <numeroseao>1123096</numeroseao>
    <numero>999108132</numero>
    <datefinale>2021-04-02</datefinale>
    <datepublicationfinale>2021-07-27</datepublicationfinale>
    <montantfinal>1692312.500000</montantfinal>
    <nomcontractant>Groupe Alithya inc.</nomcontractant>
    <neqcontractant>1144392173</neqcontractant>
  </contrat>
  <contrat>
    <numeroseao>1127589</numeroseao>
    <numero>IMM-13-001C</numero>
    <datefinale>2018-11-30</datefinale>
    <datepublicationfinale>2018-12-11</datepublicationfinale>
    <montantfinal>1366752.150000</montantfinal>
    <nomcontractant>LE GROUPE DRUMCO CONSTRUCTION INC.</nomcontractant>
    <neqcontractant>1165510067</neqcontractant>
  </contrat>
  <contrat>
    <numeroseao>1132091</numeroseao>
    <numero>SP-29260</numero>
    <datefinale>2022-01-12</datefinale>
    <datepublicationfinale>2022-01-14</datepublicationfinale>
    <montantfinal>4660056.820000</montantfinal>
    <nomcontractant>RÉHABILITATION DU O INC.</nomcontractant>
    <neqcontractant>1168298256</neqcontractant>
  </contrat>
  <contrat>
    <numeroseao>1138881</numeroseao>
    <numero>SP-28524</numero>
    <datefinale>2021-10-28</datefinale>
    <datepublicationfinale>2021-02-22</datepublicationfinale>
    <montantfinal>6273715.240000</montantfinal>
    <nomcontractant>UNIROC CONSTRUCTION INC.</nomcontractant>
    <neqcontractant>1168784057</neqcontractant>
  </contrat>
  <contrat>
    <numeroseao>1152699</numeroseao>
    <numero>33622400</numero>
    <datefinale>2021-04-30</datefinale>
    <datepublicationfinale>2022-01-07</datepublicationfinale>
    <montantfinal>120442.960000</montantfinal>
    <nomcontractant>AV-TECH INC.</nomcontractant>
    <neqcontractant>1143543099</neqcontractant>
  </contrat>
  <contrat>
    <numeroseao>1153988</numeroseao>
    <numero>44509286</numero>
    <datefinale>2019-09-04</datefinale>
    <datepublicationfinale>2019-11-22</datepublicationfinale>
    <montantfinal>418432.570000</montantfinal>
    <nomcontractant>9140-0663 Québec Inc. (GS Construction)</nomcontractant>
    <neqcontractant>1162104666</neqcontractant>
  </contrat>
  <contrat>
    <numeroseao>1157983</numeroseao>
    <numero>999108562</numero>
    <datefinale>2021-09-16</datefinale>
    <datepublicationfinale>2022-02-28</datepublicationfinale>
    <montantfinal>2872030.340000</montantfinal>
    <nomcontractant>Groupe Alithya inc.</nomcontractant>
    <neqcontractant>1144392173</neqcontractant>
  </contrat>
  <contrat>
    <numeroseao>1170234</numeroseao>
    <numero>SP-29409</numero>
    <datefinale>2019-11-19</datefinale>
    <datepublicationfinale>2021-02-22</datepublicationfinale>
    <montantfinal>940801.320000</montantfinal>
    <nomcontractant>Eurovia Québec Construction Inc.</nomcontractant>
    <neqcontractant>1169491884</neqcontractant>
  </contrat>
  <contrat>
    <numeroseao>1214007</numeroseao>
    <numero>1322-11-18</numero>
    <datefinale>2019-08-23</datefinale>
    <datepublicationfinale>2021-05-06</datepublicationfinale>
    <montantfinal>305145.970000</montantfinal>
    <nomcontractant>GESTION VINCENT ET LIMOGES INC.</nomcontractant>
    <neqcontractant>1166322488</neqcontractant>
  </contrat>
  <contrat>
    <numeroseao>1219301</numeroseao>
    <numero>106228</numero>
    <datefinale>2021-10-31</datefinale>
    <datepublicationfinale>2021-11-22</datepublicationfinale>
    <montantfinal>269751.500000</montantfinal>
    <nomcontractant>ATCO Structures &amp; Logistics Ltd.</nomcontractant>
    <neqcontractant>1166001421</neqcontractant>
  </contrat>
  <contrat>
    <numeroseao>1219578</numeroseao>
    <numero>34136700</numero>
    <datefinale>2021-11-30</datefinale>
    <datepublicationfinale>2022-01-20</datepublicationfinale>
    <montantfinal>315511.940000</montantfinal>
    <nomcontractant>MULTI-ENERGIE BEST INC.</nomcontractant>
    <neqcontractant>1144040194</neqcontractant>
  </contrat>
  <contrat>
    <numeroseao>1239625</numeroseao>
    <numero>347493452</numero>
    <datefinale>2020-03-31</datefinale>
    <datepublicationfinale>2020-08-27</datepublicationfinale>
    <montantfinal>40725.000000</montantfinal>
    <nomcontractant>Carole Villeneuve</nomcontractant>
    <neqcontractant>2273880320</neqcontractant>
  </contrat>
  <contrat>
    <numeroseao>1244977</numeroseao>
    <numero>SP-29644</numero>
    <datefinale>2020-12-04</datefinale>
    <datepublicationfinale>2021-04-23</datepublicationfinale>
    <montantfinal>994756.700000</montantfinal>
    <nomcontractant>CONSTRUCTION VIATEK INC.</nomcontractant>
    <neqcontractant>1172284565</neqcontractant>
  </contrat>
  <contrat>
    <numeroseao>1263480</numeroseao>
    <numero>44512432</numero>
    <datefinale>2022-01-26</datefinale>
    <datepublicationfinale>2022-01-26</datepublicationfinale>
    <montantfinal>55200.000000</montantfinal>
    <nomcontractant>AMÉNAGEMENT FLASH INC.</nomcontractant>
    <neqcontractant>1170583745</neqcontractant>
  </contrat>
  <contrat>
    <numeroseao>1291975</numeroseao>
    <numero>SP-29818</numero>
    <datefinale>2021-07-31</datefinale>
    <datepublicationfinale>2021-09-16</datepublicationfinale>
    <montantfinal>213638.500000</montantfinal>
    <nomcontractant>ASCENSEURS VERTEC INC.</nomcontractant>
    <neqcontractant>1149394703</neqcontractant>
  </contrat>
  <contrat>
    <numeroseao>1324415</numeroseao>
    <numero>1920MCQ624</numero>
    <datefinale>2022-01-31</datefinale>
    <datepublicationfinale>2022-02-28</datepublicationfinale>
    <montantfinal>81915.000000</montantfinal>
    <nomcontractant>GE Sante Bio-Sciences Canada</nomcontractant>
    <neqcontractant>1171170187</neqcontractant>
  </contrat>
  <contrat>
    <numeroseao>1342573</numeroseao>
    <numero>2019-049-28-32RM</numero>
    <datefinale>2021-08-25</datefinale>
    <datepublicationfinale>2021-08-17</datepublicationfinale>
    <montantfinal>1476717.220000</montantfinal>
    <nomcontractant>CONSTRUCTION DENIS &amp; GHYSLAINE GAGNON INC.</nomcontractant>
    <neqcontractant>1144595452</neqcontractant>
  </contrat>
  <contrat>
    <numeroseao>1347436</numeroseao>
    <numero>9001-20-0201</numero>
    <datefinale>2022-03-04</datefinale>
    <datepublicationfinale>2022-01-07</datepublicationfinale>
    <montantfinal>3029131.460000</montantfinal>
    <nomcontractant>COFFREX INC.</nomcontractant>
    <neqcontractant>1172512155</neqcontractant>
  </contrat>
  <contrat>
    <numeroseao>1354721</numeroseao>
    <numero>4500807567</numero>
    <datefinale>2022-02-28</datefinale>
    <datepublicationfinale>2022-02-28</datepublicationfinale>
    <montantfinal>250591.000000</montantfinal>
    <nomcontractant>GE Santé Canada</nomcontractant>
    <neqcontractant>3362005533</neqcontractant>
  </contrat>
  <contrat>
    <numeroseao>1358105</numeroseao>
    <numero>2019-049-28-32RM-A-SP</numero>
    <datefinale>2021-08-30</datefinale>
    <datepublicationfinale>2021-08-17</datepublicationfinale>
    <montantfinal>112488.010000</montantfinal>
    <nomcontractant>Massicotte Maloney architectes</nomcontractant>
    <neqcontractant>3364300213</neqcontractant>
  </contrat>
  <contrat>
    <numeroseao>1358117</numeroseao>
    <numero>2019-084-19RM-SP</numero>
    <datefinale>2022-02-04</datefinale>
    <datepublicationfinale>2021-08-20</datepublicationfinale>
    <montantfinal>50532.960000</montantfinal>
    <nomcontractant>Kantum Élément inc.</nomcontractant>
    <neqcontractant>1171937767</neqcontractant>
  </contrat>
  <contrat>
    <numeroseao>1361228</numeroseao>
    <numero>CS101730</numero>
    <datefinale>2021-03-31</datefinale>
    <datepublicationfinale>2021-04-12</datepublicationfinale>
    <montantfinal>63598.480000</montantfinal>
    <nomcontractant>TELUS</nomcontractant>
    <neqcontractant>3363451546</neqcontractant>
  </contrat>
  <contrat>
    <numeroseao>1369785</numeroseao>
    <numero>2020-017-CG-GI</numero>
    <datefinale>2021-03-31</datefinale>
    <datepublicationfinale>2021-04-15</datepublicationfinale>
    <montantfinal>21011.600000</montantfinal>
    <nomcontractant>Groupe Dijon inc.</nomcontractant>
    <neqcontractant>1147787049</neqcontractant>
  </contrat>
  <contrat>
    <numeroseao>1375713</numeroseao>
    <numero>6501-20-1009</numero>
    <datefinale>2022-03-04</datefinale>
    <datepublicationfinale>2022-01-27</datepublicationfinale>
    <montantfinal>1244645.520000</montantfinal>
    <nomcontractant>Eurovia Québec Construction Inc.</nomcontractant>
    <neqcontractant>1169491884</neqcontractant>
  </contrat>
  <contrat>
    <numeroseao>1376310</numeroseao>
    <numero>IM11912</numero>
    <datefinale>2021-12-31</datefinale>
    <datepublicationfinale>2021-03-09</datepublicationfinale>
    <montantfinal>42459.000000</montantfinal>
    <nomcontractant>Solution Infomédia (filiale de Navigue.com)</nomcontractant>
    <neqcontractant>1146387718</neqcontractant>
  </contrat>
  <contrat>
    <numeroseao>1382795</numeroseao>
    <numero>347500613</numero>
    <datefinale>2021-02-28</datefinale>
    <datepublicationfinale>2021-04-22</datepublicationfinale>
    <montantfinal>71992.500000</montantfinal>
    <nomcontractant>BDO Canada s.r.l./s.e.n.c.r.l./LLP</nomcontractant>
    <neqcontractant>3342011858</neqcontractant>
  </contrat>
  <contrat>
    <numeroseao>1386792</numeroseao>
    <numero>2019-1361-20</numero>
    <datefinale>2022-03-29</datefinale>
    <datepublicationfinale>2022-02-18</datepublicationfinale>
    <montantfinal>82148.550000</montantfinal>
    <nomcontractant>SNC-LAVALIN INC.</nomcontractant>
    <neqcontractant>1142775999</neqcontractant>
  </contrat>
  <contrat>
    <numeroseao>1390313</numeroseao>
    <numero>INV-3444</numero>
    <datefinale>2021-10-21</datefinale>
    <datepublicationfinale>2022-02-24</datepublicationfinale>
    <montantfinal>73024.270000</montantfinal>
    <nomcontractant>Location Sauvageau Inc.</nomcontractant>
    <neqcontractant>1149887755</neqcontractant>
  </contrat>
  <contrat>
    <numeroseao>1395366</numeroseao>
    <numero>347501553</numero>
    <datefinale>2021-03-31</datefinale>
    <datepublicationfinale>2021-05-12</datepublicationfinale>
    <montantfinal>93492.680000</montantfinal>
    <nomcontractant>Samson &amp; associés CPA/Consultation inc.</nomcontractant>
    <neqcontractant>1166446741</neqcontractant>
  </contrat>
  <contrat>
    <numeroseao>1436602</numeroseao>
    <numero>2021-5181</numero>
    <datefinale>2021-12-17</datefinale>
    <datepublicationfinale>2022-02-01</datepublicationfinale>
    <montantfinal>93240.000000</montantfinal>
    <nomcontractant>ME2 Conseil inc.</nomcontractant>
    <neqcontractant>1173664005</neqcontractant>
  </contrat>
  <contrat>
    <numeroseao>1450088</numeroseao>
    <numero>2020/21-216</numero>
    <datefinale>2022-02-15</datefinale>
    <datepublicationfinale>2021-12-21</datepublicationfinale>
    <montantfinal>43530.000000</montantfinal>
    <nomcontractant>Regulvar Inc..</nomcontractant>
    <neqcontractant>1146502761</neqcontractant>
  </contrat>
  <contrat>
    <numeroseao>1457281</numeroseao>
    <numero>38210101</numero>
    <datefinale>2022-01-31</datefinale>
    <datepublicationfinale>2022-02-07</datepublicationfinale>
    <montantfinal>49380.000000</montantfinal>
    <nomcontractant>P.B. Entretien General (1994) inc.</nomcontractant>
    <neqcontractant>1147775226</neqcontractant>
  </contrat>
  <contrat>
    <numeroseao>1458918</numeroseao>
    <numero>7007-21-0208</numero>
    <datefinale>2022-01-13</datefinale>
    <datepublicationfinale>2022-01-14</datepublicationfinale>
    <montantfinal>294040.090000</montantfinal>
    <nomcontractant>LIXM ENTREPRENEUR GÉNÉRAL INC.</nomcontractant>
    <neqcontractant>1174985623</neqcontractant>
  </contrat>
  <contrat>
    <numeroseao>1464738</numeroseao>
    <numero>20-4394</numero>
    <datefinale>2021-09-16</datefinale>
    <datepublicationfinale>2022-02-24</datepublicationfinale>
    <montantfinal>390502.500000</montantfinal>
    <nomcontractant>Décor Experts Expo</nomcontractant>
    <neqcontractant>1140552978</neqcontractant>
  </contrat>
  <contrat>
    <numeroseao>1466709</numeroseao>
    <numero>5301-21-AP01</numero>
    <datefinale>2021-05-05</datefinale>
    <datepublicationfinale>2021-06-17</datepublicationfinale>
    <montantfinal>13256.880000</montantfinal>
    <nomcontractant>Softchoice LP</nomcontractant>
    <neqcontractant>3369689461</neqcontractant>
  </contrat>
  <contrat>
    <numeroseao>1468647</numeroseao>
    <numero>2021-004-CG-GI</numero>
    <datefinale>2021-05-31</datefinale>
    <datepublicationfinale>2022-01-28</datepublicationfinale>
    <montantfinal>36064.320000</montantfinal>
    <nomcontractant>construction Logitech inc.</nomcontractant>
    <neqcontractant>1167250993</neqcontractant>
  </contrat>
  <contrat>
    <numeroseao>1473904</numeroseao>
    <numero>7007-21-0211 </numero>
    <datefinale>2021-11-15</datefinale>
    <datepublicationfinale>2021-12-16</datepublicationfinale>
    <montantfinal>227459.320000</montantfinal>
    <nomcontractant>Construction PonViCom inc.</nomcontractant>
    <neqcontractant>1171407621</neqcontractant>
  </contrat>
  <contrat>
    <numeroseao>1475608</numeroseao>
    <numero>SP1903240-2021-001</numero>
    <datefinale>2021-05-29</datefinale>
    <datepublicationfinale>2021-09-20</datepublicationfinale>
    <montantfinal>37384.000000</montantfinal>
    <nomcontractant>Thompson Hine LLP</nomcontractant>
    <neqcontractant />
  </contrat>
  <contrat>
    <numeroseao>1477519</numeroseao>
    <numero>44509913</numero>
    <datefinale>2021-12-01</datefinale>
    <datepublicationfinale>2021-06-26</datepublicationfinale>
    <montantfinal>28650.000000</montantfinal>
    <nomcontractant>Bouthillette Parizeau inc.</nomcontractant>
    <neqcontractant>1142591438</neqcontractant>
  </contrat>
  <contrat>
    <numeroseao>1477649</numeroseao>
    <numero>2015-0539-82-80_21650</numero>
    <datefinale>2021-05-31</datefinale>
    <datepublicationfinale>2021-05-03</datepublicationfinale>
    <montantfinal>36442.340000</montantfinal>
    <nomcontractant>Excel Medical</nomcontractant>
    <neqcontractant>1171820245</neqcontractant>
  </contrat>
  <contrat>
    <numeroseao>1483757</numeroseao>
    <numero>PO NM240941</numero>
    <datefinale>2022-03-24</datefinale>
    <datepublicationfinale>2021-09-22</datepublicationfinale>
    <montantfinal>73337.500000</montantfinal>
    <nomcontractant>Labelle Tents Inc.</nomcontractant>
    <neqcontractant>1164436439</neqcontractant>
  </contrat>
  <contrat>
    <numeroseao>1490743</numeroseao>
    <numero>2021-017</numero>
    <datefinale>2021-06-18</datefinale>
    <datepublicationfinale>2021-07-28</datepublicationfinale>
    <montantfinal>38800.000000</montantfinal>
    <nomcontractant>9434-9917 Québec inc.</nomcontractant>
    <neqcontractant>1176241579</neqcontractant>
  </contrat>
  <contrat>
    <numeroseao>1491381</numeroseao>
    <numero>44509088</numero>
    <datefinale>2020-12-15</datefinale>
    <datepublicationfinale>2021-05-20</datepublicationfinale>
    <montantfinal>141359.050000</montantfinal>
    <nomcontractant>GROUPE M.E.A.S. INC.</nomcontractant>
    <neqcontractant>1169844058</neqcontractant>
  </contrat>
  <contrat>
    <numeroseao>1522291</numeroseao>
    <numero>2021-06</numero>
    <datefinale>2022-02-08</datefinale>
    <datepublicationfinale>2022-02-22</datepublicationfinale>
    <montantfinal>155326.010000</montantfinal>
    <nomcontractant>FST CANADA INC.</nomcontractant>
    <neqcontractant>1171680722</neqcontractant>
  </contrat>
  <contrat>
    <numeroseao>1533230</numeroseao>
    <numero>2022-1146</numero>
    <datefinale>2021-03-31</datefinale>
    <datepublicationfinale>2022-02-01</datepublicationfinale>
    <montantfinal>1271183.000000</montantfinal>
    <nomcontractant>9091-0043 QUÉBEC INC.</nomcontractant>
    <neqcontractant>1149339633</neqcontractant>
  </contrat>
  <contrat>
    <numeroseao>1537496</numeroseao>
    <numero>400366</numero>
    <datefinale>2022-02-25</datefinale>
    <datepublicationfinale>2022-02-21</datepublicationfinale>
    <montantfinal>28991.150000</montantfinal>
    <nomcontractant>FNX-INNOV INC.</nomcontractant>
    <neqcontractant>1174002437</neqcontractant>
  </contrat>
  <contrat>
    <numeroseao>1548813</numeroseao>
    <numero>20249</numero>
    <datefinale>2022-02-09</datefinale>
    <datepublicationfinale>2021-12-14</datepublicationfinale>
    <montantfinal>186077.070000</montantfinal>
    <nomcontractant>SNC-LAVALIN INC.</nomcontractant>
    <neqcontractant>1142775999</neqcontractant>
  </contrat>
  <contrat>
    <numeroseao>1549008</numeroseao>
    <numero>DMOT21-073 </numero>
    <datefinale>2022-02-02</datefinale>
    <datepublicationfinale>2022-02-21</datepublicationfinale>
    <montantfinal>12324.480000</montantfinal>
    <nomcontractant>OPEN TEXT CORPORATION</nomcontractant>
    <neqcontractant>1161179677</neqcontractant>
  </contrat>
  <contrat>
    <numeroseao>1549172</numeroseao>
    <numero>2403-21-AP52</numero>
    <datefinale>2022-02-21</datefinale>
    <datepublicationfinale>2022-02-23</datepublicationfinale>
    <montantfinal>15012.000000</montantfinal>
    <nomcontractant>CD Nova-Tech Inc.</nomcontractant>
    <neqcontractant />
  </contrat>
  <contrat>
    <numeroseao>1562332</numeroseao>
    <numero>EQ15116</numero>
    <datefinale>2021-12-24</datefinale>
    <datepublicationfinale>2022-01-20</datepublicationfinale>
    <montantfinal>0.000000</montantfinal>
    <nomcontractant>Vantage Endoscopy Inc.</nomcontractant>
    <neqcontractant />
  </contrat>
  <contrat>
    <numeroseao>1562355</numeroseao>
    <numero>EQ15117</numero>
    <datefinale>2021-12-31</datefinale>
    <datepublicationfinale>2022-01-20</datepublicationfinale>
    <montantfinal>0.000000</montantfinal>
    <nomcontractant>Vantage Endoscopy Inc.</nomcontractant>
    <neqcontractant />
  </contrat>
  <contrat>
    <numeroseao>1563314</numeroseao>
    <numero>0145</numero>
    <datefinale>2022-01-24</datefinale>
    <datepublicationfinale>2022-01-24</datepublicationfinale>
    <montantfinal>51932.980000</montantfinal>
    <nomcontractant>ALAIN LIZOTTE CONSTRUCTION INC.</nomcontractant>
    <neqcontractant>1163779854</neqcontractant>
  </contrat>
  <contrat>
    <numeroseao>1575859</numeroseao>
    <numero>2016-GG-001</numero>
    <datefinale>2020-10-21</datefinale>
    <datepublicationfinale>2022-02-24</datepublicationfinale>
    <montantfinal>233702.810000</montantfinal>
    <nomcontractant>ÉCOLE NATIONALE D'ADMINISTRATION PUBLIQUE</nomcontractant>
    <neqcontractant>8830281208</neqcontractant>
  </contrat>
</export>