<?xml version="1.0" encoding="utf-8"?>
<export xmlns:xsi="http://www.w3.org/2001/XMLSchema-instance" xmlns:xsd="http://www.w3.org/2001/XMLSchema" datedebut="2023-12-01" datefin="2023-12-31">
  <contrat>
    <numeroseao>274431</numeroseao>
    <numero>8701-08-0006R</numero>
    <datefinale>2023-11-29</datefinale>
    <datepublicationfinale>2023-03-20</datepublicationfinale>
    <montantfinal>826672.390000</montantfinal>
    <nomcontractant>LOISELLE INC.</nomcontractant>
    <neqcontractant>1142482703</neqcontractant>
  </contrat>
  <contrat>
    <numeroseao>553327</numeroseao>
    <numero>9001-12-0210</numero>
    <datefinale>2014-01-20</datefinale>
    <datepublicationfinale>2013-11-27</datepublicationfinale>
    <montantfinal>614011.300000</montantfinal>
    <nomcontractant>LE GROUPE POIRIER INC.</nomcontractant>
    <neqcontractant>1141726050</neqcontractant>
  </contrat>
  <contrat>
    <numeroseao>664028</numeroseao>
    <numero>6607-13-AP02</numero>
    <datefinale>2013-10-17</datefinale>
    <datepublicationfinale>2013-12-10</datepublicationfinale>
    <montantfinal>29764.330000</montantfinal>
    <nomcontractant>Pavage Centre Sud du Québec inc.</nomcontractant>
    <neqcontractant />
  </contrat>
  <contrat>
    <numeroseao>786803</numeroseao>
    <numero>6407-14-1003</numero>
    <datefinale>2014-11-28</datefinale>
    <datepublicationfinale>2015-01-09</datepublicationfinale>
    <montantfinal>325921.870000</montantfinal>
    <nomcontractant>PAVAGE CENTRE SUD DU QUÉBEC INC.</nomcontractant>
    <neqcontractant>1163867907</neqcontractant>
  </contrat>
  <contrat>
    <numeroseao>880427</numeroseao>
    <numero>2015-03-09.1</numero>
    <datefinale>2017-04-15</datefinale>
    <datepublicationfinale>2022-10-27</datepublicationfinale>
    <montantfinal>573210.530000</montantfinal>
    <nomcontractant>ISR Transit</nomcontractant>
    <neqcontractant>1165893216</neqcontractant>
  </contrat>
  <contrat>
    <numeroseao>900546</numeroseao>
    <numero>2015-P-30</numero>
    <datefinale>2018-12-12</datefinale>
    <datepublicationfinale>2023-11-23</datepublicationfinale>
    <montantfinal>113824.730000</montantfinal>
    <nomcontractant>LES PEINTURES EUROTECK INC.</nomcontractant>
    <neqcontractant>1174899782</neqcontractant>
  </contrat>
  <contrat>
    <numeroseao>1046621</numeroseao>
    <numero>6803-16-FA07</numero>
    <datefinale>2023-11-30</datefinale>
    <datepublicationfinale>2021-04-28</datepublicationfinale>
    <montantfinal>24609.460000</montantfinal>
    <nomcontractant>WSP Canada inc.</nomcontractant>
    <neqcontractant>1148357057</neqcontractant>
  </contrat>
  <contrat>
    <numeroseao>1161514</numeroseao>
    <numero>5003956</numero>
    <datefinale>2023-09-30</datefinale>
    <datepublicationfinale>2023-09-18</datepublicationfinale>
    <montantfinal>1122872.880000</montantfinal>
    <nomcontractant>Fondation Compagnom</nomcontractant>
    <neqcontractant>1168715036</neqcontractant>
  </contrat>
  <contrat>
    <numeroseao>1224294</numeroseao>
    <numero>SP-29547</numero>
    <datefinale>2023-10-30</datefinale>
    <datepublicationfinale>2023-07-20</datepublicationfinale>
    <montantfinal>2726653.440000</montantfinal>
    <nomcontractant>TENAQUIP LIMITÉE</nomcontractant>
    <neqcontractant>1143588409</neqcontractant>
  </contrat>
  <contrat>
    <numeroseao>1270416</numeroseao>
    <numero>2019-1532A02</numero>
    <datefinale>2022-10-23</datefinale>
    <datepublicationfinale>2023-06-16</datepublicationfinale>
    <montantfinal>252312.000000</montantfinal>
    <nomcontractant>Courrier AeroLimo</nomcontractant>
    <neqcontractant>1166549254</neqcontractant>
  </contrat>
  <contrat>
    <numeroseao>1332080</numeroseao>
    <numero>6703-18-0915</numero>
    <datefinale>2023-12-14</datefinale>
    <datepublicationfinale>2021-12-16</datepublicationfinale>
    <montantfinal>6929478.280000</montantfinal>
    <nomcontractant>EJD Construction Inc.</nomcontractant>
    <neqcontractant>1169925311</neqcontractant>
  </contrat>
  <contrat>
    <numeroseao>1345741</numeroseao>
    <numero>1920-01-005</numero>
    <datefinale>2023-06-11</datefinale>
    <datepublicationfinale>2023-09-07</datepublicationfinale>
    <montantfinal>5148317.930000</montantfinal>
    <nomcontractant>MAÇONNERIE RAINVILLE &amp; FRÈRES INC.</nomcontractant>
    <neqcontractant>1162473921</neqcontractant>
  </contrat>
  <contrat>
    <numeroseao>1347444</numeroseao>
    <numero>9107-17-0201</numero>
    <datefinale>2023-12-06</datefinale>
    <datepublicationfinale>2022-12-12</datepublicationfinale>
    <montantfinal>1051075.020000</montantfinal>
    <nomcontractant>CONSTRUCTION B.C.K. INC.</nomcontractant>
    <neqcontractant>1144915569</neqcontractant>
  </contrat>
  <contrat>
    <numeroseao>1366869</numeroseao>
    <numero>44516941</numero>
    <datefinale>2021-12-06</datefinale>
    <datepublicationfinale>2022-09-12</datepublicationfinale>
    <montantfinal>73697.900000</montantfinal>
    <nomcontractant>Entretien Frechette et Grenier</nomcontractant>
    <neqcontractant>1147895883</neqcontractant>
  </contrat>
  <contrat>
    <numeroseao>1401750</numeroseao>
    <numero>2021MCQ290</numero>
    <datefinale>2023-08-31</datefinale>
    <datepublicationfinale>2023-11-03</datepublicationfinale>
    <montantfinal>967275.280000</montantfinal>
    <nomcontractant>BD - Canada</nomcontractant>
    <neqcontractant>1173028409</neqcontractant>
  </contrat>
  <contrat>
    <numeroseao>1404743</numeroseao>
    <numero>SRM032060</numero>
    <datefinale>2023-11-13</datefinale>
    <datepublicationfinale>2023-11-22</datepublicationfinale>
    <montantfinal>179489.710000</montantfinal>
    <nomcontractant>Les Architectes Bertrand Paquette</nomcontractant>
    <neqcontractant>3340275703</neqcontractant>
  </contrat>
  <contrat>
    <numeroseao>1439180</numeroseao>
    <numero>976-21</numero>
    <datefinale>2023-09-15</datefinale>
    <datepublicationfinale>2021-08-11</datepublicationfinale>
    <montantfinal>108393.560000</montantfinal>
    <nomcontractant>9254-8783 QUÉBEC INC.</nomcontractant>
    <neqcontractant>1167834648</neqcontractant>
  </contrat>
  <contrat>
    <numeroseao>1498525</numeroseao>
    <numero>2100-08349</numero>
    <datefinale>2023-11-30</datefinale>
    <datepublicationfinale>2023-08-30</datepublicationfinale>
    <montantfinal>874112.510000</montantfinal>
    <nomcontractant>Bouthillette Parizeau inc.</nomcontractant>
    <neqcontractant>1142591438</neqcontractant>
  </contrat>
  <contrat>
    <numeroseao>1503227</numeroseao>
    <numero>M.440.000.004 (2021-2022)</numero>
    <datefinale>2023-07-19</datefinale>
    <datepublicationfinale>2023-03-30</datepublicationfinale>
    <montantfinal>350547.870000</montantfinal>
    <nomcontractant>GILLES AUDET EXCAVATION INC.</nomcontractant>
    <neqcontractant>1166594631</neqcontractant>
  </contrat>
  <contrat>
    <numeroseao>1506814</numeroseao>
    <numero>BON212201798</numero>
    <datefinale>2022-07-18</datefinale>
    <datepublicationfinale>2022-08-31</datepublicationfinale>
    <montantfinal>37875.000000</montantfinal>
    <nomcontractant>Christine Demers Consultante</nomcontractant>
    <neqcontractant />
  </contrat>
  <contrat>
    <numeroseao>1529646</numeroseao>
    <numero>INV-3184</numero>
    <datefinale>2023-09-18</datefinale>
    <datepublicationfinale>2023-07-20</datepublicationfinale>
    <montantfinal>65432.190000</montantfinal>
    <nomcontractant>ÉQUATION GROUPE CONSEIL INC.</nomcontractant>
    <neqcontractant>1163129787</neqcontractant>
  </contrat>
  <contrat>
    <numeroseao>1534966</numeroseao>
    <numero>7001-21-0302</numero>
    <datefinale>2023-09-23</datefinale>
    <datepublicationfinale>2023-09-25</datepublicationfinale>
    <montantfinal>45143.000000</montantfinal>
    <nomcontractant>I.D.S. Énergie inc.</nomcontractant>
    <neqcontractant>1148444889</neqcontractant>
  </contrat>
  <contrat>
    <numeroseao>1536145</numeroseao>
    <numero>VPR-2021-03</numero>
    <datefinale>2023-08-06</datefinale>
    <datepublicationfinale>2023-06-27</datepublicationfinale>
    <montantfinal>215144.460000</montantfinal>
    <nomcontractant>SABLE MARCO INC.</nomcontractant>
    <neqcontractant>1160356862</neqcontractant>
  </contrat>
  <contrat>
    <numeroseao>1566642</numeroseao>
    <numero>ST-220-12696</numero>
    <datefinale>2023-07-10</datefinale>
    <datepublicationfinale>2023-07-11</datepublicationfinale>
    <montantfinal>263101.770000</montantfinal>
    <nomcontractant>CONSTRUCTION G-NESIS INC.</nomcontractant>
    <neqcontractant>1167215343</neqcontractant>
  </contrat>
  <contrat>
    <numeroseao>1579069</numeroseao>
    <numero>AO 1017-22</numero>
    <datefinale>2022-12-01</datefinale>
    <datepublicationfinale>2022-11-02</datepublicationfinale>
    <montantfinal>129625.850000</montantfinal>
    <nomcontractant>ST-GERMAIN ÉGOUTS ET AQUEDUCS INC.</nomcontractant>
    <neqcontractant>1147464847</neqcontractant>
  </contrat>
  <contrat>
    <numeroseao>1603002</numeroseao>
    <numero>1110</numero>
    <datefinale>2023-09-29</datefinale>
    <datepublicationfinale>2023-08-31</datepublicationfinale>
    <montantfinal>33789.180000</montantfinal>
    <nomcontractant>PAVAGE DES MOULINS INC.</nomcontractant>
    <neqcontractant>1162997721</neqcontractant>
  </contrat>
  <contrat>
    <numeroseao>1603026</numeroseao>
    <numero>S 280 429 640</numero>
    <datefinale>2023-11-23</datefinale>
    <datepublicationfinale>2023-11-22</datepublicationfinale>
    <montantfinal>0.000000</montantfinal>
    <nomcontractant>ALITHYA SERVICES-CONSEILS INC.</nomcontractant>
    <neqcontractant>1171011282</neqcontractant>
  </contrat>
  <contrat>
    <numeroseao>1630618</numeroseao>
    <numero>DOS-1083</numero>
    <datefinale>2023-11-09</datefinale>
    <datepublicationfinale>2023-07-20</datepublicationfinale>
    <montantfinal>113182.120000</montantfinal>
    <nomcontractant>9063-4825 QUÉBEC INC.</nomcontractant>
    <neqcontractant>1147696000</neqcontractant>
  </contrat>
  <contrat>
    <numeroseao>1638712</numeroseao>
    <numero>2223-10-012</numero>
    <datefinale>2023-06-15</datefinale>
    <datepublicationfinale>2023-09-13</datepublicationfinale>
    <montantfinal>598007.280000</montantfinal>
    <nomcontractant>CONSTRUCTIONS BSL INC.</nomcontractant>
    <neqcontractant>1141120692</neqcontractant>
  </contrat>
  <contrat>
    <numeroseao>1648876</numeroseao>
    <numero>7001379</numero>
    <datefinale>2023-04-30</datefinale>
    <datepublicationfinale>2023-09-15</datepublicationfinale>
    <montantfinal>38588.010000</montantfinal>
    <nomcontractant>content content inc.</nomcontractant>
    <neqcontractant>1173768475</neqcontractant>
  </contrat>
  <contrat>
    <numeroseao>1648900</numeroseao>
    <numero>100967</numero>
    <datefinale>2023-06-13</datefinale>
    <datepublicationfinale>2023-10-19</datepublicationfinale>
    <montantfinal>94049.550000</montantfinal>
    <nomcontractant>ORANGE TRAFIC INC.</nomcontractant>
    <neqcontractant>1169862571</neqcontractant>
  </contrat>
  <contrat>
    <numeroseao>1655048</numeroseao>
    <numero>2022-70-197</numero>
    <datefinale>2023-04-10</datefinale>
    <datepublicationfinale>2023-08-24</datepublicationfinale>
    <montantfinal>26254.540000</montantfinal>
    <nomcontractant>WILLIAMS SCOTSMAN OF CANADA, INC.</nomcontractant>
    <neqcontractant>1149248024</neqcontractant>
  </contrat>
  <contrat>
    <numeroseao>1656185</numeroseao>
    <numero>8901-22-0204</numero>
    <datefinale>2023-02-17</datefinale>
    <datepublicationfinale>2023-03-07</datepublicationfinale>
    <montantfinal>1943965.140000</montantfinal>
    <nomcontractant>Construction FGK inc.</nomcontractant>
    <neqcontractant>1169105724</neqcontractant>
  </contrat>
  <contrat>
    <numeroseao>1705815</numeroseao>
    <numero>6807-23-PZ01</numero>
    <datefinale>2023-12-01</datefinale>
    <datepublicationfinale>2023-10-31</datepublicationfinale>
    <montantfinal>15590.250000</montantfinal>
    <nomcontractant>Sécurité Mahikan inc.</nomcontractant>
    <neqcontractant>1173667560</neqcontractant>
  </contrat>
  <contrat>
    <numeroseao>1710102</numeroseao>
    <numero>6309-23-AP01</numero>
    <datefinale>2023-11-24</datefinale>
    <datepublicationfinale>2023-10-13</datepublicationfinale>
    <montantfinal>30000.000000</montantfinal>
    <nomcontractant>Entreprises P.E.C. inc., Les</nomcontractant>
    <neqcontractant>1143996057</neqcontractant>
  </contrat>
  <contrat>
    <numeroseao>1712901</numeroseao>
    <numero>9001-23-ZZ06</numero>
    <datefinale>2023-11-29</datefinale>
    <datepublicationfinale>2023-09-05</datepublicationfinale>
    <montantfinal>14000.000000</montantfinal>
    <nomcontractant>Aviatika Solutions inc.</nomcontractant>
    <neqcontractant>1172088487</neqcontractant>
  </contrat>
  <contrat>
    <numeroseao>1713796</numeroseao>
    <numero>4500997963</numero>
    <datefinale>2023-12-11</datefinale>
    <datepublicationfinale>2023-08-11</datepublicationfinale>
    <montantfinal>108630.000000</montantfinal>
    <nomcontractant>CONSTRUCTION EXCAVATION GILLES BOUCHARD INC.</nomcontractant>
    <neqcontractant>1170005368</neqcontractant>
  </contrat>
  <contrat>
    <numeroseao>1720498</numeroseao>
    <numero>CS33198</numero>
    <datefinale />
    <datepublicationfinale>2023-08-07</datepublicationfinale>
    <montantfinal>0.000000</montantfinal>
    <nomcontractant>MISTRAS SERVICES INC.</nomcontractant>
    <neqcontractant>1168303833</neqcontractant>
  </contrat>
  <contrat>
    <numeroseao>1731794</numeroseao>
    <numero>44534233</numero>
    <datefinale>2023-11-09</datefinale>
    <datepublicationfinale>2023-11-27</datepublicationfinale>
    <montantfinal>25408.030000</montantfinal>
    <nomcontractant>ARTOPEX INC.</nomcontractant>
    <neqcontractant>1140909160</neqcontractant>
  </contrat>
  <contrat>
    <numeroseao>1734095</numeroseao>
    <numero>4500013112</numero>
    <datefinale>2023-11-22</datefinale>
    <datepublicationfinale>2023-09-29</datepublicationfinale>
    <montantfinal>66137.970000</montantfinal>
    <nomcontractant>HUMANCE INC.</nomcontractant>
    <neqcontractant>1142945345</neqcontractant>
  </contrat>
  <contrat>
    <numeroseao>1735911</numeroseao>
    <numero>6614-23-EZ01</numero>
    <datefinale>2023-12-06</datefinale>
    <datepublicationfinale>2023-11-20</datepublicationfinale>
    <montantfinal>11257.570000</montantfinal>
    <nomcontractant>Ecce Terra arpenteurs-géomètres SENCRL</nomcontractant>
    <neqcontractant>3349451933</neqcontractant>
  </contrat>
</export>