{
	"type" : "FeatureCollection",
	"name" : "Arenas",
	"features" : [
		{
			"type" : "Feature",
			"geometry" : {
				"type" : "Point",
				"coordinates" : [ -72.7554948845, 46.5167579981 ]
			},
			"properties" : {
				"nom" : "Aréna Gilles-Bourassa",
				"adresse" : "1609, 117e Rue Tel : 819 536-2701",
				"url" : "https://www.shawinigan.ca/loisirs-et-culture/installations-sportives-et-recreatives/"
			}
		},
		{
			"type" : "Feature",
			"geometry" : {
				"type" : "Point",
				"coordinates" : [ -72.6898952588, 46.611799429 ]
			},
			"properties" : {
				"nom" : "Aréna de Grand-Mère",
				"adresse" : "601, 3e Avenue Tel : 819 538-3620 ",
				"url" : "https://www.shawinigan.ca/loisirs-et-culture/installations-sportives-et-recreatives/"
			}
		},
		{
			"type" : "Feature",
			"geometry" : {
				"type" : "Point",
				"coordinates" : [ -72.7451232381, 46.5475677931 ]
			},
			"properties" : {
				"nom" : "Centre Gervais Auto (amphithéâtre municipal)",
				"adresse" : "1, rue Jacques-Plante Tel : 819 536-5545  ",
				"url" : "https://www.shawinigan.ca/loisirs-et-culture/installations-sportives-et-recreatives/"
			}
		}
	]
}