<?xml version="1.0" encoding="utf-8"?>
<export xmlns:xsi="http://www.w3.org/2001/XMLSchema-instance" xmlns:xsd="http://www.w3.org/2001/XMLSchema" datedebut="2023-09-01" datefin="2023-09-30">
  <contrat>
    <numeroseao>738449</numeroseao>
    <numero>25092800</numero>
    <datefinale>2018-08-17</datefinale>
    <datepublicationfinale>2023-01-25</datepublicationfinale>
    <montantfinal>1691176.130000</montantfinal>
    <nomcontractant>9052-1170 QUÉBEC INC.</nomcontractant>
    <neqcontractant>1146928206</neqcontractant>
  </contrat>
  <contrat>
    <numeroseao>757276</numeroseao>
    <numero>25248400</numero>
    <datefinale>2022-11-11</datefinale>
    <datepublicationfinale>2023-01-27</datepublicationfinale>
    <montantfinal>3643000.000000</montantfinal>
    <nomcontractant>Les Architectes d'Aujourd'hui</nomcontractant>
    <neqcontractant />
  </contrat>
  <contrat>
    <numeroseao>799756</numeroseao>
    <numero>2014-870-01-01</numero>
    <datefinale>2021-09-30</datefinale>
    <datepublicationfinale>2023-07-03</datepublicationfinale>
    <montantfinal>4863561.960000</montantfinal>
    <nomcontractant>Transport Médicar</nomcontractant>
    <neqcontractant>1168431329</neqcontractant>
  </contrat>
  <contrat>
    <numeroseao>799756</numeroseao>
    <numero>2014-870-01-01</numero>
    <datefinale>2021-09-30</datefinale>
    <datepublicationfinale>2023-07-03</datepublicationfinale>
    <montantfinal>13064057.380000</montantfinal>
    <nomcontractant>DESSERCOM INC.</nomcontractant>
    <neqcontractant>1140139826</neqcontractant>
  </contrat>
  <contrat>
    <numeroseao>945138</numeroseao>
    <numero>7006-15-FD01</numero>
    <datefinale>2023-09-19</datefinale>
    <datepublicationfinale>2020-10-15</datepublicationfinale>
    <montantfinal>189888.630000</montantfinal>
    <nomcontractant>Stantec Experts-Conseils ltée.</nomcontractant>
    <neqcontractant>1170241336</neqcontractant>
  </contrat>
  <contrat>
    <numeroseao>983825</numeroseao>
    <numero>CE160008</numero>
    <datefinale>2021-07-28</datefinale>
    <datepublicationfinale>2021-07-28</datepublicationfinale>
    <montantfinal>289628.000000</montantfinal>
    <nomcontractant>NATURE-ACTION QUÉBEC INC.</nomcontractant>
    <neqcontractant>1143202183</neqcontractant>
  </contrat>
  <contrat>
    <numeroseao>1045006</numeroseao>
    <numero>1435697</numero>
    <datefinale>2021-01-19</datefinale>
    <datepublicationfinale>2023-01-23</datepublicationfinale>
    <montantfinal>294902.870000</montantfinal>
    <nomcontractant>SOLUTIONS OXILIO INC.</nomcontractant>
    <neqcontractant>1162215264</neqcontractant>
  </contrat>
  <contrat>
    <numeroseao>1121615</numeroseao>
    <numero>QC-RAMQ-20170727</numero>
    <datefinale>2023-07-31</datefinale>
    <datepublicationfinale>2023-07-04</datepublicationfinale>
    <montantfinal>383630.830000</montantfinal>
    <nomcontractant>LES SOLUTIONS VICTRIX INC.</nomcontractant>
    <neqcontractant>1167031799</neqcontractant>
  </contrat>
  <contrat>
    <numeroseao>1173979</numeroseao>
    <numero>8807-18-0304</numero>
    <datefinale>2021-08-31</datefinale>
    <datepublicationfinale>2021-12-13</datepublicationfinale>
    <montantfinal>2259385.950000</montantfinal>
    <nomcontractant>BRUNEAU ELECTRIQUE INC.</nomcontractant>
    <neqcontractant>1142851337</neqcontractant>
  </contrat>
  <contrat>
    <numeroseao>1182402</numeroseao>
    <numero>44509633</numero>
    <datefinale>2023-05-19</datefinale>
    <datepublicationfinale>2023-08-16</datepublicationfinale>
    <montantfinal>265956.000000</montantfinal>
    <nomcontractant>Lemay CO Inc.</nomcontractant>
    <neqcontractant>1149007115</neqcontractant>
  </contrat>
  <contrat>
    <numeroseao>1196820</numeroseao>
    <numero>44510367</numero>
    <datefinale>2023-02-02</datefinale>
    <datepublicationfinale>2023-08-16</datepublicationfinale>
    <montantfinal>478999.010000</montantfinal>
    <nomcontractant>BOUTHILLETTE PARIZEAU INC.</nomcontractant>
    <neqcontractant>1142591438</neqcontractant>
  </contrat>
  <contrat>
    <numeroseao>1199862</numeroseao>
    <numero>999733027</numero>
    <datefinale>2023-06-30</datefinale>
    <datepublicationfinale>2022-07-10</datepublicationfinale>
    <montantfinal>590000.000000</montantfinal>
    <nomcontractant>Décimal Technologies inc.</nomcontractant>
    <neqcontractant>1140293037</neqcontractant>
  </contrat>
  <contrat>
    <numeroseao>1201399</numeroseao>
    <numero>6802-17-MA02</numero>
    <datefinale />
    <datepublicationfinale>2022-03-07</datepublicationfinale>
    <montantfinal>0.000000</montantfinal>
    <nomcontractant>Jean-Pierre Cadrin &amp; ass. inc.</nomcontractant>
    <neqcontractant>1142793869</neqcontractant>
  </contrat>
  <contrat>
    <numeroseao>1234472</numeroseao>
    <numero>8912-19-PA03</numero>
    <datefinale>2022-12-07</datefinale>
    <datepublicationfinale>2022-04-05</datepublicationfinale>
    <montantfinal>87375.000000</montantfinal>
    <nomcontractant>Société pour la prévention de la cruauté envers les animaux de l'Outaouais inc.</nomcontractant>
    <neqcontractant>1145187291</neqcontractant>
  </contrat>
  <contrat>
    <numeroseao>1240217</numeroseao>
    <numero>8912-19-0303</numero>
    <datefinale>2022-05-31</datefinale>
    <datepublicationfinale>2022-04-08</datepublicationfinale>
    <montantfinal>722178.550000</montantfinal>
    <nomcontractant>Les Entreprises Électriques B. Marenger Div. 2794357 Canada inc.</nomcontractant>
    <neqcontractant>1142991042</neqcontractant>
  </contrat>
  <contrat>
    <numeroseao>1301372</numeroseao>
    <numero>45042062</numero>
    <datefinale>2017-12-31</datefinale>
    <datepublicationfinale>2019-09-03</datepublicationfinale>
    <montantfinal>172583.180000</montantfinal>
    <nomcontractant>Société en commandite Dream Office</nomcontractant>
    <neqcontractant>1148655070</neqcontractant>
  </contrat>
  <contrat>
    <numeroseao>1301411</numeroseao>
    <numero>45041459</numero>
    <datefinale>2017-12-01</datefinale>
    <datepublicationfinale>2019-09-03</datepublicationfinale>
    <montantfinal>92846.820000</montantfinal>
    <nomcontractant>Entreprises Lamar Inc</nomcontractant>
    <neqcontractant>1161047288</neqcontractant>
  </contrat>
  <contrat>
    <numeroseao>1309709</numeroseao>
    <numero>8807-19-SH02</numero>
    <datefinale>2022-11-22</datefinale>
    <datepublicationfinale>2023-01-16</datepublicationfinale>
    <montantfinal>580676.320000</montantfinal>
    <nomcontractant>VEOLIA ES CANADA SERVICES INDUSTRIELS INC.</nomcontractant>
    <neqcontractant>1166357260</neqcontractant>
  </contrat>
  <contrat>
    <numeroseao>1314695</numeroseao>
    <numero>INV-3055</numero>
    <datefinale>2023-02-07</datefinale>
    <datepublicationfinale>2023-07-20</datepublicationfinale>
    <montantfinal>72079.660000</montantfinal>
    <nomcontractant>CONCEPT CONTROLS INC</nomcontractant>
    <neqcontractant>1168477181</neqcontractant>
  </contrat>
  <contrat>
    <numeroseao>1320046</numeroseao>
    <numero>2019-217</numero>
    <datefinale>2021-12-31</datefinale>
    <datepublicationfinale>2021-08-05</datepublicationfinale>
    <montantfinal>182979.530000</montantfinal>
    <nomcontractant>BFL CANADA</nomcontractant>
    <neqcontractant>1142254748</neqcontractant>
  </contrat>
  <contrat>
    <numeroseao>1359603</numeroseao>
    <numero>2603-20-PE01</numero>
    <datefinale>2023-09-14</datefinale>
    <datepublicationfinale>2023-02-24</datepublicationfinale>
    <montantfinal>134855.950000</montantfinal>
    <nomcontractant>Miovision Technologies</nomcontractant>
    <neqcontractant />
  </contrat>
  <contrat>
    <numeroseao>1379820</numeroseao>
    <numero>44518786</numero>
    <datefinale>2023-03-31</datefinale>
    <datepublicationfinale>2023-05-18</datepublicationfinale>
    <montantfinal>91928.550000</montantfinal>
    <nomcontractant>CAIN LAMARRE, S.E.N.C.R.L.</nomcontractant>
    <neqcontractant>3348392302</neqcontractant>
  </contrat>
  <contrat>
    <numeroseao>1387706</numeroseao>
    <numero>45042223</numero>
    <datefinale>2017-08-23</datefinale>
    <datepublicationfinale>2020-07-02</datepublicationfinale>
    <montantfinal>34435.010000</montantfinal>
    <nomcontractant>Balai mécanique de rue Rive Sud</nomcontractant>
    <neqcontractant>1165860355</neqcontractant>
  </contrat>
  <contrat>
    <numeroseao>1408396</numeroseao>
    <numero>2021-4598</numero>
    <datefinale>2022-05-31</datefinale>
    <datepublicationfinale>2021-11-19</datepublicationfinale>
    <montantfinal>462300.000000</montantfinal>
    <nomcontractant>Excelsoins Cowansville, S.E.C.</nomcontractant>
    <neqcontractant>3375299073</neqcontractant>
  </contrat>
  <contrat>
    <numeroseao>1410737</numeroseao>
    <numero>BP2020-19110I</numero>
    <datefinale>2020-11-02</datefinale>
    <datepublicationfinale>2021-01-27</datepublicationfinale>
    <montantfinal>26306.280000</montantfinal>
    <nomcontractant>OMNI VENTILATION INC.</nomcontractant>
    <neqcontractant>1143497114</neqcontractant>
  </contrat>
  <contrat>
    <numeroseao>1463603</numeroseao>
    <numero>C-50598</numero>
    <datefinale>2023-09-11</datefinale>
    <datepublicationfinale>2023-03-31</datepublicationfinale>
    <montantfinal>45195.450000</montantfinal>
    <nomcontractant>Groupe Architecture MB inc.</nomcontractant>
    <neqcontractant>1170052238</neqcontractant>
  </contrat>
  <contrat>
    <numeroseao>1479241</numeroseao>
    <numero>7001045</numero>
    <datefinale>2023-03-28</datefinale>
    <datepublicationfinale>2023-04-13</datepublicationfinale>
    <montantfinal>87540.720000</montantfinal>
    <nomcontractant>Les industries Rouillard Inc.</nomcontractant>
    <neqcontractant>1165049264</neqcontractant>
  </contrat>
  <contrat>
    <numeroseao>1487053</numeroseao>
    <numero>445006674</numero>
    <datefinale>2022-06-21</datefinale>
    <datepublicationfinale>2023-01-09</datepublicationfinale>
    <montantfinal>504488.150000</montantfinal>
    <nomcontractant>SUPREMEX INC.</nomcontractant>
    <neqcontractant>1163590384</neqcontractant>
  </contrat>
  <contrat>
    <numeroseao>1503443</numeroseao>
    <numero>2021STC083</numero>
    <datefinale>2023-08-29</datefinale>
    <datepublicationfinale>2023-08-29</datepublicationfinale>
    <montantfinal>53639.310000</montantfinal>
    <nomcontractant>Panavidéo inc.</nomcontractant>
    <neqcontractant>1174459397</neqcontractant>
  </contrat>
  <contrat>
    <numeroseao>1503651</numeroseao>
    <numero>2021-033-9516-CS-AOP </numero>
    <datefinale>2023-05-14</datefinale>
    <datepublicationfinale>2023-05-30</datepublicationfinale>
    <montantfinal>617589.600000</montantfinal>
    <nomcontractant>AGENCE 4 VENTS INC.</nomcontractant>
    <neqcontractant>1175381996</neqcontractant>
  </contrat>
  <contrat>
    <numeroseao>1503651</numeroseao>
    <numero>2021-033-9516-CS-AOP </numero>
    <datefinale>2023-05-14</datefinale>
    <datepublicationfinale>2023-05-30</datepublicationfinale>
    <montantfinal>114823.950000</montantfinal>
    <nomcontractant>9104-8306 QUÉBEC INC.</nomcontractant>
    <neqcontractant>1160139946</neqcontractant>
  </contrat>
  <contrat>
    <numeroseao>1507157</numeroseao>
    <numero>44520345</numero>
    <datefinale>2023-07-31</datefinale>
    <datepublicationfinale>2023-07-31</datepublicationfinale>
    <montantfinal>711190.260000</montantfinal>
    <nomcontractant>St-Gelais Montminy &amp; Associés Architectes </nomcontractant>
    <neqcontractant>1174999574</neqcontractant>
  </contrat>
  <contrat>
    <numeroseao>1524719</numeroseao>
    <numero>INV-3672</numero>
    <datefinale />
    <datepublicationfinale>2023-02-23</datepublicationfinale>
    <montantfinal>0.000000</montantfinal>
    <nomcontractant>Parabellum Prime Corp.</nomcontractant>
    <neqcontractant />
  </contrat>
  <contrat>
    <numeroseao>1542342</numeroseao>
    <numero>445801817</numero>
    <datefinale>2022-10-28</datefinale>
    <datepublicationfinale>2022-12-09</datepublicationfinale>
    <montantfinal>57675.000000</montantfinal>
    <nomcontractant>OKIOK DATA LTÉE</nomcontractant>
    <neqcontractant>1144265767</neqcontractant>
  </contrat>
  <contrat>
    <numeroseao>1559890</numeroseao>
    <numero>2022-05</numero>
    <datefinale>2023-04-10</datefinale>
    <datepublicationfinale>2023-05-26</datepublicationfinale>
    <montantfinal>186221.000000</montantfinal>
    <nomcontractant>NEPTUNE SECURITY SERVICES INC.</nomcontractant>
    <neqcontractant>1168627108</neqcontractant>
  </contrat>
  <contrat>
    <numeroseao>1563092</numeroseao>
    <numero>44527262</numero>
    <datefinale>2023-06-05</datefinale>
    <datepublicationfinale>2023-07-05</datepublicationfinale>
    <montantfinal>133646.150000</montantfinal>
    <nomcontractant>Construction Serge Bergeron inc.</nomcontractant>
    <neqcontractant>1173424731</neqcontractant>
  </contrat>
  <contrat>
    <numeroseao>1565325</numeroseao>
    <numero>44527137</numero>
    <datefinale>2023-08-02</datefinale>
    <datepublicationfinale>2023-08-04</datepublicationfinale>
    <montantfinal>101694.730000</montantfinal>
    <nomcontractant>GROUPE ST-GELAIS INC.</nomcontractant>
    <neqcontractant>1167836304</neqcontractant>
  </contrat>
  <contrat>
    <numeroseao>1578690</numeroseao>
    <numero>39143500</numero>
    <datefinale>2023-08-13</datefinale>
    <datepublicationfinale>2022-04-18</datepublicationfinale>
    <montantfinal>31990.000000</montantfinal>
    <nomcontractant>SOLUTIONS ENVIRONNEMENTALES ET ÉNERGÉTIQUES LAPOINTE INC.</nomcontractant>
    <neqcontractant>1164377328</neqcontractant>
  </contrat>
  <contrat>
    <numeroseao>1598350</numeroseao>
    <numero>AO 74-2022-02</numero>
    <datefinale>2023-08-18</datefinale>
    <datepublicationfinale>2023-05-29</datepublicationfinale>
    <montantfinal>1037905.850000</montantfinal>
    <nomcontractant>demospec déconstruction inc.</nomcontractant>
    <neqcontractant>1173732075</neqcontractant>
  </contrat>
  <contrat>
    <numeroseao>1598511</numeroseao>
    <numero>22LCVC78</numero>
    <datefinale>2022-12-31</datefinale>
    <datepublicationfinale>2023-03-10</datepublicationfinale>
    <montantfinal>28082.720000</montantfinal>
    <nomcontractant>LES AUTOBUS ROBERT LTEE</nomcontractant>
    <neqcontractant>1143295690</neqcontractant>
  </contrat>
  <contrat>
    <numeroseao>1604903</numeroseao>
    <numero>44528375</numero>
    <datefinale>2023-08-16</datefinale>
    <datepublicationfinale>2023-08-17</datepublicationfinale>
    <montantfinal>27542.170000</montantfinal>
    <nomcontractant>SERRURIER EXCEL INC.</nomcontractant>
    <neqcontractant>1144218030</neqcontractant>
  </contrat>
  <contrat>
    <numeroseao>1615096</numeroseao>
    <numero>AO-2022-046-LT</numero>
    <datefinale>2022-08-31</datefinale>
    <datepublicationfinale>2023-07-24</datepublicationfinale>
    <montantfinal>56375.000000</montantfinal>
    <nomcontractant>MICRO LOGIC SAINTE-FOY LTÉE</nomcontractant>
    <neqcontractant>1172265846</neqcontractant>
  </contrat>
  <contrat>
    <numeroseao>1639932</numeroseao>
    <numero>P1455-01-03/2021-083</numero>
    <datefinale />
    <datepublicationfinale>2023-06-15</datepublicationfinale>
    <montantfinal>62629.970000</montantfinal>
    <nomcontractant>TERRAIN SERVICES INC.</nomcontractant>
    <neqcontractant>1171690135</neqcontractant>
  </contrat>
  <contrat>
    <numeroseao>1642227</numeroseao>
    <numero>DR22-DDP-076</numero>
    <datefinale>2023-07-20</datefinale>
    <datepublicationfinale>2023-07-20</datepublicationfinale>
    <montantfinal>67561.960000</montantfinal>
    <nomcontractant>CARRIÈRE D'ACTON VALE LTÉE</nomcontractant>
    <neqcontractant>1143960194</neqcontractant>
  </contrat>
  <contrat>
    <numeroseao>1644870</numeroseao>
    <numero>2022-061-FP</numero>
    <datefinale>2023-05-16</datefinale>
    <datepublicationfinale>2023-06-02</datepublicationfinale>
    <montantfinal>49000.000000</montantfinal>
    <nomcontractant>TUNGSTEN VISUEL INC.</nomcontractant>
    <neqcontractant>1165427767</neqcontractant>
  </contrat>
  <contrat>
    <numeroseao>1650568</numeroseao>
    <numero>DMA20773</numero>
    <datefinale>2023-09-08</datefinale>
    <datepublicationfinale>2023-04-17</datepublicationfinale>
    <montantfinal>71260.000000</montantfinal>
    <nomcontractant>CIMA+ S.E.N.C.</nomcontractant>
    <neqcontractant>3340563140</neqcontractant>
  </contrat>
  <contrat>
    <numeroseao>1656700</numeroseao>
    <numero>2023-0968</numero>
    <datefinale>2023-03-31</datefinale>
    <datepublicationfinale>2023-05-05</datepublicationfinale>
    <montantfinal>102733.500000</montantfinal>
    <nomcontractant>9214-2025 QUÉBEC INC.</nomcontractant>
    <neqcontractant>1171493621</neqcontractant>
  </contrat>
  <contrat>
    <numeroseao>1658821</numeroseao>
    <numero>2200-04521</numero>
    <datefinale>2023-09-06</datefinale>
    <datepublicationfinale>2022-11-03</datepublicationfinale>
    <montantfinal>34392.500000</montantfinal>
    <nomcontractant>LES SERVICES EXP INC.</nomcontractant>
    <neqcontractant>1167268128</neqcontractant>
  </contrat>
  <contrat>
    <numeroseao>1659343</numeroseao>
    <numero>44530823</numero>
    <datefinale>2023-03-29</datefinale>
    <datepublicationfinale>2023-07-10</datepublicationfinale>
    <montantfinal>63916.600000</montantfinal>
    <nomcontractant>MSK CANADA LTÉE</nomcontractant>
    <neqcontractant>1144057628</neqcontractant>
  </contrat>
  <contrat>
    <numeroseao>1661415</numeroseao>
    <numero>141729726-3</numero>
    <datefinale>2023-04-01</datefinale>
    <datepublicationfinale>2023-05-18</datepublicationfinale>
    <montantfinal>0.000000</montantfinal>
    <nomcontractant>BCDM CONSEIL INC.</nomcontractant>
    <neqcontractant>1148924450</neqcontractant>
  </contrat>
  <contrat>
    <numeroseao>1671252</numeroseao>
    <numero>CS103948</numero>
    <datefinale>2023-07-31</datefinale>
    <datepublicationfinale>2023-08-10</datepublicationfinale>
    <montantfinal>21467.490000</montantfinal>
    <nomcontractant>ENTRETIEN COMMERCIAL BOUCHER INC.</nomcontractant>
    <neqcontractant>1174964727</neqcontractant>
  </contrat>
  <contrat>
    <numeroseao>1690624</numeroseao>
    <numero>DG22-23/032</numero>
    <datefinale>2023-09-28</datefinale>
    <datepublicationfinale>2023-04-05</datepublicationfinale>
    <montantfinal>27508.000000</montantfinal>
    <nomcontractant>Primex Wireless Inc.</nomcontractant>
    <neqcontractant />
  </contrat>
  <contrat>
    <numeroseao>1690794</numeroseao>
    <numero>2023-80-07</numero>
    <datefinale>2023-03-29</datefinale>
    <datepublicationfinale>2023-08-15</datepublicationfinale>
    <montantfinal>23405.600000</montantfinal>
    <nomcontractant>HEALTHCARE PROPERTIES HOLDINGS LTD.</nomcontractant>
    <neqcontractant>1162356993</neqcontractant>
  </contrat>
  <contrat>
    <numeroseao>1690795</numeroseao>
    <numero>2023-80-08</numero>
    <datefinale>2023-04-12</datefinale>
    <datepublicationfinale>2023-08-10</datepublicationfinale>
    <montantfinal>68185.520000</montantfinal>
    <nomcontractant>Société québécoise des infrastructures</nomcontractant>
    <neqcontractant>8822720825</neqcontractant>
  </contrat>
  <contrat>
    <numeroseao>1690802</numeroseao>
    <numero>2023-80-11</numero>
    <datefinale>2023-05-11</datefinale>
    <datepublicationfinale>2023-08-15</datepublicationfinale>
    <montantfinal>135521.530000</montantfinal>
    <nomcontractant>SOCIÉTÉ IMMOBILIÈRE IMVEST INC.</nomcontractant>
    <neqcontractant>1167039537</neqcontractant>
  </contrat>
  <contrat>
    <numeroseao>1691565</numeroseao>
    <numero>2022-294-9574-CS-GG-1</numero>
    <datefinale>2023-07-07</datefinale>
    <datepublicationfinale>2023-08-31</datepublicationfinale>
    <montantfinal>36028.550000</montantfinal>
    <nomcontractant>AGENCE 4 VENTS INC.</nomcontractant>
    <neqcontractant>1175381996</neqcontractant>
  </contrat>
  <contrat>
    <numeroseao>1700591</numeroseao>
    <numero>2023APP112</numero>
    <datefinale>2023-07-31</datefinale>
    <datepublicationfinale>2023-08-30</datepublicationfinale>
    <montantfinal>44750.000000</montantfinal>
    <nomcontractant>CPE DIVISION B INC.</nomcontractant>
    <neqcontractant>1143505379</neqcontractant>
  </contrat>
  <contrat>
    <numeroseao>1703782</numeroseao>
    <numero>9001-23-PV17</numero>
    <datefinale>2023-09-15</datefinale>
    <datepublicationfinale>2023-03-20</datepublicationfinale>
    <montantfinal>39726.870000</montantfinal>
    <nomcontractant>Hope Aero Propeller And Components Inc.</nomcontractant>
    <neqcontractant />
  </contrat>
  <contrat>
    <numeroseao>1707909</numeroseao>
    <numero>1792-23</numero>
    <datefinale>2023-09-13</datefinale>
    <datepublicationfinale>2023-06-13</datepublicationfinale>
    <montantfinal>130447.200000</montantfinal>
    <nomcontractant>DRUMMOND INFORMATIQUE LTEE</nomcontractant>
    <neqcontractant>1144587244</neqcontractant>
  </contrat>
  <contrat>
    <numeroseao>1719883</numeroseao>
    <numero>1475</numero>
    <datefinale>2023-08-31</datefinale>
    <datepublicationfinale>2023-06-01</datepublicationfinale>
    <montantfinal>50018.750000</montantfinal>
    <nomcontractant>Société canadienne de nutrition</nomcontractant>
    <neqcontractant />
  </contrat>
  <contrat>
    <numeroseao>1734690</numeroseao>
    <numero>1116</numero>
    <datefinale>2023-06-28</datefinale>
    <datepublicationfinale>2023-06-13</datepublicationfinale>
    <montantfinal>25485.880000</montantfinal>
    <nomcontractant>Metocean Telematics</nomcontractant>
    <neqcontractant />
  </contrat>
  <contrat>
    <numeroseao>1743649</numeroseao>
    <numero>2R23332</numero>
    <datefinale>2023-09-07</datefinale>
    <datepublicationfinale>2023-07-20</datepublicationfinale>
    <montantfinal>46015.000000</montantfinal>
    <nomcontractant>PURLIFT INC.</nomcontractant>
    <neqcontractant>1168311034</neqcontractant>
  </contrat>
  <contrat>
    <numeroseao>1746738</numeroseao>
    <numero>CS21656</numero>
    <datefinale>2023-07-27</datefinale>
    <datepublicationfinale>2023-08-24</datepublicationfinale>
    <montantfinal>36916.000000</montantfinal>
    <nomcontractant>DL HERITAGE INC.</nomcontractant>
    <neqcontractant>1171424774</neqcontractant>
  </contrat>
  <contrat>
    <numeroseao>1757811</numeroseao>
    <numero>2018-10-253</numero>
    <datefinale>2022-12-31</datefinale>
    <datepublicationfinale>2023-08-29</datepublicationfinale>
    <montantfinal>47007.480000</montantfinal>
    <nomcontractant>SERVICE CITE PROPRE INC.</nomcontractant>
    <neqcontractant>1144269777</neqcontractant>
  </contrat>
</export>