Code_du_projet,Nom_du_projet,Derniere_mise_a_jour,Explication_des_suspensions_du_projet,Cout_estime,Cout_autorise,Nombre_de_jours_suspendus,Montant_reel_depense,Avancement_du_projet,Indice_de_cout,Indice_echeancier,Date_de_fin_autorisee,Date_de_fin_estimee,Date_debut,Portefeuille,Numéro_assignation_du_projet,Description,Statut,Cote_echeancier,Cote_de_cout,Projet_cible,Portee,Commentaires,Organisme
11411,Information sur le personnel des organismes scolaires (IPOS),2020-10-16,,4348200,4471000,0,2321100,,0,0,2022-03-31,2022-03-31,2012-05-01,Éducation et Enseignement supérieur,R-1120,,Actif,Vert,Vert,Non,,,Ministère de l'Éducation
12283,Migration technologique applicative,2020-11-04,,41586200,39281900,0,40125900,,"5,86","45,6",2018-03-31,2021-03-31,2011-09-01,Finances,P310,,Actif,Rouge,Vert,Non,,,Retraite Québec
13113,Portail de l’examen de français,2021-03-03,,365600,365600,0,222800,,0,0,2021-09-30,2021-09-30,2020-04-10,Justice,12,,Actif,Vert,Vert,Non,,,Office québécois de la langue française
13445,Système d'outils informatisés d'évaluation et de suivi (SOIES),2020-10-16,,481000,943300,3537,411300,,0,40,2017-04-25,2022-03-31,2013-01-21,Sécurité publique,PRO-91,,Actif,Rouge,Vert,Non,,,Ministère de la Sécurité publique
13636,Développement de l'application de surveillance des prix des produits pétroliers,2020-10-15,,192000,250000,0,192000,,0,"149,57",2018-12-31,2020-11-30,2017-09-19,Énergie et Ressources naturelles,006-DASPPP,,Actif,Rouge,Vert,Non,,,Régie de l'énergie
13886,Système de gestion des demandes d'immigration basé sur la déclaration d'intérêt (SDI),2021-01-28,,19238500,18871600,0,13349900,76,"1,94",0,2022-03-31,2022-03-31,2015-06-01,"Immigration, Francisation et Intégration",DEV 519,"Le projet s'inscrit dans la feuille de route de la transformation des services au MIFI. Il est associé à une obligation gouvernementale en lien avec la nouvelle Loi sur l'immigration du Québec (LIQ). Il couvre les travaux d'élaboration et de mise en ligne d'un système de gestion des demandes d’immigration basées sur la déclaration d’intérêt (ci-après nommé le SDI).  L'objectif visé est de concevoir et de mettre en œuvre les fonctionnalités du SDI pour la sélection des candidats ayant un profil répondant aux besoins du marché du travail québécois. Le système devra être conçu en distinguant les services communs des services spécifiques afin de maximiser la réutilisation des composantes communes lors de la transformation des programmes (immigration, francisation et intégration) du MIFI. La solution permettra de recevoir une DI, de gérer la banque de DI (BDI), d’inviter et de sélectionner les candidats répondant aux besoins économiques du Québec.",Actif,Vert,Vert,Oui,"Les travaux de mise en œuvre sont subdivisés en trois phases :  1) Mettre en place un système de gestion des déclarations d’intérêt: Conformément à la LIQ, le ressortissant étranger (RÉ) qui désire immigrer au Québec doit préalablement déclarer son intérêt. Le SDI permet de recueillir une telle déclaration, de la stocker et de la rendre accessible au RÉ ou à son représentant durant la période de validité.  2) Mettre à la disposition des employeurs québécois un portail leur permettant de consulter de façon autonome les profils des RÉ inscrits dans la base de déclaration d’intérêt (BDI). Le portail permet aux employeurs québécois en recherche de main d’œuvre de consulter la BDI, de rentrer en contact avec le RÉ et de poursuivre les démarches de recrutement des RÉ répondant à ses besoins.  3) Développer les fonctionnalités de sélection des RÉ qui répondent aux besoins du marché de travail du Québec, et ce, selon les critères d’admissibilité spécifiques au programme.",,"Ministère de l'Immigration, de la Francisation et de l'Intégration"
14081,2020 - MAJ Postes de travail,2020-11-04,,359900,660000,0,294300,,0,"53,98",2019-06-30,2021-06-30,2015-10-15,Éducation et Enseignement supérieur,M1603-M13,,Actif,Rouge,Vert,Non,,,Institut de tourisme et d'hôtellerie du Québec
14287,Gestion partagée de la prestation de services,2021-03-02,,30207000,46459500,0,6580800,26,0,0,2024-03-31,2024-03-31,2016-09-27,"Travail, Emploi et Solidarité sociale",0022 - 161009 - 170022,"Le projet vise la distribution du travail généré par les dossiers de la clientèle visée auprès de l’ensemble des agents d’aide socioéconomique selon leurs compétences et leurs disponibilités, peu importe le territoire du prestataire. Il s’agit de leur permettre de traiter une ou des activités d’un dossier en leur donnant un accès électronique aux documents entrants et à ceux constituant le dossier.  En cohérence avec la planification stratégique, le projet concourt directement à l’amélioration de l’organisation du travail et à l’optimisation de l’utilisation des ressources dans le réseau. Ce projet structurant permettra d’offrir une prestation de services modernisée, plus agile et surtout, adaptée aux besoins et aux attentes de sa clientèle. ",Actif,Vert,Vert,Oui,"Le projet GPPS porte sur la mise en oeuvre de solutions pour soutenir les processus liés à la gestion décloisonnée des dossiers des programmes de l’aide financière de dernier recours (AFDR) et d’objectif emploi (OE) volet aide financière. Il porte également sur les processus liés à la numérisation des documents existants dans les dossiers papier et ceux reçus de la clientèle afin de constituer un dossier numérique par individu en remplacement du dossier physique actuel. Finalement, le projet s’appuie sur des processus liés à la gestion des documents numérisés.",,"Ministère du Travail, de l'Emploi et de la Solidarité sociale"
14303,Gestion de la fermeture des cycles d'attribution de l'AFE,2020-11-05,,1221400,1400000,0,721200,,0,0,2022-03-31,2022-03-31,2015-04-01,Éducation et Enseignement supérieur,A-1573,,Actif,Vert,Vert,Non,,,Ministère de l'Éducation
14568,Gestion des interactions avec la clientèle aux comptoirs,2020-10-26,,4645300,4811400,33,510000,,0,0,2023-02-27,2023-03-31,2017-06-01,"Travail, Emploi et Solidarité sociale",0040,,Actif,Vert,Vert,Non,,,"Ministère du Travail, de l'Emploi et de la Solidarité sociale"
14573,Gestion des infrastructures de l'Éducation et de l'Enseignement supérieur,2021-02-25,,12330000,15500000,0,8413700,70,0,"3,3",2021-03-20,2021-05-20,2016-03-01,Éducation et Enseignement supérieur,R-1562,"Ce projet vise à détenir et à faciliter l’accès à des informations complètes et fiables qui permettent aux intervenants d’appliquer les règles de gouvernance et les meilleures pratiques relatives à la planification, la gestion et le suivi des investissements publics en matière d’infrastructures scolaires. Il vise également à favoriser le partage desdites informations entre les intervenants et de permettre au Ministère de s’acquitter de ses rôles et responsabilités en matière de reddition de comptes. Le projet permettra de contribuer à l’atteinte des objectifs suivants: - Évaluer l’état du parc d’infrastructures reconnues aux fins de financement selon les lignes directrices du Secrétariat du Conseil du trésor, et en assurer le suivi annuellement; - Maintenir ou rétablir, dans un état au moins satisfaisant, les infrastructures fréquentées par la clientèle étudiante et le personnel du Réseau;  - Assurer le suivi de la résorption du déficit de maintien d’actifs. ",Actif,Vert,Vert,Oui,"- La révision des processus ministériels entourant la gestion des infrastructures du Réseau et le suivi des investissements publics qui y sont consentis; - La mise en place d’une solution en appui aux processus de gestion des infrastructures; - La préparation de la formation des intervenants des ressources matérielles visant l’adaptation des processus au cadre de gestion des infrastructures du Réseau; - Les modifications requises aux systèmes périphériques pour assurer l’interopérabilité avec la solution; - La production d’informations de gestion pour aider à la prise de décision des autorités ministérielles; - La conversion des données du logiciel SIMACS. Sans être directement dans sa portée, ce projet se préoccupe de l’intégration à la solution des exigences en matière de gestion et de maintien des actifs des établissements collégiaux et universitaires.",,Ministère de l'Éducation
14589,RENIR (Migration de la desserte policière sur le RENIR),2021-02-05,Le projet a été suspendu en raison de problèmes techniques pour lesquels la Sûreté du Québec collabore avec le CSPQ pour trouver une solution durable.,4703200,4703200,1346,2093700,39,,,2018-06-30,2025-03-31,2016-10-01,Sécurité publique,707620,"Projet de mise à jour de la Sûreté du Québec  en matière de radiocommunications policières, plus précisément, la migration vers le Réseau national intégré de radiocommunications (RENIR). La migration envisagée dans le cadre du présent  projet aura lieu en arrimage avec la modernisation des centres de gestion des appels (CGA) de la Sûreté; le Plan d’amélioration de la couverture (PAC) du Centre de services partagés du Québec (CSPQ); et le démantèlement progressif du réseau intégré de radiocommunications policières (RITP).",Suspendu,-,-,Oui,"La migration des radiocommunications de la desserte policière au RENIR:    Validation et vérification des travaux de déploiement et d’installation des équipements de radiocommunication véhiculaires, portatifs et fixes,  de même que les répéteurs urbains. Le développement et la diffusion de la formation des utilisateurs experts pour le soutien aux usagers. Démanteler progressivement les équipements de radiocommunication véhiculaires, portatifs et fixes du réseau RITP. Exclusions: Est exclut de la portée les travaux liés au PAC (responsabilité du CSPQ), les activités de réorganisation et de modernisation des Centres de gestion des appels (CGA) et les postes situés dans les régions éloignés (Blanc-Sablon, Fermont, Scherfferville).","Le projet est toujours suspendu au 16 décembre 2020 Le projet 707620 de migration de la desserte policière sur le RENIR a été suspendu au tableau de bord du Conseil du trésor rétroactivement au 29 mai 2017.  Le projet 707620 sera réactivé dès que le projet GFA-RENIR visant à migrer les 19 MRC retournées au RITP auront été ramenées au RENIR. Le CSPQ et la Sûreté ne négligent pas leurs efforts pour trouver des solutions visant à corriger les problématiques rencontrées avec le RENIR. Néanmoins, la Sûreté estime que certaines de ces solutions pourraient nécessiter des travaux et des investissements importants de la part du CSPQ. La façon de calculer le pourcentage d'avancement est le suivant: État d’avancement RENIR =   111 unités utilisatrices du RENIR                                                                          ---------------------------------------------------------                                                  287 unités à déployer sur le RENIR                                     ",Sûreté du Québec
14610,Système de gestion des autorisations et des habitats fauniques (SAHFA),2020-10-16,,2627800,2627800,734,452000,,,,2022-10-15,2022-10-15,2017-11-28,"Forêts, Faune et Parcs",FP19-061,,Actif,-,-,Non,,,"Ministère des Forêts, de la Faune et des Parcs"
14626,Automatisation de demandes de paiement et de remboursement hors Québec,2020-10-19,,6378300,6378400,0,5468900,,0,0,2020-10-31,2020-10-31,2015-11-01,Santé et Services sociaux,VPSPA-19,,Actif,Vert,Vert,Non,,,Régie de l'assurance maladie du Québec
14659,Médicaments en clinique externe,2021-01-22,,6434500,7613600,0,2432100,52,0,"70,37",2019-10-31,2022-12-31,2015-05-01,Santé et Services sociaux,VPTI-28,"Le dossier santé Québec (DSQ) permet aux intervenants participants d’accéder à un certain nombre de renseignements de santé jugés essentiels. Le domaine médicament est un domaine clinique permettant de collecter, de conserver et de communiquer les renseignements de santé concernant tout médicament délivré à un usager en pharmacie communautaire et prochainement en pharmacie d’établissement. L’objectif de ce projet est l'ajout des médicaments qu’un usager peut recevoir lorsqu'il se présente en clinique ambulatoire d’'un établissement de santé d'oncologie. Ces médicaments ont une valeur clinique importante pour permettre un suivi médical plus complet. ",Actif,Rouge,Vert,Oui,"Le domaine médicament est présentement alimenté des médicaments délivrés dans les pharmacies communautaires du Québec et le présent projet a pour objet d’y ajouter les médicaments délivrés en pharmacie d’établissement pour des usagers de cliniques externes d’oncologie. De façon plus spécifique, les résultats attendus du projet peuvent également être énoncés ainsi : Pour l’usager : • l’obtention des meilleurs soins appropriés, tenant compte de son état sur le plan des médicaments consommés. Pour les intervenants autorisés (incluant les professionnels qui œuvrent dans les établissements) : • l’obtention d’une vision d’ensemble des médicaments délivrés à l’usager; • la prise en compte des médicaments délivrés dans les cliniques externes pour l’élaboration des traitements de soins les plus adéquats à la situation de l’usager; • l’augmentation de la valeur ajoutée de l’accès au profil pharmacologique et l’amélioration de la perception du DSQ pour le domaine médicament. ","Étant donné la faible disponibilité des établissements, le temps requis pour la négociation et la réalisation des contrats avec les différents fournisseurs, la durée des travaux d’intégration et de certification, il a été requis de revoir la date de fin du projet.",Régie de l'assurance maladie du Québec
14768,Reconnaissance faciale & Empreintes digitales,2020-10-30,,2496000,2579500,0,800,,0,0,2021-09-30,2021-09-30,2018-10-23,Sécurité publique,710102,,Actif,Vert,Vert,Non,,,Sûreté du Québec
14777,247 | Répertoire de l'offre bioalimentaire québécoise (ROBQ),2020-10-15,,1312200,916900,0,1277900,,"43,11",0,2020-10-31,2020-10-30,2017-08-01,"Agriculture, Pêcheries et Alimentation",200540780 (247),,Actif,Vert,Rouge,Non,,,"Ministère de l'Agriculture, des Pêcheries et de l'Alimentation"
14782,Optimiser le processus de la gestion des talents,2020-10-20,,881000,881000,0,841300,,0,0,2020-09-30,2020-09-30,2016-07-20,Finances,P500,,Actif,Vert,Vert,Non,,,Retraite Québec
14783,Unification de l'environnement de travail numérique (UETN),2020-10-20,,1221800,1221800,0,369100,,0,"72,86",2019-10-31,2021-12-31,2016-11-08,Finances,P503,,Actif,Rouge,Vert,Non,,,Retraite Québec
14793,Programme de consolidation des centres de traitement informatique et de l’optimisation du traitement et du stockage,2021-01-22,,324755000,324755000,0,15513100,17,0,0,2025-12-31,2025-12-31,2017-12-05,Conseil du trésor et Administration gouvernementale,VPSI - 147410016,"Le Programme CCTI consiste à : Déplacer prioritairement le traitement et le stockage des organismes publics (OP) et des établissements des réseaux de la Santé et des Services sociaux et de l'Éducation et de l'Enseignement supérieur identifiés dans le décret 596-2020 vers les offres de services de nuages externes qualifiées par le Courtier infonuagique d’Infrastructures technologiques Québec (ITQ). Mettre en place un nuage gouvernemental, utilisé pour le traitement et le stockage des OP et des établissements lorsque ITQ est d’avis qu’ils ne peuvent être transférés dans le nuage externe. Consolider les charges, qui ne sont pas compatibles technologiquement avec le nuage externe ni avec le nuage gouvernemental, dans les centres de traitement informatique gérés par ITQ.",Actif,Vert,Vert,Oui,"Le Programme CCTI a une portée gouvernementale qui vise à consolider les centres de traitement informatique de tous les OP, les établissements de la Santé et des Services sociaux et de l'Éducation et de l'Enseignement supérieur identifiés dans le décret 596-2020.  Le Programme a pour objectif : - de bonifier l’offre actuelle en gestion des CTI et en hébergement d’équipements informatiques; - de qualifier des offres de prestataires de services en nuages externes; - d’introduire un nouveau service gouvernemental en traitement et en stockage (nuage gouvernemental); - d’accompagner les OP, les réseau de la Santé et des Services sociaux et de l'Éducation et de l'Enseignement supérieur dans le transfert des charges vers les nuages externes ou le nuage gouvernemental et pour ceux qui ne sont pas compatibles effectuer le transfert vers les CTI gérés par ITQ.",,Infrastructures technologiques Québec
14831,Consolidation des autorisations des organismes scolaires relatives aux programmes d'études,2020-10-16,,808500,993000,0,159100,,0,0,2022-08-30,2022-08-30,2017-04-03,Éducation et Enseignement supérieur,P-1789,,Actif,Vert,Vert,Non,,,Ministère de l'Éducation
14843,Espace client et services en ligne,2020-10-26,,4872400,4872400,105,3566000,,0,0,2021-03-31,2021-06-30,2017-04-01,"Travail, Emploi et Solidarité sociale",0057,,Actif,Vert,Vert,Non,,,"Ministère du Travail, de l'Emploi et de la Solidarité sociale"
14852,APOGE (Amélioration des processus et des outils de gestion de l'exploitation),2021-01-20,,6491300,10620100,0,5468200,,0,"102,23",2019-03-31,2021-06-30,2017-01-16,Conseil du trésor et Administration gouvernementale,147410130,,Actif,Rouge,Vert,Non,,,Infrastructures technologiques Québec
14867,Carré Saint-Laurent_Volet - Transformation des services en technologies de l'information,2021-01-28,,14855200,17130100,0,11792100,88,0,0,2022-03-31,2022-03-31,2018-03-28,"Immigration, Francisation et Intégration",DEV 709,"Dans le cadre du projet Carré Saint-Laurent (CSL), la Direction générale des technologies de l'information (DGTI) a entrepris un projet visant à définir les cibles pour les volets applicatifs, technologique et sécurité pour soutenir les projets de transformation du MIDI. Les objectifs sont de contribuer à la création d'un environnement stimulant, attrayant et performant pour le personnel du MIDI, supporter les projets de transformation de mission et de soutien à la mission, supporter le déménagement du MIDI au Carré Saint-Laurent et éliminer graduellement la désuétude des infrastructures technologiques.",Actif,Vert,Vert,Oui,"Vingt-cinq (25) sous-projets font partie intégrante du projet, qui comporte 5 volets : 1) Intégration des infrastructures; 2) Gestion des opérations des technologies de l'information; 3) Applications bureautiques; 4) Postes de travail du personnel; et 5) Gouvernance et sécurité ",,"Ministère de l'Immigration, de la Francisation et de l'Intégration"
14869,Centralisation des informations d’identification de la clientèle du MAMH,2020-10-16,,890000,890000,1038,313200,,0,"1,5",2020-07-31,2021-07-28,2017-09-01,Affaires municipales et Habitation,250001873,,Actif,Vert,Vert,Non,,,Ministère des Affaires municipales et de l'Habitation
14871,Modernisation du processus de gestion de l'information financière et fiscale,2021-02-26,,2872100,3731300,0,1679200,43,0,0,2022-03-31,2022-03-31,2017-01-10,Affaires municipales et Habitation,250001872,"Développement et mise en ligne d’une nouvelle prestation électronique de services (PES) en remplacement du système SÉSAMM implanté en 2001. Cette nouvelle PES, développée dans des technologies modernes favorisant la simplicité d’entretien et d’évolution, permettra une reddition de comptes plus flexible et conviviale pour les municipalités. De plus, les parties prenantes internes et externes du Ministère auront accès facilement aux informations contenues dans les rapports financiers.",Actif,Vert,Vert,Oui,Mise en place d'une prestation électronique de services permettant aux municipalités de rendre compte de leurs finances en transmettant leurs états financiers et les documents connexes. Cette dernière sera basée sur un nouveau développement. L’outil bureautique Microsoft Excel sera utilisé par le Ministère pour appuyer le pilotage et ainsi réduire drastiquement le développement nécessaire. Microsoft Access sera utilisé pour le volet informationnel. La flexibilité du nouveau développement permettra aussi de répondre plus facilement aux besoins d’affaires.,S.O.,Ministère des Affaires municipales et de l'Habitation
14875,Optimisation et intégration des annuaires AD,2020-10-16,,5550200,5550200,0,2951200,,0,0,2021-03-31,2021-03-31,2017-06-21,Finances,P502,,Actif,Vert,Vert,Non,,,Retraite Québec
14876,Consolidation de la gestion de l'identité et des accès (CGIA),2020-10-16,,5662200,3604100,0,2609400,,"57,1","56,99",2020-12-28,2022-12-31,2017-06-21,Finances,P505,,Actif,Rouge,Rouge,Non,,,Retraite Québec
14879,Intégration de la nouvelle solution en géomatique,2020-10-16,,1092500,939100,0,943900,,"16,33","1,04",2020-12-31,2021-01-15,2017-02-01,"Agriculture, Pêcheries et Alimentation",BMP148,,Actif,Vert,Jaune,Non,,,La Financière agricole du Québec
14892,Optimisation des processus de gestion du volume assurable des produits bouvillons et bovins d’abattage et veaux d’embouche,2021-03-01,,1406200,1410900,0,194100,15,0,0,2022-07-07,2022-07-07,2019-06-14,"Agriculture, Pêcheries et Alimentation",BMP154,Révision du processus de réception des données utilisées pour les calculs du programme d’assurance stabilisation des revenus agricoles du secteur bovin.,Actif,Vert,Vert,Oui,"Optimiser les processus de gestion des volumes assurables des produits bouvillons et bovins d’abattage et veaux d’embouche en évaluant le volume assurable à partir d’une source de données unique ce qui facilite la vie du client et clarifie ses obligations quant à la façon de faire ses déclarations. La source de données utilisée provient d'Agri-Traçabilité Québec et elle constitue une source de données fiable depuis plusieurs années. Le lien privilégié avec Agri-Traçabilité Québec est maintenu et même optimisé en élargissant l’utilisation des données pour évaluer le volume assurable du secteur bovin.  La solution d’affaires retenue s’articule autour des quatre volets suivants : - Développer l’autonomie du client; - Alléger le fardeau pour le client; - Uniformiser et automatiser le traitement des données; - Optimiser et automatiser les contrôles du volume assurable. La solution vise à réutiliser les systèmes actuellement en place ce qui minimise les coûts de développement. De plus des solutions informatiques vieillissantes dont l’expertise se fait de plus en plus rare sont délestées.  ",,La Financière agricole du Québec
14926,Acquisition et mise en place d'outils pour la gestion et la maintenance des biens immobiliers.,2020-10-16,,2344200,1845800,0,1002500,,27,"69,51",2021-03-26,2023-12-31,2017-04-03,"Forêts, Faune et Parcs",DEV2017-2021-BIENS,,Actif,Rouge,Jaune,Non,,,Société des établissements de plein air du Québec
14987,P2 Implanter les outils informatiques de la VPE,2020-11-23,,6257800,6274700,483,1422900,,0,"72,02",2019-10-02,2023-03-31,2016-09-26,Affaires municipales et Habitation,294020041,,Actif,Rouge,Vert,Non,,,Régie du bâtiment du Québec
15012,Gestion de la norme et de la qualité des dessins (NQD) en conception et dessin assistés par ordinateur (CDAO),2020-10-26,,603400,747400,0,229600,,0,0,2021-12-31,2021-12-31,2018-10-16,Transports,P228A,,Actif,Vert,Vert,Non,,,Ministère des Transports
15042,Système de gestion de l’information sur la personne représentée,2021-03-02,,7055200,6870000,0,5868400,82,"2,69",0,2021-06-30,2021-06-30,2008-05-01,Famille,2719,"Ce projet permettra au Curateur public d’optimiser la gestion de l’information qu’il détient sur les personnes qu’il représente. Dès l’accueil, son personnel sera mieux outillé pour recommander le régime de protection le plus approprié. Aussi, si le Curateur public devient le représentant légal de cette personne, cette information contribuera à établir, en fonction de l’autonomie de la personne, de ses préférences, de son entourage et de ses besoins, un plan d’orientation à l’accueil et un plan de représentation personnalisé, deux outils au cœur de la mission du Curateur public qui sont essentiels à la coordination des interventions pour assurer un continuum de protection. Le tout dans l’intérêt de la personne représentée.",Actif,Vert,Vert,Oui,"Ce projet comprend le développement et l’implantation de fonctionnalités au système opérationnel du Curateur public, en lien avec ses processus d’affaires, pour outiller son personnel à l’accueil et à la représentation publique. La réorganisation des informations sur la personne et l’ajout de fonctionnalités permettront de consolider ce système avec les orientations stratégiques du Curateur public et ses principes généraux de représentation (nécessité, subsidiarité et proportionnalité). Les fonctionnalités du système seront adaptées pour faciliter l’identification des préférences et des besoins des personnes représentées, établir un plan d’orientation à l’accueil, assurer un continuum de protection et établir et suivre un plan de représentation publique.",Une analyse est en cours pour un changement mineur de portée qui nécessitera une révision du budget associé au projet.,Curateur public
15069,Gestion des mesures fiscales (GMF),2020-10-16,"La phase d'exécution du projet est suspendue. Ceci, car certains travaux ont été omis lors de la phase de conception. Ces travaux, étant jugés essentiels, doivent être élaborés avant de pouvoir reprendre la phase d'exécution.",175500,598100,2375,175000,,,,2019-10-22,2019-10-22,2018-03-01,Finances,MFQ-015,,Suspendu,-,-,Non,,,Ministère des Finances
15079,Coût de revient et administration des budgets efficients,2020-10-26,,3167800,3398900,0,1279200,,0,0,2022-03-31,2022-03-31,2018-03-01,"Travail, Emploi et Solidarité sociale",0071,,Actif,Vert,Vert,Non,,,"Ministère du Travail, de l'Emploi et de la Solidarité sociale"
15089,Refonte des services aux clientèles externes du secteur cinéma,2020-10-16,,273300,248500,336,198800,,"9,97",54,2019-12-31,2021-03-31,2018-04-03,Culture et Communications,2018-01-1,,Actif,Rouge,Vert,Non,,,Ministère de la Culture et des Communications
15095,Optimisation des services opérationnels TI,2020-10-20,,2567200,2567200,0,1233500,,0,0,2020-11-30,2020-11-30,2017-10-12,Finances,P509,,Actif,Vert,Vert,Non,,,Retraite Québec
15096,Bonification du Régime de rentes du Québec,2020-10-20,,8791300,8791300,0,4579700,,0,0,2022-02-28,2022-02-28,2018-03-09,Finances,P511,,Actif,Vert,Vert,Non,,,Retraite Québec
15097,Automatisation de la révision des rentes pour les régimes de retraite du secteur public,2020-10-16,,5364900,5364900,0,4071100,,0,0,2021-06-30,2021-06-30,2017-12-01,Finances,P512,,Actif,Vert,Vert,Non,,,Retraite Québec
15103,Gestion des correspondances avec la clientèle,2020-10-26,"Projet suspendu le 2020-01-06. En attente de l'adoption d'une nouvelle stratégie de réalisation, conséquemment au fait qu'aucune entreprise n'a soumissionné à l'appel d'offres pour l'acquisition du progiciel de la solution.",690900,3809500,408,690900,,,,2022-01-31,2022-01-31,2017-07-03,"Travail, Emploi et Solidarité sociale",0067,,Suspendu,-,-,Non,,,"Ministère du Travail, de l'Emploi et de la Solidarité sociale"
15104,Modernisation des systèmes de la plateforme centrale - phase 1 - Implantation d'une plateforme d'intégration,2020-10-26,,4521100,4587200,0,527900,,0,0,2023-08-31,2023-08-31,2017-10-16,"Travail, Emploi et Solidarité sociale",0075,,Actif,Vert,Vert,Non,,,"Ministère du Travail, de l'Emploi et de la Solidarité sociale"
15121,81505 Programme d'évaluation et de réduction du risque de conduite avec les capacités affaiblies (PERRCCA),2020-10-16,,656600,656600,0,634300,,0,"32,72",2019-12-31,2020-12-23,2017-01-01,Transports,81505,,Actif,Rouge,Vert,Non,,,Société de l'assurance automobile du Québec
15126,Gestion des identités et des accès,2020-10-16,,4414000,4400000,0,770800,,"0,31","90,13",2021-03-31,2024-03-31,2017-12-01,Éducation et Enseignement supérieur,I-1764,,Actif,Rouge,Vert,Non,,,Ministère de l'Éducation
15172,Carnet santé Québec - Phase 2,2020-10-19,,4100200,8700000,0,836600,,0,0,2022-03-31,2022-03-31,2018-09-01,Santé et Services sociaux,VPTI-62,,Actif,Vert,Vert,Non,,,Régie de l'assurance maladie du Québec
15208,Développement d’un système de suivi des recours (SDR),2020-10-23,,730700,765100,0,53100,,0,0,2022-01-03,2022-01-03,2019-09-01,Conseil du trésor et Administration gouvernementale,0430-0418,,Actif,Vert,Vert,Non,,,Commission de la fonction publique
15241,Mise en œuvre du Réseau gouvernemental de télécommunication,2021-02-25,,8173000,8200000,0,410100,2,0,0,2027-12-31,2027-12-31,2018-06-11,Conseil du trésor et Administration gouvernementale,147034603,"Ce projet vise à mettre en oeuvre le Réseau gouvernemental de télécommunication (RGT) qui remplacera graduellement le Réseau intégré de télécommunication multimédia (RITM), dont les services de télécommunication rendent possible la prestation de services des établissements du Réseau de la Santé et des Services sociaux (RSSS) et des organismes publics (OP) du Québec. Le RGT, réseau hybride de nouvelle génération s’appuyant sur un modèle d’affaires multitechnologie-multifournisseur, permettra d’offrir une nouvelle gamme de services.",Actif,Vert,Vert,Oui,"Le projet en ressources informationnelles inhérent à la mise en place du RGT comprend notamment l’acquisition et le déploiement des infrastructures des zones d’interconnexion de Montréal et Québec, dont l’objectif principal est d’assurer le raccordement des fournisseurs de services de télécommunication du RGT. Il englobe également les services de l’intégrateur pour la mise en place des outils de gestion et des processus liés au cadre de gestion, tel que l’opération du centre de services, ainsi que les services professionnels de maîtrise d’oeuvre du projet. La migration de la clientèle est exclue de la portée de ce projet ainsi que les coûts d'acquisition et d'installation des points de démarcation (PdD).",,Infrastructures technologiques Québec
15251,Renouvellement et rehaussement du système électronique d’appel d’offres (SEAO),2021-01-19,,17114300,17456200,0,1597900,1,0,0,2022-11-30,2022-11-30,2018-05-15,Conseil du trésor et Administration gouvernementale,SEAO-DA-2018-2019,"Réalisation du dossier d'affaires pour le renouvellement du SEAO, lequel est prévu dans de multiple lois et constitue le site unique de publication décidé par le gouvernement. L'actuel contrat vient à terme au 30 novembre 2022 et un positionnement pour le renouvellement est requis.",Actif,Vert,Vert,Oui,Renouvellement et rehaussement du système électronique d'appels d'offres considérant les fondations numériques gouvernementales.,La réalisation du projet de refonte du SEAO sera confiée à Infrastructures technologiques Québec qui doit réviser l'analyse financière produite en fonction de ses propres paramètres.,Secrétariat du Conseil du trésor
15274,Gestion intégrée des dossiers juridiques,2020-10-16,,4358700,4358700,0,694700,,0,0,2023-03-31,2023-03-31,2017-08-31,Justice,320100020,,Actif,Vert,Vert,Non,,,Ministère de la Justice
15277,ACS (METO),2020-10-16,,679800,797700,0,611500,,0,"9,48",2020-09-01,2020-10-30,2018-12-19,Économie et Innovation,ACS,,Actif,Vert,Vert,Non,,,Ministère de l'Économie et de l'Innovation
15298,Guichet unique d'information juridique multicanal (GUM),2021-02-24,,17213300,17213300,0,6087300,50,0,"2,29",2022-02-28,2022-03-31,2018-06-18,Justice,GUM-DA1,"Livrer la plateforme JuridiQC, un guichet unique d'information juridique multicanal web, mobile, intuitif, bilingue et en langage clair où l'information et des outils seront organisés et personnalisés afin d'informer, guider et accompagner le citoyen dans ses démarches.",Actif,Vert,Vert,Oui,"JuridiQC, le guichet unique d'information juridique multicanal va informer, guider et accompagner le citoyen. Le premier domaine de droit choisi en fonction des besoins essentiels du citoyen est le domaine de la famille, plus précisément le sous-thème de la séparation. D'autres thèmes suivront en fonction des besoins recueillis auprès des citoyens.",,Société québécoise d'information juridique
15306,Télé-Québec.tv Plus,2020-11-04,,3705200,4490000,0,1875200,55,0,"62,73",2020-09-10,2021-12-17,2018-09-03,Culture et Communications,2018-09-07,"Ce projet ""Telequebec.tv"" Plus va permettre de bonifier notre offre de contenu en français, tout en assurant une meilleure découvrabilité des contenus francophones d’ici afin qu’ils occupent plus d’espace dans les habitudes d’écoute en ligne grandissante.  Télé-Québec sera ainsi en mesure de mettre en place une offre de contenu disponible dans un environnement d’écoute en ligne multiplateforme, avec du contenu en français reflétant les valeurs et la culture d’ici sur toutes les plateformes mobiles et Internet, et ce, dans toutes les régions du Québec. Une expérience enrichie sera alors disponible aux usagers grâce à l'implémentation d’une donnée unifiée et structurée à travers l’entreprise; initiative fondamentale pour nous permettre en même temps de simplifier nos processus opérationnels et de contrer la désuétude de l’architecture technologique de l’entreprise.",Actif,Rouge,Vert,Oui,"Confirmer le rôle pivot de Télé-Québec pour la création de contenus de qualité et novateurs, ainsi que sa capacité à être un catalyseur pour la vivacité de notre culture dans l’univers numérique francophone. Assurer la présence, l’accès et la visibilité de notre culture et de nos valeurs identitaires sur toutes les plateformes en augmentant l’offre gratuite : de contenus d’ici ; de contenus en français ;  de contenus éducatifs ; de contenus de grande qualité dans des genres très prisés par le public ; de contenus reflétant les valeurs et la culture d’ici. S’inscrire dans la Politique numérique du Québec par la visibilité et le rayonnement de la culture et accroître l’engagement citoyen envers la culture d’ici  ","La gestion du changement est plus complexe que prévue, exigeant une réévaluation des efforts à la hausse. La courbe d'apprentissage a été plus complexe que prévue faisant en sorte que les ressources impliquées ont été davantage sollicitées. La gestion du changement est plus complexe que prévue, exigeant une réévaluation des efforts à la hausse. Le projet a été retardé à la suite d'un délai dans le processus d'appel d'offres exigeant une révision de la planification du projet. L'échéancier a été revu à cause un changement mineur de la portée forcant une révision de la planification du projet. ",Société de télédiffusion du Québec
15337,Registre des évènements,2020-10-16,,5971400,8400000,0,4367700,,0,0,2021-03-31,2021-03-31,2018-03-20,Finances,222134001,,Actif,Vert,Vert,Non,,,Agence du revenu du Québec
15338,Services de consultation de l'identification (SCI),2020-10-16,,8673400,12000000,0,8523600,,0,"54,71",2019-09-30,2020-12-31,2017-06-15,Finances,222132501,,Actif,Rouge,Vert,Non,,,Agence du revenu du Québec
15342,Gestion numérique de l'information GNI,2020-10-16,,17960900,18961800,0,16050700,,0,"41,98",2019-11-30,2021-03-31,2016-09-26,Finances,222131701,,Actif,Rouge,Vert,Non,,,Agence du revenu du Québec
15360,Mise à niveau de l'infrastructure téléphonique du CRC,2020-10-16,,1451500,1451500,0,738600,,0,"54,46",2019-09-30,2020-09-30,2017-11-27,Finances,P515,,Actif,Rouge,Vert,Non,,,Retraite Québec
15364,Remplacement de la plateforme du système de ventes (Délestage TPV),2020-10-27,,819100,960000,0,819100,,0,0,2021-03-31,2020-04-01,2018-04-23,"Forêts, Faune et Parcs",DEV2018-2021-DELEST-TPV,,Actif,Vert,Vert,Non,,,Société des établissements de plein air du Québec
15365,Remplacement de la plateforme web du système de ventes (Délestage WEB),2020-10-27,,177600,924000,0,177600,,0,0,2021-03-31,2020-03-31,2018-05-07,"Forêts, Faune et Parcs",DEV2018-2021-DELEST-WEB,,Actif,Vert,Vert,Non,,,Société des établissements de plein air du Québec
15370,Implantation d'un logiciel de gestion de projet,2020-10-16,,170100,170100,0,118500,,0,0,2021-03-31,2021-03-31,2018-09-07,Sécurité publique,1819-05-008,,Actif,Vert,Vert,Non,,,Commission de la capitale nationale du Québec
15384,Transfert des entreprises de services monétaires,2020-10-16,,2000000,2000000,0,1103100,,0,"24,37",2021-03-31,2021-12-31,2018-02-27,Finances,222136400,,Actif,Jaune,Vert,Non,,,Agence du revenu du Québec
15385,Refonte du système L3 - (Gestion des oppositions),2020-10-16,,9233200,7000000,0,5669200,,"31,9","15,44",2021-03-31,2021-09-30,2018-01-01,Finances,222133901,,Actif,Jaune,Rouge,Non,,,Agence du revenu du Québec
15386,Facturation obligatoire Solution Évolutive - Transport Rémunéré de Personnes,2020-10-16,,36568800,40225700,0,15611200,,0,0,2021-12-31,2021-12-31,2017-06-15,Finances,222133701,,Actif,Vert,Vert,Non,,,Agence du revenu du Québec
15387,Procédures pénales,2020-10-16,,3983300,4000000,0,1672200,,0,0,2021-02-28,2021-02-28,2018-06-05,Finances,222135201,,Actif,Vert,Vert,Non,,,Agence du revenu du Québec
15388,Refonte du système de gestion des produits financiers non réclamés,2020-10-16,,6886400,6886400,0,3900700,,0,"41,72",2021-03-31,2022-05-31,2018-06-14,Finances,222135501,,Actif,Rouge,Vert,Non,,,Agence du revenu du Québec
15394,Refonte Web,2020-10-16,,2943000,2943000,0,1787800,,0,0,2021-03-31,2021-03-31,2018-03-29,"Travail, Emploi et Solidarité sociale",3.3093R,,Actif,Vert,Vert,Non,,,"Commission des normes, de l'équité, de la santé et de la sécurité du travail"
15395,Dossier électronique des normes du travail,2020-10-16,,3336000,3336000,0,764000,,0,0,2022-03-31,2022-03-31,2019-03-28,"Travail, Emploi et Solidarité sociale",3.3173R,,Actif,Vert,Vert,Non,,,"Commission des normes, de l'équité, de la santé et de la sécurité du travail"
15398,Registre des informations en sécurité civile (RISC),2020-10-16,,384400,493000,0,272000,,0,0,2021-03-31,2021-03-31,2018-12-31,Sécurité publique,PRO-428,,Actif,Vert,Vert,Non,,,Ministère de la Sécurité publique
15401,Implantation de la nouvelle solution de paiement,2020-10-27,,296000,294800,0,296000,,"0,4","5,02",2020-05-29,2020-06-26,2018-11-19,"Forêts, Faune et Parcs",SOL-PAIEM-2019,,Actif,Vert,Vert,Non,,,Société des établissements de plein air du Québec
15403,Mise à niveau des postes de travail à Windows 10,2020-10-16,,2950200,2950200,0,1724100,,0,"50,27",2020-03-31,2020-12-31,2018-10-01,Finances,P518,,Actif,Rouge,Vert,Non,,,Retraite Québec
1002994,Élaboration d'un modèle d'optimisation pour les projections d'émissions de gaz à effet de serre au Québec,2020-10-16,,995700,995700,0,284900,,0,0,2021-05-28,2021-05-28,2019-01-09,Finances,MFQ-023,,Actif,Vert,Vert,Non,,,Ministère des Finances
1003091,Mise en œuvre de la connaissance client (Mc2),2020-10-16,,455200,1000000,0,244300,,0,0,2021-03-31,2021-03-31,2019-08-08,Finances,222139300,,Actif,Vert,Vert,Non,,,Agence du revenu du Québec
1003096,Services de consultation de la comptabilité entreprise,2020-10-16,,4582100,4804100,0,657900,,0,0,2022-03-31,2022-03-31,2019-09-10,Finances,222139400,,Actif,Vert,Vert,Non,,,Agence du revenu du Québec
1003097,Arrimage des données du MTESS et de la SAAQ à l'environnement systémique de RQ,2020-10-16,Attente du projet de loi,1995600,1995600,50,1926000,,,,2020-09-30,2020-09-30,2019-06-26,Finances,222139200,,Suspendu,-,-,Non,,,Agence du revenu du Québec
1003098,Discours sur le budget 2020,2020-10-16,,2288700,2830300,0,218300,,0,0,2022-03-31,2022-03-31,2020-04-01,Finances,222139500,,Actif,Vert,Vert,Non,,,Agence du revenu du Québec
1003102,Optimisation de la production des lois et règlements,2020-10-16,,996100,996100,0,500700,,0,0,2021-01-31,2021-01-31,2019-05-01,Finances,222137401,,Actif,Vert,Vert,Non,,,Agence du revenu du Québec
1003105,Portrait Client - Vue 360,2020-10-16,,2569800,3960900,0,1529700,,0,0,2020-12-31,2020-12-31,2018-11-19,Finances,222135601,,Actif,Vert,Vert,Non,,,Agence du revenu du Québec
1003121,Discours sur le budget 2019,2020-10-16,,760000,760000,0,700000,,0,0,2021-03-31,2021-03-31,2019-04-01,Finances,222138700,,Actif,Vert,Vert,Non,,,Agence du revenu du Québec
1003125,Solution de gestion des apprentissages (SGT),2020-10-16,,4000000,4000000,0,644200,,0,0,2021-12-31,2021-12-31,2017-05-08,Finances,222132801,,Actif,Vert,Vert,Non,,,Agence du revenu du Québec
1003129,Suivi des mandats,2020-10-23,,172100,147200,0,83100,,"16,91",0,2021-03-31,2021-03-31,2019-09-30,Famille,012,,Actif,Vert,Jaune,Non,,,Ministère de la Famille
1003132,Services de gestion de l'identification - Clientèle externe (SGI),2020-10-16,,7630700,8445000,0,3271600,,0,0,2021-12-31,2021-12-31,2018-04-25,Finances,222134801,,Actif,Vert,Vert,Non,,,Agence du revenu du Québec
1003136,Lier les registres des entreprises canadiens,2020-10-16,,1325600,1325600,0,617000,,0,0,2020-12-31,2020-12-31,2018-09-04,Finances,222137900,,Actif,Vert,Vert,Non,,,Agence du revenu du Québec
1003145,Outil de recherche sur les données du registraire des entreprises (ORDRE),2020-10-16,,1588100,1617100,0,852100,,0,0,2020-12-31,2020-12-31,2018-11-27,Finances,222138200,,Actif,Vert,Vert,Non,,,Agence du revenu du Québec
1003156,Adaptation du site Web de l'Aide financière aux études (AFE) au mode mobile,2020-10-23,,1251700,1258000,0,146000,,0,0,2021-10-31,2021-10-31,2019-05-30,Éducation et Enseignement supérieur,A-1984,,Actif,Vert,Vert,Non,,,Ministère de l'Éducation
1003158,Remplacement d'OWB,2020-10-16,,1060600,1178700,0,355400,,0,0,2022-03-31,2022-03-31,2019-03-15,Éducation et Enseignement supérieur,I-1838,,Actif,Vert,Vert,Non,,,Ministère de l'Éducation
1003159,Modernisation de l'outil de gestion de projets (EPM),2020-10-16,,1684900,2078000,0,437700,,0,"11,53",2021-03-31,2021-06-30,2019-02-01,Éducation et Enseignement supérieur,I-1820,,Actif,Jaune,Vert,Non,,,Ministère de l'Éducation
1003231,PP - SIL  - Mise en place du Système d'information de laboratoire provincial - SIL- Corelab (OPTILAB),2021-01-28,,71712900,71797200,0,4345800,12,0,"1,55",2024-07-31,2024-09-10,2017-05-12,Santé et Services sociaux,004679,La mise en place d'un système d'information de laboratoire unique pour tous les Départements cliniques de médecine laboratoire de réseau public.,Actif,Vert,Vert,Oui,La mise en place d'un système d'information de laboratoire dont l'infrastructure est fournie  par le fournisseur. Le déploiement est inclus par le fournisseur et se fait avec l'aide du centre d'opérationnalisation et des départements cliniques de médecine laboratoire des établissements.,,Ministère de la Santé et des Services sociaux
1003372,Rapatriement et développement de PARLe,2021-02-24,,913200,1399000,153,154900,17,0,0,2022-03-31,2022-08-31,2019-07-08,Justice,2019-001,"Né d’une volonté de favoriser des modes alternatifs de règlements des litiges et d’offrir aux consommateurs un outil supplémentaire pour faire valoir leurs droits, le projet nommé « Plateforme d’aide au règlement des litiges en ligne » (PARLe) a vu le jour le 7 novembre 2016. Fruit d’un partenariat entre l’Office et le Laboratoire de cyberjustice de l’Université de Montréal, cette plateforme permet à certains consommateurs et commerçants de tirer profit d’un environnement neutre, confidentiel, sécurisé et en ligne afin de régler un différend de nature civile qui les oppose et, au besoin, de recourir sans frais aux services d’un médiateur externe. Ses bénéfices sont multiples (accès à la justice, alternative aux tribunaux, économies de temps et d’argent, simplicité de l’outil, possibilité pour les parties de convenir de solutions adaptées, etc.).",Actif,Vert,Vert,Oui,"Le projet vise à réaliser les travaux suivants : - transformer ce projet pilote en véritable service en ligne de l’Office, en créant une nouvelle unité administrative responsable, entre autres, du soutien technique aux utilisateurs de la plateforme; - assurer la pérennité de PARLe en la dotant d’une solution d’hébergement adaptée aux exigences gouvernementales, notamment en matière de sécurité, de performance et d’identification visuelle; - bonifier PARLe et en améliorer l’expérience utilisateur afin d’en faire, à terme, un outil de règlement de litiges et de médiation en ligne plus convivial, facile d’utilisation et accessible, répondant aux standards gouvernementaux.",,Office de la protection du consommateur
1003740,Migration des postes de travail et suite bureautique,2020-10-16,,600000,600000,336,419600,,0,0,2023-03-31,2022-03-31,2019-04-01,Culture et Communications,2019-04,,Actif,Vert,Vert,Non,,,Ministère de la Culture et des Communications
1003782,Entrepôt de données - volet Système électronique d'appel d'offres (SEAO),2020-10-13,,110900,135000,0,109500,,0,0,2021-03-31,2021-03-31,2019-06-20,Conseil du trésor et Administration gouvernementale,SSMP-2019-1,,Actif,Vert,Vert,Non,,,Secrétariat du Conseil du trésor
1003818,"Remplacement de l'application ""Gestion des Baux""",2020-10-29,,3383400,3383400,0,187400,,0,0,2021-07-31,2021-07-31,2018-09-20,Conseil du trésor et Administration gouvernementale,R00241,,Actif,Vert,Vert,Non,,,Société québécoise des infrastructures
1003819,Infocentre - Information intégrée sur la gestion des portefeuilles de projets,2020-10-29,,458300,530700,0,458300,,0,"6,06",2020-04-30,2020-05-31,2018-12-06,Conseil du trésor et Administration gouvernementale,R00243,,Actif,Vert,Vert,Non,,,Société québécoise des infrastructures
1003935,Paiements en ligne,2020-10-16,,1738700,1738700,0,221500,,0,0,2021-07-31,2021-07-31,2020-03-11,Énergie et Ressources naturelles,FP19-045,,Actif,Vert,Vert,Non,,,Ministère de l'Énergie et des Ressources naturelles
1003946,Rehaussement du système financier Smartstream,2020-10-29,,670300,670200,0,399000,,"0,01","71,54",2020-06-30,2021-03-31,2019-06-13,Conseil du trésor et Administration gouvernementale,R00264,,Actif,Rouge,Vert,Non,,,Société québécoise des infrastructures
1003952,Optimisation du système de suivi des factures (SDF),2020-10-29,,1354200,1354200,0,959500,,0,"25,89",2020-09-30,2021-01-31,2019-06-13,Conseil du trésor et Administration gouvernementale,R00273,,Actif,Jaune,Vert,Non,,,Société québécoise des infrastructures
1004070,Bonification de l'offre de transmission numérique des demandes clients,2020-10-20,,2738300,2738300,0,1932700,,0,"4,7",2020-08-31,2020-09-30,2018-12-03,Finances,P516,,Actif,Vert,Vert,Non,,,Retraite Québec
1004400,Remplacement du système de gestion centralisée des droits d'accès et des renseignements sur les entités,2020-10-16,,339000,339000,0,87200,,0,0,2020-11-30,2020-11-30,2019-04-17,Finances,CF-026,,Actif,Vert,Vert,Non,,,Ministère des Finances
1004483,Système de gestion des apprentissages,2020-10-26,,489500,603700,0,54000,,0,0,2021-06-30,2021-06-30,2016-09-12,Transports,P7501,,Actif,Vert,Vert,Non,,,Ministère des Transports
1004485,Suivi des véhicules par télémétrie (SVT),2020-10-26,,1984200,2371000,0,408000,,0,0,2021-06-30,2021-06-30,2017-09-05,Transports,P7400,,Actif,Vert,Vert,Non,,,Ministère des Transports
1004552,Solution d'impression centralisée,2020-10-16,Réévaluation de la pertinence du projet dans le nouveau cadre de télétravail et d'infonuagique,527600,435300,596,39800,,,,2021-03-31,2021-06-30,2018-10-16,Sécurité publique,PRO-647,,Suspendu,-,-,Non,,,Ministère de la Sécurité publique
1004743,Qualité des données et publications (QDP),2020-10-26,,775000,916500,0,335000,,0,0,2021-06-30,2021-06-30,2016-04-11,Transports,P2342,,Actif,Vert,Vert,Non,,,Ministère des Transports
1004838,Amélioration des outils linguistiques en ligne (vitrine linguistique),2021-03-03,,807900,807900,0,108200,,0,0,2022-03-31,2022-03-31,2020-05-01,Justice,PR-015-DGSL,,Actif,Vert,Vert,Non,,,Office québécois de la langue française
1004892,Décision et dossier de poursuite,2021-02-24,,5465800,5465900,0,1584500,19,0,0,2022-02-10,2022-02-10,2018-06-18,Justice,PQ05,"Le projet Décision et dossier de poursuite est la continuité du développement des solutions d’affaires du DPCP visant l’informatisation du processus de travail des procureurs aux poursuites criminelles et pénales. Il fait suite au projet Réception et analyse des demandes d’intenter des procédures.    Le projet Décision et dossier de poursuite prévoit le développement des composantes d’affaires qui permettront aux PPCP de rendre une décision suivant l’analyse d’une demande d'intenter des procédures. Ce projet prend également en charge le développement des documents juridiques liés aux décisions, des rapports et statistiques, ainsi que le processus de divulgation de la preuve.",Actif,Vert,Vert,Oui,"- Ajout de composantes de développement - Création de rapports et formulaires - Divulgation de la preuve - Suivi du dossier de Cour - Évolution de l'application de communication avec les partenaires (ACP).",,Directeur des poursuites criminelles et pénales
1005248,Portail citoyen de la RAMQ,2020-10-19,,3105800,7131000,0,1969000,,0,0,2021-03-31,2021-03-31,2019-07-01,Santé et Services sociaux,RAMQ-14,,Actif,Vert,Vert,Non,,,Régie de l'assurance maladie du Québec
1005300,Programme d'aide financière pour l'achat de lunettes et de lentilles cornéennes pour les jeunes,2020-10-19,,1911500,3822800,0,835800,,0,"47,95",2020-09-01,2021-03-31,2019-06-19,Santé et Services sociaux,RAMQ-11,,Actif,Rouge,Vert,Non,,,Régie de l'assurance maladie du Québec
1005383,IFR Plus - Phase 2,2020-10-16,,1781200,2285200,0,456700,,0,0,2025-07-12,2025-07-12,2019-05-01,Éducation et Enseignement supérieur,6600,,Actif,Vert,Vert,Non,,,Université du Québec
1005403,Assiduité UQAM - Phase 2 (SAFIRH),2020-10-16,,640000,640000,0,576600,,0,0,2023-06-30,2023-06-30,2018-07-17,Éducation et Enseignement supérieur,6605,,Actif,Vert,Vert,Non,,,Université du Québec
1005513,Mise à niveau technologique de SAFIRH,2020-12-18,,2440500,2360000,0,1732500,,"3,41",0,2023-06-30,2023-06-30,2018-07-17,Éducation et Enseignement supérieur,6601,,Actif,Vert,Vert,Non,,,Université du Québec
1005831,Implantation d'un système institutionnel de GED,2020-11-02,,2369500,1789000,0,901600,,"32,44",0,2023-06-30,2023-06-30,2019-06-25,Éducation et Enseignement supérieur,PRJ-978010-2019-0307,,Actif,Vert,Rouge,Non,,,École de technologie supérieure
1005954,Finance and HR Information Systems,2020-11-04,,43850000,44000000,0,27683000,,0,"16,18",2021-04-30,2021-08-31,2019-04-01,Éducation et Enseignement supérieur,PRJ-SYS-SOUTIEN-2973,,Actif,Jaune,Vert,Non,,,Université Concordia
1006266,Système de gestion des ressources humaines,2020-10-28,,50700000,50700000,0,42658000,,0,"20,9",2020-07-31,2021-04-30,2017-01-02,Éducation et Enseignement supérieur,PRJ-979000-2015-761,,Actif,Jaune,Vert,Non,,,Université McGill
1006330,Mise en place des centres de données,2020-10-29,,601100,530100,0,537000,,"13,39",0,2021-04-30,2021-04-30,2017-04-30,Éducation et Enseignement supérieur,PRJ-978008-2015-0165,,Actif,Vert,Jaune,Non,,,Institut national de la recherche scientifique
1006481,Mise à niveau de l'infrastructure réseau,2020-10-28,,32446400,32446100,0,20408000,,0,"28,88",2021-12-31,2023-12-22,2015-03-02,Éducation et Enseignement supérieur,PRJ-979000-2015-763,,Actif,Jaune,Vert,Non,,,Université McGill
1008419,Système de gestion des identités et des accès,2020-12-10,,1910000,1910000,0,786500,,0,"36,02",2021-06-30,2023-01-31,2017-02-01,Éducation et Enseignement supérieur,PRJ-979000-2015-1091,,Actif,Rouge,Vert,Non,,,Université McGill
1008651,Rehaussement du réseau de télécommunication,2020-10-28,,16659900,18500000,0,10533000,,0,"38,63",2020-06-01,2021-09-03,2017-03-01,Éducation et Enseignement supérieur,PRJ-978001-2013-548,,Actif,Rouge,Vert,Non,,,Université du Québec à Montréal
1008717,Migration technologique de Banner,2020-11-03,,2911000,2300000,0,1571500,,"26,56","283,87",2019-04-30,2021-12-23,2018-05-24,Éducation et Enseignement supérieur,P420,,Actif,Rouge,Jaune,Non,,,Université Laval
1008752,Remplacement du système de téléphonie IP (anciennement mise à niveau),2020-10-29,,366000,582000,0,308000,,0,0,2020-12-31,2020-12-31,2019-08-01,Éducation et Enseignement supérieur,PRJ-904000-2015-0213,,Actif,Vert,Vert,Non,,,Cégep de Sherbrooke
1008772,Gestion du dossier étudiant électronique unique,2020-11-14,,3339200,4630300,0,2413500,,0,"12,78",2020-11-30,2021-04-30,2017-09-06,Éducation et Enseignement supérieur,1338,,Actif,Jaune,Vert,Non,,,Université de Montréal
1008918,Résorption de la désuétude du parc de postes de travail et migration à Windows 10,2020-10-16,,3906100,4904500,0,1703200,,0,0,2022-03-30,2022-03-30,2019-05-03,Sécurité publique,PRO-688,,Actif,Vert,Vert,Non,,,Ministère de la Sécurité publique
1008921,Signature électronique et rapport d'expertise,2020-10-16,,93000,93000,0,84100,,0,"49,88",2020-05-31,2020-12-31,2019-03-29,Sécurité publique,PRO-1558,,Actif,Rouge,Vert,Non,,,Ministère de la Sécurité publique
1009156,Opérationnalisation du projet de loi 18,2021-03-02,,30761200,30761200,0,1776400,11,0,0,2023-03-03,2023-03-03,2020-03-31,Famille,2857,"Ce projet en ressources informationnelles est requis pour opérationnaliser la mise en oeuvre du projet de loi 18. Ce dernier propose d'importants changements qui touchent notamment l’offre  des mesures de protection pour les majeurs avec des services  simplifiés, efficaces et performants, centrés davantage sur l’autonomie des personnes, le respect de leurs volontés et de leurs préférences. Il vise la mise en place de services moins privatifs de leurs droits et pour lesquelles leur famille et leurs proches constitueront l’élément-clé. Le projet de loi 18 a été adopté le 2 juin 2020.",Actif,Vert,Vert,Oui,"Ce projet découle de changements législatifs apportés par le projet de loi 18 touchant principalement le Code civil, le Code de procédure civile et la Loi sur le curateur public. Il se subdivise en deux principaux volets : l’instauration d’une nouvelle mesure d’assistance, qui s’adresse à une clientèle élargie que sont les citoyens du Québec, et l’adaptation du système actuel de mission PSO (Portail du Système Opérationnel) pour les autres changements apportés aux mesures de protection des personnes majeures. Conformément à son plan de transformation prévu au cours des 5 prochaines années, le Curateur public souhaite procéder à la mise en oeuvre de nouveaux services numériques pour la mesure d’assistance et ainsi contribuer pleinement à la Stratégie de transformation numérique gouvernementale 2019-2023 et aux exigences afférentes. L’ampleur du projet étant, le Curateur propose pour le second volet de procéder à des évolutions de son système actuel de mission PSO, à leur strict minimum, de manière à rencontrer les nouvelles exigences légales dans le délai visé de 18 à 24 mois suivant l’adoption du projet de loi et ce, sans mettre en péril l’exercice de sa mission.",,Curateur public
1009252,Plateforme partagée de services des bibliothèques universitaires québécoises,2020-12-03,,29496600,31500600,0,2967100,,0,"37,91",2021-08-31,2023-03-31,2017-07-01,Éducation et Enseignement supérieur,PRJ-976000-2019-0001,,Actif,Rouge,Vert,Non,,,Université de Montréal
1009296,Système de gestion du recrutement étudiant,2020-12-10,,576200,0,0,117900,,,"32,37",2020-10-31,2021-04-30,2019-04-21,Éducation et Enseignement supérieur,PRJ-979000-2019-5080,,Actif,Rouge,-,Non,,,Université McGill
1009400,Système de gestion des examens de thèse,2020-12-10,,579300,0,0,223700,,,"44,34",2020-12-31,2021-12-15,2018-11-05,Éducation et Enseignement supérieur,PRJ-979000-2018-5069,,Actif,Rouge,-,Non,,,Université McGill
1009664,Stratégie numérique - plateforme d'apprentissage en ligne (projet pilote),2021-02-17,,974200,0,0,192400,,,0,2021-10-29,2021-10-29,2019-10-31,Éducation et Enseignement supérieur,PRJ-SYS-MISSION-DS2,,Actif,Vert,-,Non,,,Université Concordia
1010314,PP - NUM - Déploiement et migration des services de numérisation,2020-12-14,Les travaux d'industrialisation du CO numérisation ne sont pas encore terminés.,1228300,1228400,307,32700,,,,2021-10-09,2022-10-09,2020-02-11,Santé et Services sociaux,004594,,Suspendu,-,-,Non,,,Centre intégré universitaire de santé et de services sociaux de la Mauricie-et-du-Centre-du-Québec
1010324,GMAO V2,2021-01-08,,260000,260000,0,78300,,0,0,2016-09-30,2021-12-31,2016-10-21,Santé et Services sociaux,004295,,Actif,Vert,Vert,Non,,,Centre hospitalier universitaire Sainte-Justine
1010352,Rehaussement du logiciel TAO - HPLG,2021-01-11,,48200,48200,396,48200,,0,"66,44",2019-01-31,2020-12-30,2017-11-01,Santé et Services sociaux,004933,,Actif,Rouge,Vert,Non,,,Centre intégré de santé et de services sociaux de Lanaudière
1010354,SI Régional:  Soins à domicile SAD,2021-01-11,,82000,82000,982,38000,,0,"125,59",2017-10-31,2021-03-31,2017-04-03,Santé et Services sociaux,004473,,Actif,Rouge,Vert,Non,,,Centre intégré de santé et de services sociaux des Laurentides
1010357,Fédération des index-patients locaux en une instance unique,2021-01-11,,380800,380800,0,253700,,0,"78,89",2019-12-31,2021-03-31,2018-06-01,Santé et Services sociaux,004472,,Actif,Rouge,Vert,Non,,,Centre intégré de santé et de services sociaux des Laurentides
1010358,Acquisition Interface Bloc opératoire et service de prévention des infections,2021-01-11, Le projet n'est pas encore en réalisation.,54000,54000,1608,0,,,,2015-10-31,2022-03-31,2015-06-01,Santé et Services sociaux,004214,,Suspendu,-,-,Non,,,Centre intégré de santé et de services sociaux de Laval
1010372,Outil de gestion et de surveillance pour la réseautique,2020-12-15,Le projet est en suspens par manque de ressources à y affecter pour l'instant,49500,49500,624,0,,,,2019-03-31,2021-03-31,2018-04-01,Santé et Services sociaux,004449,,Suspendu,-,-,Non,,,Centre intégré universitaire de santé et de services sociaux de l'Ouest-de-l'Île-de-Montréal
1010385,Informatisation des départs et transferts en hygiène salubrité à l'hôpital Pierre-Boucher,2021-01-14,,157900,157900,157,62700,,0,"214,93",2019-03-31,2021-12-31,2018-03-01,Santé et Services sociaux,005011,,Actif,Rouge,Vert,Non,,,Centre intégré de santé et de services sociaux de la Montérégie-Centre
1010389,Système de traçabilité à la stérilisation,2020-12-21,,493000,493000,0,493000,,0,"32,7",2020-02-28,2021-03-31,2016-11-01,Santé et Services sociaux,004293,,Actif,Rouge,Vert,Non,,,Centre intégré de santé et de services sociaux de Chaudière-Appalaches
1010407,Système d'information spécialisé - suppléance rénale,2021-01-14,"Suite aux travaux d'implantation, le fournisseur n'a pas répondu aux exigences de l'appel d'offres, et les besoins ne sont pas comblés. Une démarche a été entreprise pour évaluer les alternatives, raison pour laquelle le projet est suspendu.",416400,416400,1019,110300,,,,2015-12-31,2021-03-31,2015-02-15,Santé et Services sociaux,004199,,Suspendu,-,-,Non,,,Centre intégré de santé et de services sociaux de la Montérégie-Centre
1010408,PP - NUM - Déploiement des services de numérisation,2020-12-17,"Le projet est en attente des orientations ministérielles.  Le CRSSS de la Baie-James est en phase de préparation d'un nouvel échéancier de mise en oeuvre pour l'implantation du DCI et du DPE.",610800,610700,678,0,,,,2020-03-31,2024-03-31,2019-02-07,Santé et Services sociaux,005027,,Suspendu,-,-,Non,,,Centre régional de santé et de services sociaux de la Baie-James
1010412,Mise en place d'un système de traçabilité au bloc opératoire,2021-01-14,"Un changement des priorités organisationnelles oblige la réévaluation du projet par les parties prenante. Raison pour laquelle, il est suspendu.",386500,386600,2442,302600,,,,2017-03-31,2021-02-20,2010-02-01,Santé et Services sociaux,000285,,Suspendu,-,-,Non,,,Centre intégré de santé et de services sociaux de la Montérégie-Centre
1010417,"P58b Gestion stratégique de l'information - Volet mise à niveau de l'outillage entourant les services de soutien, d'accueil et de références.",2020-12-16,,184800,211800,2303,61800,,0,0,2017-12-31,2021-03-31,2009-04-15,Santé et Services sociaux,003025,,Actif,Vert,Vert,Non,,,Office des personnes handicapées du Québec
1010422,Éléments de la mise en place de l'infrastructure CRCHUM et nouveau CHUM,2021-01-06,,990700,990700,578,875400,,0,"45,12",2018-03-31,2022-03-31,2012-11-20,Santé et Services sociaux,002267,,Actif,Rouge,Vert,Non,,,Centre hospitalier de l'Université de Montréal
1010435,Résultats radiologiques,2020-12-22,"Le manque de disponibilité de nos ressources humaines ainsi que celles du fournisseur a retardé l'avancement du projet et, par conséquent, nous a obligé à revoir l'échéancier.",115900,115900,751,0,,,,2017-12-31,2022-06-30,2017-06-14,Santé et Services sociaux,2016-01  (004725),,Suspendu,-,-,Non,,,Centre intégré de santé et de services sociaux de l'Outaouais
1010436,Mise à jour de l'engin d'intégration BizTalk,2020-12-22,,145800,145800,854,106000,,0,"59,4",2018-07-31,2021-03-31,2018-01-10,Santé et Services sociaux,2017-02 (004978),,Actif,Rouge,Vert,Non,,,Centre intégré de santé et de services sociaux de l'Outaouais
1010440,Système d'information de pharmacie,2020-12-15,,464700,464500,233,441700,,"0,04","626,97",2017-12-31,2021-03-31,2017-08-01,Santé et Services sociaux,004357,,Actif,Rouge,Vert,Non,,,Conseil Cri de la santé et des services sociaux de la Baie James
1010441,Rehaussement système d'échographie à Lasalle - Viewpoint,2020-12-15,,189400,190200,211,118100,,0,"235,35",2018-03-31,2021-02-26,2017-04-03,Santé et Services sociaux,004742,,Actif,Rouge,Vert,Non,,,Centre intégré universitaire de santé et de services sociaux de l'Ouest-de-l'Île-de-Montréal
1010442,Outil d'évaluation du patient (RAI - Resident Assessment Instrument),2020-12-15,Projet mis en suspens d'ici à ce que le résultat de l'appel d'offres soit obtenu,163600,163600,1035,0,,,,2018-03-30,2022-03-31,2017-05-15,Santé et Services sociaux,004817,,Suspendu,-,-,Non,,,Centre intégré universitaire de santé et de services sociaux de l'Ouest-de-l'Île-de-Montréal
1010443,Téléphonie,2021-01-07,,582900,600000,1037,532400,,0,"10,56",2017-12-31,2021-04-15,2013-10-01,Santé et Services sociaux,003007,,Actif,Jaune,Vert,Non,,,Corporation d'urgences-santé
1010445,Système administratif des ressources financières et matérielles,2020-12-15,"Le projet est suspendu, il est dépendant du projet 4624 Paie-RH, pour les tâches restantes",784600,840800,1171,782200,,,,2017-03-31,2021-03-31,2017-04-03,Santé et Services sociaux,004623,,Suspendu,-,-,Non,,,Centre intégré universitaire de santé et de services sociaux de l'Ouest-de-l'Île-de-Montréal
1010446,Système administratif pour les ressources humaines et paie,2020-12-15,"Le projet est mis en suspens. Le déploiement en production est complété. L'environnement de relève doit être reçu et configuré, ce qui reporte la fin du projet en septembre 2019.",1289600,1625500,745,1281100,,,,2018-03-30,2021-03-31,2017-05-08,Santé et Services sociaux,004624,,Suspendu,-,-,Non,,,Centre intégré universitaire de santé et de services sociaux de l'Ouest-de-l'Île-de-Montréal
1010453,Migration AD,2020-12-15,,993100,993100,630,97800,,0,"17,2",2019-03-31,2021-03-31,2017-08-21,Santé et Services sociaux,004466,,Actif,Jaune,Vert,Non,,,Centre intégré universitaire de santé et de services sociaux de l'Ouest-de-l'Île-de-Montréal
1010454,Refonte SAAV,2021-01-07,Une priorisation des projets corporatifs a entrainé la modification de la date d'échéance de ce projet.,145000,130000,1044,15000,,,,2016-01-08,2022-03-31,2017-01-18,Santé et Services sociaux,002979,,Suspendu,-,-,Non,,,Corporation d'urgences-santé
1010456,Gestion de la collaboration documentaire,2021-01-07,,150000,150000,679,10000,,0,0,2020-03-31,2021-03-31,2018-06-01,Santé et Services sociaux,005123,,Actif,Vert,Vert,Non,,,Corporation d'urgences-santé
1010458,Refonte du système de facturation et recouvrement pour le transport ambulancier,2021-01-07,"Le projet est suspendu, en date du 1 octobre 2018, en raison d'une orientation de déploiement provincial.",265000,130000,967,105000,,,,2018-12-31,2022-03-31,2017-10-01,Santé et Services sociaux,003865,,Suspendu,-,-,Non,,,Corporation d'urgences-santé
1010459,Système d'information - Projet Hémodialyse,2020-12-14,En attente d'une décision de l'approvisionnement,492600,492600,967,0,,,,2018-08-31,2021-03-31,2017-09-01,Santé et Services sociaux,004488,,Suspendu,-,-,Non,,,Centre intégré universitaire de santé et de services sociaux de la Mauricie-et-du-Centre-du-Québec
1010460,PP - NUM - Déploiement et migration des services de numérisation,2021-01-08,Nous sommes en attente de nouvelles orientations.,362400,362400,800,0,,,,2019-06-14,2022-03-31,2018-11-01,Santé et Services sociaux,005181,,Suspendu,-,-,Non,,,CHU de Québec - Université Laval
1010461,PP - NUM - Déploiement et migration des services de numérisation (IUCPQ),2021-01-08,Nous sommes en attente de nouvelles orientations.,108500,108500,800,0,,,,2019-06-28,2022-02-28,2018-10-01,Santé et Services sociaux,005284,,Suspendu,-,-,Non,,,CHU de Québec - Université Laval
1010462,PP - NUM - Déploiement et migration des services de numérisation (CISSS des Îles),2021-01-08,Nous sommes en attente de nouvelles orientations.,161800,161700,772,0,,,,2019-12-20,2021-11-30,2018-11-29,Santé et Services sociaux,005264,,Suspendu,-,-,Non,,,CHU de Québec - Université Laval
1010466,Intégration de l'Hôpital Notre-Dame,2021-01-06,,28732600,28732700,0,24980300,,0,"79,32",2018-12-31,2021-03-31,2016-03-01,Santé et Services sociaux,004537,,Actif,Rouge,Vert,Non,,,Centre intégré universitaire de santé et de services sociaux du Centre-Sud-de-l'Île-de-Montréal
1010470,Projet d'optimisation et de mise en commun des infrastructures de téléphonie de la région de Laval,2021-01-11,,2164900,2164900,762,967300,,0,"30,88",2018-03-31,2021-12-31,2012-11-05,Santé et Services sociaux,003502,,Actif,Rouge,Vert,Non,,,Centre intégré de santé et de services sociaux de Laval
1010471,Remplacement du système de gestion de la buanderie,2021-01-11,,184100,196800,444,168900,,0,0,2020-06-30,2021-01-29,2018-02-22,Santé et Services sociaux,003816,,Actif,Vert,Vert,Non,,,Centre intégré de santé et de services sociaux de Lanaudière
1010472,OPERA - Module instrumental,2021-01-11,Le projet n'est pas encore en réalisation.,308000,308000,1593,0,,,,2015-10-31,2021-03-31,2015-10-01,Santé et Services sociaux,004216,,Suspendu,-,-,Non,,,Centre intégré de santé et de services sociaux de Laval
1010475,Centre régional intégré en cancérologie,2020-12-21,,5779100,5779000,0,5779100,,0,"93,59",2018-12-31,2021-01-29,2016-10-10,Santé et Services sociaux,004298,,Actif,Rouge,Vert,Non,,,Centre intégré de santé et de services sociaux de Chaudière-Appalaches
1010484,PP - DCI  - Déploiement de Cristal-Net - Phase 1,2021-01-11,,4659200,4669200,0,962700,,0,"222,95",2018-12-31,2023-12-31,2016-10-03,Santé et Services sociaux,004471,,Actif,Rouge,Vert,Non,,,Centre intégré de santé et de services sociaux des Laurentides
1010487,Système d'information en prévention des infections nosocomiales,2021-01-11,COVID-19,256400,256500,260,124600,,,,2016-03-31,2022-03-31,2016-12-15,Santé et Services sociaux,003930,,Suspendu,-,-,Non,,,Centre intégré de santé et de services sociaux de Lanaudière
1010502,Infrastructure du réseau de service (Coeur) CRCHUM et le nouveau CHUM,2021-01-06,,4631400,4631300,852,1866500,,0,0,2020-10-31,2022-03-31,2012-11-08,Santé et Services sociaux,002265,,Actif,Vert,Vert,Non,,,Centre hospitalier de l'Université de Montréal
1010507,Remplacement du système de nutrition parentérale,2021-01-08,Changement dans l'attribution de la charge de projet.,239800,239800,391,13000,,,,2020-04-30,2020-04-30,2019-04-15,Santé et Services sociaux,005317,,Suspendu,-,-,Non,,,Centre intégré universitaire de santé et de services sociaux de l'Estrie - Centre hospitalier universitaire de Sherbrooke
1010508,Rehaussement du système d'information clinique et radiothérapie (plan de traitement),2021-01-14,,682700,680000,366,660400,,"0,39","75,54",2019-03-31,2020-12-31,2018-04-01,Santé et Services sociaux,005025,,Actif,Rouge,Vert,Non,,,Centre intégré de santé et de services sociaux de la Montérégie-Centre
1010509,Système de gestion de la maintenance assistée par ordinateur (GMAO) pour GBM et DST,2021-01-14,"Au premier Avril la Direction des ressources informationnelles de la Montérégie faisait le regroupement opérationnel et la transition jusqu'au mois de septembre 2018,, raison pour laquelle on était obligé de suspendre ce projet.",462000,462000,980,0,,,,2018-12-31,2021-12-31,2018-04-15,Santé et Services sociaux,005026,,Suspendu,-,-,Non,,,Centre intégré de santé et de services sociaux de la Montérégie-Centre
1010511,DCI en anesthésie - EVA,2021-01-08,Le projet est en suspens car un problème technique ne nous permet pas de connecter la table d'anesthésie à EVA. Il y a aussi divers tests à faire car le tout a été retardé avec l'ouverture du BUS,1099900,1100000,1318,759100,,,,2017-09-30,2021-09-30,2013-04-01,Santé et Services sociaux,000162,,Suspendu,-,-,Non,,,Centre hospitalier universitaire Sainte-Justine
1010512,Dossier clinique informatisé - Néonatalogie,2021-01-08,Le projet est en suspens car nous avons un problème technique au niveau des branchement avec certains équipements GBM.,3105500,3870000,1318,1601600,,,,2017-12-31,2021-06-30,2014-03-18,Santé et Services sociaux,003586,,Suspendu,-,-,Non,,,Centre hospitalier universitaire Sainte-Justine
1010521,Remplacement Voxar et TeraRecon,2021-01-08,Nouvelle analyse du marché sera faite avant d'entreprendre le projet,155000,155000,626,0,,,,2020-08-31,2020-08-31,2019-02-01,Santé et Services sociaux,004685,,Suspendu,-,-,Non,,,Centre hospitalier universitaire Sainte-Justine
1010529,Rehaussement du système de gestion des requêtes informatiques,2021-01-08,Projet suspendu en raison du Covid,46000,46000,299,41000,,,,2018-03-31,2020-12-31,2018-02-01,Santé et Services sociaux,004757,,Suspendu,-,-,Non,,,Centre intégré universitaire de santé et de services sociaux de l'Estrie - Centre hospitalier universitaire de Sherbrooke
1010532,Système de gestion de la Dialyse,2020-12-22,,1039400,1039400,160,798500,,0,"74,74",2019-12-31,2021-03-31,2018-11-30,Santé et Services sociaux,002637,,Actif,Rouge,Vert,Non,,,Centre intégré universitaire de santé et de services sociaux de l'Est-de-l'Île-de-Montréal
1010537,SI Gestion et suivi des projets de recherche - NAGANO - Lanaudière,2021-01-11,En attente du client,31500,31500,552,3000,,,,2020-03-31,2021-03-31,2019-04-01,Santé et Services sociaux,005365,,Suspendu,-,-,Non,,,Centre intégré de santé et de services sociaux de Lanaudière
1010554,Système de cardiologie (hémodynamie et électrophysiologie),2021-01-18,Projet suspendu dû à la COVID-19,534500,537500,312,374500,,,,2019-10-01,2021-12-31,2019-02-01,Santé et Services sociaux,005375,,Suspendu,-,-,Non,,,Centre universitaire de santé McGill
1010562,SI Gestion et suivi des projets de recherche - NAGANO - Laurentides,2021-01-11,En attente du client,26500,26500,552,0,,,,2020-03-31,2021-03-31,2019-04-01,Santé et Services sociaux,005366,,Suspendu,-,-,Non,,,Centre intégré de santé et de services sociaux des Laurentides
1010566,Informatisation de la planification tactique de la main-d'oeuvre syndiqué - Vue fonction,2020-12-18,,226200,290000,241,107800,,0,"33,82",2020-03-31,2021-05-31,2018-10-01,Santé et Services sociaux,005116,,Actif,Rouge,Vert,Non,,,Héma-Québec
1010567,Refonte et informatisation du processus de nettoyage et vérification des équipements biomédicaux et TI en collecte,2020-12-18,"Projet en réorientation complète, portée du projet sujet à changement. Le projet sera en suspens pour la période d'analyse. Les activités reliées à ce projet sont reportées à une date ultérieure.",1758100,1877500,218,498900,,,,2021-01-31,2023-02-28,2018-06-03,Santé et Services sociaux,004926,,Suspendu,-,-,Non,,,Héma-Québec
1010571,Implantation d'un logiciel de traçabilité du patient,2021-01-08,Ressources non-disponibles,114800,114800,536,13900,,,,2020-01-31,2022-03-31,2018-06-18,Santé et Services sociaux,005188,,Suspendu,-,-,Non,,,CHU de Québec - Université Laval
1010574,Consolidation de la téléphonie IP,2020-12-15,,258600,258600,0,71000,,0,"519,43",2018-06-30,2021-06-30,2017-12-01,Santé et Services sociaux,003920,,Actif,Rouge,Vert,Non,,,Conseil Cri de la santé et des services sociaux de la Baie James
1010577,Nouveaux centres - volet informatique,2020-12-18,,460000,487000,675,341200,,0,"172,74",2017-03-31,2021-03-31,2016-01-01,Santé et Services sociaux,004506,,Actif,Rouge,Vert,Non,,,Héma-Québec
1010585,Gestion d'identité et d'authentification unique,2020-12-04,,430000,493100,0,355000,,0,"134,12",2019-03-31,2021-03-31,2017-10-02,Santé et Services sociaux,004503,,Actif,Rouge,Vert,Non,,,Institut de Cardiologie de Montréal
1010612,Remplacement du système d'authentification unique par biométrie,2020-12-14," Processus de négociation de contrat en cours   ",2235500,2235500,404,96300,,,,2021-01-09,2023-01-09,2018-12-12,Santé et Services sociaux,005300,,Suspendu,-,-,Non,,,Centre intégré universitaire de santé et de services sociaux de la Mauricie-et-du-Centre-du-Québec
1010658,SI-PMI - Reforecast automatisé - Chargement personnel scolaire et autres évolutions,2021-01-08,Le projet doit être suspendu pour un temps indéterminé en raison des travaux liés à SI-PMI pour la Covid 19.,172000,3361200,29,12500,,,,2020-12-31,2021-12-31,2019-03-04,Santé et Services sociaux,005312,,Suspendu,-,-,Non,,,Institut national de santé publique du Québec
1010694,Infrastructure technologique de télécommunication requise pour les composantes de la phase 1 du projet NCH,2021-01-08,,4367900,4368000,0,2003200,,0,"63,25",2020-03-31,2021-03-31,2018-09-01,Santé et Services sociaux,004937,,Actif,Rouge,Vert,Non,,,CHU de Québec - Université Laval
1010698,NCH - Implantation d'un nouveau système de gestion des  approvisionnements (WMS) au centre de distribution.,2021-01-08,,1366300,1368200,0,316500,,0,0,2021-09-27,2021-07-31,2018-10-22,Santé et Services sociaux,005092,,Actif,Vert,Vert,Non,,,CHU de Québec - Université Laval
1010699,Amélioration du système d'interventions chirurgicales (GIC),2021-01-08,,1399100,1399300,0,369000,,0,0,2022-10-30,2022-10-30,2019-01-06,Santé et Services sociaux,005244,,Actif,Vert,Vert,Non,,,CHU de Québec - Université Laval
1010702,PP-Déploiement du DCI provincial Cristal-Net (CISSS des Îles),2021-01-08,,1333600,1332500,0,38000,,"0,08",0,2022-12-16,2021-12-31,2018-06-18,Santé et Services sociaux,005275,,Actif,Vert,Vert,Non,,,CHU de Québec - Université Laval
1010707,PP - AI - Déploiement de l'agent d'intégration (CHU),2021-01-08,En attente du MSSS,746900,746800,283,0,,,,2022-02-07,2022-05-31,2019-05-14,Santé et Services sociaux,005324,,Suspendu,-,-,Non,,,CHU de Québec - Université Laval
1010708,PP - AI - Déploiement de l'agent d'intégration (IUCPQ),2021-01-08,En attente du MSSS,286400,286400,283,0,,,,2022-02-07,2022-05-31,2019-05-14,Santé et Services sociaux,005325,,Suspendu,-,-,Non,,,CHU de Québec - Université Laval
1010709,PP - AI - Déploiement de l'agent d'intégration (CISSS des Îles),2021-01-08,En attente du MSSS,85700,85700,283,0,,,,2020-03-30,2021-03-31,2019-05-14,Santé et Services sociaux,005326,,Suspendu,-,-,Non,,,CHU de Québec - Université Laval
1010716,Opera - gestion du matériel et des instruments,2021-01-08,,244300,245700,0,0,,0,"81,93",2020-08-21,2021-06-30,2019-08-05,Santé et Services sociaux,005467,,Actif,Rouge,Vert,Non,,,CHU de Québec - Université Laval
1010725,Agrandissement et réaménagement - phase II,2020-12-14,"Travaux suspendus en raison du contexte de la pandémie. Les salles dans lesquelles, les travaux restants devaient être effectués sont utilisées pour les clinques de dépistage et de vaccination.",863000,863100,55,724800,,,,2019-08-15,2021-07-31,2018-04-09,Santé et Services sociaux,004904,,Suspendu,-,-,Non,,,Centre intégré universitaire de santé et de services sociaux de la Mauricie-et-du-Centre-du-Québec
1010747,PP - AI - Déploiement de l'agent d'intégration,2021-01-06,,378300,378300,367,168200,,0,0,2020-03-31,2021-03-31,2018-09-01,Santé et Services sociaux,005280,,Actif,Vert,Vert,Non,,,Centre hospitalier de l'Université de Montréal
1010759,Déploiement d'un système spécialisé à l'ophtalmologie,2021-01-18,,171000,170600,133,15400,,"0,23","15,25",2020-08-31,2021-03-31,2019-04-01,Santé et Services sociaux,005389,,Actif,Jaune,Vert,Non,,,Centre universitaire de santé McGill
1010794,Reconnaissance vocale en imagerie médicale,2020-12-15,"Dans le contexte de la pandémie de Covid-19, les ressources nécessaires à l'implantation de ce système sont affectées en priorité aux besoins directement reliés à la pandémie",678200,698300,255,0,,,,2021-07-31,2023-03-31,2019-06-27,Santé et Services sociaux,005407,,Suspendu,-,-,Non,,,Centre intégré universitaire de santé et de services sociaux de l'Ouest-de-l'Île-de-Montréal
1010824,PP - AI - Déploiement de l'agent d'intégration Phase 1 (Délestage des interfaces ebiz) et Phase 2 (Migration vers Enovacom),2020-12-17,Arrêté dû aux manques de ressources des interfaces pour la migration vers Enovacom.,753800,753800,422,40600,,,,2021-03-31,2023-03-31,2018-04-28,Santé et Services sociaux,004886,,Suspendu,-,-,Non,,,Centre intégré universitaire de santé et de services sociaux du Nord-de-l'Île-de-Montréal
1010830,Développement du réseau sans fil du CIUSSS Nord-de-l'Île-de-Montréal,2020-12-17,,1954900,1593100,0,973000,,"22,71","50,23",2020-10-30,2021-12-31,2018-07-03,Santé et Services sociaux,005332,,Actif,Rouge,Jaune,Non,,,Centre intégré universitaire de santé et de services sociaux du Nord-de-l'Île-de-Montréal
1010832,Mise en place de la solution Tconnect (TELUS Santé),2020-12-17,Projet suspendu par comité de direction en contexte de pandémie. Devra être réévalué par comité de direction à une date indéterminée.,1003100,1003100,261,6600,,,,2020-06-01,2022-04-30,2019-07-01,Santé et Services sociaux,005361,,Suspendu,-,-,Non,,,Centre intégré universitaire de santé et de services sociaux du Nord-de-l'Île-de-Montréal
1010863,Téléphonie régionale intégrée,2020-12-16,,1615600,1677000,0,1606400,,0,"86,4",2019-03-31,2021-03-31,2016-12-05,Santé et Services sociaux,004682,,Actif,Rouge,Vert,Non,,,Centre intégré de santé et de services sociaux de la Côte-Nord
1010907,Consolidation des systèmes de sauvegarde - Laval,2021-01-11,,770300,776000,0,511900,,0,0,2023-03-15,2022-03-31,2019-07-01,Santé et Services sociaux,005094,,Actif,Vert,Vert,Non,,,Centre intégré de santé et de services sociaux de Laval
1010917,Consolidation des systèmes de sauvegarde - Lanaudière,2021-01-11,,726800,726800,0,407000,,0,0,2022-08-21,2022-03-31,2019-11-18,Santé et Services sociaux,005109,,Actif,Vert,Vert,Non,,,Centre intégré de santé et de services sociaux de Lanaudière
1010921,Solution intégrée en gestion de transport - SIGT,2021-01-11,,312100,312100,0,78300,,0,0,2021-05-14,2021-05-14,2019-08-09,Santé et Services sociaux,005503,,Actif,Vert,Vert,Non,,,Centre intégré de santé et de services sociaux de Lanaudière
1010923,Mise à niveau de l'infrastructure PACS de l'imagerie médicale - Rehaussement de Synapse à v 5.x,2021-01-12,,874000,815900,0,838900,,"7,12","196,09",2020-06-23,2021-07-30,2019-12-01,Santé et Services sociaux,005554,,Actif,Rouge,Vert,Non,,,Centre intégré de santé et de services sociaux de Lanaudière
1010929,Consolidation des systèmes de sauvegarde - Laurentides,2021-01-11,,923300,923300,0,347200,,0,0,2024-02-07,2023-03-31,2019-07-01,Santé et Services sociaux,005099,,Actif,Vert,Vert,Non,,,Centre intégré de santé et de services sociaux des Laurentides
1010932,Régionalisation OPERA/INSTRUMENTAL CISSS des Laurentides,2021-01-11,,668900,668900,0,383500,,0,0,2022-03-09,2022-03-09,2019-05-01,Santé et Services sociaux,005377,,Actif,Vert,Vert,Non,,,Centre intégré de santé et de services sociaux des Laurentides
1010936,Consolidation AD du CISSS des Laurentides,2021-01-11,,1968700,1968700,146,208000,,0,0,2023-09-28,2023-12-31,2020-01-01,Santé et Services sociaux,005535,,Actif,Vert,Vert,Non,,,Centre intégré de santé et de services sociaux des Laurentides
1010943,Solution de gestion des portefeuilles et des projets,2021-01-14,,112000,122000,0,40200,,0,"38,29",2021-01-15,2021-12-31,2018-07-16,Santé et Services sociaux,005256,,Actif,Rouge,Vert,Non,,,Centre intégré de santé et de services sociaux de la Montérégie-Centre
1010947,Implantation des dossiers médicaux électroniques (DMÉ) en CLSC/GMF,2021-01-14,,559500,665300,0,82200,,0,0,2021-11-07,2021-04-14,2019-03-01,Santé et Services sociaux,005376,,Actif,Vert,Vert,Non,,,Centre intégré de santé et de services sociaux de la Montérégie-Centre
1010954,Mise à niveau du système de traçabilité - Gestion de lingerie,2021-01-14,,189900,189900,0,51700,,0,"84,99",2020-03-31,2021-07-31,2018-09-05,Santé et Services sociaux,004911,,Actif,Rouge,Vert,Non,,,Centre intégré de santé et de services sociaux de la Montérégie-Centre
1013085,SQIN - Accès bonifié aux prestations électroniques de services Entreprises et Citoyens,2021-02-25,,40620000,41850000,0,3872200,5,0,0,2023-05-13,2023-05-13,2020-05-13,Conseil du trésor et Administration gouvernementale,8491,Modernisation de la solution d'authentification gouvernementale pour accéder aux services en ligne des ministères et organismes publics.,Actif,Vert,Vert,Oui,"Bonification de l'accès aux prestations électroniques des services (PES) des entreprises et des citoyens : authentification, vérification d'identité, justificatifs bancaires, gestion des accès et délégation.",,Infrastructures technologiques Québec
1013110,SAVPEC - Vente de permis en ligne,2020-10-16,,2128200,2128200,0,682700,,0,0,2021-09-30,2021-09-30,2018-03-28,"Forêts, Faune et Parcs",FP19-088,,Actif,Vert,Vert,Non,,,"Ministère des Forêts, de la Faune et des Parcs"
1013179,Rehaussement de TRAFIQ,2020-10-16,,1300000,1300000,0,1062000,,0,0,2020-12-31,2020-12-31,2019-07-06,Sécurité publique,PRO-693,,Actif,Vert,Vert,Non,,,Ministère de la Sécurité publique
1013441,Modèle d'affaires fournisseurs,2020-10-16,,3072000,3072000,0,166100,,0,0,2022-03-31,2022-03-31,2019-11-14,"Travail, Emploi et Solidarité sociale",3.3058,,Actif,Vert,Vert,Non,,,"Commission des normes, de l'équité, de la santé et de la sécurité du travail"
1013442,Mise en place d'un outil de gestion des dossiers ÉS,2021-01-29,,1952000,1952000,0,105000,,0,0,2022-06-30,2022-06-30,2020-02-23,"Travail, Emploi et Solidarité sociale",3.3208,,Actif,Vert,Vert,Non,,,"Commission des normes, de l'équité, de la santé et de la sécurité du travail"
1013447,Remplacement du gestionnaire juridique (DGAJ),2020-10-16,,1251000,1251000,0,37800,,0,0,2022-03-31,2022-03-31,2019-03-24,"Travail, Emploi et Solidarité sociale",3.3081,,Actif,Vert,Vert,Non,,,"Commission des normes, de l'équité, de la santé et de la sécurité du travail"
1013455,Gestion du Fonds Ruralité et régions,2020-10-16,,305400,310800,0,24800,,0,0,2021-06-30,2021-06-30,2020-06-30,Affaires municipales et Habitation,250001882,,Actif,Vert,Vert,Non,,,Ministère des Affaires municipales et de l'Habitation
1013612,Optimisation du parcours décès,2020-10-20,,1926400,1926400,0,920300,,0,0,2021-12-31,2021-12-31,2019-09-10,Finances,P519,,Actif,Vert,Vert,Non,,,Retraite Québec
1013620,Externalisation des systèmes de météoroutière,2020-10-27,,1730400,1739500,0,26900,,0,0,2022-03-31,2022-03-31,2020-03-02,Transports,P2310,,Actif,Vert,Vert,Non,,,Ministère des Transports
1013645,Client 360,2020-10-20,,4391400,4391400,0,1134300,,0,0,2021-12-31,2021-12-31,2019-10-10,Finances,P521,,Actif,Vert,Vert,Non,,,Retraite Québec
1013836,Amélioration de l’expérience utilisateur et refonte du site Web institutionnel de l’ISQ,2020-10-19,,356800,298000,0,285700,,"19,73",0,2020-12-21,2020-12-21,2019-06-21,Finances,HMC-06,,Actif,Vert,Jaune,Non,,,Institut de la statistique du Québec
1014402,Dépôt des actes de procédure et des demandes,2021-02-24,,29476300,29476300,0,502100,2,0,0,2023-01-20,2023-01-20,2018-06-18,Justice,320700101,"Livrer les produits d’affaires qui permettent de mettre à la disposition de la clientèle des services de dépôts d’actes de procédure, de demandes, ainsi que de documents par le biais de moyens technologiques.",Actif,Vert,Vert,Oui,"Offrir un ensemble de services simplifiés et améliorés pour accélérer le dépôt des actes de procédure et des demandes. Ayant pour fonction principale de recevoir des documents de la clientèle (citoyen) et de nos partenaires, de les dématérialiser, de les analyser, de les valider et selon la nature du document de déclencher les commandes grâce à un flux automatisé d’activités.",,Ministère de la Justice
1014468,Mesure exceptionnelle de soutien (MES),2020-10-21,,955400,942000,0,68400,,"1,42",0,2022-03-31,2022-03-31,2020-06-12,Famille,SMPFE 20-062,,Actif,Vert,Vert,Non,,,Ministère de la Famille
1014522,Opération 1re ligne - Espace intervenant,2021-01-29,,1650000,1650000,0,189800,,0,0,2022-01-31,2022-01-31,2020-06-25,"Travail, Emploi et Solidarité sociale",3.3271,,Actif,Vert,Vert,Non,,,"Commission des normes, de l'équité, de la santé et de la sécurité du travail"
1014528,Système de recrutement des procureurs aux poursuites criminelles et pénales,2020-10-16,,458800,458800,0,222800,,0,0,2021-01-31,2021-01-31,2020-04-01,Justice,PQ10,,Actif,Vert,Vert,Non,,,Directeur des poursuites criminelles et pénales