Code_du_projet;Nom_du_projet;Organisme;Portefeuille;Numéro_assignation_du_projet;Description;Portee;Projet_cible;Statut;Derniere_mise_a_jour;Date_debut;Date_de_fin_estimee;Nombre_de_jours_suspendus;Explication_des_suspensions_du_projet;Cout_autorise;Date_de_fin_autorisee;Montant_reel_depense;Cout_estime;Avancement_du_projet;Cote_de_cout;Indice_de_cout;Cote_echeancier;Indice_echeancier;Commentaires
11411;Information sur le personnel des organismes scolaires (IPOS);Ministère de l'Éducation;Éducation et Enseignement supérieur;R-1120;;;Non;Actif;10-16-2020;5-1-2012;3-31-2022;0;;4 471 000;3-31-2022;2 321 100;4 348 200;;Vert;0;Vert;0;
12576;Remplacement du système financier;Musée de la Civilisation;Culture et Communications;726;;;Non;Actif;5-28-2021;1-31-2020;6-30-2022;0;;516 900;6-30-2022;27 400;516 900;;Vert;0;Vert;0;
13113;Portail de l’examen de français;Office québécois de la langue française;Justice;12;;;Non;Actif;3-3-2021;4-10-2020;9-30-2021;0;;365 600;9-30-2021;222 800;365 600;;Vert;0;Vert;0;
13445;Système d'outils informatisés d'évaluation et de suivi (SOIES);Ministère de la Sécurité publique;Sécurité publique;PRO-91;;;Non;Actif;10-16-2020;1-21-2013;3-31-2022;3 537;;943 300;4-25-2017;411 300;481 000;;Vert;0;Rouge;40;
13636;Développement de l'application de surveillance des prix des produits pétroliers;Régie de l'énergie;Énergie et Ressources naturelles;006-DASPPP;;;Non;Actif;10-15-2020;9-19-2017;11-30-2020;0;;250 000;12-31-2018;192 000;192 000;;Vert;0;Rouge;149,6;
13886;Système de gestion des demandes d'immigration basé sur la déclaration d'intérêt (SDI);Ministère de l'Immigration, de la Francisation et de l'Intégration;Immigration, Francisation et Intégration;DEV 519;Le projet s'inscrit dans la feuille de route de la transformation des services au MIFI. Il est associé à une obligation gouvernementale en lien avec la nouvelle Loi sur l'immigration du Québec (LIQ). Il couvre les travaux d'élaboration et de mise en ligne d'un système de gestion des demandes d’immigration basées sur la déclaration d’intérêt (ci-après nommé le SDI). L'objectif visé est de concevoir et de mettre en œuvre les fonctionnalités du SDI pour la sélection des candidats ayant un profil répondant aux besoins du marché du travail québécois. Le système devra être conçu en distinguant les services communs des services spécifiques afin de maximiser la réutilisation des composantes communes lors de la transformation des programmes (immigration, francisation et intégration) du MIFI. La solution permettra de recevoir une DI, de gérer la banque de DI (BDI), d’inviter et de sélectionner les candidats répondant aux besoins économiques du Québec.;Les travaux de mise en œuvre sont subdivisés en trois phases : 1) Mettre en place un système de gestion des déclarations d’intérêt: Conformément à la LIQ, le ressortissant étranger (RÉ) qui désire immigrer au Québec doit préalablement déclarer son intérêt. Le SDI permet de recueillir une telle déclaration, de la stocker et de la rendre accessible au RÉ ou à son représentant durant la période de validité. 2) Mettre à la disposition des employeurs québécois un portail leur permettant de consulter de façon autonome les profils des RÉ inscrits dans la base de déclaration d’intérêt (BDI). Le portail permet aux employeurs québécois en recherche de main d’œuvre de consulter la BDI, de rentrer en contact avec le RÉ et de poursuivre les démarches de recrutement des RÉ répondant à ses besoins. 3) Développer les fonctionnalités de sélection des RÉ qui répondent aux besoins du marché de travail du Québec, et ce, selon les critères d’admissibilité spécifiques au programme.;Oui;Actif;1-28-2021;6-1-2015;3-31-2022;0;;18 871 600;3-31-2022;13 349 900;19 238 500;76;Vert;1,9;Vert;0;
14081;2020 - MAJ Postes de travail;Institut de tourisme et d'hôtellerie du Québec;Éducation et Enseignement supérieur;M1603-M13;;;Non;Actif;11-4-2020;10-15-2015;6-30-2021;0;;660 000;6-30-2019;294 300;359 900;;Vert;0;Rouge;54;
14287;Gestion partagée de la prestation de services;Ministère du Travail, de l'Emploi et de la Solidarité sociale;Travail, Emploi et Solidarité sociale;0022 - 161009 - 170022;Le projet vise la distribution du travail généré par les dossiers de la clientèle visée auprès de l’ensemble des agents d’aide socioéconomique selon leurs compétences et leurs disponibilités, peu importe le territoire du prestataire. Il s’agit de leur permettre de traiter une ou des activités d’un dossier en leur donnant un accès électronique aux documents entrants et à ceux constituant le dossier. En cohérence avec la planification stratégique, le projet concourt directement à l’amélioration de l’organisation du travail et à l’optimisation de l’utilisation des ressources dans le réseau. Ce projet structurant permettra d’offrir une prestation de services modernisée, plus agile et surtout, adaptée aux besoins et aux attentes de sa clientèle. ;Le projet GPPS porte sur la mise en oeuvre de solutions pour soutenir les processus liés à la gestion décloisonnée des dossiers des programmes de l’aide financière de dernier recours (AFDR) et d’objectif emploi (OE) volet aide financière. Il porte également sur les processus liés à la numérisation des documents existants dans les dossiers papier et ceux reçus de la clientèle afin de constituer un dossier numérique par individu en remplacement du dossier physique actuel. Finalement, le projet s’appuie sur des processus liés à la gestion des documents numérisés.;Oui;Actif;5-28-2021;9-27-2016;3-31-2024;0;;46 459 500;3-31-2024;7 619 400;29 343 400;28;Vert;0;Vert;0;
14303;Gestion de la fermeture des cycles d'attribution de l'AFE;Ministère de l'Éducation;Éducation et Enseignement supérieur;A-1573;;;Non;Actif;11-5-2020;4-1-2015;3-31-2022;0;;1 400 000;3-31-2022;721 200;1 221 400;;Vert;0;Vert;0;
14573;Gestion des infrastructures de l'Éducation et de l'Enseignement supérieur;Ministère de l'Éducation;Éducation et Enseignement supérieur;R-1562;"Ce projet vise à détenir et à faciliter l’accès à des informations complètes et fiables qui permettent aux intervenants d’appliquer les règles de gouvernance et les meilleures pratiques relatives à la planification, la gestion et le suivi des investissements publics en matière d’infrastructures scolaires. Il vise également à favoriser le partage desdites informations entre les intervenants et de permettre au Ministère de s’acquitter de ses rôles et responsabilités en matière de reddition de comptes. Le projet permettra de contribuer à l’atteinte des objectifs suivants: - Évaluer l’état du parc d’infrastructures reconnues aux fins de financement selon les lignes directrices du Secrétariat du Conseil du trésor, et en assurer le suivi annuellement; - Maintenir ou rétablir, dans un état au moins satisfaisant, les infrastructures fréquentées par la clientèle étudiante et le personnel du Réseau; - Assurer le suivi de la résorption du déficit de maintien d’actifs. ";"- La révision des processus ministériels entourant la gestion des infrastructures du Réseau et le suivi des investissements publics qui y sont consentis; - La mise en place d’une solution en appui aux processus de gestion des infrastructures; - La préparation de la formation des intervenants des ressources matérielles visant l’adaptation des processus au cadre de gestion des infrastructures du Réseau; - Les modifications requises aux systèmes périphériques pour assurer l’interopérabilité avec la solution; - La production d’informations de gestion pour aider à la prise de décision des autorités ministérielles; - La conversion des données du logiciel SIMACS. Sans être directement dans sa portée, ce projet se préoccupe de l’intégration à la solution des exigences en matière de gestion et de maintien des actifs des établissements collégiaux et universitaires.";Oui;Actif;3-30-2021;3-1-2016;5-20-2021;0;;15 500 000;3-20-2021;8 427 400;12 330 000;72;Vert;0;Vert;3,3;
14589;RENIR (Migration de la desserte policière sur le RENIR);Sûreté du Québec;Sécurité publique;707620;"Projet de mise à jour de la Sûreté du Québec en matière de radiocommunications policières, plus précisément, la migration vers le Réseau national intégré de radiocommunications (RENIR). La migration envisagée dans le cadre du présent projet aura lieu en arrimage avec la modernisation des centres de gestion des appels (CGA) de la Sûreté; le Plan d’amélioration de la couverture (PAC) du Centre de services partagés du Québec (CSPQ); et le démantèlement progressif du réseau intégré de radiocommunications policières (RITP).";La migration des radiocommunications de la desserte policière au RENIR: Validation et vérification des travaux de déploiement et d’installation des équipements de radiocommunication véhiculaires, portatifs et fixes, de même que les répéteurs urbains. Le développement et la diffusion de la formation des utilisateurs experts pour le soutien aux usagers. Démanteler progressivement les équipements de radiocommunication véhiculaires, portatifs et fixes du réseau RITP. Exclusions: Est exclut de la portée les travaux liés au PAC (responsabilité du CSPQ), les activités de réorganisation et de modernisation des Centres de gestion des appels (CGA) et les postes situés dans les régions éloignés (Blanc-Sablon, Fermont, Scherfferville).;Oui;Actif;5-12-2021;10-1-2016;3-31-2025;1 440;;4 703 200;6-30-2018;3 137 500;4 703 200;39;Vert;0;Rouge;161,1;Le projet est redémarré au 10 mai 2021 avec les travaux de migration impliquant les unités faisant partie de la migration initiale. Le projet 707620 de migration de la desserte policière sur le RENIR avait été suspendu au tableau de bord du Conseil du trésor rétroactivement au 29 mai 2017. L'ITQ et la Sûreté ne négligent pas leurs efforts pour trouver des solutions visant à corriger les problématiques rencontrées avec le RENIR. Néanmoins, la Sûreté estime que certaines de ces solutions pourraient nécessiter des travaux et des investissements importants de la part de l'ITQ. La façon de calculer le pourcentage d'avancement est le suivant: État d’avancement RENIR = 111 unités utilisatrices du RENIR --------------------------------------------------------- 287 unités à déployer sur le RENIR 
14610;Système de gestion des autorisations et des habitats fauniques (SAHFA);Ministère des Forêts, de la Faune et des Parcs;Forêts, Faune et Parcs;FP19-061;;;Non;Actif;10-16-2020;11-28-2017;10-15-2022;734;;2 627 800;10-15-2022;452 000;2 627 800;;-;;-;;
14626;Automatisation de demandes de paiement et de remboursement hors Québec;Régie de l'assurance maladie du Québec;Santé et Services sociaux;VPSPA-19;;;Non;Actif;10-19-2020;11-1-2015;10-31-2020;0;;6 378 400;10-31-2020;5 468 900;6 378 300;;Vert;0;Vert;0;
14659;Médicaments en clinique externe;Régie de l'assurance maladie du Québec;Santé et Services sociaux;VPTI-28;Le dossier santé Québec (DSQ) permet aux intervenants participants d’accéder à un certain nombre de renseignements de santé jugés essentiels. Le domaine médicament est un domaine clinique permettant de collecter, de conserver et de communiquer les renseignements de santé concernant tout médicament délivré à un usager en pharmacie communautaire et prochainement en pharmacie d’établissement. L’objectif de ce projet est l'ajout des médicaments qu’un usager peut recevoir lorsqu'il se présente en clinique ambulatoire d’'un établissement de santé d'oncologie. Ces médicaments ont une valeur clinique importante pour permettre un suivi médical plus complet. ;"Le domaine médicament est présentement alimenté des médicaments délivrés dans les pharmacies communautaires du Québec et le présent projet a pour objet d’y ajouter les médicaments délivrés en pharmacie d’établissement pour des usagers de cliniques externes d’oncologie. De façon plus spécifique, les résultats attendus du projet peuvent également être énoncés ainsi : Pour l’usager : • l’obtention des meilleurs soins appropriés, tenant compte de son état sur le plan des médicaments consommés. Pour les intervenants autorisés (incluant les professionnels qui œuvrent dans les établissements) : • l’obtention d’une vision d’ensemble des médicaments délivrés à l’usager; • la prise en compte des médicaments délivrés dans les cliniques externes pour l’élaboration des traitements de soins les plus adéquats à la situation de l’usager; • l’augmentation de la valeur ajoutée de l’accès au profil pharmacologique et l’amélioration de la perception du DSQ pour le domaine médicament. ";Oui;Actif;3-15-2021;5-1-2015;12-31-2022;0;;7 613 600;10-31-2019;2 455 800;6 434 500;52;Vert;0;Rouge;70,4;Étant donné la faible disponibilité des établissements, le temps requis pour la négociation et la réalisation des contrats avec les différents fournisseurs, la durée des travaux d’intégration et de certification, il a été requis de revoir la date de fin du projet.
14768;Reconnaissance faciale & Empreintes digitales;Sûreté du Québec;Sécurité publique;710102;;;Non;Actif;10-30-2020;10-23-2018;9-30-2021;0;;2 579 500;9-30-2021;800;2 496 000;;Vert;0;Vert;0;
14777;247 | Répertoire de l'offre bioalimentaire québécoise (ROBQ);Ministère de l'Agriculture, des Pêcheries et de l'Alimentation;Agriculture, Pêcheries et Alimentation;200540780 (247);;;Non;Actif;10-15-2020;8-1-2017;10-30-2020;0;;916 900;10-31-2020;1 277 900;1 312 200;;Rouge;43,1;Vert;0;
14782;Optimiser le processus de la gestion des talents;Retraite Québec;Finances;P500;;;Non;Actif;5-26-2021;7-20-2016;3-31-2021;0;;881 000;9-30-2020;1 017 400;1 051 000;;Jaune;19,3;Jaune;11,9;
14783;Unification de l'environnement de travail numérique (UETN);Retraite Québec;Finances;P503;;;Non;Actif;5-26-2021;11-8-2016;12-31-2021;0;;1 221 800;10-31-2019;445 400;1 221 800;;Vert;0;Rouge;72,9;
14793;Programme de consolidation des centres de traitement informatique et de l’optimisation du traitement et du stockage;Infrastructures technologiques Québec;Conseil du trésor et Administration gouvernementale;VPSI - 147410016;Le Programme CCTI consiste à : Déplacer prioritairement le traitement et le stockage des organismes publics (OP) et des établissements des réseaux de la Santé et des Services sociaux et de l'Éducation et de l'Enseignement supérieur identifiés dans le décret 596-2020 vers les offres de services de nuages externes qualifiées par le Courtier infonuagique d’Infrastructures technologiques Québec (ITQ). Mettre en place un nuage gouvernemental, utilisé pour le traitement et le stockage des OP et des établissements lorsque ITQ est d’avis qu’ils ne peuvent être transférés dans le nuage externe. Consolider les charges, qui ne sont pas compatibles technologiquement avec le nuage externe ni avec le nuage gouvernemental, dans les centres de traitement informatique gérés par ITQ.;"Le Programme CCTI a une portée gouvernementale qui vise à consolider les centres de traitement informatique de tous les OP, les établissements de la Santé et des Services sociaux et de l'Éducation et de l'Enseignement supérieur identifiés dans le décret 596-2020. Le Programme a pour objectif : - de bonifier l’offre actuelle en gestion des CTI et en hébergement d’équipements informatiques; - de qualifier des offres de prestataires de services en nuages externes; - d’introduire un nouveau service gouvernemental en traitement et en stockage (nuage gouvernemental); - d’accompagner les OP, les réseau de la Santé et des Services sociaux et de l'Éducation et de l'Enseignement supérieur dans le transfert des charges vers les nuages externes ou le nuage gouvernemental et pour ceux qui ne sont pas compatibles effectuer le transfert vers les CTI gérés par ITQ.";Oui;Actif;5-26-2021;12-5-2017;12-31-2025;0;;324 755 000;12-31-2025;20 563 700;324 755 000;22;Vert;0;Vert;0;
14831;Consolidation des autorisations des organismes scolaires relatives aux programmes d'études;Ministère de l'Éducation;Éducation et Enseignement supérieur;P-1789;;;Non;Actif;10-16-2020;4-3-2017;8-30-2022;0;;993 000;8-30-2022;159 100;808 500;;Vert;0;Vert;0;
14843;Espace client et services en ligne;Ministère du Travail, de l'Emploi et de la Solidarité sociale;Travail, Emploi et Solidarité sociale;57;;;Non;Actif;3-31-2021;4-1-2017;6-30-2021;105;;4 872 400;3-31-2021;4 114 600;4 860 800;;Vert;0;Vert;0;
14852;APOGE (Amélioration des processus et des outils de gestion de l'exploitation);Infrastructures technologiques Québec;Conseil du trésor et Administration gouvernementale;147410130;;;Non;Actif;1-20-2021;1-16-2017;6-30-2021;0;;10 620 100;3-31-2019;5 468 200;6 491 300;;Vert;0;Rouge;102,2;
14867;Carré Saint-Laurent_Volet - Transformation des services en technologies de l'information;Ministère de l'Immigration, de la Francisation et de l'Intégration;Immigration, Francisation et Intégration;DEV 709;Dans le cadre du projet Carré Saint-Laurent (CSL), la Direction générale des technologies de l'information (DGTI) a entrepris un projet visant à définir les cibles pour les volets applicatifs, technologique et sécurité pour soutenir les projets de transformation du MIDI. Les objectifs sont de contribuer à la création d'un environnement stimulant, attrayant et performant pour le personnel du MIDI, supporter les projets de transformation de mission et de soutien à la mission, supporter le déménagement du MIDI au Carré Saint-Laurent et éliminer graduellement la désuétude des infrastructures technologiques.;"Vingt-cinq (25) sous-projets font partie intégrante du projet, qui comporte 5 volets : 1) Intégration des infrastructures; 2) Gestion des opérations des technologies de l'information; 3) Applications bureautiques; 4) Postes de travail du personnel; et 5) Gouvernance et sécurité ";Oui;Actif;1-28-2021;3-28-2018;3-31-2022;0;;17 130 100;3-31-2022;11 792 100;14 855 200;88;Vert;0;Vert;0;
14869;Centralisation des informations d’identification de la clientèle du MAMH;Ministère des Affaires municipales et de l'Habitation;Affaires municipales et Habitation;250001873;;;Non;Actif;4-30-2021;9-1-2017;7-28-2021;346;;890 000;7-31-2020;632 600;890 000;;Vert;0;Vert;1,5;
14871;Modernisation du processus de gestion de l'information financière et fiscale;Ministère des Affaires municipales et de l'Habitation;Affaires municipales et Habitation;250001872;Développement et mise en ligne d’une nouvelle prestation électronique de services (PES) en remplacement du système SÉSAMM implanté en 2001. Cette nouvelle PES, développée dans des technologies modernes favorisant la simplicité d’entretien et d’évolution, permettra une reddition de comptes plus flexible et conviviale pour les municipalités. De plus, les parties prenantes internes et externes du Ministère auront accès facilement aux informations contenues dans les rapports financiers.;Mise en place d'une prestation électronique de services permettant aux municipalités de rendre compte de leurs finances en transmettant leurs états financiers et les documents connexes. Cette dernière sera basée sur un nouveau développement. L’outil bureautique Microsoft Excel sera utilisé par le Ministère pour appuyer le pilotage et ainsi réduire drastiquement le développement nécessaire. Microsoft Access sera utilisé pour le volet informationnel. La flexibilité du nouveau développement permettra aussi de répondre plus facilement aux besoins d’affaires.;Oui;Actif;5-31-2021;1-10-2017;3-31-2022;0;;3 731 300;3-31-2022;2 024 400;2 918 400;53;Vert;0;Vert;0;S.O.
14875;Optimisation et intégration des annuaires AD;Retraite Québec;Finances;P502;;;Non;Actif;5-27-2021;6-21-2017;3-31-2021;0;;5 550 200;3-31-2021;3 205 100;5 550 200;;Vert;0;Vert;0;
14876;Consolidation de la gestion de l'identité et des accès (CGIA);Retraite Québec;Finances;P505;;;Non;Actif;5-27-2021;6-21-2017;12-31-2022;0;;3 604 100;12-28-2020;2 933 500;5 662 200;;Rouge;57,1;Rouge;57;
14879;Intégration de la nouvelle solution en géomatique;La Financière agricole du Québec;Agriculture, Pêcheries et Alimentation;BMP148;;;Non;Actif;10-16-2020;2-1-2017;1-15-2021;0;;939 100;12-31-2020;943 900;1 092 500;;Jaune;16,3;Vert;1;
14892;Optimisation des processus de gestion du volume assurable des produits bouvillons et bovins d’abattage et veaux d’embouche;La Financière agricole du Québec;Agriculture, Pêcheries et Alimentation;BMP154;Révision du processus de réception des données utilisées pour les calculs du programme d’assurance stabilisation des revenus agricoles du secteur bovin.;"Optimiser les processus de gestion des volumes assurables des produits bouvillons et bovins d’abattage et veaux d’embouche en évaluant le volume assurable à partir d’une source de données unique ce qui facilite la vie du client et clarifie ses obligations quant à la façon de faire ses déclarations. La source de données utilisée provient d'Agri-Traçabilité Québec et elle constitue une source de données fiable depuis plusieurs années. Le lien privilégié avec Agri-Traçabilité Québec est maintenu et même optimisé en élargissant l’utilisation des données pour évaluer le volume assurable du secteur bovin. La solution d’affaires retenue s’articule autour des quatre volets suivants : - Développer l’autonomie du client; - Alléger le fardeau pour le client; - Uniformiser et automatiser le traitement des données; - Optimiser et automatiser les contrôles du volume assurable. La solution vise à réutiliser les systèmes actuellement en place ce qui minimise les coûts de développement. De plus des solutions informatiques vieillissantes dont l’expertise se fait de plus en plus rare sont délestées. ";Oui;Actif;5-12-2021;6-14-2019;7-7-2022;0;;1 410 900;7-7-2022;380 300;1 417 600;22;Vert;0,5;Vert;0;
14926;Acquisition et mise en place d'outils pour la gestion et la maintenance des biens immobiliers.;Société des établissements de plein air du Québec;Forêts, Faune et Parcs;DEV2017-2021-BIENS;;;Non;Actif;10-16-2020;4-3-2017;12-31-2023;0;;1 845 800;3-26-2021;1 002 500;2 344 200;;Jaune;27;Rouge;69,5;
14987;P2 Implanter les outils informatiques de la VPE;Régie du bâtiment du Québec;Affaires municipales et Habitation;294020041;;;Non;Actif;11-23-2020;9-26-2016;3-31-2023;483;;6 274 700;10-2-2019;1 422 900;6 257 800;;Vert;0;Rouge;72;
15012;Gestion de la norme et de la qualité des dessins (NQD) en conception et dessin assistés par ordinateur (CDAO);Ministère des Transports;Transports;P228A;;;Non;Actif;10-26-2020;10-16-2018;12-31-2021;0;;747 400;12-31-2021;229 600;603 400;;Vert;0;Vert;0;
15042;Système de gestion de l’information sur la personne représentée;Curateur public;Famille;2719;Ce projet permettra au Curateur public d’optimiser la gestion de l’information qu’il détient sur les personnes qu’il représente. Dès l’accueil, son personnel sera mieux outillé pour recommander le régime de protection le plus approprié. Aussi, si le Curateur public devient le représentant légal de cette personne, cette information contribuera à établir, en fonction de l’autonomie de la personne, de ses préférences, de son entourage et de ses besoins, un plan d’orientation à l’accueil et un plan de représentation personnalisé, deux outils au cœur de la mission du Curateur public qui sont essentiels à la coordination des interventions pour assurer un continuum de protection. Le tout dans l’intérêt de la personne représentée.;Ce projet comprend le développement et l’implantation de fonctionnalités au système opérationnel du Curateur public, en lien avec ses processus d’affaires, pour outiller son personnel à l’accueil et à la représentation publique. La réorganisation des informations sur la personne et l’ajout de fonctionnalités permettront de consolider ce système avec les orientations stratégiques du Curateur public et ses principes généraux de représentation (nécessité, subsidiarité et proportionnalité). Les fonctionnalités du système seront adaptées pour faciliter l’identification des préférences et des besoins des personnes représentées, établir un plan d’orientation à l’accueil, assurer un continuum de protection et établir et suivre un plan de représentation publique.;Oui;Actif;5-4-2021;5-1-2008;6-30-2021;0;;6 870 000;6-30-2021;5 989 400;6 141 000;83;Vert;0;Vert;0;Une analyse est en cours pour un changement mineur de portée qui nécessitera une révision du budget associé au projet.
15069;Gestion des mesures fiscales (GMF);Ministère des Finances;Finances;MFQ-015;;;Non;Suspendu;10-16-2020;3-1-2018;10-22-2019;2 375;La phase d'exécution du projet est suspendue. Ceci, car certains travaux ont été omis lors de la phase de conception. Ces travaux, étant jugés essentiels, doivent être élaborés avant de pouvoir reprendre la phase d'exécution.;598 100;10-22-2019;175 000;175 500;;-;;-;;
15079;Coût de revient et administration des budgets efficients;Ministère du Travail, de l'Emploi et de la Solidarité sociale;Travail, Emploi et Solidarité sociale;71;;;Non;Actif;3-31-2021;3-1-2018;3-31-2022;0;;3 398 900;3-31-2022;1 548 200;3 306 400;;Vert;0;Vert;0;
15089;Refonte des services aux clientèles externes du secteur cinéma;Ministère de la Culture et des Communications;Culture et Communications;2018-01-01;;;Non;Suspendu;10-16-2020;4-3-2018;3-31-2021;336;L'activité planifiée pour l'équipe est perturbée : - impossibilité temporaire de travailler pour un développeur externe - indisponibilité du développeur perturbée suite à repriorisation sur des activités plus critiques - indisponibilité de la stagiaire qui était planifiée;248 500;12-31-2019;198 800;273 300;;Vert;10;Rouge;54;
15096;Bonification du Régime de rentes du Québec;Retraite Québec;Finances;P511;;;Non;Actif;6-1-2021;3-9-2018;2-28-2022;0;;8 791 300;2-28-2022;6 117 200;8 791 300;;Vert;0;Vert;0;
15121;81505 Programme d'évaluation et de réduction du risque de conduite avec les capacités affaiblies (PERRCCA);Société de l'assurance automobile du Québec;Transports;81505;;;Non;Actif;5-4-2021;1-1-2017;12-31-2021;0;;656 600;12-31-2019;653 400;656 800;;Vert;0;Rouge;66,8;
15126;Gestion des identités et des accès;Ministère de l'Éducation;Éducation et Enseignement supérieur;I-1764;;;Non;Actif;10-16-2020;12-1-2017;3-31-2024;0;;4 400 000;3-31-2021;770 800;4 414 000;;Vert;0,3;Rouge;90,1;
15172;Carnet santé Québec - Phase 2;Régie de l'assurance maladie du Québec;Santé et Services sociaux;VPTI-62;;;Non;Actif;10-19-2020;9-1-2018;3-31-2022;0;;8 700 000;3-31-2022;836 600;4 100 200;;Vert;0;Vert;0;
15208;Développement d’un système de suivi des recours (SDR);Commission de la fonction publique;Conseil du trésor et Administration gouvernementale;0430-0418;;;Non;Actif;10-23-2020;9-1-2019;1-3-2022;0;;765 100;1-3-2022;53 100;730 700;;Vert;0;Vert;0;
15241;Mise en œuvre du Réseau gouvernemental de télécommunication;Infrastructures technologiques Québec;Conseil du trésor et Administration gouvernementale;147034603;Ce projet vise à mettre en oeuvre le Réseau gouvernemental de télécommunication (RGT) qui remplacera graduellement le Réseau intégré de télécommunication multimédia (RITM), dont les services de télécommunication rendent possible la prestation de services des établissements du Réseau de la Santé et des Services sociaux (RSSS) et des organismes publics (OP) du Québec. Le RGT, réseau hybride de nouvelle génération s’appuyant sur un modèle d’affaires multitechnologie-multifournisseur, permettra d’offrir une nouvelle gamme de services.;Le projet en ressources informationnelles inhérent à la mise en place du RGT comprend notamment l’acquisition et le déploiement des infrastructures des zones d’interconnexion de Montréal et Québec, dont l’objectif principal est d’assurer le raccordement des fournisseurs de services de télécommunication du RGT. Il englobe également les services de l’intégrateur pour la mise en place des outils de gestion et des processus liés au cadre de gestion, tel que l’opération du centre de services, ainsi que les services professionnels de maîtrise d’oeuvre du projet. La migration de la clientèle est exclue de la portée de ce projet ainsi que les coûts d'acquisition et d'installation des points de démarcation (PdD).;Oui;Actif;5-26-2021;6-11-2018;12-31-2027;0;;8 200 000;12-31-2027;539 300;8 183 900;5;Vert;0;Vert;0;
15251;Renouvellement et rehaussement du système électronique d’appel d’offres (SEAO);Secrétariat du Conseil du trésor;Conseil du trésor et Administration gouvernementale;SEAO-DA-2018-2019;Réalisation du dossier d'affaires pour le renouvellement du SEAO, lequel est prévu dans de multiple lois et constitue le site unique de publication décidé par le gouvernement. L'actuel contrat vient à terme au 30 novembre 2022 et un positionnement pour le renouvellement est requis.;Renouvellement et rehaussement du système électronique d'appels d'offres considérant les fondations numériques gouvernementales.;Oui;Actif;3-29-2021;5-15-2018;11-30-2022;0;;17 456 200;11-30-2022;699 200;17 456 200;1;Vert;0;Vert;0;L'exécution du projet de refonte du SEAO a été confiée à Infrastructures technologiques Québec. Cette phase sera réellement amorcée vers avril 2021, sous réserve de l'octroi d'un contrat visant l'acquisition d'une solution. À cet effet, le montant réel dépensé d'un projet multiorganisme a fait l'objet d'une révision. Les paramètres autorisés pour le projet demeurent les mêmes. 
15274;Gestion intégrée des dossiers juridiques;Ministère de la Justice;Justice;320100020;;;Non;Actif;10-16-2020;8-31-2017;3-31-2023;0;;4 358 700;3-31-2023;694 700;4 358 700;;Vert;0;Vert;0;
15298;Guichet unique d'information juridique multicanal (GUM);Société québécoise d'information juridique;Justice;GUM-DA1;Livrer la plateforme JuridiQC, un guichet unique d'information juridique multicanal web, mobile, intuitif, bilingue et en langage clair où l'information et des outils seront organisés et personnalisés afin d'informer, guider et accompagner le citoyen dans ses démarches.;JuridiQC, le guichet unique d'information juridique multicanal va informer, guider et accompagner le citoyen. Le premier domaine de droit choisi en fonction des besoins essentiels du citoyen est le domaine de la famille, plus précisément le sous-thème de la séparation. D'autres thèmes suivront en fonction des besoins recueillis auprès des citoyens.;Oui;Actif;5-28-2021;6-18-2018;3-31-2022;0;;17 213 300;2-28-2022;7 323 700;17 213 300;59;Vert;0;Vert;2,3;
15306;Télé-Québec.tv Plus;Société de télédiffusion du Québec;Culture et Communications;2018-09-07;"Ce projet ""Telequebec.tv"" Plus va permettre de bonifier notre offre de contenu en français, tout en assurant une meilleure découvrabilité des contenus francophones d’ici afin qu’ils occupent plus d’espace dans les habitudes d’écoute en ligne grandissante. Télé-Québec sera ainsi en mesure de mettre en place une offre de contenu disponible dans un environnement d’écoute en ligne multiplateforme, avec du contenu en français reflétant les valeurs et la culture d’ici sur toutes les plateformes mobiles et Internet, et ce, dans toutes les régions du Québec. Une expérience enrichie sera alors disponible aux usagers grâce à l'implémentation d’une donnée unifiée et structurée à travers l’entreprise; initiative fondamentale pour nous permettre en même temps de simplifier nos processus opérationnels et de contrer la désuétude de l’architecture technologique de l’entreprise.";"Confirmer le rôle pivot de Télé-Québec pour la création de contenus de qualité et novateurs, ainsi que sa capacité à être un catalyseur pour la vivacité de notre culture dans l’univers numérique francophone. Assurer la présence, l’accès et la visibilité de notre culture et de nos valeurs identitaires sur toutes les plateformes en augmentant l’offre gratuite : de contenus d’ici ; de contenus en français?; de contenus éducatifs?; de contenus de grande qualité dans des genres très prisés par le public?; de contenus reflétant les valeurs et la culture d’ici. S’inscrire dans la Politique numérique du Québec par la visibilité et le rayonnement de la culture et accroître l’engagement citoyen envers la culture d’ici ";Oui;Actif;11-4-2020;9-3-2018;12-17-2021;0;;4 490 000;9-10-2020;1 875 200;3 705 200;55;Vert;0;Rouge;62,7;La gestion du changement est plus complexe que prévue, exigeant une réévaluation des efforts à la hausse. La courbe d'apprentissage a été plus complexe que prévue faisant en sorte que les ressources impliquées ont été davantage sollicitées. La gestion du changement est plus complexe que prévue, exigeant une réévaluation des efforts à la hausse. Le projet a été retardé à la suite d'un délai dans le processus d'appel d'offres exigeant une révision de la planification du projet. L'échéancier a été revu à cause un changement mineur de la portée forcant une révision de la planification du projet. 
15318;Programme de revenu de base;Ministère du Travail, de l'Emploi et de la Solidarité sociale;Travail, Emploi et Solidarité sociale;113;Le projet consiste en la mise en place d'une solution technologique permettant de gérer le programme de revenu de base (PRB), lequel vise l’amélioration du revenu disponible des Québécoises et des Québécois ayant des contraintes sévères à l’emploi.;Le projet couvre la mise en place des processus d'affaires requis pour la gestion du programme, l'adaptation aux systèmes existants, la mise en œuvre d’une solution technologique soutenant le PRB et l'arrimage aux fondations numériques gouvernementales. Le projet ne couvre pas l'amélioration continue et la modernisation des systèmes patrimoniaux.;Oui;Actif;5-28-2021;8-11-2020;11-2-2023;0;;11 844 400;11-2-2023;505 400;11 740 900;13;Vert;0;Vert;0;
15337;Registre des évènements;Agence du revenu du Québec;Finances;222134001;;;Non;Actif;10-16-2020;3-20-2018;3-31-2021;0;;8 400 000;3-31-2021;4 367 700;5 971 400;;Vert;0;Vert;0;
15338;Services de consultation de l'identification (SCI);Agence du revenu du Québec;Finances;222132501;;;Non;Actif;10-16-2020;6-15-2017;12-31-2020;0;;12 000 000;9-30-2019;8 523 600;8 673 400;;Vert;0;Rouge;54,7;
15342;Gestion numérique de l'information GNI;Agence du revenu du Québec;Finances;222131701;;;Non;Actif;10-16-2020;9-26-2016;3-31-2021;0;;18 961 800;11-30-2019;16 050 700;17 960 900;;Vert;0;Rouge;42;
15351;82212 Évolution de la plate-forme intermédiaire;Société de l'assurance automobile du Québec;Transports;82212 - PARTIE 1 (SAAQ);;;Non;Actif;5-4-2021;5-22-2018;12-31-2021;0;;5 500 000;12-31-2021;2 938 500;3 381 200;;Vert;0;Vert;0;
15360;Mise à niveau de l'infrastructure téléphonique du CRC;Retraite Québec;Finances;P515;;;Non;Actif;6-1-2021;11-27-2017;6-30-2021;0;;1 451 500;9-30-2019;946 000;1 582 100;;Vert;9;Rouge;95,1;
15364;Remplacement de la plateforme du système de ventes (Délestage TPV);Société des établissements de plein air du Québec;Forêts, Faune et Parcs;DEV2018-2021-DELEST-TPV;;;Non;Actif;10-27-2020;4-23-2018;4-1-2020;0;;960 000;3-31-2021;819 100;819 100;;Vert;0;Vert;0;
15365;Remplacement de la plateforme web du système de ventes (Délestage WEB);Société des établissements de plein air du Québec;Forêts, Faune et Parcs;DEV2018-2021-DELEST-WEB;;;Non;Actif;10-27-2020;5-7-2018;3-31-2020;0;;924 000;3-31-2021;177 600;177 600;;Vert;0;Vert;0;
15370;Implantation d'un logiciel de gestion de projet;Commission de la capitale nationale du Québec;Sécurité publique;1819-05-008;;;Non;Actif;10-16-2020;9-7-2018;3-31-2021;0;;170 100;3-31-2021;118 500;170 100;;Vert;0;Vert;0;
15384;Transfert des entreprises de services monétaires;Agence du revenu du Québec;Finances;222136400;;;Non;Actif;10-16-2020;2-27-2018;12-31-2021;0;;2 000 000;3-31-2021;1 103 100;2 000 000;;Vert;0;Jaune;24,4;
15385;Refonte du système L3 - (Gestion des oppositions);Agence du revenu du Québec;Finances;222133901;;;Non;Actif;10-16-2020;1-1-2018;9-30-2021;0;;7 000 000;3-31-2021;5 669 200;9 233 200;;Rouge;31,9;Jaune;15,4;
15386;Facturation obligatoire Solution Évolutive - Transport Rémunéré de Personnes;Agence du revenu du Québec;Finances;222133701;;;Non;Actif;10-16-2020;6-15-2017;12-31-2021;0;;40 225 700;12-31-2021;15 611 200;36 568 800;;Vert;0;Vert;0;
15387;Procédures pénales;Agence du revenu du Québec;Finances;222135201;;;Non;Actif;10-16-2020;6-5-2018;2-28-2021;0;;4 000 000;2-28-2021;1 672 200;3 983 300;;Vert;0;Vert;0;
15388;Refonte du système de gestion des produits financiers non réclamés;Agence du revenu du Québec;Finances;222135501;;;Non;Actif;10-16-2020;6-14-2018;5-31-2022;0;;6 886 400;3-31-2021;3 900 700;6 886 400;;Vert;0;Rouge;41,7;
15394;Refonte Web;Commission des normes, de l'équité, de la santé et de la sécurité du travail;Travail, Emploi et Solidarité sociale;3.3093R;;;Non;Actif;10-16-2020;3-29-2018;3-31-2021;0;;2 943 000;3-31-2021;1 787 800;2 943 000;;Vert;0;Vert;0;
15395;Dossier électronique des normes du travail;Commission des normes, de l'équité, de la santé et de la sécurité du travail;Travail, Emploi et Solidarité sociale;3.3173R;;;Non;Actif;10-16-2020;3-28-2019;3-31-2022;0;;3 336 000;3-31-2022;764 000;3 336 000;;Vert;0;Vert;0;
15398;Registre des informations en sécurité civile (RISC);Ministère de la Sécurité publique;Sécurité publique;PRO-428;;;Non;Actif;10-16-2020;12-31-2018;3-31-2021;0;;493 000;3-31-2021;272 000;384 400;;Vert;0;Vert;0;
15401;Implantation de la nouvelle solution de paiement;Société des établissements de plein air du Québec;Forêts, Faune et Parcs;SOL-PAIEM-2019;;;Non;Actif;10-27-2020;11-19-2018;6-26-2020;0;;294 800;5-29-2020;296 000;296 000;;Vert;0,4;Vert;5;
1002994;Élaboration d'un modèle d'optimisation pour les projections d'émissions de gaz à effet de serre au Québec;Ministère des Finances;Finances;MFQ-023;;;Non;Actif;10-16-2020;1-9-2019;5-28-2021;0;;995 700;5-28-2021;284 900;995 700;;Vert;0;Vert;0;
1003091;Mise en œuvre de la connaissance client (Mc2);Agence du revenu du Québec;Finances;222139300;;;Non;Actif;10-16-2020;8-8-2019;3-31-2021;0;;1 000 000;3-31-2021;244 300;455 200;;Vert;0;Vert;0;
1003096;Services de consultation de la comptabilité entreprise;Agence du revenu du Québec;Finances;222139400;;;Non;Actif;10-16-2020;9-10-2019;3-31-2022;0;;4 804 100;3-31-2022;657 900;4 582 100;;Vert;0;Vert;0;
1003097;Arrimage des données du MTESS et de la SAAQ à l'environnement systémique de RQ;Agence du revenu du Québec;Finances;222139200;;;Non;Suspendu;10-16-2020;6-26-2019;9-30-2020;50;Attente du projet de loi;1 995 600;9-30-2020;1 926 000;1 995 600;;-;;-;;
1003098;Discours sur le budget 2020;Agence du revenu du Québec;Finances;222139500;;;Non;Actif;10-16-2020;4-1-2020;3-31-2022;0;;2 830 300;3-31-2022;218 300;2 288 700;;Vert;0;Vert;0;
1003102;Optimisation de la production des lois et règlements;Agence du revenu du Québec;Finances;222137401;;;Non;Actif;10-16-2020;5-1-2019;1-31-2021;0;;996 100;1-31-2021;500 700;996 100;;Vert;0;Vert;0;
1003105;Portrait Client - Vue 360;Agence du revenu du Québec;Finances;222135601;;;Non;Actif;10-16-2020;11-19-2018;12-31-2020;0;;3 960 900;12-31-2020;1 529 700;2 569 800;;Vert;0;Vert;0;
1003121;Discours sur le budget 2019;Agence du revenu du Québec;Finances;222138700;;;Non;Actif;10-16-2020;4-1-2019;3-31-2021;0;;760 000;3-31-2021;700 000;760 000;;Vert;0;Vert;0;
1003125;Solution de gestion des apprentissages (SGT);Agence du revenu du Québec;Finances;222132801;;;Non;Actif;10-16-2020;5-8-2017;12-31-2021;0;;4 000 000;12-31-2021;644 200;4 000 000;;Vert;0;Vert;0;
1003132;Services de gestion de l'identification - Clientèle externe (SGI);Agence du revenu du Québec;Finances;222134801;;;Non;Actif;10-16-2020;4-25-2018;12-31-2021;0;;8 445 000;12-31-2021;3 271 600;7 630 700;;Vert;0;Vert;0;
1003136;Lier les registres des entreprises canadiens;Agence du revenu du Québec;Finances;222137900;;;Non;Actif;10-16-2020;9-4-2018;12-31-2020;0;;1 325 600;12-31-2020;617 000;1 325 600;;Vert;0;Vert;0;
1003145;Outil de recherche sur les données du registraire des entreprises (ORDRE);Agence du revenu du Québec;Finances;222138200;;;Non;Actif;10-16-2020;11-27-2018;12-31-2020;0;;1 617 100;12-31-2020;852 100;1 588 100;;Vert;0;Vert;0;
1003156;Adaptation du site Web de l'Aide financière aux études (AFE) au mode mobile;Ministère de l'Éducation;Éducation et Enseignement supérieur;A-1984;;;Non;Actif;10-23-2020;5-30-2019;10-31-2021;0;;1 258 000;10-31-2021;146 000;1 251 700;;Vert;0;Vert;0;
1003158;Remplacement de la plateforme OWB;Ministère de l'Éducation;Éducation et Enseignement supérieur;I-1838;;;Non;Actif;10-16-2020;3-15-2019;3-31-2022;0;;1 178 700;3-31-2022;355 400;1 060 600;;Vert;0;Vert;0;
1003159;Modernisation de l'outil de gestion de projets (EPM);Ministère de l'Éducation;Éducation et Enseignement supérieur;I-1820;;;Non;Actif;10-16-2020;2-1-2019;6-30-2021;0;;2 078 000;3-31-2021;437 700;1 684 900;;Vert;0;Jaune;11,5;
1003210;Système d'information pour les Programmes de dépistage du cancer SI-PQDC - Volet 1 : PQDCS-Délestage Notes;Ministère de la Santé et des Services sociaux;Santé et Services sociaux;3419;;;Non;Actif;4-27-2021;5-1-2014;6-30-2021;0;;3 578 900;10-31-2017;9 373 200;10 697 600;;Rouge;198,9;Rouge;104,6;
1003211;Système intégré de gestion de la consultation téléphonique (SIGCT) - Phase III;Ministère de la Santé et des Services sociaux;Santé et Services sociaux;3483;;;Non;Actif;4-28-2021;5-2-2016;1-30-2023;62;;4 749 600;5-1-2019;7 190 100;9 136 300;;Rouge;92,4;Rouge;119,6;
1003216;Mécanismes d'accès des services spécialisés (SIMASS);Ministère de la Santé et des Services sociaux;Santé et Services sociaux;4125;;;Non;Suspendu;4-30-2021;10-13-2015;3-31-2022;396;Compte tenu de l'impossibilité d'avancer les travaux, nous allons déclarer officiellement que le projet est suspendu ce qui nous permettra de reporter la date de fin.;2 892 700;9-29-2017;1 353 300;2 892 700;;-;;-;;
1003217;Solution de téléphonie 8-1-1;Ministère de la Santé et des Services sociaux;Santé et Services sociaux;4140;;;Non;Suspendu;4-19-2021;3-13-2017;3-31-2022;261;En raison de la situation pandémique actuelle et le ralentissement de certains travaux, les efforts sont davantage déployés pour la mise en place de solutions rapides qui aideront les intervenants à faire face aux demandes en lien avec la pandémie afin d'augmenter la capacité et par le fait même la satisfaction des citoyens face au service 8-1-1.;10 844 400;8-31-2020;5 842 500;10 844 400;;-;;-;;
1003221;Informatisation des activités cliniques en soutien à domicile (SAD);Ministère de la Santé et des Services sociaux;Santé et Services sociaux;4638;;;Non;Actif;4-16-2021;4-1-2016;3-31-2022;0;;4 734 100;3-31-2022;2 694 700;4 734 100;;Vert;0;Vert;0;
1003226;PP -CTI -Mise en place du centre de traitement informatique (CTIP);Ministère de la Santé et des Services sociaux;Santé et Services sociaux;5226;;;Non;Actif;5-6-2021;10-3-2017;5-31-2021;0;;20 310 000;6-14-2019;23 816 400;26 310 100;;Jaune;29,5;Rouge;115,8;
1003230;Système d'information - Gestion des maladies infectieuses. (SI-GMI);Ministère de la Santé et des Services sociaux;Santé et Services sociaux;4365;;;Non;Actif;4-7-2021;7-11-2018;4-1-2021;0;;1 567 000;12-1-2020;1 283 200;1 567 000;;Vert;0;Jaune;13,8;
1003231;PP - SIL - Mise en place du Système d'information de laboratoire provincial - SIL- Corelab (OPTILAB);Ministère de la Santé et des Services sociaux;Santé et Services sociaux;4679;La mise en place d'un système d'information de laboratoire unique pour tous les Départements cliniques de médecine laboratoire de réseau public.;La mise en place d'un système d'information de laboratoire dont l'infrastructure est fournie par le fournisseur. Le déploiement est inclus par le fournisseur et se fait avec l'aide du centre d'opérationnalisation et des départements cliniques de médecine laboratoire des établissements.;Oui;Actif;3-12-2021;5-12-2017;9-10-2024;0;;71 797 200;7-31-2024;4 724 500;71 355 000;15;Vert;0;Vert;1,6;
1003233;Communiquer pour mieux collaborer - Volet 4 Données de gestion clinico-administratives - Système d'archivage de données en oncologie (SARDO);Ministère de la Santé et des Services sociaux;Santé et Services sociaux;5268;;;Non;Actif;4-27-2021;3-27-2019;3-31-2029;0;;7 209 900;3-31-2029;1 979 000;6 960 500;;Vert;0;Vert;0;
1003234;Alignement stratégique sur la suite bureautique et les outils de collaboration en infonuagique;Ministère de la Santé et des Services sociaux;Santé et Services sociaux;5298;;;Non;Actif;4-30-2021;5-20-2019;9-30-2021;0;;3 667 600;3-31-2021;1 890 500;2 939 700;;Vert;0;Jaune;26,9;
1003237;PGIT - Guérites de Téléaccès;Ministère de la Santé et des Services sociaux;Santé et Services sociaux;5355;;;Non;Actif;4-30-2021;4-23-2019;6-30-2021;0;;2 018 700;12-31-2020;236 800;1 983 400;;Vert;0;Jaune;29,3;
1003252;Banque de données ministérielle - Système d'information pour les personnes ayant une déficience (SIPAD);Ministère de la Santé et des Services sociaux;Santé et Services sociaux;5329;;;Non;Suspendu;4-16-2021;3-28-2019;10-31-2022;231;Les ressources nécessaires à la réalisation de la BDM SIPAD sont affectées aux activités de mise à jour de la plateforme OAS vers TOMCAT ainsi qu'à des activités de santé publique COVID-19. Les dates seront donc à revoir une fois les ressources de nouveau disponibles.;817 300;4-27-2021;26 500;827 300;;-;;-;;
1003255;PP - SIU-RH - SST ( Système d'informations unifié de gestion des ressources humaines - Santé et sécurité au travail);Ministère de la Santé et des Services sociaux;Santé et Services sociaux;5363;;;Non;Actif;4-6-2021;1-30-2019;4-30-2022;0;;17 060 200;4-30-2022;1 863 000;16 884 800;;Vert;0;Vert;0;
1003258;Remplacement de la solution de gestion et de suivi de la correspondance - H17;Ministère de la Santé et des Services sociaux;Santé et Services sociaux;5419;;;Non;Suspendu;5-7-2021;7-11-2019;5-31-2022;265;Un appel d'offre est en-cours d'élaboration pour obtenir les services professionnels requis au projet.;1 326 300;5-14-2021;100 400;1 326 300;;-;;-;;
1003260;Données référentielles et géolocalisation;Ministère de la Santé et des Services sociaux;Santé et Services sociaux;3878;;;Non;Suspendu;4-22-2021;1-21-2016;3-31-2022;1 411;La phase II du projet est suspendue. Les départs de ressources clés et les difficultés de doter ces postes vacants, nous ont obligés à revoir les priorités. Les efforts sont consacrés à un autre projet ayant des contraintes légales. Dès que les postes seront dotés, les travaux reprendront.;652 500;9-30-2018;300 000;652 500;;-;;-;;
1003372;Rapatriement et développement de PARLe;Office de la protection du consommateur;Justice;2019-001;Né d’une volonté de favoriser des modes alternatifs de règlements des litiges et d’offrir aux consommateurs un outil supplémentaire pour faire valoir leurs droits, le projet nommé «?Plateforme d’aide au règlement des litiges en ligne?» (PARLe) a vu le jour le 7 novembre 2016. Fruit d’un partenariat entre l’Office et le Laboratoire de cyberjustice de l’Université de Montréal, cette plateforme permet à certains consommateurs et commerçants de tirer profit d’un environnement neutre, confidentiel, sécurisé et en ligne afin de régler un différend de nature civile qui les oppose et, au besoin, de recourir sans frais aux services d’un médiateur externe. Ses bénéfices sont multiples (accès à la justice, alternative aux tribunaux, économies de temps et d’argent, simplicité de l’outil, possibilité pour les parties de convenir de solutions adaptées, etc.).;"Le projet vise à réaliser les travaux suivants : - transformer ce projet pilote en véritable service en ligne de l’Office, en créant une nouvelle unité administrative responsable, entre autres, du soutien technique aux utilisateurs de la plateforme; - assurer la pérennité de PARLe en la dotant d’une solution d’hébergement adaptée aux exigences gouvernementales, notamment en matière de sécurité, de performance et d’identification visuelle; - bonifier PARLe et en améliorer l’expérience utilisateur afin d’en faire, à terme, un outil de règlement de litiges et de médiation en ligne plus convivial, facile d’utilisation et accessible, répondant aux standards gouvernementaux.";Oui;Actif;5-28-2021;7-8-2019;8-31-2022;153;;1 399 000;3-31-2022;190 300;913 200;21;Vert;0;Vert;0;
1003440;Refonte de l'intranet;Ministère des Affaires municipales et de l'Habitation;Affaires municipales et Habitation;250001879;;;Non;Actif;4-30-2021;5-3-2019;5-31-2021;0;;174 200;5-31-2021;114 700;163 700;;Vert;0;Vert;0;
1003740;Migration des postes de travail et suite bureautique;Ministère de la Culture et des Communications;Culture et Communications;avr-19;;;Non;Actif;10-16-2020;4-1-2019;3-31-2022;336;;600 000;3-31-2023;419 600;600 000;;Vert;0;Vert;0;
1003818;"Remplacement de l'application ""Gestion des Baux""";Société québécoise des infrastructures;Conseil du trésor et Administration gouvernementale;R00241;;;Non;Actif;10-29-2020;9-20-2018;7-31-2021;0;;3 383 400;7-31-2021;187 400;3 383 400;;Vert;0;Vert;0;
1003819;Infocentre - Information intégrée sur la gestion des portefeuilles de projets;Société québécoise des infrastructures;Conseil du trésor et Administration gouvernementale;R00243;;;Non;Actif;10-29-2020;12-6-2018;5-31-2020;0;;530 700;4-30-2020;458 300;458 300;;Vert;0;Vert;6,1;
1003935;Paiements en ligne;Ministère de l'Énergie et des Ressources naturelles;Énergie et Ressources naturelles;FP19-045;;;Non;Actif;10-16-2020;3-11-2020;7-31-2021;0;;1 738 700;7-31-2021;221 500;1 738 700;;Vert;0;Vert;0;
1003945;Obligation de transmettre électroniquement les réquisitions;Ministère de l'Énergie et des Ressources naturelles;Énergie et Ressources naturelles;FP19-051;;;Non;Actif;5-17-2021;12-16-2019;2-25-2022;0;;791 200;2-25-2022;108 700;775 400;;Vert;0;Vert;0;
1003946;Rehaussement du système financier Smartstream;Société québécoise des infrastructures;Conseil du trésor et Administration gouvernementale;R00264;;;Non;Actif;10-29-2020;6-13-2019;3-31-2021;0;;670 200;6-30-2020;399 000;670 300;;Vert;0;Rouge;71,5;
1003952;Optimisation du système de suivi des factures (SDF);Société québécoise des infrastructures;Conseil du trésor et Administration gouvernementale;R00273;;;Non;Actif;10-29-2020;6-13-2019;1-31-2021;0;;1 354 200;9-30-2020;959 500;1 354 200;;Vert;0;Jaune;25,9;
1004187;PP - Solution provinciale de numérisation;Ministère de la Santé et des Services sociaux;Santé et Services sociaux;5474;;;Non;Actif;5-5-2021;6-28-2019;4-1-2024;0;;7 323 700;3-31-2024;2 897 500;7 323 800;;Vert;0;Vert;0,1;
1004290;Conseil numérique;Ministère de la Santé et des Services sociaux;Santé et Services sociaux;I09322;;;Non;Actif;4-8-2021;1-30-2020;7-31-2021;0;;890 800;7-14-2021;302 300;787 200;;Vert;0;Vert;3,2;
1004400;Remplacement du système de gestion centralisée des droits d'accès et des renseignements sur les entités;Ministère des Finances;Finances;CF-026;;;Non;Actif;10-16-2020;4-17-2019;11-30-2020;0;;339 000;11-30-2020;87 200;339 000;;Vert;0;Vert;0;
1004402;Orchestrateur de rendez-vous;Ministère de la Santé et des Services sociaux;Santé et Services sociaux;I09332;;;Non;Actif;4-16-2021;1-1-2020;4-1-2022;0;;9 648 300;4-1-2022;4 382 600;9 650 100;;Vert;0;Vert;0;
1004483;Système de gestion des apprentissages;Ministère des Transports;Transports;P7501;;;Non;Actif;10-26-2020;9-12-2016;6-30-2021;0;;603 700;6-30-2021;54 000;489 500;;Vert;0;Vert;0;
1004485;Suivi des véhicules par télémétrie (SVT);Ministère des Transports;Transports;P7400;;;Non;Actif;10-26-2020;9-5-2017;6-30-2021;0;;2 371 000;6-30-2021;408 000;1 984 200;;Vert;0;Vert;0;
1004552;Solution d'impression centralisée;Ministère de la Sécurité publique;Sécurité publique;PRO-647;;;Non;Suspendu;10-16-2020;10-16-2018;6-30-2021;596;Réévaluation de la pertinence du projet dans le nouveau cadre de télétravail et d'infonuagique;435 300;3-31-2021;39 800;527 600;;-;;-;;
1004743;Qualité des données et publications (QDP);Ministère des Transports;Transports;P2342;;;Non;Actif;10-26-2020;4-11-2016;6-30-2021;0;;916 500;6-30-2021;335 000;775 000;;Vert;0;Vert;0;
1004768;Solution de gestion opérationnelle de projet;Société québécoise des infrastructures;Conseil du trésor et Administration gouvernementale;R00301;;;Non;Actif;5-6-2021;12-6-2018;5-31-2022;0;;1 805 600;5-31-2022;44 900;1 805 600;;Vert;0;Vert;0;
1004838;Amélioration des outils linguistiques en ligne (vitrine linguistique);Office québécois de la langue française;Justice;PR-015-DGSL;;;Non;Actif;3-3-2021;5-1-2020;3-31-2022;0;;807 900;3-31-2022;108 200;807 900;;Vert;0;Vert;0;
1004892;Décision et dossier de poursuite;Directeur des poursuites criminelles et pénales;Justice;PQ05;Le projet Décision et dossier de poursuite est la continuité du développement des solutions d’affaires du DPCP visant l’informatisation du processus de travail des procureurs aux poursuites criminelles et pénales (PPCP). Il fait suite au projet Réception et analyse des demandes d’intenter des procédures. Le projet Décision et dossier de poursuite prévoit le développement des composantes d’affaires qui permettront aux PPCP de rendre une décision suivant l’analyse d’une demande d'intenter des procédures. Ce projet prend également en charge le développement des documents juridiques liés aux décisions, des rapports et statistiques, ainsi que le processus de divulgation de la preuve.;- Ajout de composantes de développement - Création de rapports et formulaires - Divulgation de la preuve - Suivi du dossier de Cour - Évolution de l'application de communication avec les partenaires (ACP).;Oui;Actif;5-28-2021;6-18-2018;2-10-2022;0;;5 465 900;2-10-2022;2 680 600;5 003 200;39;Vert;0;Vert;0;
1005383;IFR Plus - Phase 2;Université du Québec;Éducation et Enseignement supérieur;6600;;;Non;Actif;10-16-2020;5-1-2019;7-12-2025;0;;2 285 200;7-12-2025;456 700;1 781 200;;Vert;0;Vert;0;
1005403;Assiduité UQAM - Phase 2 (SAFIRH);Université du Québec;Éducation et Enseignement supérieur;6605;;;Non;Actif;10-16-2020;7-17-2018;6-30-2023;0;;640 000;6-30-2023;576 600;640 000;;Vert;0;Vert;0;
1005513;Mise à niveau technologique de SAFIRH;Université du Québec;Éducation et Enseignement supérieur;6601;;;Non;Actif;12-18-2020;7-17-2018;6-30-2023;0;;2 360 000;6-30-2023;1 732 500;2 440 500;;Vert;3,4;Vert;0;
1005831;Implantation d'un système institutionnel de GED;École de technologie supérieure;Éducation et Enseignement supérieur;PRJ-978010-2019-0307;;;Non;Actif;6-1-2021;6-25-2019;6-30-2021;0;;1 789 000;6-30-2023;1 483 100;1 671 900;;Vert;0;Vert;0;
1005844;Système de gestion académique - Phase II;École de technologie supérieure;Éducation et Enseignement supérieur;PRJ-978010-2019-0106;;;Non;Actif;5-13-2021;4-1-2019;6-30-2024;0;;1 788 000;6-30-2024;872 500;2 254 300;;Jaune;26,1;Vert;0;
1005954;Système d’information des ressources humaines (SIRH) et système d’information financière (SIF);Université Concordia;Éducation et Enseignement supérieur;PRJ-SYS-SOUTIEN-2973;Remplacer nos applications actuelles de gestion en Finance, Approvisionnement et Ressources Humaines. Revoir, optimiser et améliorer nos pratiques d'affaires.;Le projet de transformation des systèmes de Finances et des ressources humaines vise à moderniser les systèmes existants et à améliorer les processus des ressources humaines, des finances et des achats. Il permettra également aux utilisateurs d'autres unités a un accès simplifié aux bulletins de paie, aux rapports de dépenses et aux informations budgétaires. Bien que l'accent soit mis sur les RH, les finances et les achats, toutes les unités bénéficieront de cette transformation.;Oui;Actif;4-28-2021;4-1-2019;11-30-2021;0;;44 000 000;8-31-2021;27 683 000;43 850 000;70;Vert;0;Jaune;10,3;La première phase du projet a connu un léger retard en raison de la covid19 mais progresse comme prévu.
1006266;Système de gestion des ressources humaines;Université McGill;Éducation et Enseignement supérieur;PRJ-979000-2015-761;;;Non;Actif;4-29-2021;1-2-2017;4-30-2021;0;;50 700 000;4-30-2021;44 999 000;50 700 000;;Vert;0;Vert;0;
1006330;Mise en place des centres de données;Institut national de la recherche scientifique;Éducation et Enseignement supérieur;PRJ-978008-2015-0165;;;Non;Actif;10-29-2020;4-30-2017;4-30-2021;0;;530 100;4-30-2021;537 000;601 100;;Jaune;13,4;Vert;0;
1006481;Mise à niveau de l'infrastructure réseau;Université McGill;Éducation et Enseignement supérieur;PRJ-979000-2015-763;;;Non;Actif;4-29-2021;3-2-2015;12-22-2023;0;;32 446 100;12-22-2023;20 055 000;32 446 400;;Vert;0;Vert;0;
1008419;Système de gestion des identités et des accès;Université McGill;Éducation et Enseignement supérieur;PRJ-979000-2015-1091;;;Non;Actif;12-10-2020;2-1-2017;1-31-2023;0;;1 910 000;6-30-2021;786 500;1 910 000;;Vert;0;Rouge;36;
1008651;Rehaussement du réseau de télécommunication;Université du Québec à Montréal;Éducation et Enseignement supérieur;PRJ-978001-2013-548;;;Non;Actif;4-29-2021;3-1-2017;9-3-2021;0;;18 500 000;9-3-2021;15 495 500;17 191 800;;Vert;0;Vert;0;
1008717;Migration technologique de Banner;Université Laval;Éducation et Enseignement supérieur;P420;;;Non;Actif;11-3-2020;5-24-2018;12-23-2021;0;;2 300 000;4-30-2019;1 571 500;2 911 000;;Jaune;26,6;Rouge;283,9;
1008752;Remplacement du système de téléphonie IP (anciennement mise à niveau);Cégep de Sherbrooke;Éducation et Enseignement supérieur;PRJ-904000-2015-0213;;;Non;Actif;10-29-2020;8-1-2019;12-31-2020;0;;582 000;12-31-2020;308 000;366 000;;Vert;0;Vert;0;
1008772;Gestion du dossier étudiant électronique unique;Université de Montréal;Éducation et Enseignement supérieur;1338;;;Non;Actif;11-14-2020;9-6-2017;4-30-2021;0;;4 630 300;11-30-2020;2 413 500;3 339 200;;Vert;0;Jaune;12,8;
1008810;Agir pour notre milieu de travail - Gestion intégrée des documents;Ministère du Travail, de l'Emploi et de la Solidarité sociale;Travail, Emploi et Solidarité sociale;107;;;Non;Actif;5-28-2021;8-28-2019;10-31-2023;0;;945 700;10-31-2023;377 600;775 200;;Vert;0;Vert;0;
1008918;Résorption de la désuétude du parc de postes de travail et migration à Windows 10;Ministère de la Sécurité publique;Sécurité publique;PRO-688;;;Non;Actif;10-16-2020;5-3-2019;3-30-2022;0;;4 904 500;3-30-2022;1 703 200;3 906 100;;Vert;0;Vert;0;
1008921;Signature électronique et rapport d'expertise;Ministère de la Sécurité publique;Sécurité publique;PRO-1558;;;Non;Actif;10-16-2020;3-29-2019;12-31-2020;0;;93 000;5-31-2020;84 100;93 000;;Vert;0;Rouge;49,9;
1009156;Opérationnalisation du projet de loi 18;Curateur public;Famille;2857;Ce projet en ressources informationnelles est requis pour opérationnaliser la mise en oeuvre du projet de loi 18. Ce dernier propose d'importants changements qui touchent notamment l’offre des mesures de protection pour les majeurs avec des services simplifiés, efficaces et performants, centrés davantage sur l’autonomie des personnes, le respect de leurs volontés et de leurs préférences. Il vise la mise en place de services moins privatifs de leurs droits et pour lesquelles leur famille et leurs proches constitueront l’élément-clé. Le projet de loi 18 a été adopté le 2 juin 2020.;Ce projet découle de changements législatifs apportés par le projet de loi 18 touchant principalement le Code civil, le Code de procédure civile et la Loi sur le curateur public. Il se subdivise en deux principaux volets : l’instauration d’une nouvelle mesure d’assistance, qui s’adresse à une clientèle élargie que sont les citoyens du Québec, et l’adaptation du système actuel de mission PSO (Portail du Système Opérationnel) pour les autres changements apportés aux mesures de protection des personnes majeures. Conformément à son plan de transformation prévu au cours des 5 prochaines années, le Curateur public souhaite procéder à la mise en oeuvre de nouveaux services numériques pour la mesure d’assistance et ainsi contribuer pleinement à la Stratégie de transformation numérique gouvernementale 2019-2023 et aux exigences afférentes. L’ampleur du projet étant, le Curateur propose pour le second volet de procéder à des évolutions de son système actuel de mission PSO, à leur strict minimum, de manière à rencontrer les nouvelles exigences légales dans le délai visé de 18 à 24 mois suivant l’adoption du projet de loi et ce, sans mettre en péril l’exercice de sa mission.;Oui;Actif;5-4-2021;3-31-2020;3-3-2023;0;;30 761 200;3-3-2023;3 587 600;30 761 200;13;Vert;0;Vert;0;
1009252;Plateforme partagée de services des bibliothèques universitaires québécoises;Université de Montréal;Éducation et Enseignement supérieur;PRJ-976000-2019-0001;;;Non;Actif;12-3-2020;7-1-2017;3-31-2023;0;;31 500 600;8-31-2021;2 967 100;29 496 600;;Vert;0;Rouge;37,9;
1009296;Système de gestion du recrutement étudiant;Université McGill;Éducation et Enseignement supérieur;PRJ-979000-2019-5080;;;Non;Actif;12-10-2020;4-21-2019;4-30-2021;0;;0;10-31-2020;117 900;576 200;;-;;Rouge;32,4;
1009400;Système de gestion des examens de thèse;Université McGill;Éducation et Enseignement supérieur;PRJ-979000-2018-5069;;;Non;Actif;12-10-2020;11-5-2018;12-15-2021;0;;0;12-31-2020;223 700;579 300;;-;;Rouge;44,3;
1010314;PP - NUM - Déploiement et migration des services de numérisation;Centre intégré universitaire de santé et de services sociaux de la Mauricie-et-du-Centre-du-Québec;Santé et Services sociaux;4594;;;Non;Suspendu;12-14-2020;2-11-2020;10-9-2022;307;Les travaux d'industrialisation du CO numérisation ne sont pas encore terminés.;1 228 400;10-9-2021;32 700;1 228 300;;-;;-;;
1010324;GMAO V2;Centre hospitalier universitaire Sainte-Justine;Santé et Services sociaux;4295;;;Non;Actif;1-8-2021;10-21-2016;12-31-2021;0;;260 000;9-30-2016;78 300;260 000;;Vert;0;Vert;0;
1010354;SI Régional: Soins à domicile SAD;Centre intégré de santé et de services sociaux des Laurentides;Santé et Services sociaux;4473;;;Non;Suspendu;1-11-2021;4-3-2017;3-31-2021;982;Les priorités organisationnelles et ministérielles ayant été changées, les ressources ont été assignées sur d'autres projets.;82 000;10-31-2017;38 000;82 000;;Vert;0;Rouge;125,6;
1010358;Acquisition Interface Bloc opératoire et service de prévention des infections;Centre intégré de santé et de services sociaux de Laval;Santé et Services sociaux;4214;;;Non;Suspendu;1-11-2021;6-1-2015;3-31-2022;1 608;Le projet n'est pas encore en réalisation.;54 000;10-31-2015;0;54 000;;-;;-;;
1010372;Outil de gestion et de surveillance pour la réseautique;Centre intégré universitaire de santé et de services sociaux de l'Ouest-de-l'Île-de-Montréal;Santé et Services sociaux;4449;;;Non;Suspendu;12-15-2020;4-1-2018;3-31-2021;624;Le projet est en suspens par manque de ressources à y affecter pour l'instant;49 500;3-31-2019;0;49 500;;-;;-;;
1010385;Informatisation des départs et transferts en hygiène salubrité à l'hôpital Pierre-Boucher;Centre intégré de santé et de services sociaux de la Montérégie-Centre;Santé et Services sociaux;5011;;;Non;Actif;1-14-2021;3-1-2018;12-31-2021;157;;157 900;3-31-2019;62 700;157 900;;Vert;0;Rouge;214,9;
1010389;Système de traçabilité à la stérilisation;Centre intégré de santé et de services sociaux de Chaudière-Appalaches;Santé et Services sociaux;4293;;;Non;Actif;12-21-2020;11-1-2016;3-31-2021;0;;493 000;2-28-2020;493 000;493 000;;Vert;0;Rouge;32,7;
1010407;Système d'information spécialisé - suppléance rénale;Centre intégré de santé et de services sociaux de la Montérégie-Centre;Santé et Services sociaux;4199;;;Non;Suspendu;1-14-2021;2-15-2015;3-31-2021;1 019;Suite aux travaux d'implantation, le fournisseur n'a pas répondu aux exigences de l'appel d'offres, et les besoins ne sont pas comblés. Une démarche a été entreprise pour évaluer les alternatives, raison pour laquelle le projet est suspendu.;416 400;12-31-2015;110 300;416 400;;-;;-;;
1010408;PP - NUM - Déploiement des services de numérisation;Centre régional de santé et de services sociaux de la Baie-James;Santé et Services sociaux;5027;;;Non;Suspendu;12-17-2020;2-7-2019;3-31-2024;678;Le projet est en attente des orientations ministérielles. Le CRSSS de la Baie-James est en phase de préparation d'un nouvel échéancier de mise en oeuvre pour l'implantation du DCI et du DPE.;610 700;3-31-2020;0;610 800;;-;;-;;
1010412;Mise en place d'un système de traçabilité au bloc opératoire;Centre intégré de santé et de services sociaux de la Montérégie-Centre;Santé et Services sociaux;285;;;Non;Suspendu;1-14-2021;2-1-2010;2-20-2021;2 442;Un changement des priorités organisationnelles oblige la réévaluation du projet par les parties prenante. Raison pour laquelle, il est suspendu.;386 600;3-31-2017;302 600;386 500;;-;;-;;
1010417;P58b Gestion stratégique de l'information - Volet mise à niveau de l'outillage entourant les services de soutien, d'accueil et de références.;Office des personnes handicapées du Québec;Santé et Services sociaux;3025;;;Non;Actif;12-16-2020;4-15-2009;3-31-2021;2 303;;211 800;12-31-2017;61 800;184 800;;Vert;0;Vert;0;
1010422;Éléments de la mise en place de l'infrastructure CRCHUM et nouveau CHUM;Centre hospitalier de l'Université de Montréal;Santé et Services sociaux;2267;;;Non;Actif;1-6-2021;11-20-2012;3-31-2022;578;;990 700;3-31-2018;875 400;990 700;;Vert;0;Rouge;45,1;
1010435;Résultats radiologiques;Centre intégré de santé et de services sociaux de l'Outaouais;Santé et Services sociaux;2016-01 (004725);;;Non;Suspendu;12-22-2020;6-14-2017;6-30-2022;751;Le manque de disponibilité de nos ressources humaines ainsi que celles du fournisseur a retardé l'avancement du projet et, par conséquent, nous a obligé à revoir l'échéancier.;115 900;12-31-2017;0;115 900;;-;;-;;
1010436;Mise à jour de l'engin d'intégration BizTalk;Centre intégré de santé et de services sociaux de l'Outaouais;Santé et Services sociaux;2017-02 (004978);;;Non;Actif;12-22-2020;1-10-2018;3-31-2021;854;;145 800;7-31-2018;106 000;145 800;;Vert;0;Rouge;59,4;
1010440;Système d'information de pharmacie;Conseil Cri de la santé et des services sociaux de la Baie James;Santé et Services sociaux;4357;;;Non;Actif;12-15-2020;8-1-2017;3-31-2021;233;;464 500;12-31-2017;441 700;464 700;;Vert;0;Rouge;627;
1010441;Rehaussement système d'échographie à Lasalle - Viewpoint;Centre intégré universitaire de santé et de services sociaux de l'Ouest-de-l'Île-de-Montréal;Santé et Services sociaux;4742;;;Non;Actif;12-15-2020;4-3-2017;2-26-2021;211;;190 200;3-31-2018;118 100;189 400;;Vert;0;Rouge;235,4;
1010442;Outil d'évaluation du patient (RAI - Resident Assessment Instrument);Centre intégré universitaire de santé et de services sociaux de l'Ouest-de-l'Île-de-Montréal;Santé et Services sociaux;4817;;;Non;Suspendu;12-15-2020;5-15-2017;3-31-2022;1 035;Projet mis en suspens d'ici à ce que le résultat de l'appel d'offres soit obtenu;163 600;3-30-2018;0;163 600;;-;;-;;
1010443;Téléphonie;Corporation d'urgences-santé;Santé et Services sociaux;3007;;;Non;Actif;1-7-2021;10-1-2013;4-15-2021;1 037;;600 000;12-31-2017;532 400;582 900;;Vert;0;Jaune;10,6;
1010445;Système administratif des ressources financières et matérielles;Centre intégré universitaire de santé et de services sociaux de l'Ouest-de-l'Île-de-Montréal;Santé et Services sociaux;4623;;;Non;Suspendu;12-15-2020;4-3-2017;3-31-2021;1 171;Le projet est suspendu, il est dépendant du projet 4624 Paie-RH, pour les tâches restantes;840 800;3-31-2017;782 200;784 600;;-;;-;;
1010446;Système administratif pour les ressources humaines et paie;Centre intégré universitaire de santé et de services sociaux de l'Ouest-de-l'Île-de-Montréal;Santé et Services sociaux;4624;;;Non;Suspendu;12-15-2020;5-8-2017;3-31-2021;745;Le projet est mis en suspens. Le déploiement en production est complété. L'environnement de relève doit être reçu et configuré, ce qui reporte la fin du projet en septembre 2019.;1 625 500;3-30-2018;1 281 100;1 289 600;;-;;-;;
1010453;Migration AD;Centre intégré universitaire de santé et de services sociaux de l'Ouest-de-l'Île-de-Montréal;Santé et Services sociaux;4466;;;Non;Actif;12-15-2020;8-21-2017;3-31-2021;630;;993 100;3-31-2019;97 800;993 100;;Vert;0;Jaune;17,2;
1010454;Refonte SAAV;Corporation d'urgences-santé;Santé et Services sociaux;2979;;;Non;Suspendu;1-7-2021;1-18-2017;3-31-2022;1 044;Une priorisation des projets corporatifs a entrainé la modification de la date d'échéance de ce projet.;130 000;1-8-2016;15 000;145 000;;-;;-;;
1010456;Gestion de la collaboration documentaire;Corporation d'urgences-santé;Santé et Services sociaux;5123;;;Non;Actif;1-7-2021;6-1-2018;3-31-2021;679;;150 000;3-31-2020;10 000;150 000;;Vert;0;Vert;0;
1010458;Refonte du système de facturation et recouvrement pour le transport ambulancier;Corporation d'urgences-santé;Santé et Services sociaux;3865;;;Non;Suspendu;1-7-2021;10-1-2017;3-31-2022;967;Le projet est suspendu, en date du 1 octobre 2018, en raison d'une orientation de déploiement provincial.;130 000;12-31-2018;105 000;265 000;;-;;-;;
1010459;Système d'information - Projet Hémodialyse;Centre intégré universitaire de santé et de services sociaux de la Mauricie-et-du-Centre-du-Québec;Santé et Services sociaux;4488;;;Non;Suspendu;12-14-2020;9-1-2017;3-31-2021;967;En attente d'une décision de l'approvisionnement;492 600;8-31-2018;0;492 600;;-;;-;;
1010460;PP - NUM - Déploiement et migration des services de numérisation;CHU de Québec - Université Laval;Santé et Services sociaux;5181;;;Non;Suspendu;1-8-2021;11-1-2018;3-31-2022;800;Nous sommes en attente de nouvelles orientations.;362 400;6-14-2019;0;362 400;;-;;-;;
1010461;PP - NUM - Déploiement et migration des services de numérisation (IUCPQ);CHU de Québec - Université Laval;Santé et Services sociaux;5284;;;Non;Suspendu;1-8-2021;10-1-2018;2-28-2022;800;Nous sommes en attente de nouvelles orientations.;108 500;6-28-2019;0;108 500;;-;;-;;
1010462;PP - NUM - Déploiement et migration des services de numérisation (CISSS des Îles);CHU de Québec - Université Laval;Santé et Services sociaux;5264;;;Non;Suspendu;1-8-2021;11-29-2018;11-30-2021;772;Nous sommes en attente de nouvelles orientations.;161 700;12-20-2019;0;161 800;;-;;-;;
1010466;Intégration de l'Hôpital Notre-Dame;Centre intégré universitaire de santé et de services sociaux du Centre-Sud-de-l'Île-de-Montréal;Santé et Services sociaux;4537;;;Non;Actif;1-6-2021;3-1-2016;3-31-2021;0;;28 732 700;12-31-2018;24 980 300;28 732 600;;Vert;0;Rouge;79,3;
1010470;Projet d'optimisation et de mise en commun des infrastructures de téléphonie de la région de Laval;Centre intégré de santé et de services sociaux de Laval;Santé et Services sociaux;3502;;;Non;Actif;1-11-2021;11-5-2012;12-31-2021;762;;2 164 900;3-31-2018;967 300;2 164 900;;Vert;0;Rouge;30,9;
1010472;OPERA - Module instrumental;Centre intégré de santé et de services sociaux de Laval;Santé et Services sociaux;4216;;;Non;Suspendu;1-11-2021;10-1-2015;3-31-2021;1 593;Le projet n'est pas encore en réalisation.;308 000;10-31-2015;0;308 000;;-;;-;;
1010475;Centre régional intégré en cancérologie;Centre intégré de santé et de services sociaux de Chaudière-Appalaches;Santé et Services sociaux;4298;;;Non;Actif;12-21-2020;10-10-2016;1-29-2021;0;;5 779 000;12-31-2018;5 779 100;5 779 100;;Vert;0;Rouge;93,6;
1010484;PP - DCI - Déploiement de Cristal-Net - Phase 1;Centre intégré de santé et de services sociaux des Laurentides;Santé et Services sociaux;4471;;;Non;Actif;1-11-2021;10-3-2016;12-31-2023;0;;4 669 200;12-31-2018;962 700;4 659 200;;Vert;0;Rouge;223;
1010487;Système d'information en prévention des infections nosocomiales;Centre intégré de santé et de services sociaux de Lanaudière;Santé et Services sociaux;3930;;;Non;Suspendu;1-11-2021;12-15-2016;3-31-2022;260;COVID-19;256 500;3-31-2016;124 600;256 400;;-;;-;;
1010502;Infrastructure du réseau de service (Coeur) CRCHUM et le nouveau CHUM;Centre hospitalier de l'Université de Montréal;Santé et Services sociaux;2265;;;Non;Actif;1-6-2021;11-8-2012;3-31-2022;852;;4 631 300;10-31-2020;1 866 500;4 631 400;;Vert;0;Vert;0;
1010507;Remplacement du système de nutrition parentérale;Centre intégré universitaire de santé et de services sociaux de l'Estrie - Centre hospitalier universitaire de Sherbrooke;Santé et Services sociaux;5317;;;Non;Suspendu;1-8-2021;4-15-2019;4-30-2020;391;Changement dans l'attribution de la charge de projet.;239 800;4-30-2020;13 000;239 800;;-;;-;;
1010508;Rehaussement du système d'information clinique et radiothérapie (plan de traitement);Centre intégré de santé et de services sociaux de la Montérégie-Centre;Santé et Services sociaux;5025;;;Non;Actif;1-14-2021;4-1-2018;12-31-2020;366;;680 000;3-31-2019;660 400;682 700;;Vert;0,4;Rouge;75,5;
1010509;Système de gestion de la maintenance assistée par ordinateur (GMAO) pour GBM et DST;Centre intégré de santé et de services sociaux de la Montérégie-Centre;Santé et Services sociaux;5026;;;Non;Suspendu;1-14-2021;4-15-2018;12-31-2021;980;Au premier Avril la Direction des ressources informationnelles de la Montérégie faisait le regroupement opérationnel et la transition jusqu'au mois de septembre 2018,, raison pour laquelle on était obligé de suspendre ce projet.;462 000;12-31-2018;0;462 000;;-;;-;;
1010511;DCI en anesthésie - EVA;Centre hospitalier universitaire Sainte-Justine;Santé et Services sociaux;162;;;Non;Suspendu;1-8-2021;4-1-2013;9-30-2021;1 318;Le projet est en suspens car un problème technique ne nous permet pas de connecter la table d'anesthésie à EVA. Il y a aussi divers tests à faire car le tout a été retardé avec l'ouverture du BUS;1 100 000;9-30-2017;759 100;1 099 900;;-;;-;;
1010512;Dossier clinique informatisé - Néonatalogie;Centre hospitalier universitaire Sainte-Justine;Santé et Services sociaux;3586;;;Non;Suspendu;1-8-2021;3-18-2014;6-30-2021;1 318;Le projet est en suspens car nous avons un problème technique au niveau des branchement avec certains équipements GBM.;3 870 000;12-31-2017;1 601 600;3 105 500;;-;;-;;
1010521;Remplacement Voxar et TeraRecon;Centre hospitalier universitaire Sainte-Justine;Santé et Services sociaux;4685;;;Non;Suspendu;1-8-2021;2-1-2019;8-31-2020;626;Nouvelle analyse du marché sera faite avant d'entreprendre le projet;155 000;8-31-2020;0;155 000;;-;;-;;
1010532;Système de gestion de la Dialyse;Centre intégré universitaire de santé et de services sociaux de l'Est-de-l'Île-de-Montréal;Santé et Services sociaux;DRI-406;;;Non;Actif;12-22-2020;11-30-2018;3-31-2021;160;;1 039 400;12-31-2019;798 500;1 039 400;;Vert;0;Rouge;74,7;
1010537;SI Gestion et suivi des projets de recherche - NAGANO - Lanaudière;Centre intégré de santé et de services sociaux de Lanaudière;Santé et Services sociaux;5365;;;Non;Suspendu;1-11-2021;4-1-2019;3-31-2021;552;En attente du client;31 500;3-31-2020;3 000;31 500;;-;;-;;
1010545;Dictée numérique et transcription;Centre intégré de santé et de services sociaux du Bas-Saint-Laurent;Santé et Services sociaux;1980;;;Non;Actif;3-12-2021;8-16-2013;11-30-2022;151;;699 700;3-31-2020;717 900;1 459 200;;Rouge;108,5;Rouge;34;
1010554;Système de cardiologie (hémodynamie et électrophysiologie);Centre universitaire de santé McGill;Santé et Services sociaux;5375;;;Non;Suspendu;1-18-2021;2-1-2019;12-31-2021;312;Projet suspendu dû à la COVID-19;537 500;10-1-2019;374 500;534 500;;-;;-;;
1010562;SI Gestion et suivi des projets de recherche - NAGANO - Laurentides;Centre intégré de santé et de services sociaux des Laurentides;Santé et Services sociaux;5366;;;Non;Suspendu;1-11-2021;4-1-2019;3-31-2021;552;En attente du client;26 500;3-31-2020;0;26 500;;-;;-;;
1010566;Informatisation de la planification tactique de la main-d'oeuvre syndiqué - Vue fonction;Héma-Québec;Santé et Services sociaux;5116;;;Non;Actif;12-18-2020;10-1-2018;5-31-2021;241;;290 000;3-31-2020;107 800;226 200;;Vert;0;Rouge;33,8;
1010567;Refonte et informatisation du processus de nettoyage et vérification des équipements biomédicaux et TI en collecte;Héma-Québec;Santé et Services sociaux;4926;;;Non;Suspendu;12-18-2020;6-3-2018;2-28-2023;218;Projet en réorientation complète, portée du projet sujet à changement. Le projet sera en suspens pour la période d'analyse. Les activités reliées à ce projet sont reportées à une date ultérieure.;1 877 500;1-31-2021;498 900;1 758 100;;-;;-;;
1010574;Consolidation de la téléphonie IP;Conseil Cri de la santé et des services sociaux de la Baie James;Santé et Services sociaux;3920;;;Non;Actif;12-15-2020;12-1-2017;6-30-2021;0;;258 600;6-30-2018;71 000;258 600;;Vert;0;Rouge;519,4;
1010612;Remplacement du système d'authentification unique par biométrie;Centre intégré universitaire de santé et de services sociaux de la Mauricie-et-du-Centre-du-Québec;Santé et Services sociaux;5300;;;Non;Suspendu;12-14-2020;12-12-2018;1-9-2023;404;Processus de négociation de contrat en cours ;2 235 500;1-9-2021;96 300;2 235 500;;-;;-;;
1010658;SI-PMI - Reforecast automatisé - Chargement personnel scolaire et autres évolutions;Institut national de santé publique du Québec;Santé et Services sociaux;5312;;;Non;Suspendu;1-8-2021;3-4-2019;12-31-2021;29;Le projet doit être suspendu pour un temps indéterminé en raison des travaux liés à SI-PMI pour la Covid 19.;3 361 200;12-31-2020;12 500;172 000;;-;;-;;
1010694;Infrastructure technologique de télécommunication requise pour les composantes de la phase 1 du projet NCH;CHU de Québec - Université Laval;Santé et Services sociaux;4937;;;Non;Actif;1-8-2021;9-1-2018;3-31-2021;0;;4 368 000;3-31-2020;2 003 200;4 367 900;;Vert;0;Rouge;63,3;
1010698;NCH - Implantation d'un nouveau système de gestion des approvisionnements (WMS) au centre de distribution.;CHU de Québec - Université Laval;Santé et Services sociaux;5092;;;Non;Actif;1-8-2021;10-22-2018;7-31-2021;0;;1 368 200;9-27-2021;316 500;1 366 300;;Vert;0;Vert;0;
1010699;Amélioration du système d'interventions chirurgicales (GIC);CHU de Québec - Université Laval;Santé et Services sociaux;5244;;;Non;Actif;1-8-2021;1-6-2019;10-30-2022;0;;1 399 300;10-30-2022;369 000;1 399 100;;Vert;0;Vert;0;
1010702;PP-Déploiement du DCI provincial Cristal-Net (CISSS des Îles);CHU de Québec - Université Laval;Santé et Services sociaux;5275;;;Non;Actif;1-8-2021;6-18-2018;12-31-2021;0;;1 332 500;12-16-2022;38 000;1 333 600;;Vert;0,1;Vert;0;
1010716;Opera - gestion du matériel et des instruments;CHU de Québec - Université Laval;Santé et Services sociaux;5467;;;Non;Actif;1-8-2021;8-5-2019;6-30-2021;0;;245 700;8-21-2020;0;244 300;;Vert;0;Rouge;81,9;
1010725;Agrandissement et réaménagement - phase II;Centre intégré universitaire de santé et de services sociaux de la Mauricie-et-du-Centre-du-Québec;Santé et Services sociaux;4904;;;Non;Suspendu;12-14-2020;4-9-2018;7-31-2021;55;Travaux suspendus en raison du contexte de la pandémie. Les salles dans lesquelles, les travaux restants devaient être effectués sont utilisées pour les clinques de dépistage et de vaccination.;863 100;8-15-2019;724 800;863 000;;-;;-;;
1010747;PP - AI - Déploiement de l'agent d'intégration;Centre hospitalier de l'Université de Montréal;Santé et Services sociaux;5280;;;Non;Actif;1-6-2021;9-1-2018;3-31-2021;367;;378 300;3-31-2020;168 200;378 300;;Vert;0;Vert;0;
1010759;Déploiement d'un système spécialisé à l'ophtalmologie;Centre universitaire de santé McGill;Santé et Services sociaux;5389;;;Non;Actif;1-18-2021;4-1-2019;3-31-2021;133;;170 600;8-31-2020;15 400;171 000;;Vert;0,2;Jaune;15,3;
1010794;Reconnaissance vocale en imagerie médicale;Centre intégré universitaire de santé et de services sociaux de l'Ouest-de-l'Île-de-Montréal;Santé et Services sociaux;5407;;;Non;Suspendu;12-15-2020;6-27-2019;3-31-2023;255;Dans le contexte de la pandémie de Covid-19, les ressources nécessaires à l'implantation de ce système sont affectées en priorité aux besoins directement reliés à la pandémie;698 300;7-31-2021;0;678 200;;-;;-;;
1010824;PP - AI - Déploiement de l'agent d'intégration Phase 1 (Délestage des interfaces ebiz) et Phase 2 (Migration vers Enovacom);Centre intégré universitaire de santé et de services sociaux du Nord-de-l'Île-de-Montréal;Santé et Services sociaux;4886;;;Non;Suspendu;12-17-2020;4-28-2018;3-31-2023;422;Arrêté dû aux manques de ressources des interfaces pour la migration vers Enovacom.;753 800;3-31-2021;40 600;753 800;;-;;-;;
1010830;Développement du réseau sans fil du CIUSSS Nord-de-l'Île-de-Montréal;Centre intégré universitaire de santé et de services sociaux du Nord-de-l'Île-de-Montréal;Santé et Services sociaux;5332;;;Non;Actif;12-17-2020;7-3-2018;12-31-2021;0;;1 593 100;10-30-2020;973 000;1 954 900;;Jaune;22,7;Rouge;50,2;
1010832;Mise en place de la solution Tconnect (TELUS Santé);Centre intégré universitaire de santé et de services sociaux du Nord-de-l'Île-de-Montréal;Santé et Services sociaux;5361;;;Non;Suspendu;12-17-2020;7-1-2019;4-30-2022;261;Projet suspendu par comité de direction en contexte de pandémie. Devra être réévalué par comité de direction à une date indéterminée.;1 003 100;6-1-2020;6 600;1 003 100;;-;;-;;
1010863;Téléphonie régionale intégrée;Centre intégré de santé et de services sociaux de la Côte-Nord;Santé et Services sociaux;4682;;;Non;Actif;12-16-2020;12-5-2016;3-31-2021;0;;1 677 000;3-31-2019;1 606 400;1 615 600;;Vert;0;Rouge;86,4;
1010907;Consolidation des systèmes de sauvegarde - Laval;Centre intégré de santé et de services sociaux de Laval;Santé et Services sociaux;5094;;;Non;Actif;1-11-2021;7-1-2019;3-31-2022;0;;776 000;3-15-2023;511 900;770 300;;Vert;0;Vert;0;
1010917;Consolidation des systèmes de sauvegarde - Lanaudière;Centre intégré de santé et de services sociaux de Lanaudière;Santé et Services sociaux;5109;;;Non;Actif;1-11-2021;11-18-2019;3-31-2022;0;;726 800;8-21-2022;407 000;726 800;;Vert;0;Vert;0;
1010921;Solution intégrée en gestion de transport - SIGT;Centre intégré de santé et de services sociaux de Lanaudière;Santé et Services sociaux;5503;;;Non;Actif;1-11-2021;8-9-2019;5-14-2021;0;;312 100;5-14-2021;78 300;312 100;;Vert;0;Vert;0;
1010923;Mise à niveau de l'infrastructure PACS de l'imagerie médicale - Rehaussement de Synapse à v 5.x;Centre intégré de santé et de services sociaux de Lanaudière;Santé et Services sociaux;5554;;;Non;Actif;1-12-2021;12-1-2019;7-30-2021;0;;815 900;6-23-2020;838 900;874 000;;Vert;7,1;Rouge;196,1;
1010929;Consolidation des systèmes de sauvegarde - Laurentides;Centre intégré de santé et de services sociaux des Laurentides;Santé et Services sociaux;5099;;;Non;Actif;1-11-2021;7-1-2019;3-31-2023;0;;923 300;2-7-2024;347 200;923 300;;Vert;0;Vert;0;
1010932;Régionalisation OPERA/INSTRUMENTAL CISSS des Laurentides;Centre intégré de santé et de services sociaux des Laurentides;Santé et Services sociaux;5377;;;Non;Actif;1-11-2021;5-1-2019;3-9-2022;0;;668 900;3-9-2022;383 500;668 900;;Vert;0;Vert;0;
1010936;Consolidation AD du CISSS des Laurentides;Centre intégré de santé et de services sociaux des Laurentides;Santé et Services sociaux;5535;;;Non;Actif;1-11-2021;1-1-2020;12-31-2023;146;;1 968 700;9-28-2023;208 000;1 968 700;;Vert;0;Vert;0;
1010943;Solution de gestion des portefeuilles et des projets;Centre intégré de santé et de services sociaux de la Montérégie-Centre;Santé et Services sociaux;5256;;;Non;Actif;1-14-2021;7-16-2018;12-31-2021;0;;122 000;1-15-2021;40 200;112 000;;Vert;0;Rouge;38,3;
1010947;Implantation des dossiers médicaux électroniques (DMÉ) en CLSC/GMF;Centre intégré de santé et de services sociaux de la Montérégie-Centre;Santé et Services sociaux;5376;;;Non;Actif;1-14-2021;3-1-2019;4-14-2021;0;;665 300;11-7-2021;82 200;559 500;;Vert;0;Vert;0;
1010954;Mise à niveau du système de traçabilité - Gestion de lingerie;Centre intégré de santé et de services sociaux de la Montérégie-Centre;Santé et Services sociaux;4911;;;Non;Actif;1-14-2021;9-5-2018;7-31-2021;0;;189 900;3-31-2020;51 700;189 900;;Vert;0;Rouge;85;
1012563;Système de gestion des plaintes;Ministère du Travail, de l'Emploi et de la Solidarité sociale;Travail, Emploi et Solidarité sociale;145;;;Non;Actif;3-31-2021;7-15-2020;12-31-2021;0;;565 400;12-31-2021;132 500;560 100;;Vert;0;Vert;0;
1013085;SQIN - Accès bonifié aux prestations électroniques de services Entreprises et Citoyens;Infrastructures technologiques Québec;Conseil du trésor et Administration gouvernementale;8491;Modernisation de la solution d'authentification gouvernementale pour accéder aux services en ligne des ministères et organismes publics.;Bonification de l'accès aux prestations électroniques des services (PES) des entreprises et des citoyens : authentification, vérification d'identité, justificatifs bancaires, gestion des accès et délégation.;Oui;Actif;5-26-2021;5-13-2020;5-13-2023;0;;41 825 000;5-13-2023;4 618 200;40 620 000;6;Vert;0;Vert;0;
1013110;SAVPEC - Vente de permis en ligne;Ministère des Forêts, de la Faune et des Parcs;Forêts, Faune et Parcs;FP19-088;;;Non;Actif;10-16-2020;3-28-2018;9-30-2021;0;;2 128 200;9-30-2021;682 700;2 128 200;;Vert;0;Vert;0;
1013179;Rehaussement de TRAFIQ;Ministère de la Sécurité publique;Sécurité publique;PRO-693;;;Non;Actif;10-16-2020;7-6-2019;12-31-2020;0;;1 300 000;12-31-2020;1 062 000;1 300 000;;Vert;0;Vert;0;
1013250;Outil média (DCOM);Ministère de l'Énergie et des Ressources naturelles;Énergie et Ressources naturelles;FP19-057;;;Non;Actif;5-17-2021;9-14-2020;8-4-2021;0;;371 000;8-4-2021;53 400;371 000;;Vert;0;Vert;0;
1013267;Déploiement de la téléphonie corporative (DÉTÉC);Société de l'assurance automobile du Québec;Transports;83207;;;Non;Actif;5-6-2021;8-7-2019;12-31-2021;0;;3 206 600;12-31-2021;2 396 500;3 031 200;;Vert;0;Vert;0;
1013300;Évolution solution processus financiers et contractuels;Société de l'assurance automobile du Québec;Transports;12048;;;Non;Actif;5-6-2021;12-6-2019;12-31-2021;0;;1 406 300;12-31-2021;501 800;1 406 300;;Vert;0;Vert;0;
1013404;Télétravail pérenne;Société de l'assurance automobile du Québec;Transports;12028;;;Non;Actif;5-6-2021;9-15-2020;12-31-2021;0;;1 367 500;12-31-2021;637 400;1 367 500;;Vert;0;Vert;0;
1013412;Solutions antivirales – Endpoint protection;Société de l'assurance automobile du Québec;Transports;12035;;;Non;Actif;5-12-2021;8-18-2020;12-31-2021;0;;425 000;12-31-2021;257 400;425 000;;Vert;0;Vert;0;
1013430;Modernisation de l'industrie du transport rémunéré de personnes par automobile;Société de l'assurance automobile du Québec;Transports;83212;;;Non;Actif;5-6-2021;10-19-2019;12-31-2022;0;;4 330 600;12-31-2022;3 696 000;4 330 500;;Vert;0;Vert;0;
1013441;Modèle d'affaires fournisseurs;Commission des normes, de l'équité, de la santé et de la sécurité du travail;Travail, Emploi et Solidarité sociale;3.3058;;;Non;Actif;10-16-2020;11-14-2019;3-31-2022;0;;3 072 000;3-31-2022;166 100;3 072 000;;Vert;0;Vert;0;
1013442;Mise en place d'un outil de gestion des dossiers ÉS;Commission des normes, de l'équité, de la santé et de la sécurité du travail;Travail, Emploi et Solidarité sociale;3.3208;;;Non;Actif;1-29-2021;2-23-2020;6-30-2022;0;;1 952 000;6-30-2022;105 000;1 952 000;;Vert;0;Vert;0;
1013447;Remplacement du gestionnaire juridique (DGAJ);Commission des normes, de l'équité, de la santé et de la sécurité du travail;Travail, Emploi et Solidarité sociale;3.3081;;;Non;Actif;10-16-2020;3-24-2019;3-31-2022;0;;1 251 000;3-31-2022;37 800;1 251 000;;Vert;0;Vert;0;
1013455;Gestion du Fonds Ruralité et régions;Ministère des Affaires municipales et de l'Habitation;Affaires municipales et Habitation;250001882;;;Non;Actif;4-30-2021;6-30-2020;6-30-2021;0;;310 800;6-30-2021;192 700;291 700;;Vert;0;Vert;0;
1013612;Optimisation du parcours décès;Retraite Québec;Finances;P519;;;Non;Actif;5-27-2021;9-10-2019;12-31-2021;0;;1 926 400;12-31-2021;1 466 600;1 926 400;;Vert;0;Vert;0;
1013620;Externalisation des systèmes de météoroutière;Ministère des Transports;Transports;P2310;;;Non;Actif;10-27-2020;3-2-2020;3-31-2022;0;;1 739 500;3-31-2022;26 900;1 730 400;;Vert;0;Vert;0;
1013645;Client 360;Retraite Québec;Finances;P521;;;Non;Actif;5-27-2021;10-10-2019;12-31-2021;0;;4 391 400;12-31-2021;2 519 000;4 391 400;;Vert;0;Vert;0;
1013646;Espace client numérique;Retraite Québec;Finances;P522;;;Non;Actif;5-27-2021;2-14-2020;12-31-2021;0;;3 780 000;12-31-2021;1 467 100;3 780 000;;Vert;0;Vert;0;
1013647;Mettre en place des notifications à la clientèle de Retraite Québec;Retraite Québec;Finances;P523;;;Non;Actif;5-27-2021;1-23-2020;12-31-2021;0;;1 066 800;12-31-2021;604 200;1 066 800;;Vert;0;Vert;0;
1013836;Amélioration de l’expérience utilisateur et refonte du site Web institutionnel de l’ISQ;Institut de la statistique du Québec;Finances;HMC-06;;;Non;Actif;10-19-2020;6-21-2019;12-21-2020;0;;298 000;12-21-2020;285 700;356 800;;Jaune;19,7;Vert;0;
1014402;Dépôt des actes de procédure et des demandes;Ministère de la Justice;Justice;320700101;Livrer les produits d’affaires qui permettent de mettre à la disposition de la clientèle des services de dépôts d’actes de procédure, de demandes, ainsi que de documents par le biais de moyens technologiques.;Offrir un ensemble de services simplifiés et améliorés pour accélérer le dépôt des actes de procédure et des demandes. Ayant pour fonction principale de recevoir des documents de la clientèle (citoyen) et de nos partenaires, de les dématérialiser, de les analyser, de les valider et selon la nature du document de déclencher les commandes grâce à un flux automatisé d’activités.;Oui;Actif;5-28-2021;6-18-2018;1-20-2023;0;;29 476 300;1-20-2023;1 005 700;28 996 900;4;Vert;0;Vert;0;
1014468;Mesure exceptionnelle de soutien (MES);Ministère de la Famille;Famille;SMPFE 20-062;;;Non;Actif;10-21-2020;6-12-2020;3-31-2022;0;;942 000;3-31-2022;68 400;955 400;;Vert;1,4;Vert;0;
1014522;Opération 1re ligne - Espace intervenant;Commission des normes, de l'équité, de la santé et de la sécurité du travail;Travail, Emploi et Solidarité sociale;3.3271;;;Non;Actif;1-29-2021;6-25-2020;1-31-2022;0;;1 650 000;1-31-2022;189 800;1 650 000;;Vert;0;Vert;0;
1015040;LAN-WiFi;Société de l'assurance automobile du Québec;Transports;12046;;;Non;Actif;5-6-2021;6-4-2020;12-31-2021;0;;4 557 000;12-31-2021;1 821 300;4 557 000;;Vert;0;Vert;0;
1015346;Bilan de santé et fondations de la relation avec les usagers;Société de l'assurance automobile du Québec;Transports;12088;;;Non;Actif;5-6-2021;12-18-2020;12-31-2021;0;;464 000;12-31-2021;288 500;464 000;;Vert;0;Vert;0;
