code_du_projet,nom_du_projet,organisme,portefeuille,numero_assignation_du_projet,description,portee,projet_cible,statut,derniere_mise_a_jour,date_debut,date_de_fin_estimee,nombre_de_jours_suspendus,explication_des_suspensions_du_projet,cout_autorise,date_de_fin_autorisee,montant_reel_depense,cout_estime,avancement_du_projet,cote_de_cout,indice_de_cout,cote_echeancier,indice_echeancier,commentaires
11411,Information sur le personnel des organismes scolaires (IPOS),Ministère de l'Éducation,Éducation,R-1120,,,Non,Actif,2021-11-01,2012-05-01,2023-03-31,0,,4471000,2022-03-31,3822900,4859200,,Vert,8.68,Jaune,10.08,
12576,Remplacement du système financier,Musée de la Civilisation,Culture et Communications,726,,,Non,Actif,2021-05-28,2020-01-31,2022-06-30,0,,516900,2022-06-30,27400,516900,,Vert,0.0,Vert,0.0,
13113,Portail de l’examen de français,Office québécois de la langue française,Justice,12,,,Non,Actif,2021-03-03,2020-04-10,2021-09-30,0,,365600,2021-09-30,222800,365600,,Vert,0.0,Vert,0.0,
13445,Système d'outils informatisés d'évaluation et de suivi (SOIES),Ministère de la Sécurité publique,Sécurité publique,PRO-91,,,Non,Actif,2020-10-16,2013-01-21,2022-03-31,nd,,943300,2017-04-25,411300,481000,,Vert,0.0,Rouge,40.0,
13886,Système de gestion des demandes d'immigration basé sur la déclaration d'intérêt (SDI),"Ministère de l'Immigration, de la Francisation et de l'Intégration","Immigration, Francisation et Intégration",DEV 519,"Le projet s'inscrit dans la feuille de route de la transformation des services au MIFI. Il est associé à une obligation gouvernementale en lien avec la nouvelle Loi sur l'immigration du Québec (LIQ). Il couvre les travaux d'élaboration et de mise en ligne d'un système de gestion des demandes d’immigration basées sur la déclaration d’intérêt (ci-après nommé le SDI). L'objectif visé est de concevoir et de mettre en œuvre les fonctionnalités du SDI pour la sélection des candidats ayant un profil répondant aux besoins du marché du travail québécois. Le système devra être conçu en distinguant les services communs des services spécifiques afin de maximiser la réutilisation des composantes communes lors de la transformation des programmes (immigration, francisation et intégration) du MIFI. La solution permettra de recevoir une DI, de gérer la banque de DI (BDI), d’inviter et de sélectionner les candidats répondant aux besoins économiques du Québec.","Les travaux de mise en œuvre sont subdivisés en trois phases : 1) Mettre en place un système de gestion des déclarations d’intérêt: Conformément à la LIQ, le ressortissant étranger (RÉ) qui désire immigrer au Québec doit préalablement déclarer son intérêt. Le SDI permet de recueillir une telle déclaration, de la stocker et de la rendre accessible au RÉ ou à son représentant durant la période de validité. 2) Mettre à la disposition des employeurs québécois un portail leur permettant de consulter de façon autonome les profils des RÉ inscrits dans la base de déclaration d’intérêt (BDI). Le portail permet aux employeurs québécois en recherche de main d’œuvre de consulter la BDI, de rentrer en contact avec le RÉ et de poursuivre les démarches de recrutement des RÉ répondant à ses besoins. 3) Développer les fonctionnalités de sélection des RÉ qui répondent aux besoins du marché de travail du Québec, et ce, selon les critères d’admissibilité spécifiques au programme.",Oui,Actif,2021-01-28,2015-06-01,2022-03-31,0,,18871600,2022-03-31,13349900,19238500,76.0,Vert,1.94,Vert,0.0,
14081,2020 - MAJ Postes de travail,Institut de tourisme et d'hôtellerie du Québec,Enseignement Supérieur,M1603-M13,,,Non,Actif,2020-11-04,2015-10-15,2021-06-30,nd,,660000,2019-06-30,294300,359900,,Vert,0.0,Rouge,53.98,
14287,Gestion partagée de la prestation de services,"Ministère du Travail, de l'Emploi et de la Solidarité sociale","Travail, Emploi et Solidarité sociale",0022 - 161009 - 170022,"Le projet vise la distribution du travail généré par les dossiers de la clientèle visée auprès de l’ensemble des agents d’aide socioéconomique selon leurs compétences et leurs disponibilités, peu importe le territoire du prestataire. Il s’agit de leur permettre de traiter une ou des activités d’un dossier en leur donnant un accès électronique aux documents entrants et à ceux constituant le dossier. En cohérence avec la planification stratégique, le projet concourt directement à l’amélioration de l’organisation du travail et à l’optimisation de l’utilisation des ressources dans le réseau. Ce projet structurant permettra d’offrir une prestation de services modernisée, plus agile et surtout, adaptée aux besoins et aux attentes de sa clientèle. ","Le projet GPPS porte sur la mise en oeuvre de solutions pour soutenir les processus liés à la gestion décloisonnée des dossiers des programmes de l’aide financière de dernier recours (AFDR) et d’objectif emploi (OE) volet aide financière. Il porte également sur les processus liés à la numérisation des documents existants dans les dossiers papier et ceux reçus de la clientèle afin de constituer un dossier numérique par individu en remplacement du dossier physique actuel. Finalement, le projet s’appuie sur des processus liés à la gestion des documents numérisés.",Oui,Actif,2021-11-30,2016-09-27,2024-03-31,0,,46459500,2024-03-31,9644500,25667500,36.0,Vert,0.0,Vert,0.0,
14304,Modernisation des épreuves ministérielles,Ministère de l'Éducation,Éducation,P-1575,,,Non,Actif,2021-11-02,2015-11-15,2023-03-31,0,,4737000,2023-03-31,1233700,4281400,,Vert,0.0,Vert,0.0,
14573,Gestion des infrastructures de l'Éducation et de l'Enseignement supérieur,Ministère de l'Éducation,Éducation,R-1562,"Ce projet vise à détenir et à faciliter l’accès à des informations complètes et fiables qui permettent aux intervenants d’appliquer les règles de gouvernance et les meilleures pratiques relatives à la planification, la gestion et le suivi des investissements publics en matière d’infrastructures scolaires. Il vise également à favoriser le partage desdites informations entre les intervenants et de permettre au Ministère de s’acquitter de ses rôles et responsabilités en matière de reddition de comptes. Le projet permettra de contribuer à l’atteinte des objectifs suivants: - Évaluer l’état du parc d’infrastructures reconnues aux fins de financement selon les lignes directrices du Secrétariat du Conseil du trésor, et en assurer le suivi annuellement; - Maintenir ou rétablir, dans un état au moins satisfaisant, les infrastructures fréquentées par la clientèle étudiante et le personnel du Réseau; - Assurer le suivi de la résorption du déficit de maintien d’actifs. ","- La révision des processus ministériels entourant la gestion des infrastructures du Réseau et le suivi des investissements publics qui y sont consentis; - La mise en place d’une solution en appui aux processus de gestion des infrastructures; - La préparation de la formation des intervenants des ressources matérielles visant l’adaptation des processus au cadre de gestion des infrastructures du Réseau; - Les modifications requises aux systèmes périphériques pour assurer l’interopérabilité avec la solution; - La production d’informations de gestion pour aider à la prise de décision des autorités ministérielles; - La conversion des données du logiciel SIMACS. Sans être directement dans sa portée, ce projet se préoccupe de l’intégration à la solution des exigences en matière de gestion et de maintien des actifs des établissements collégiaux et universitaires.",Oui,Actif,2021-10-22,2016-03-01,2021-12-31,0,,15500000,2021-03-20,9154300,10219600,85.0,Vert,0.0,Jaune,15.5,"Initialement, le projet devait être livré en totalité au 31 mars 2021. Cependant, pour donner suite aux mesures sanitaires mises en place par la santé publique pour faire face à la pandémie de COVID-19, les CSS/CS ont eu une surcharge de travail et une capacité limitée pour prendre en charge les différentes actions de validation requises dans le cadre de la mise en place du projet ralentissant ainsi la progression des travaux. Pour permettre un allègement de la tâche des CSS/CS, le client a proposé une livraison en 3 blocs de livraison aux CSS/CS. Ce nouveau découpage a donc eu un impact sur les sommes initialement prévues en 2020-2021 et ont été reporté en partie en 2021-2022."
14589,RENIR (Migration de la desserte policière sur le RENIR),Sûreté du Québec,Sécurité publique,707620,"Projet de mise à jour de la Sûreté du Québec en matière de radiocommunications policières, plus précisément, la migration vers le Réseau national intégré de radiocommunications (RENIR). La migration envisagée dans le cadre du présent projet aura lieu en arrimage avec la modernisation des centres de gestion des appels (CGA) de la Sûreté; le Plan d’amélioration de la couverture (PAC) du Centre de services partagés du Québec (CSPQ); et le démantèlement progressif du réseau intégré de radiocommunications policières (RITP).","La migration des radiocommunications de la desserte policière au RENIR: Validation et vérification des travaux de déploiement et d’installation des équipements de radiocommunication véhiculaires, portatifs et fixes, de même que les répéteurs urbains. Le développement et la diffusion de la formation des utilisateurs experts pour le soutien aux usagers. Démanteler progressivement les équipements de radiocommunication véhiculaires, portatifs et fixes du réseau RITP. Exclusions: Est exclut de la portée les travaux liés au PAC (responsabilité du CSPQ), les activités de réorganisation et de modernisation des Centres de gestion des appels (CGA) et les postes situés dans les régions éloignés (Blanc-Sablon, Fermont, Scherfferville).",Oui,Actif,2021-11-12,2016-10-01,2025-03-31,1440,,4703200,2018-06-30,2567000,3345800,43.0,Vert,0.0,Rouge,161.06,"2021/10/29 État d’avancement RENIR = 127 unités utilisatrices du RENIR --------------------------------------------------------- 292 unités à déployer sur le RENIR ----------------------------------------------------------------- 2021/06/23 2021/07/28 État d’avancement RENIR = 125 unités utilisatrices du RENIR --------------------------------------------------------- 292 unités à déployer sur le RENIR * Le nombre total d’unités à migrer a passé de 284 à 292 dus aux changements à la structure organisationnelle Sûreté du Québec. ----------------------------------------------------------------- 2021/06/23 Ajustement à la baisse des dépenses imputées au projet à la suite de la fermeture de l’exercice financier 2020/2021. --------------------------------------------------------------------- Le projet est redémarré au 10 mai 2021 avec les travaux de migration impliquant les unités faisant partie de la migration initiale. Le projet 707620 de migration de la desserte policière sur le RENIR avait été suspendu au tableau de bord du Conseil du trésor rétroactivement au 29 mai 2017. L'ITQ et la Sûreté ne négligent pas leurs efforts pour trouver des solutions visant à corriger les problématiques rencontrées avec le RENIR. Néanmoins, la Sûreté estime que certaines de ces solutions pourraient nécessiter des travaux et des investissements importants de la part de l'ITQ. La façon de calculer le pourcentage d'avancement est le suivant: État d’avancement RENIR = 111 unités utilisatrices du RENIR --------------------------------------------------------- 287 unités à déployer sur le RENIR "
14610,Système de gestion des autorisations et des habitats fauniques (SAHFA),"Ministère des Forêts, de la Faune et des Parcs","Forêts, Faune et Parcs",FP19-061,,,Non,Actif,2021-11-05,2017-11-28,2023-05-01,331,,2627800,2022-10-15,793100,2627900,,Vert,0.0,Vert,0.0,
14626,Automatisation de demandes de paiement et de remboursement hors Québec,Régie de l'assurance maladie du Québec,Santé et Services sociaux,VPSPA-19,,,Non,Actif,2021-11-05,2015-11-01,2021-10-31,0,,6378400,2020-10-31,7005700,7325900,,Jaune,14.85,Jaune,19.98,
14659,Médicaments en clinique externe,Régie de l'assurance maladie du Québec,Santé et Services sociaux,VPTI-28,"Le dossier santé Québec (DSQ) permet aux intervenants participants d’accéder à un certain nombre de renseignements de santé jugés essentiels. Le domaine médicament est un domaine clinique permettant de collecter, de conserver et de communiquer les renseignements de santé concernant tout médicament délivré à un usager en pharmacie communautaire et prochainement en pharmacie d’établissement. L’objectif de ce projet est l'ajout des médicaments qu’un usager peut recevoir lorsqu'il se présente en clinique ambulatoire d’'un établissement de santé d'oncologie. Ces médicaments ont une valeur clinique importante pour permettre un suivi médical plus complet. ","Le domaine médicament est présentement alimenté des médicaments délivrés dans les pharmacies communautaires du Québec et le présent projet a pour objet d’y ajouter les médicaments délivrés en pharmacie d’établissement pour des usagers de cliniques externes d’oncologie. De façon plus spécifique, les résultats attendus du projet peuvent également être énoncés ainsi : Pour l’usager : • l’obtention des meilleurs soins appropriés, tenant compte de son état sur le plan des médicaments consommés. Pour les intervenants autorisés (incluant les professionnels qui œuvrent dans les établissements) : • l’obtention d’une vision d’ensemble des médicaments délivrés à l’usager; • la prise en compte des médicaments délivrés dans les cliniques externes pour l’élaboration des traitements de soins les plus adéquats à la situation de l’usager; • l’augmentation de la valeur ajoutée de l’accès au profil pharmacologique et l’amélioration de la perception du DSQ pour le domaine médicament. ",Oui,Actif,2021-11-25,2015-05-01,2022-12-31,0,,7613600,2019-10-31,2428300,6411200,35.0,Vert,0.0,Rouge,70.37,"Étant donné la faible disponibilité des établissements, le temps requis pour la négociation et la réalisation des contrats avec les différents fournisseurs, la durée des travaux d’intégration et de certification, il a été requis de revoir la date de fin du projet. Le pourcentage d'avancement a été modifié à la suite d'un changement dans la méthode de calcul."
14768,Reconnaissance faciale & Empreintes digitales,Sûreté du Québec,Sécurité publique,710102,,,Non,Actif,2021-11-05,2018-10-23,2022-03-31,0,,2579500,2021-09-30,98700,2396800,,Vert,0.0,Jaune,16.96,
14783,Unification de l'environnement de travail numérique (UETN),Retraite Québec,Finances,P503,,,Non,Actif,2021-11-22,2016-11-08,2022-12-31,0,,1221800,2019-10-31,506800,1221800,,Vert,0.0,Rouge,106.43,
14831,Consolidation des autorisations des organismes scolaires relatives aux programmes d'études,Ministère de l'Éducation,Éducation,P-1789,,,Non,Actif,2021-11-04,2017-04-03,2023-08-30,0,,993000,2022-08-30,356600,998700,,Vert,0.57,Jaune,18.48,
14867,Carré Saint-Laurent_Volet - Transformation des services en technologies de l'information,"Ministère de l'Immigration, de la Francisation et de l'Intégration","Immigration, Francisation et Intégration",DEV 709,"Dans le cadre du projet Carré Saint-Laurent (CSL), la Direction générale des technologies de l'information (DGTI) a entrepris un projet visant à définir les cibles pour les volets applicatifs, technologique et sécurité pour soutenir les projets de transformation du MIDI. Les objectifs sont de contribuer à la création d'un environnement stimulant, attrayant et performant pour le personnel du MIDI, supporter les projets de transformation de mission et de soutien à la mission, supporter le déménagement du MIDI au Carré Saint-Laurent et éliminer graduellement la désuétude des infrastructures technologiques.","Vingt-cinq (25) sous-projets font partie intégrante du projet, qui comporte 5 volets : 1) Intégration des infrastructures; 2) Gestion des opérations des technologies de l'information; 3) Applications bureautiques; 4) Postes de travail du personnel; et 5) Gouvernance et sécurité ",Oui,Actif,2021-01-28,2018-03-28,2022-03-31,0,,17130100,2022-03-31,11792100,14855200,88.0,Vert,0.0,Vert,0.0,
14871,Modernisation du processus de gestion de l'information financière et fiscale,Ministère des Affaires municipales et de l'Habitation,Affaires municipales et Habitation,250001872,"Développement et mise en ligne d’une nouvelle prestation électronique de services (PES) en remplacement du système SÉSAMM implanté en 2001. Cette nouvelle PES, développée dans des technologies modernes favorisant la simplicité d’entretien et d’évolution, permettra une reddition de comptes plus flexible et conviviale pour les municipalités. De plus, les parties prenantes internes et externes du Ministère auront accès facilement aux informations contenues dans les rapports financiers.",Mise en place d'une prestation électronique de services permettant aux municipalités de rendre compte de leurs finances en transmettant leurs états financiers et les documents connexes. Cette dernière sera basée sur un nouveau développement. L’outil bureautique Microsoft Excel sera utilisé par le Ministère pour appuyer le pilotage et ainsi réduire drastiquement le développement nécessaire. Microsoft Access sera utilisé pour le volet informationnel. La flexibilité du nouveau développement permettra aussi de répondre plus facilement aux besoins d’affaires.,Oui,Actif,2021-11-05,2017-01-10,2022-03-31,0,,3731300,2022-03-31,2597800,2950800,74.0,Vert,0.0,Vert,0.0,S.O.
14876,Consolidation de la gestion de l'identité et des accès (CGIA),Retraite Québec,Finances,P505,,,Non,Actif,2021-05-27,2017-06-21,2022-12-31,0,,3604100,2020-12-28,2933500,5662200,,Rouge,57.1,Rouge,56.99,
14879,Intégration de la nouvelle solution en géomatique,La Financière agricole du Québec,"Agriculture, Pêcheries et Alimentation",BMP148,,,Non,Actif,2020-10-16,2017-02-01,2021-01-15,0,,939100,2020-12-31,943900,1092500,,Jaune,16.33,Vert,1.04,
14892,Optimisation des processus de gestion du volume assurable des produits bouvillons et bovins d’abattage et veaux d’embouche,La Financière agricole du Québec,"Agriculture, Pêcheries et Alimentation",BMP154,Révision du processus de réception des données utilisées pour les calculs du programme d’assurance stabilisation des revenus agricoles du secteur bovin.,Optimiser les processus de gestion des volumes assurables des produits bouvillons et bovins d’abattage et veaux d’embouche en évaluant le volume assurable à partir d’une source de données unique ce qui facilite la vie du client et clarifie ses obligations quant à la façon de faire ses déclarations. La source de données utilisée provient d'Agri-Traçabilité Québec et elle constitue une source de données fiable depuis plusieurs années. Le lien privilégié avec Agri-Traçabilité Québec est maintenu et même optimisé en élargissant l’utilisation des données pour évaluer le volume assurable du secteur bovin. La solution d’affaires retenue s’articule autour des quatre volets suivants : - Développer l’autonomie du client; - Alléger le fardeau pour le client; - Uniformiser et automatiser le traitement des données; - Optimiser et automatiser les contrôles du volume assurable. La solution vise à réutiliser les systèmes actuellement en place ce qui minimise les coûts de développement. De plus des solutions informatiques vieillissantes dont l’expertise se fait de plus en plus rare sont délestées. ,Oui,Actif,2021-11-11,2019-06-14,2022-07-07,0,,1410900,2022-07-07,748900,1418900,64.0,Vert,0.56,Vert,0.0,Le manque de ressources à l'interne pour ce projet nous oblige à augmenter les ressources externes ce qui implique un coût plus élevé que nos ressources à l'interne.Les coûts de la solution ou de l'estimation des efforts sont donc plus élevés que prévu. 
14911,Guichet gouvernemental unifié d'accès aux services de francisation à temps complet,"Ministère de l'Immigration, de la Francisation et de l'Intégration","Immigration, Francisation et Intégration",DEV 711,"À terme, le guichet est l'accès unique aux services gouvernementaux de francisation pour toute personnes ayant des besoins de francisation. Le guichet permettra entre autre d'enregistrer la demande d'admission à un cours de français, d'aiguiller le client vers l'établissement qui répond le plus à son besoin et de simplifier les démarches administratives d'accès aux allocations. En plus, il renforcera la promotion de la francisation, permettra d'effectuer une reddition de compte gouvernementale plus efficace et améliorera l'expérience-client en matière d'accès aux services gouvernementaux de francisation. Dans le cadre de la phase 1 du projet, le guichet est un accès unique aux services de francisation uniquement pour les cours à temps complet, mais informe les clients sur l'offre gouvernementale de francisation et les aiguille vers le bon service.","Réaliser une étude de faisabilité, avec la collaboration du MEES et du MTESS, pour la mise en place d'un guichet gouvernemental unifié d'accès aux services de francisation, effectuer une recommandation de solution informatique et analyser la possibilité que la plateforme soit gérée par Service Québec. Enfin, réaliser le développement de la solution informatique.",Oui,Actif,2021-11-12,2019-07-08,2024-06-27,0,,15950500,2024-06-27,3242800,15949700,24.0,Vert,0.0,Vert,0.0,
14926,Acquisition et mise en place d'outils pour la gestion et la maintenance des biens immobiliers.,Société des établissements de plein air du Québec,"Forêts, Faune et Parcs",DEV2017-2021-BIENS,,,Non,Actif,2020-10-16,2017-04-03,2023-12-31,nd,,1845800,2021-03-26,1002500,2344200,,Jaune,27.0,Rouge,69.51,
14987,P2 Implanter les outils informatiques de la VPE,Régie du bâtiment du Québec,Affaires municipales et Habitation,294020041,,,Non,Actif,2020-11-23,2016-09-26,2023-03-31,483,,6274700,2019-10-02,1422900,6257800,,Vert,0.0,Rouge,72.02,
15012,Gestion de la norme et de la qualité des dessins (NQD) en conception et dessin assistés par ordinateur (CDAO),Ministère des Transports,Transports,P228A,,,Non,Actif,2021-11-15,2018-10-16,2021-12-31,0,,747400,2021-12-31,296000,734000,,Vert,0.0,Vert,0.0,
15069,Gestion des mesures fiscales (GMF),Ministère des Finances,Finances,MFQ-015,,,Non,Suspendu,2021-10-01,2018-03-01,2019-10-22,nd,"La phase d'exécution du projet est suspendue. Ceci, car certains travaux ont été omis lors de la phase de conception. Ces travaux, étant jugés essentiels, doivent être élaborés avant de pouvoir reprendre la phase d'exécution.",598100,2019-10-22,175500,175500,,-,,-,,
15089,Refonte des services aux clientèles externes du secteur cinéma,Ministère de la Culture et des Communications,Culture et Communications,2018-01-1,,,Non,Suspendu,2020-10-16,2018-04-03,2021-03-31,336,L'activité planifiée pour l'équipe est perturbée : - impossibilité temporaire de travailler pour un développeur externe - indisponibilité du développeur perturbée suite à repriorisation sur des activités plus critiques - indisponibilité de la stagiaire qui était planifiée,248500,2019-12-31,198800,273300,,Vert,9.97,Rouge,54.0,
15096,Bonification du Régime de rentes du Québec,Retraite Québec,Finances,P511,,,Non,Actif,2021-06-01,2018-03-09,2022-02-28,0,,8791300,2022-02-28,6117200,8791300,,Vert,0.0,Vert,0.0,
15121,81505 Programme d'évaluation et de réduction du risque de conduite avec les capacités affaiblies (PERRCCA),Société de l'assurance automobile du Québec,Transports,81505,,,Non,Actif,2021-05-04,2017-01-01,2021-12-31,0,,656600,2019-12-31,653400,656800,,Vert,0.03,Rouge,66.81,
15126,Gestion des identités et des accès,Ministère de l'Éducation,Éducation,I-1764,,,Non,Suspendu,2021-11-01,2017-12-01,2024-03-31,184,"Afin d'équilibrer le budget PQI-RI des ministères (MEQ et MES), il a été décidé de suspendre ce projet.",4400000,2021-03-31,1142500,1209800,,-,,-,,
15134,Plateforme nationale de ressources éducatives numériques - agora numérique,Ministère de l'Éducation,Éducation,S-1752,,,Non,Actif,2021-11-01,2017-09-06,2021-12-31,0,,4730000,2021-12-31,2802400,3418100,,Vert,0.0,Vert,0.0,
15172,Carnet santé Québec - Phase 2,Régie de l'assurance maladie du Québec,Santé et Services sociaux,VPTI-62,,,Non,Actif,2021-11-05,2018-09-01,2022-03-31,0,,8700000,2022-03-31,1458800,2605300,,Vert,0.0,Vert,0.0,
15208,Développement d’un système de suivi des recours (SDR),Commission de la fonction publique,Conseil du trésor et Administration gouvernementale,0430-0418,,,Non,Actif,2020-10-23,2019-09-01,2022-01-03,0,,765100,2022-01-03,53100,730700,,Vert,0.0,Vert,0.0,
15251,Renouvellement et rehaussement du système électronique d’appel d’offres (SEAO),Secrétariat du Conseil du trésor,Conseil du trésor et Administration gouvernementale,SEAO-DA-2018-2019,"Réalisation du dossier d'affaires pour le renouvellement du SEAO, lequel est prévu dans de multiple lois et constitue le site unique de publication décidé par le gouvernement. L'actuel contrat vient à terme au 30 novembre 2022 et un positionnement pour le renouvellement est requis.",Renouvellement et rehaussement du système électronique d'appels d'offres considérant les fondations numériques gouvernementales.,Oui,Actif,2021-09-21,2018-05-15,2023-03-31,0,,17456200,2022-11-30,907500,17456200,1.0,Vert,0.0,Vert,7.28,S.O.
15274,Gestion intégrée des dossiers juridiques,Ministère de la Justice,Justice,320100020,,,Non,Actif,2021-10-20,2017-08-31,2023-03-31,0,,4358700,2023-03-31,952400,4358700,,Vert,0.0,Vert,0.0,
15298,Guichet unique d'information juridique multicanal (GUM),Société québécoise d'information juridique,Justice,GUM-DA1,"Livrer la plateforme JuridiQC, un guichet unique d'information juridique multicanal web, mobile, intuitif, bilingue et en langage clair où l'information et des outils seront organisés et personnalisés afin d'informer, guider et accompagner le citoyen dans ses démarches.","JuridiQC, le guichet unique d'information juridique multicanal va informer, guider et accompagner le citoyen. Le premier domaine de droit choisi en fonction des besoins essentiels du citoyen est le domaine de la famille, plus précisément le sous-thème de la séparation. D'autres thèmes suivront en fonction des besoins recueillis auprès des citoyens.",Oui,Actif,2021-11-01,2018-06-18,2022-03-31,0,,17213300,2022-02-28,8223800,13048200,73.0,Vert,0.0,Vert,2.29,
15306,Télé-Québec.tv Plus,Société de télédiffusion du Québec,Culture et Communications,2018-09-07,"Ce projet ""Telequebec.tv"" Plus va permettre de bonifier notre offre de contenu en français, tout en assurant une meilleure découvrabilité des contenus francophones d’ici afin qu’ils occupent plus d’espace dans les habitudes d’écoute en ligne grandissante. Télé-Québec sera ainsi en mesure de mettre en place une offre de contenu disponible dans un environnement d’écoute en ligne multiplateforme, avec du contenu en français reflétant les valeurs et la culture d’ici sur toutes les plateformes mobiles et Internet, et ce, dans toutes les régions du Québec. Une expérience enrichie sera alors disponible aux usagers grâce à l'implémentation d’une donnée unifiée et structurée à travers l’entreprise; initiative fondamentale pour nous permettre en même temps de simplifier nos processus opérationnels et de contrer la désuétude de l’architecture technologique de l’entreprise.","Confirmer le rôle pivot de Télé-Québec pour la création de contenus de qualité et novateurs, ainsi que sa capacité à être un catalyseur pour la vivacité de notre culture dans l’univers numérique francophone. Assurer la présence, l’accès et la visibilité de notre culture et de nos valeurs identitaires sur toutes les plateformes en augmentant l’offre gratuite : de contenus d’ici ; de contenus en français?; de contenus éducatifs?; de contenus de grande qualité dans des genres très prisés par le public?; de contenus reflétant les valeurs et la culture d’ici. S’inscrire dans la Politique numérique du Québec par la visibilité et le rayonnement de la culture et accroître l’engagement citoyen envers la culture d’ici ",Oui,Actif,2020-11-04,2018-09-03,2021-12-17,0,,4490000,2020-09-10,1875200,3705200,55.0,Vert,0.0,Rouge,62.73,"La gestion du changement est plus complexe que prévue, exigeant une réévaluation des efforts à la hausse. La courbe d'apprentissage a été plus complexe que prévue faisant en sorte que les ressources impliquées ont été davantage sollicitées. La gestion du changement est plus complexe que prévue, exigeant une réévaluation des efforts à la hausse. Le projet a été retardé à la suite d'un délai dans le processus d'appel d'offres exigeant une révision de la planification du projet. L'échéancier a été revu à cause un changement mineur de la portée forcant une révision de la planification du projet. "
15318,Programme de revenu de base,"Ministère du Travail, de l'Emploi et de la Solidarité sociale","Travail, Emploi et Solidarité sociale",0113,"Le projet consiste en la mise en place d'une solution technologique permettant de gérer le programme de revenu de base (PRB), lequel vise l’amélioration du revenu disponible des Québécoises et des Québécois ayant des contraintes sévères à l’emploi.","Le projet couvre la mise en place des processus d'affaires requis pour la gestion du programme, l'adaptation aux systèmes existants, la mise en œuvre d’une solution technologique soutenant le PRB et l'arrimage aux fondations numériques gouvernementales. Le projet ne couvre pas l'amélioration continue et la modernisation des systèmes patrimoniaux.",Oui,Actif,2021-11-30,2020-08-11,2023-11-02,0,,11844400,2023-11-02,735800,17518400,21.0,Rouge,47.9,Vert,0.0,"Cette solution permettra de moderniser et de simplifier la gestion de programmes sociaux, tout en disposant d'une solution d'affaires moderne qui facilitera notamment l'échange d'information avec la clientèle et la mise à jour des dossiers. Le Ministère en a fait l'acquisition par un appel d'offres public. Les coûts estimés se sont révélés plus important que prévu par le plus bas soumissionnaire conforme, plus spécifiquement la portion du contrat pour l'intégration du progiciel par des ressources spécialisées."
15337,Registre des évènements,Agence du revenu du Québec,Finances,222134001,,,Non,Actif,2021-10-20,2018-03-20,2022-03-31,0,,8400000,2021-03-31,5547000,6250300,,Vert,0.0,Rouge,32.97,
15342,Gestion numérique de l'information GNI,Agence du revenu du Québec,Finances,222131701,,,Non,Actif,2021-10-20,2016-09-26,2021-12-31,0,,18961800,2019-11-30,17967900,18961000,,Vert,0.0,Rouge,65.68,
15351,82212 Évolution de la plate-forme intermédiaire,Société de l'assurance automobile du Québec,Transports,82212 - PARTIE 1 (SAAQ),,,Non,Actif,2021-05-04,2018-05-22,2021-12-31,0,,5500000,2021-12-31,2938500,3381200,,Vert,0.0,Vert,0.0,
15370,Implantation d'un logiciel de gestion de projet,Commission de la capitale nationale du Québec,Sécurité publique,1819-05-008,,,Non,Actif,2020-10-16,2018-09-07,2021-03-31,0,,170100,2021-03-31,118500,170100,,Vert,0.0,Vert,0.0,
15384,Transfert des entreprises de services monétaires,Agence du revenu du Québec,Finances,222136400,,,Non,Actif,2021-10-20,2018-02-27,2021-12-31,0,,2000000,2021-03-31,1715500,1999600,,Vert,0.0,Jaune,24.37,
15385,Refonte du système L3 - (Gestion des oppositions),Agence du revenu du Québec,Finances,222133901,,,Non,Actif,2021-10-20,2018-01-01,2022-03-31,0,,7000000,2021-03-31,8274900,9233100,,Rouge,31.9,Rouge,30.8,
15386,Facturation obligatoire Solution Évolutive - Transport Rémunéré de Personnes,Agence du revenu du Québec,Finances,222133701,,,Non,Actif,2021-10-21,2017-06-15,2021-12-31,0,,40225700,2021-12-31,20836500,23634300,,Vert,0.0,Vert,0.0,
15387,Procédures pénales,Agence du revenu du Québec,Finances,222135201,,,Non,Actif,2021-10-20,2018-06-05,2022-02-28,0,,4000000,2021-02-28,2730600,3677500,,Vert,0.0,Rouge,36.53,
15388,Refonte du système de gestion des produits financiers non réclamés,Agence du revenu du Québec,Finances,222135501,,,Non,Actif,2021-10-20,2018-06-14,2023-03-31,0,,6886400,2021-03-31,5878600,9663700,,Rouge,40.33,Rouge,71.49,
15395,Dossier électronique des normes du travail,"Commission des normes, de l'équité, de la santé et de la sécurité du travail","Travail, Emploi et Solidarité sociale",3.3173,,,Non,Actif,2021-11-26,2019-03-28,2022-03-31,0,,3336000,2022-03-31,2031100,3336000,,Vert,0.0,Vert,0.0,
1003065,Solution de remplacement des prototypes développés dans le cadre de la Loi sur l'intégrité en matière de contrats publics (IMCP),Agence du revenu du Québec,Finances,222138601,,,Non,Actif,2021-10-20,2020-12-01,2022-03-31,0,,999300,2022-03-31,415400,999300,,Vert,0.0,Vert,0.0,
1003091,Mise en œuvre de la connaissance client (Mc2),Agence du revenu du Québec,Finances,222139300,,,Non,Actif,2021-10-20,2019-08-08,2022-03-31,0,,1000000,2021-03-31,649300,1000000,,Vert,0.0,Rouge,60.73,
1003092,Service d’espace collaboratif et d’échange virtuel (SECEV),Agence du revenu du Québec,Finances,222136801,,,Non,Actif,2021-10-19,2020-11-24,2023-03-31,0,,3844500,2023-03-31,289200,3312500,,Vert,0.0,Vert,0.0,
1003093,Modernisation des activités de vérification interne,Agence du revenu du Québec,Finances,222133801,"Le présent projet vise la modernisation des activités de vérification interne. Il s’inscrit dans une transformation d’affaires de grande envergure qui se concrétisera par la réalisation de cinq projets autoportants, et ce, de manière à intégrer chaque activité de contrôle de la conformité a posteriori à la nouvelle approche. La demande d’autorisation touche uniquement le premier projet.",?Le projet a pour objectif : - de délester le système ID actuel pour faire place à une solution d’affaires qui exploitera pleinement l’ensemble des renseignements disponibles à RQ; - de mécaniser l’ensemble des activités de détection de situations à risque de non-conformité; - de produire de l’information de gestion fiable et de qualité liée : -- à la conformité fiscale; -- aux efforts qui y sont consacrés; -- à l’efficacité de la détection des situations à risque de non-conformité. - d'élaborer des stratégies d’intervention qui permettront d’optimiser : -- la détermination du mode d’intervention; -- la répartition du travail entre les directions; -- la priorisation des dossiers à traiter; -- l’assignation des dossiers et du suivi de la charge de travail; -- la qualité des dossiers sélectionnés. ,Oui,Actif,2021-11-22,2019-07-08,2022-09-30,0,,18000000,2022-09-30,9378400,15885600,52.0,Vert,0.0,Vert,0.0,
1003096,Services de consultation de la comptabilité entreprise,Agence du revenu du Québec,Finances,222139400,,,Non,Actif,2021-10-19,2019-09-10,2022-03-31,0,,4804100,2022-03-31,2754600,4256400,,Vert,0.0,Vert,0.0,
1003097,Arrimage des données du MTESS et de la SAAQ à l'environnement systémique de RQ,Agence du revenu du Québec,Finances,222139200,,,Non,Suspendu,2021-10-19,2019-06-26,2020-09-30,385,Attente du projet de loi,1995600,2020-09-30,1928600,1928600,,-,,-,,
1003098,Discours sur le budget 2020,Agence du revenu du Québec,Finances,222139500,,,Non,Actif,2021-10-19,2020-04-01,2022-03-31,0,,2830300,2022-03-31,1655700,1986400,,Vert,0.0,Vert,0.0,
1003105,Portrait Client - Vue 360,Agence du revenu du Québec,Finances,222135601,,,Non,Actif,2021-10-19,2018-11-19,2021-12-31,0,,3960900,2020-12-31,2763200,3190800,,Vert,0.0,Rouge,47.21,
1003113,Facturation obligatoire dans le secteur de la restauration et des bars (FO-RB),Agence du revenu du Québec,Finances,222137301,"Le projet FO-RB est un projet de grande envergure qui vise: - Assurer la pérennité des mesures sur la facturation obligatoire dans le secteur de la restauration et des bars. - Préserver, à terme, les revenus annuels de 300 M$ et 42 M$ des mesures dans les secteurs de la restauration et des bars. - Simplifier la vérification et l’inspection des restaurants et bars.",Objectifs à l'égard de la relation avec l'exploitant: - Simplifier les formalités administratives (ex. : éliminer la production de sommaires périodiques des ventes [SPV]). Objectifs à l'égard de Revenu Québec: - Assurer la pérennité des mesures sur la facturation obligatoire dans le secteur de la restauration et des bars (FO-RB). - Rendre disponible l'information plus rapidement pour l'inspection et la vérification afin d'effectuer du contrôle fiscal en amont. - Éliminer la désuétude associée au MEV. ,Oui,Actif,2021-11-22,2019-11-05,2024-05-31,0,,27386200,2024-05-31,4883800,27386200,18.0,Vert,0.0,Vert,0.0,
1003125,Solution de gestion des apprentissages (SGT),Agence du revenu du Québec,Finances,222132801,,,Non,Actif,2021-10-18,2017-05-08,2022-09-30,0,,4000000,2021-12-31,946600,3340800,,Vert,0.0,Jaune,16.07,
1003132,Services de gestion de l'identification - Clientèle externe (SGI),Agence du revenu du Québec,Finances,222134801,,,Non,Actif,2021-10-18,2018-04-25,2021-12-31,0,,8445000,2021-12-31,5910600,6800400,,Vert,0.0,Vert,0.0,
1003157,Modernisation de la gestion des demandes d'accès,Ministère de l'Éducation,Éducation,B-1933,,,Non,Actif,2021-10-26,2019-09-23,2021-09-30,0,,262600,2021-09-30,107100,244900,,Vert,0.0,Vert,0.0,
1003158,Remplacement de la plateforme OWB,Ministère de l'Éducation,Éducation,I-1838,,,Non,Actif,2021-10-26,2019-03-15,2022-03-31,0,,1178700,2022-03-31,643100,891500,,Vert,0.0,Vert,0.0,
1003161,Structure informationnelle de la Direction de l'enseignement à la maison,Ministère de l'Éducation,Éducation,P-1942,,,Non,Actif,2021-11-02,2020-03-17,2022-09-30,0,,827900,2022-09-30,182500,795000,,Vert,0.0,Vert,0.0,
1003165,Modernisation des outils de gestion des projets de traduction (MOT),Ministère de l'Éducation,Éducation,T-1942,,,Non,Actif,2021-11-02,2019-12-03,2021-06-30,0,,173500,2021-06-30,75800,172300,,Vert,0.0,Vert,0.0,
1003210,Système d'information pour les Programmes de dépistage du cancer SI-PQDC - Volet 1 : PQDCS-Délestage Notes,Ministère de la Santé et des Services sociaux,Santé et Services sociaux,003419,,,Non,Actif,2021-04-27,2014-05-01,2021-06-30,0,,3578900,2017-10-31,9373200,10697600,,Rouge,198.9,Rouge,104.61,
1003211,Système intégré de gestion de la consultation téléphonique (SIGCT) - Phase III,Ministère de la Santé et des Services sociaux,Santé et Services sociaux,003483,,,Non,Actif,2021-04-28,2016-05-02,2023-01-30,62,,4749600,2019-05-01,7190100,9136300,,Rouge,92.35,Rouge,119.56,
1003216,Mécanismes d'accès des services spécialisés (SIMASS),Ministère de la Santé et des Services sociaux,Santé et Services sociaux,004125,,,Non,Suspendu,2021-04-30,2015-10-13,2022-03-31,396,"Compte tenu de l'impossibilité d'avancer les travaux, nous allons déclarer officiellement que le projet est suspendu ce qui nous permettra de reporter la date de fin.",2892700,2017-09-29,1353300,2892700,,-,,-,,
1003217,Solution de téléphonie 8-1-1,Ministère de la Santé et des Services sociaux,Santé et Services sociaux,004140,,,Non,Suspendu,2021-04-19,2017-03-13,2022-03-31,261,"En raison de la situation pandémique actuelle et le ralentissement de certains travaux, les efforts sont davantage déployés pour la mise en place de solutions rapides qui aideront les intervenants à faire face aux demandes en lien avec la pandémie afin d'augmenter la capacité et par le fait même la satisfaction des citoyens face au service 8-1-1.",10844400,2020-08-31,5842500,10844400,,-,,-,,
1003221,Informatisation des activités cliniques en soutien à domicile (SAD),Ministère de la Santé et des Services sociaux,Santé et Services sociaux,004638,,,Non,Actif,2021-04-16,2016-04-01,2022-03-31,0,,4734100,2022-03-31,2694700,4734100,,Vert,0.0,Vert,0.0,
1003226,PP -CTI -Mise en place du centre de traitement informatique (CTIP),Ministère de la Santé et des Services sociaux,Santé et Services sociaux,005226,,,Non,Actif,2021-05-06,2017-10-03,2021-05-31,0,,20310000,2019-06-14,23816400,26310100,,Jaune,29.54,Rouge,115.83,
1003230,Système d'information - Gestion des maladies infectieuses. (SI-GMI),Ministère de la Santé et des Services sociaux,Santé et Services sociaux,004365,,,Non,Actif,2021-04-07,2018-07-11,2021-04-01,0,,1567000,2020-12-01,1283200,1567000,,Vert,0.0,Jaune,13.84,
1003231,PP - SIL - Mise en place du Système d'information de laboratoire provincial - SIL- Corelab (OPTILAB),Ministère de la Santé et des Services sociaux,Santé et Services sociaux,004679,La mise en place d'un système d'information de laboratoire unique pour tous les Départements cliniques de médecine laboratoire de réseau public.,La mise en place d'un système d'information de laboratoire dont l'infrastructure est fournie par le fournisseur. Le déploiement est inclus par le fournisseur et se fait avec l'aide du centre d'opérationnalisation et des départements cliniques de médecine laboratoire des établissements.,Oui,Actif,2021-03-12,2017-05-12,2024-09-10,0,,71797200,2024-07-31,4724500,71355000,15.0,Vert,0.0,Vert,1.55,
1003233,Communiquer pour mieux collaborer - Volet 4 Données de gestion clinico-administratives - Système d'archivage de données en oncologie (SARDO),Ministère de la Santé et des Services sociaux,Santé et Services sociaux,005268,,,Non,Actif,2021-04-27,2019-03-27,2029-03-31,0,,7209900,2029-03-31,1979000,6960500,,Vert,0.0,Vert,0.0,
1003252,Banque de données ministérielle - Système d'information pour les personnes ayant une déficience (SIPAD),Ministère de la Santé et des Services sociaux,Santé et Services sociaux,005329,,,Non,Suspendu,2021-04-16,2019-03-28,2022-10-31,231,Les ressources nécessaires à la réalisation de la BDM SIPAD sont affectées aux activités de mise à jour de la plateforme OAS vers TOMCAT ainsi qu'à des activités de santé publique COVID-19. Les dates seront donc à revoir une fois les ressources de nouveau disponibles.,817300,2021-04-27,26500,827300,,-,,-,,
1003255,PP - SIU-RH - SST ( Système d'informations unifié de gestion des ressources humaines - Santé et sécurité au travail),Ministère de la Santé et des Services sociaux,Santé et Services sociaux,005363,,,Non,Actif,2021-04-06,2019-01-30,2022-04-30,0,,17060200,2022-04-30,1863000,16884800,,Vert,0.0,Vert,0.0,
1003258,Remplacement de la solution de gestion et de suivi de la correspondance - H17,Ministère de la Santé et des Services sociaux,Santé et Services sociaux,005419,,,Non,Suspendu,2021-05-07,2019-07-11,2022-05-31,265,Un appel d'offre est en-cours d'élaboration pour obtenir les services professionnels requis au projet.,1326300,2021-05-14,100400,1326300,,-,,-,,
1003260,Données référentielles et géolocalisation,Ministère de la Santé et des Services sociaux,Santé et Services sociaux,003878,,,Non,Suspendu,2021-04-22,2016-01-21,2022-03-31,1411,"La phase II du projet est suspendue. Les départs de ressources clés et les difficultés de doter ces postes vacants, nous ont obligés à revoir les priorités. Les efforts sont consacrés à un autre projet ayant des contraintes légales. Dès que les postes seront dotés, les travaux reprendront.",652500,2018-09-30,300000,652500,,-,,-,,
1003372,Rapatriement et développement de PARLe,Office de la protection du consommateur,Justice,2019-001,"Né d’une volonté de favoriser des modes alternatifs de règlements des litiges et d’offrir aux consommateurs un outil supplémentaire pour faire valoir leurs droits, le projet nommé «?Plateforme d’aide au règlement des litiges en ligne?» (PARLe) a vu le jour le 7 novembre 2016. Fruit d’un partenariat entre l’Office et le Laboratoire de cyberjustice de l’Université de Montréal, cette plateforme permet à certains consommateurs et commerçants de tirer profit d’un environnement neutre, confidentiel, sécurisé et en ligne afin de régler un différend de nature civile qui les oppose et, au besoin, de recourir sans frais aux services d’un médiateur externe. Ses bénéfices sont multiples (accès à la justice, alternative aux tribunaux, économies de temps et d’argent, simplicité de l’outil, possibilité pour les parties de convenir de solutions adaptées, etc.).","Le projet vise à réaliser les travaux suivants : - transformer ce projet pilote en véritable service en ligne de l’Office, en créant une nouvelle unité administrative responsable, entre autres, du soutien technique aux utilisateurs de la plateforme; - assurer la pérennité de PARLe en la dotant d’une solution d’hébergement adaptée aux exigences gouvernementales, notamment en matière de sécurité, de performance et d’identification visuelle; - bonifier PARLe et en améliorer l’expérience utilisateur afin d’en faire, à terme, un outil de règlement de litiges et de médiation en ligne plus convivial, facile d’utilisation et accessible, répondant aux standards gouvernementaux.",Oui,Actif,2021-11-01,2019-07-08,2022-08-31,153,,1399000,2022-03-31,225800,913200,26.0,Vert,0.0,Vert,0.0,
1003644,Gestion des dossiers ministériels (GDM),Ministère des Transports,Transports,P3102,,,Non,Actif,2021-11-15,2019-12-19,2022-04-30,0,,1659500,2022-04-30,787500,1552100,,Vert,0.0,Vert,0.0,
1003740,Migration des postes de travail et suite bureautique,Ministère de la Culture et des Communications,Culture et Communications,2019-04,,,Non,Actif,2020-10-16,2019-04-01,2022-03-31,336,,600000,2023-03-31,419600,600000,,Vert,0.0,Vert,0.0,
1003818,"Remplacement de l'application ""Gestion des Baux""",Société québécoise des infrastructures,Conseil du trésor et Administration gouvernementale,R00241,,,Non,Actif,2021-10-21,2018-09-20,2022-09-30,0,,3383400,2021-07-31,1541000,3383400,,Vert,0.0,Rouge,40.76,
1003945,Obligation de transmettre électroniquement les réquisitions,Ministère de l'Énergie et des Ressources naturelles,Énergie et Ressources naturelles,FP19-051,,,Non,Actif,2021-11-04,2019-12-16,2022-02-25,0,,791200,2022-02-25,348000,775400,,Vert,0.0,Vert,0.0,
1003946,Rehaussement du système financier Smartstream,Société québécoise des infrastructures,Conseil du trésor et Administration gouvernementale,R00264,,,Non,Actif,2021-10-22,2019-06-13,2021-03-31,0,,670200,2020-06-30,562700,562700,,Vert,0.0,Rouge,71.54,
1003952,Optimisation du système de suivi des factures (SDF),Société québécoise des infrastructures,Conseil du trésor et Administration gouvernementale,R00273,,,Non,Actif,2021-10-21,2019-06-13,2021-02-28,0,,1354200,2020-09-30,1429500,1429500,,Vert,5.56,Rouge,31.78,
1004187,PP - Solution provinciale de numérisation,Ministère de la Santé et des Services sociaux,Santé et Services sociaux,005474,,,Non,Actif,2021-05-05,2019-06-28,2024-04-01,0,,7323700,2024-03-31,2897500,7323800,,Vert,0.0,Vert,0.05,
1004290,Conseil numérique,Ministère de la Santé et des Services sociaux,Santé et Services sociaux,I09322,,,Non,Actif,2021-04-08,2020-01-30,2021-07-31,0,,890800,2021-07-14,302300,787200,,Vert,0.0,Vert,3.2,
1004402,Orchestrateur de rendez-vous,Ministère de la Santé et des Services sociaux,Santé et Services sociaux,I09332,,,Non,Actif,2021-04-16,2020-01-01,2022-04-01,0,,9648300,2022-04-01,4382600,9650100,,Vert,0.01,Vert,0.0,
1004483,Système de gestion des apprentissages,Ministère des Transports,Transports,P7501,,,Non,Actif,2020-10-26,2016-09-12,2021-06-30,0,,603700,2021-06-30,54000,489500,,Vert,0.0,Vert,0.0,
1004552,Solution d'impression centralisée,Ministère de la Sécurité publique,Sécurité publique,PRO-647,,,Non,Suspendu,2020-10-16,2018-10-16,2021-06-30,596,Réévaluation de la pertinence du projet dans le nouveau cadre de télétravail et d'infonuagique,435300,2021-03-31,39800,527600,,-,,-,,
1004743,Qualité des données et publications (QDP),Ministère des Transports,Transports,P2342,,,Non,Actif,2021-11-15,2016-04-11,2021-11-15,0,,916500,2021-06-30,900600,948600,,Vert,3.5,Vert,7.24,
1004768,Solution de gestion opérationnelle de projet,Société québécoise des infrastructures,Conseil du trésor et Administration gouvernementale,R00301,,,Non,Actif,2021-10-21,2018-12-06,2022-09-30,0,,1805600,2022-05-31,217600,1805700,,Vert,0.0,Vert,9.59,
1004838,Amélioration des outils linguistiques en ligne (vitrine linguistique),Office québécois de la langue française,Justice,PR-015-DGSL,,,Non,Actif,2021-03-03,2020-05-01,2022-03-31,0,,807900,2022-03-31,108200,807900,,Vert,0.0,Vert,0.0,
1004892,Décision et dossier de poursuite,Directeur des poursuites criminelles et pénales,Justice,PQ05,"Le projet Décision et dossier de poursuite est la continuité du développement des solutions d’affaires du DPCP visant l’informatisation du processus de travail des procureurs aux poursuites criminelles et pénales (PPCP). Il fait suite au projet Réception et analyse des demandes d’intenter des procédures. Le projet Décision et dossier de poursuite prévoit le développement des composantes d’affaires qui permettront aux PPCP de rendre une décision suivant l’analyse d’une demande d'intenter des procédures. Ce projet prend également en charge le développement des documents juridiques liés aux décisions, des rapports et statistiques, ainsi que le processus de divulgation de la preuve.",- Ajout de composantes de développement - Création de rapports et formulaires - Divulgation de la preuve - Suivi du dossier de Cour - Évolution de l'application de communication avec les partenaires (ACP).,Oui,Actif,2021-11-01,2018-06-18,2022-02-10,0,,5465900,2022-02-10,4124400,5465900,63.0,Vert,0.0,Vert,0.0,
1005383,IFR Plus - Phase 2,Université du Québec,Enseignement Supérieur,6600,,,Non,Actif,2021-10-22,2019-05-01,2025-07-12,0,,2285200,2025-07-12,940900,1781200,,Vert,0.0,Vert,0.0,
1005513,Mise à niveau technologique de SAFIRH,Université du Québec,Enseignement Supérieur,6601,,,Non,Actif,2021-10-22,2018-07-17,2023-06-30,0,,2360000,2023-06-30,2165700,2440500,,Vert,3.41,Vert,0.0,
1005831,Implantation d'un système institutionnel de GED,École de technologie supérieure,Enseignement Supérieur,PRJ-978010-2019-0307,,,Non,Actif,2021-06-01,2019-06-25,2021-06-30,0,,1789000,2023-06-30,1483100,1671900,,Vert,0.0,Vert,0.0,
1005844,Système de gestion académique - Phase II,École de technologie supérieure,Enseignement Supérieur,PRJ-978010-2019-0106,,,Non,Actif,2021-05-13,2019-04-01,2024-06-30,0,,1788000,2024-06-30,872500,2254300,,Jaune,26.07,Vert,0.0,
1005954,Système d’information des ressources humaines (SIRH) et système d’information financière (SIF) - UNITY,Université Concordia,Enseignement Supérieur,PRJ-SYS-SOUTIEN-2973,"Projet Unity Remplacer nos applications actuelles de gestion en Finance, Approvisionnement et Ressources Humaines. Revoir, optimiser et améliorer nos pratiques d'affaires.","Le projet de transformation des systèmes de Finances et des ressources humaines vise à moderniser les systèmes existants et à améliorer les processus des ressources humaines, des finances et des achats. Il permettra également aux utilisateurs d'autres unités a un accès simplifié aux bulletins de paie, aux rapports de dépenses et aux informations budgétaires. Bien que l'accent soit mis sur les RH, les finances et les achats, toutes les unités bénéficieront de cette transformation.",Oui,Actif,2021-04-28,2019-04-01,2021-11-30,0,,44000000,2021-08-31,27683000,43850000,70.0,Vert,0.0,Jaune,10.3,La première phase du projet a connu un léger retard en raison de la covid19 mais progresse comme prévu.
1006481,Mise à niveau de l'infrastructure réseau,Université McGill,Enseignement Supérieur,PRJ-979000-2015-763,,,Non,Actif,2021-10-26,2015-03-02,2023-12-22,0,,32446100,2023-12-22,21811000,32446400,,Vert,0.0,Vert,0.0,
1007803,Projet Véo,Université de Sherbrooke,Enseignement Supérieur,PRJ-977000-2009-531,,,Non,Actif,2021-11-15,2012-04-30,2023-04-30,0,,65420100,2023-04-30,47747200,64800800,,Vert,0.0,Vert,0.0,
1008419,Système de gestion des identités et des accès,Université McGill,Enseignement Supérieur,PRJ-979000-2015-1091,,,Non,Actif,2021-10-25,2017-02-01,2023-01-31,0,,1910000,2021-06-30,1251800,1886500,,Vert,0.0,Rouge,36.02,
1008651,Rehaussement du réseau de télécommunication,Université du Québec à Montréal,Enseignement Supérieur,PRJ-978001-2013-548,,,Non,Actif,2021-04-29,2017-03-01,2021-09-03,0,,18500000,2021-09-03,15495500,17191800,,Vert,0.0,Vert,0.0,
1008772,Gestion du dossier étudiant électronique unique,Université de Montréal,Enseignement Supérieur,1338,,,Non,Actif,2021-10-19,2017-09-06,2021-11-30,0,,4630300,2020-11-30,3537200,3611500,,Vert,0.0,Rouge,30.9,
1008810,Agir pour notre milieu de travail - Gestion intégrée des documents,"Ministère du Travail, de l'Emploi et de la Solidarité sociale","Travail, Emploi et Solidarité sociale",0107,,,Non,Actif,2021-05-28,2019-08-28,2023-10-31,0,,945700,2023-10-31,377600,775200,,Vert,0.0,Vert,0.0,
1008921,Signature électronique et rapport d'expertise,Ministère de la Sécurité publique,Sécurité publique,PRO-1558,,,Non,Actif,2020-10-16,2019-03-29,2020-12-31,0,,93000,2020-05-31,84100,93000,,Vert,0.0,Rouge,49.88,
1009156,Opérationnalisation du projet de loi 18,Curateur public,Famille,2857,"Ce projet en ressources informationnelles est requis pour opérationnaliser la mise en oeuvre du projet de loi 18. Ce dernier propose d'importants changements qui touchent notamment l’offre des mesures de protection pour les majeurs avec des services simplifiés, efficaces et performants, centrés davantage sur l’autonomie des personnes, le respect de leurs volontés et de leurs préférences. Il vise la mise en place de services moins privatifs de leurs droits et pour lesquelles leur famille et leurs proches constitueront l’élément-clé. Le projet de loi 18 a été adopté le 2 juin 2020.","Ce projet découle de changements législatifs apportés par le projet de loi 18 touchant principalement le Code civil, le Code de procédure civile et la Loi sur le curateur public. Il se subdivise en deux principaux volets : l’instauration d’une nouvelle mesure d’assistance, qui s’adresse à une clientèle élargie que sont les citoyens du Québec, et l’adaptation du système actuel de mission PSO (Portail du Système Opérationnel) pour les autres changements apportés aux mesures de protection des personnes majeures. Conformément à son plan de transformation prévu au cours des 5 prochaines années, le Curateur public souhaite procéder à la mise en oeuvre de nouveaux services numériques pour la mesure d’assistance et ainsi contribuer pleinement à la Stratégie de transformation numérique gouvernementale 2019-2023 et aux exigences afférentes. L’ampleur du projet étant, le Curateur propose pour le second volet de procéder à des évolutions de son système actuel de mission PSO, à leur strict minimum, de manière à rencontrer les nouvelles exigences légales dans le délai visé de 18 à 24 mois suivant l’adoption du projet de loi et ce, sans mettre en péril l’exercice de sa mission.",Oui,Actif,2021-11-26,2020-03-31,2023-03-03,0,,30761200,2023-03-03,8350400,30761200,32.0,Vert,0.0,Vert,0.0,
1009252,Plateforme partagée de services des bibliothèques universitaires québécoises,Université de Montréal,Enseignement Supérieur,PRJ-976000-2019-0001,,,Non,Actif,2020-12-03,2017-07-01,2023-03-31,0,,31500600,2021-08-31,2967100,29496600,,Vert,0.0,Rouge,37.91,
1009296,Système de gestion du recrutement étudiant,Université McGill,Enseignement Supérieur,PRJ-979000-2019-5080,,,Non,Suspendu,2020-12-10,2019-04-21,2021-04-30,0,,0,2020-10-31,117900,576200,,-,,Rouge,32.37,
1009351,Horaires et réservations,Université de Sherbrooke,Enseignement Supérieur,PRO_HORAIRES,,,Non,Actif,2021-11-15,2020-09-23,2023-12-31,0,,1491085100,2023-12-31,606300,1743600,,Vert,0.0,Vert,0.0,
1009400,Système de gestion des examens de thèse,Université McGill,Enseignement Supérieur,PRJ-979000-2018-5069,,,Non,Actif,2020-12-10,2018-11-05,2021-12-15,0,,0,2020-12-31,223700,579300,,-,,Rouge,44.34,
1010008,"DB2019 - Taxe sur l'hébergement, Transport rémunéré de personnes par automobile et Redevance (TH et TRPA)",Agence du revenu du Québec,Finances,222139100,,,Non,Actif,2021-10-18,2019-04-01,2022-12-31,0,,7991100,2022-12-31,2696400,7991000,,Vert,0.0,Vert,0.0,
1010324,GMAO V2,Centre hospitalier universitaire Sainte-Justine,Santé et Services sociaux,004295,,,Non,Actif,2021-01-08,2016-10-21,2021-12-31,0,,260000,2016-09-30,78300,260000,,Vert,0.0,Vert,0.0,
1010353,Infrastructure sans fil,Centre intégré de santé et de services sociaux du Bas-Saint-Laurent,Santé et Services sociaux,001687,,,Non,Actif,2021-07-22,2018-05-07,2022-03-31,177,,2313400,2020-12-31,1451500,3117100,,Rouge,34.74,Jaune,28.68,
1010354,SI Régional: Soins à domicile SAD,Centre intégré de santé et de services sociaux des Laurentides,Santé et Services sociaux,004473,,,Non,Suspendu,2021-01-11,2017-04-03,2021-03-31,982,"Les priorités organisationnelles et ministérielles ayant été changées, les ressources ont été assignées sur d'autres projets.",82000,2017-10-31,38000,82000,,Vert,0.0,Rouge,125.59,
1010358,Acquisition Interface Bloc opératoire et service de prévention des infections,Centre intégré de santé et de services sociaux de Laval,Santé et Services sociaux,004214,,,Non,Suspendu,2021-01-11,2015-06-01,2022-03-31,1608,Le projet n'est pas encore en réalisation.,54000,2015-10-31,0,54000,,-,,-,,
1010385,Informatisation des départs et transferts en hygiène salubrité à l'hôpital Pierre-Boucher,Centre intégré de santé et de services sociaux de la Montérégie-Centre,Santé et Services sociaux,005011,,,Non,Actif,2021-01-14,2018-03-01,2021-12-31,157,,157900,2019-03-31,62700,157900,,Vert,0.0,Rouge,214.93,
1010402,Système de géolocalisation RFID,Centre hospitalier universitaire Sainte-Justine,Santé et Services sociaux,000187,,,Non,Actif,2021-09-17,2013-07-01,2022-07-29,544,,4180200,2018-12-31,2089300,4180300,,Vert,0.0,Rouge,37.92,
1010408,PP - NUM - Déploiement des services de numérisation,Centre régional de santé et de services sociaux de la Baie-James,Santé et Services sociaux,005027,,,Non,Suspendu,2020-12-17,2019-02-07,2024-03-31,678,Le projet est en attente des orientations ministérielles. Le CRSSS de la Baie-James est en phase de préparation d'un nouvel échéancier de mise en oeuvre pour l'implantation du DCI et du DPE.,610700,2020-03-31,0,610800,,-,,-,,
1010412,Mise en place d'un système de traçabilité au bloc opératoire,Centre intégré de santé et de services sociaux de la Montérégie-Centre,Santé et Services sociaux,000285,,,Non,Suspendu,2021-01-14,2010-02-01,2021-02-20,2442,"Un changement des priorités organisationnelles oblige la réévaluation du projet par les parties prenante. Raison pour laquelle, il est suspendu.",386600,2017-03-31,302600,386500,,-,,-,,
1010417,"P58b Gestion stratégique de l'information - Volet mise à niveau de l'outillage entourant les services de soutien, d'accueil et de références.",Office des personnes handicapées du Québec,Santé et Services sociaux,003025,,,Non,Actif,2020-12-16,2009-04-15,2021-03-31,2303,,211800,2017-12-31,61800,184800,,Vert,0.0,Vert,0.0,
1010422,Éléments de la mise en place de l'infrastructure CRCHUM et nouveau CHUM,Centre hospitalier de l'Université de Montréal,Santé et Services sociaux,002267,,,Non,Actif,2021-01-06,2012-11-20,2022-03-31,578,,990700,2018-03-31,875400,990700,,Vert,0.0,Rouge,45.12,
1010435,Résultats radiologiques,Centre intégré de santé et de services sociaux de l'Outaouais,Santé et Services sociaux,2016-01 (004725),,,Non,Suspendu,2020-12-22,2017-06-14,2022-06-30,751,"Le manque de disponibilité de nos ressources humaines ainsi que celles du fournisseur a retardé l'avancement du projet et, par conséquent, nous a obligé à revoir l'échéancier.",115900,2017-12-31,0,115900,,-,,-,,
1010436,Mise à jour de l'engin d'intégration BizTalk,Centre intégré de santé et de services sociaux de l'Outaouais,Santé et Services sociaux,2017-02 (004978),,,Non,Actif,2020-12-22,2018-01-10,2021-03-31,854,,145800,2018-07-31,106000,145800,,Vert,0.0,Rouge,59.4,
1010442,Outil d'évaluation du patient (RAI - Resident Assessment Instrument),Centre intégré universitaire de santé et de services sociaux de l'Ouest-de-l'Île-de-Montréal,Santé et Services sociaux,004817,,,Non,Suspendu,2020-12-15,2017-05-15,2022-03-31,1035,Projet mis en suspens d'ici à ce que le résultat de l'appel d'offres soit obtenu,163600,2018-03-30,0,163600,,-,,-,,
1010443,Téléphonie,Corporation d'urgences-santé,Santé et Services sociaux,003007,,,Non,Actif,2021-01-07,2013-10-01,2021-04-15,1037,,600000,2017-12-31,532400,582900,,Vert,0.0,Jaune,10.56,
1010445,Système administratif des ressources financières et matérielles,Centre intégré universitaire de santé et de services sociaux de l'Ouest-de-l'Île-de-Montréal,Santé et Services sociaux,004623,,,Non,Suspendu,2020-12-15,2017-04-03,2021-03-31,1171,"Le projet est suspendu, il est dépendant du projet 4624 Paie-RH, pour les tâches restantes",840800,2017-03-31,782200,784600,,-,,-,,
1010446,Système administratif pour les ressources humaines et paie,Centre intégré universitaire de santé et de services sociaux de l'Ouest-de-l'Île-de-Montréal,Santé et Services sociaux,004624,,,Non,Suspendu,2020-12-15,2017-05-08,2021-03-31,745,"Le projet est mis en suspens. Le déploiement en production est complété. L'environnement de relève doit être reçu et configuré, ce qui reporte la fin du projet en septembre 2019.",1625500,2018-03-30,1281100,1289600,,-,,-,,
1010453,Migration AD,Centre intégré universitaire de santé et de services sociaux de l'Ouest-de-l'Île-de-Montréal,Santé et Services sociaux,004466,,,Non,Actif,2020-12-15,2017-08-21,2021-03-31,630,,993100,2019-03-31,97800,993100,,Vert,0.0,Jaune,17.2,
1010454,Refonte SAAV,Corporation d'urgences-santé,Santé et Services sociaux,002979,,,Non,Suspendu,2021-01-07,2017-01-18,2022-03-31,1044,Une priorisation des projets corporatifs a entrainé la modification de la date d'échéance de ce projet.,130000,2016-01-08,15000,145000,,-,,-,,
1010456,Gestion de la collaboration documentaire,Corporation d'urgences-santé,Santé et Services sociaux,005123,,,Non,Actif,2021-01-07,2018-06-01,2021-03-31,679,,150000,2020-03-31,10000,150000,,Vert,0.0,Vert,0.0,
1010458,Refonte du système de facturation et recouvrement pour le transport ambulancier,Corporation d'urgences-santé,Santé et Services sociaux,003865,,,Non,Suspendu,2021-01-07,2017-10-01,2022-03-31,967,"Le projet est suspendu, en date du 1 octobre 2018, en raison d'une orientation de déploiement provincial.",130000,2018-12-31,105000,265000,,-,,-,,
1010459,Système d'information - Projet Hémodialyse,Centre intégré universitaire de santé et de services sociaux de la Mauricie-et-du-Centre-du-Québec,Santé et Services sociaux,004488,,,Non,Suspendu,2020-12-14,2017-09-01,2021-03-31,967,En attente d'une décision de l'approvisionnement,492600,2018-08-31,0,492600,,-,,-,,
1010460,CHU - Déploiement et migration des services de numérisation,CHU de Québec - Université Laval,Santé et Services sociaux,005181,,,Non,Suspendu,2021-01-08,2018-11-01,2022-03-31,800,Nous sommes en attente de nouvelles orientations.,362400,2019-06-14,0,362400,,-,,-,,
1010461,IUCPQ - Déploiement et migration des services de numérisation,CHU de Québec - Université Laval,Santé et Services sociaux,005284 (2191),,,Non,Suspendu,2021-01-08,2018-10-01,2022-02-28,800,Nous sommes en attente de nouvelles orientations.,108500,2019-06-28,0,108500,,-,,-,,
1010462,CISSS des Îles - Déploiement et migration des services de numérisation,CHU de Québec - Université Laval,Santé et Services sociaux,005264,,,Non,Actif,2021-01-08,2018-11-29,2021-11-30,772,,161700,2019-12-20,0,161800,,-,,-,,
1010466,Intégration de l'Hôpital Notre-Dame,Centre intégré universitaire de santé et de services sociaux du Centre-Sud-de-l'Île-de-Montréal,Santé et Services sociaux,004537,,,Non,Actif,2021-01-06,2016-03-01,2021-03-31,0,,28732700,2018-12-31,24980300,28732600,,Vert,0.0,Rouge,79.32,
1010470,Projet d'optimisation et de mise en commun des infrastructures de téléphonie de la région de Laval,Centre intégré de santé et de services sociaux de Laval,Santé et Services sociaux,003502,,,Non,Actif,2021-01-11,2012-11-05,2021-12-31,762,,2164900,2018-03-31,967300,2164900,,Vert,0.0,Rouge,30.88,
1010472,OPERA - Module instrumental,Centre intégré de santé et de services sociaux de Laval,Santé et Services sociaux,004216,,,Non,Suspendu,2021-01-11,2015-10-01,2021-03-31,1593,Le projet n'est pas encore en réalisation.,308000,2015-10-31,0,308000,,-,,-,,
1010475,Centre régional intégré en cancérologie,Centre intégré de santé et de services sociaux de Chaudière-Appalaches,Santé et Services sociaux,004298,,,Non,Actif,2020-12-21,2016-10-10,2021-01-29,0,,5779000,2018-12-31,5779100,5779100,,Vert,0.0,Rouge,93.59,
1010484,PP - DCI - Déploiement de Cristal-Net - Phase 1,Centre intégré de santé et de services sociaux des Laurentides,Santé et Services sociaux,004471,,,Non,Actif,2021-01-11,2016-10-03,2023-12-31,0,,4669200,2018-12-31,962700,4659200,,Vert,0.0,Rouge,222.95,
1010487,Système d'information en prévention des infections nosocomiales,Centre intégré de santé et de services sociaux de Lanaudière,Santé et Services sociaux,003930,,,Non,Suspendu,2021-01-11,2016-12-15,2022-03-31,260,COVID-19,256500,2016-03-31,124600,256400,,-,,-,,
1010502,Infrastructure du réseau de service (Coeur) CRCHUM et le nouveau CHUM,Centre hospitalier de l'Université de Montréal,Santé et Services sociaux,002265,,,Non,Actif,2021-01-06,2012-11-08,2022-03-31,852,,4631300,2020-10-31,1866500,4631400,,Vert,0.0,Vert,0.0,
1010507,Remplacement du système de nutrition parentérale,Centre intégré universitaire de santé et de services sociaux de l'Estrie - Centre hospitalier universitaire de Sherbrooke,Santé et Services sociaux,005317,,,Non,Actif,2021-01-08,2019-04-15,2020-04-30,391,,239800,2020-04-30,13000,239800,,-,,-,,
1010511,DCI en anesthésie - EVA,Centre hospitalier universitaire Sainte-Justine,Santé et Services sociaux,000162,,,Non,Suspendu,2021-01-08,2013-04-01,2021-09-30,1318,Le projet est en suspens car un problème technique ne nous permet pas de connecter la table d'anesthésie à EVA. Il y a aussi divers tests à faire car le tout a été retardé avec l'ouverture du BUS,1100000,2017-09-30,759100,1099900,,-,,-,,
1010512,Dossier clinique informatisé - Néonatalogie,Centre hospitalier universitaire Sainte-Justine,Santé et Services sociaux,003586,,,Non,Suspendu,2021-01-08,2014-03-18,2021-06-30,1318,Le projet est en suspens car nous avons un problème technique au niveau des branchement avec certains équipements GBM.,3870000,2017-12-31,1601600,3105500,,-,,-,,
1010520,Planification opérationnelle et affectation (POA) des effectifs syndiqués,Héma-Québec,Santé et Services sociaux,005118,,,Non,Suspendu,2021-11-29,2018-12-12,2022-10-26,635,En attente du choix du fournisseur,2587000,2022-10-26,127300,2563700,,-,,-,,
1010521,Remplacement Voxar et TeraRecon,Centre hospitalier universitaire Sainte-Justine,Santé et Services sociaux,004685,,,Non,Suspendu,2021-01-08,2019-02-01,2020-08-31,626,Nouvelle analyse du marché sera faite avant d'entreprendre le projet,155000,2020-08-31,0,155000,,-,,-,,
1010537,SI Gestion et suivi des projets de recherche - NAGANO - Lanaudière,Centre intégré de santé et de services sociaux de Lanaudière,Santé et Services sociaux,005365,,,Non,Suspendu,2021-01-11,2019-04-01,2021-03-31,552,En attente du client,31500,2020-03-31,3000,31500,,-,,-,,
1010545,Dictée numérique et transcription,Centre intégré de santé et de services sociaux du Bas-Saint-Laurent,Santé et Services sociaux,001980,,,Non,Actif,2021-03-12,2013-08-16,2022-11-30,151,,699700,2020-03-31,717900,1459200,,Rouge,108.54,Rouge,34.02,
1010554,Système de cardiologie (hémodynamie et électrophysiologie),Centre universitaire de santé McGill,Santé et Services sociaux,005375,,,Non,Suspendu,2021-01-18,2019-02-01,2021-12-31,312,Projet suspendu dû à la COVID-19,537500,2019-10-01,374500,534500,,-,,-,,
1010562,SI Gestion et suivi des projets de recherche - NAGANO - Laurentides,Centre intégré de santé et de services sociaux des Laurentides,Santé et Services sociaux,005366,,,Non,Suspendu,2021-01-11,2019-04-01,2021-03-31,552,En attente du client,26500,2020-03-31,0,26500,,-,,-,,
1010567,Refonte et informatisation du processus de nettoyage et vérification des équipements biomédicaux et TI en collecte,Héma-Québec,Santé et Services sociaux,004926,,,Non,Suspendu,2021-11-29,2018-06-03,2023-12-31,455,"Projet en réorientation complète, portée du projet sujet à changement. Le projet sera en suspens pour la période d'analyse. Les activités reliées à ce projet sont reportées à une date ultérieure.",1877500,2021-01-31,549400,1766200,,-,,-,,
1010574,Consolidation de la téléphonie IP,Conseil Cri de la santé et des services sociaux de la Baie James,Santé et Services sociaux,003920,,,Non,Actif,2020-12-15,2017-12-01,2021-06-30,0,,258600,2018-06-30,71000,258600,,Vert,0.0,Rouge,519.43,
1010612,Remplacement du système d'authentification unique par biométrie,Centre intégré universitaire de santé et de services sociaux de la Mauricie-et-du-Centre-du-Québec,Santé et Services sociaux,9130054,,,Non,Suspendu,2020-12-14,2018-12-12,2023-01-09,404,Processus de négociation de contrat en cours ,2235500,2021-01-09,96300,2235500,,-,,-,,
1010658,SI-PMI - Reforecast automatisé - Chargement personnel scolaire et autres évolutions,Institut national de santé publique du Québec,Santé et Services sociaux,005312,,,Non,Suspendu,2021-01-08,2019-03-04,2021-12-31,29,Le projet doit être suspendu pour un temps indéterminé en raison des travaux liés à SI-PMI pour la Covid 19.,3361200,2020-12-31,12500,172000,,-,,-,,
1010698,NCH - Implantation d'un nouveau système de gestion des approvisionnements (WMS) au centre de distribution.,CHU de Québec - Université Laval,Santé et Services sociaux,005092 (2288),,,Non,Actif,2021-01-08,2018-10-22,2021-07-31,0,,1368200,2021-09-27,316500,1366300,,Vert,0.0,Vert,0.0,
1010699,NCH-Amélioration du système d'interventions chirurgicales (GIC),CHU de Québec - Université Laval,Santé et Services sociaux,005244 (2199),,,Non,Actif,2021-01-08,2019-01-06,2022-10-30,0,,1399300,2022-10-30,369000,1399100,,Vert,0.0,Vert,0.0,
1010702,CISSS des Îles- Déploiement du DCI provincial Cristal-Net,CHU de Québec - Université Laval,Santé et Services sociaux,005275 (2084),,,Non,Actif,2021-01-08,2018-06-18,2021-12-31,0,,1332500,2022-12-16,38000,1333600,,Vert,0.08,Vert,0.0,
1010716,IUCPQ - Opera - gestion du matériel et des instruments,CHU de Québec - Université Laval,Santé et Services sociaux,005467 (3336),,,Non,Actif,2021-01-08,2019-08-05,2021-06-30,0,,245700,2020-08-21,0,244300,,Vert,0.0,Rouge,81.93,
1010725,Agrandissement et réaménagement - phase II,Centre intégré universitaire de santé et de services sociaux de la Mauricie-et-du-Centre-du-Québec,Santé et Services sociaux,9081496,,,Non,Suspendu,2020-12-14,2018-04-09,2021-07-31,55,"Travaux suspendus en raison du contexte de la pandémie. Les salles dans lesquelles, les travaux restants devaient être effectués sont utilisées pour les clinques de dépistage et de vaccination.",863100,2019-08-15,724800,863000,,-,,-,,
1010747,PP - AI - Déploiement de l'agent d'intégration,Centre hospitalier de l'Université de Montréal,Santé et Services sociaux,005280,,,Non,Actif,2021-01-06,2018-09-01,2021-03-31,367,,378300,2020-03-31,168200,378300,,Vert,0.0,Vert,0.0,
1010759,Déploiement d'un système spécialisé à l'ophtalmologie,Centre universitaire de santé McGill,Santé et Services sociaux,005389,,,Non,Actif,2021-01-18,2019-04-01,2021-03-31,133,,170600,2020-08-31,15400,171000,,Vert,0.23,Jaune,15.25,
1010794,Reconnaissance vocale en imagerie médicale,Centre intégré universitaire de santé et de services sociaux de l'Ouest-de-l'Île-de-Montréal,Santé et Services sociaux,005407,,,Non,Suspendu,2020-12-15,2019-06-27,2023-03-31,255,"Dans le contexte de la pandémie de Covid-19, les ressources nécessaires à l'implantation de ce système sont affectées en priorité aux besoins directement reliés à la pandémie",698300,2021-07-31,0,678200,,-,,-,,
1010824,PP - AI - Déploiement de l'agent d'intégration Phase 1 (Délestage des interfaces ebiz) et Phase 2 (Migration vers Enovacom),Centre intégré universitaire de santé et de services sociaux du Nord-de-l'Île-de-Montréal,Santé et Services sociaux,004886,,,Non,Suspendu,2020-12-17,2018-04-28,2023-03-31,422,Arrêté dû aux manques de ressources des interfaces pour la migration vers Enovacom.,753800,2021-03-31,40600,753800,,-,,-,,
1010830,Développement du réseau sans fil du CIUSSS Nord-de-l'Île-de-Montréal,Centre intégré universitaire de santé et de services sociaux du Nord-de-l'Île-de-Montréal,Santé et Services sociaux,005332,,,Non,Actif,2020-12-17,2018-07-03,2021-12-31,0,,1593100,2020-10-30,973000,1954900,,Jaune,22.71,Rouge,50.23,
1010832,Mise en place de la solution Tconnect (TELUS Santé),Centre intégré universitaire de santé et de services sociaux du Nord-de-l'Île-de-Montréal,Santé et Services sociaux,005361,,,Non,Suspendu,2020-12-17,2019-07-01,2022-04-30,261,Projet suspendu par comité de direction en contexte de pandémie. Devra être réévalué par comité de direction à une date indéterminée.,1003100,2020-06-01,6600,1003100,,-,,-,,
1010907,Consolidation des systèmes de sauvegarde - Laval,Centre intégré de santé et de services sociaux de Laval,Santé et Services sociaux,005094,,,Non,Actif,2021-01-11,2019-07-01,2022-03-31,0,,776000,2023-03-15,511900,770300,,Vert,0.0,Vert,0.0,
1010917,Consolidation des systèmes de sauvegarde - Lanaudière,Centre intégré de santé et de services sociaux de Lanaudière,Santé et Services sociaux,005109,,,Non,Actif,2021-01-11,2019-11-18,2022-03-31,0,,726800,2022-08-21,407000,726800,,Vert,0.0,Vert,0.0,
1010921,Solution intégrée en gestion de transport - SIGT,Centre intégré de santé et de services sociaux de Lanaudière,Santé et Services sociaux,005503,,,Non,Actif,2021-01-11,2019-08-09,2021-05-14,0,,312100,2021-05-14,78300,312100,,Vert,0.0,Vert,0.0,
1010923,Mise à niveau de l'infrastructure PACS de l'imagerie médicale - Rehaussement de Synapse à v 5.x,Centre intégré de santé et de services sociaux de Lanaudière,Santé et Services sociaux,005554,,,Non,Actif,2021-01-12,2019-12-01,2021-07-30,0,,815900,2020-06-23,838900,874000,,Vert,7.12,Rouge,196.09,
1010929,Consolidation des systèmes de sauvegarde - Laurentides,Centre intégré de santé et de services sociaux des Laurentides,Santé et Services sociaux,005099,,,Non,Actif,2021-01-11,2019-07-01,2023-03-31,0,,923300,2024-02-07,347200,923300,,Vert,0.0,Vert,0.0,
1010932,Régionalisation OPERA/INSTRUMENTAL CISSS des Laurentides,Centre intégré de santé et de services sociaux des Laurentides,Santé et Services sociaux,005377,,,Non,Actif,2021-01-11,2019-05-01,2022-03-09,0,,668900,2022-03-09,383500,668900,,Vert,0.0,Vert,0.0,
1010936,Consolidation AD du CISSS des Laurentides,Centre intégré de santé et de services sociaux des Laurentides,Santé et Services sociaux,005535,,,Non,Actif,2021-01-11,2020-01-01,2023-12-31,146,,1968700,2023-09-28,208000,1968700,,Vert,0.0,Vert,0.0,
1010943,Solution de gestion des portefeuilles et des projets,Centre intégré de santé et de services sociaux de la Montérégie-Centre,Santé et Services sociaux,005256,,,Non,Actif,2021-01-14,2018-07-16,2021-12-31,0,,122000,2021-01-15,40200,112000,,Vert,0.0,Rouge,38.29,
1010954,Mise à niveau du système de traçabilité - Gestion de lingerie,Centre intégré de santé et de services sociaux de la Montérégie-Centre,Santé et Services sociaux,004911,,,Non,Actif,2021-01-14,2018-09-05,2021-07-31,0,,189900,2020-03-31,51700,189900,,Vert,0.0,Rouge,84.99,
1012563,Système de gestion des plaintes,"Ministère du Travail, de l'Emploi et de la Solidarité sociale","Travail, Emploi et Solidarité sociale",0145,,,Non,Actif,2021-03-31,2020-07-15,2021-12-31,0,,565400,2021-12-31,132500,560100,,Vert,0.0,Vert,0.0,
1012700,Simplification des obligations - Dossier personnes décédées,Agence du revenu du Québec,Finances,220139701,,,Non,Actif,2021-10-18,2021-04-01,2022-08-31,0,,4521600,2022-08-31,764500,4414300,,Vert,0.0,Vert,0.0,
1012701,Accès MDC pour un tiers privé,Agence du revenu du Québec,Finances,222140500,,,Non,Actif,2021-10-18,2021-04-12,2022-09-30,0,,870500,2022-09-30,165100,824100,,Vert,0.0,Vert,0.0,
1013250,Outil média (DCOM),Ministère de l'Énergie et des Ressources naturelles,Énergie et Ressources naturelles,FP19-057,,,Non,Actif,2021-11-01,2020-09-14,2022-01-31,0,,371000,2021-08-04,242800,371000,,Vert,0.0,Rouge,55.55,
1013300,Évolution solution processus financiers et contractuels,Société de l'assurance automobile du Québec,Transports,12048,,,Non,Actif,2021-05-06,2019-12-06,2021-12-31,0,,1406300,2021-12-31,501800,1406300,,Vert,0.0,Vert,0.0,
1013412,Solutions antivirales – Endpoint protection,Société de l'assurance automobile du Québec,Transports,12035,,,Non,Actif,2021-05-12,2020-08-18,2021-12-31,0,,425000,2021-12-31,257400,425000,,Vert,0.0,Vert,0.0,
1013430,Modernisation de l'industrie du transport rémunéré de personnes par automobile,Société de l'assurance automobile du Québec,Transports,83212,,,Non,Actif,2021-05-06,2019-10-19,2022-12-31,0,,4330600,2022-12-31,3696000,4330500,,Vert,0.0,Vert,0.0,
1013441,Modèle d'affaires fournisseurs,"Commission des normes, de l'équité, de la santé et de la sécurité du travail","Travail, Emploi et Solidarité sociale",3.3058,,,Non,Suspendu,2021-11-26,2019-11-14,2022-03-30,239,La suspension du projet Modèle d’Affaires Fournisseurs est justifiée par le fait qu’un positionnement en lien au Régime sur la Santé et sécurité du travail est requis pour l’ensemble des secteurs impliqués. L'annonce de la sanction du projet de loi prévu en octobre permettra le positionnement du projet. Une reprise des travaux est donc à prévoir.,3072000,2022-03-31,428000,3072000,,-,,-,,
1013442,Mise en place d'un outil de gestion des dossiers ÉS,"Commission des normes, de l'équité, de la santé et de la sécurité du travail","Travail, Emploi et Solidarité sociale",3.3208,,,Non,Actif,2021-11-26,2020-02-23,2022-06-30,0,,1952000,2022-06-30,521800,1952000,,Vert,0.0,Vert,0.0,
1013447,Remplacement du gestionnaire juridique (DGAJ),"Commission des normes, de l'équité, de la santé et de la sécurité du travail","Travail, Emploi et Solidarité sociale",3.3081,,,Non,Actif,2021-11-26,2019-03-24,2022-03-31,0,,1251000,2022-03-31,593700,1251000,,Vert,0.0,Vert,0.0,
1013457,Espace client 2 - Demandes de services et documents,"Ministère du Travail, de l'Emploi et de la Solidarité sociale","Travail, Emploi et Solidarité sociale",0144,,,Non,Actif,2021-06-30,2020-09-04,2023-11-30,0,,4598500,2023-11-30,230100,4465000,,Vert,0.0,Vert,0.0,
1013612,Optimisation du parcours décès,Retraite Québec,Finances,P519,,,Non,Actif,2021-05-27,2019-09-10,2021-12-31,0,,1926400,2021-12-31,1466600,1926400,,Vert,0.0,Vert,0.0,
1013620,Externalisation des systèmes de météoroutière,Ministère des Transports,Transports,P2310,,,Non,Actif,2021-11-15,2020-03-02,2022-03-31,0,,1739500,2022-03-31,172700,754400,,Vert,0.0,Vert,0.0,
1013645,Client 360,Retraite Québec,Finances,P521,,,Non,Actif,2021-05-27,2019-10-10,2021-12-31,0,,4391400,2021-12-31,2519000,4391400,,Vert,0.0,Vert,0.0,
1013646,Espace client numérique,Retraite Québec,Finances,P522,,,Non,Actif,2021-05-27,2020-02-14,2021-12-31,0,,3780000,2021-12-31,1467100,3780000,,Vert,0.0,Vert,0.0,
1013647,Mettre en place des notifications à la clientèle de Retraite Québec,Retraite Québec,Finances,P523,,,Non,Actif,2021-05-27,2020-01-23,2021-12-31,0,,1066800,2021-12-31,604200,1066800,,Vert,0.0,Vert,0.0,
1014402,Dépôt des actes de procédure et des demandes,Ministère de la Justice,Justice,320700101,"Livrer les produits d’affaires qui permettent de mettre à la disposition de la clientèle des services de dépôts d’actes de procédure, de demandes, ainsi que de documents par le biais de moyens technologiques.","Offrir un ensemble de services simplifiés et améliorés pour accélérer le dépôt des actes de procédure et des demandes. Ayant pour fonction principale de recevoir des documents de la clientèle (citoyen) et de nos partenaires, de les dématérialiser, de les analyser, de les valider et selon la nature du document de déclencher les commandes grâce à un flux automatisé d’activités.",Oui,Actif,2021-11-05,2018-06-18,2023-01-20,0,,29476300,2023-01-20,2638500,28996900,12.0,Vert,0.0,Vert,0.0,
1014403,"Gestion du dossier judiciaire, des registres et du dossier du juge",Ministère de la Justice,Justice,320700102,"Le présent projet a pour but de livrer une solution d’affaires qui permet la gestion du dossier judiciaire numérique, des registres judiciaires et du dossier du juge, par le biais de moyens technologiques et administratifs. L’objectif est, notamment, de dématérialiser l’information judiciaire, de simplifier les démarches et de réduire les délais de traitement.","Fournir un ensemble de services simplifiés et améliorés pour accélérer la gestion du dossier judiciaire, des registres et du dossier du juge pour tous les palais de justice. Le projet vise également l’optimisation et la modernisation des processus d’affaires soutenant la gestion du dossier judiciaire, des registres et du dossier du juge sous la responsabilité du Sous-ministériat des services de justice, des registres et de la transformation (SMSJRT), pour les causes relevant des tribunaux judiciaires suivants : la Cour d’appel, la Cour supérieure et la Cour du Québec.",Oui,Actif,2021-11-05,2020-06-15,2025-05-17,0,,80810400,2025-05-17,3020500,80810400,5.0,Vert,0.0,Vert,0.0,
1014468,Mesure exceptionnelle de soutien (MES),Ministère de la Famille,Famille,SMPFE 20-062,,,Non,Actif,2021-11-05,2020-06-12,2021-08-31,0,,942000,2022-03-31,963300,986600,,Vert,4.73,Vert,0.0,
1014520,Service de plaintes CNESST,"Commission des normes, de l'équité, de la santé et de la sécurité du travail","Travail, Emploi et Solidarité sociale",3.3253,,,Non,Actif,2021-11-26,2020-07-17,2022-02-11,0,,1629700,2021-12-31,1043300,1629700,,Vert,0.0,Vert,7.89,
1014522,Opération 1re ligne - Espace intervenant,"Commission des normes, de l'équité, de la santé et de la sécurité du travail","Travail, Emploi et Solidarité sociale",3.3271,,,Non,Actif,2021-11-26,2020-06-25,2022-06-30,149,,1650000,2022-01-31,250400,1650000,,Vert,0.0,Vert,0.17,
1014964,Gestion des subventions,"Commission des normes, de l'équité, de la santé et de la sécurité du travail","Travail, Emploi et Solidarité sociale",3.3286,,,Non,Actif,2021-11-26,2020-11-18,2022-05-31,0,,175700,2022-05-31,21700,175700,,Vert,0.0,Vert,0.0,
1015021,"Remplacement du système mission de saisie des informations financières des organismes autres que budgétaires, des fonds spéciaux et des Cégeps",Ministère des Finances,Finances,MFQ-034,,,Non,Actif,2021-10-13,2020-11-27,2022-09-16,0,,322000,2022-09-16,105000,322000,,Vert,0.0,Vert,0.0,
1015040,LAN-WiFi,Société de l'assurance automobile du Québec,Transports,12046,,,Non,Actif,2021-05-06,2020-06-04,2021-12-31,0,,4557000,2021-12-31,1821300,4557000,,Vert,0.0,Vert,0.0,
1015462,Réforme de la loi IVAC (loi 84),"Commission des normes, de l'équité, de la santé et de la sécurité du travail","Travail, Emploi et Solidarité sociale",3.3310,,,Non,Actif,2021-11-26,2021-02-16,2023-12-31,0,,8844800,2023-12-31,1961000,8844800,,Vert,0.0,Vert,0.0,
1015958,Service Global de notification (Mise en place),Agence du revenu du Québec,Finances,222140100,,,Non,Actif,2021-10-18,2020-11-23,2021-11-30,0,,500000,2021-11-30,115600,443600,,Vert,0.0,Vert,0.0,
1015959,Service Outils de sondage,Agence du revenu du Québec,Finances,222140300,,,Non,Actif,2021-10-18,2020-10-30,2022-03-31,0,,250000,2022-03-31,22900,243700,,Vert,0.0,Vert,0.0,
1016042,Gestion de la fermeture des cycles d'attribution de l'AFE,Ministère de l'Enseignement supérieur,Enseignement Supérieur,A-1573,,,Non,Actif,2021-10-25,2015-04-01,2022-03-31,0,,1400000,2022-03-31,1025300,1090700,,Vert,0.0,Vert,0.0,
1016044,Adaptation du site Web de l'Aide financière aux études (AFE) au mode mobile,Ministère de l'Enseignement supérieur,Enseignement Supérieur,A-1984,,,Non,Actif,2021-10-25,2019-05-30,2021-10-31,0,,1258000,2021-10-31,1525100,1528100,,Jaune,21.47,Vert,0.0,
1016365,APOGE (Amélioration des processus et des outils de gestion de l'exploitation),Infrastructures technologiques Québec,Conseil du trésor et Administration gouvernementale,147410130,,,Non,Actif,2021-01-20,2017-01-16,2021-06-30,nd,,10620100,2019-03-31,5468200,6491300,,Vert,0.0,Rouge,102.23,
1016526,Mise en œuvre du Réseau gouvernemental de télécommunication,Infrastructures technologiques Québec,Conseil du trésor et Administration gouvernementale,147034603,"Ce projet vise à mettre en oeuvre le Réseau gouvernemental de télécommunication (RGT) qui remplacera graduellement le Réseau intégré de télécommunication multimédia (RITM), dont les services de télécommunication rendent possible la prestation de services des établissements du Réseau de la Santé et des Services sociaux (RSSS) et des organismes publics (OP) du Québec. Le RGT, réseau hybride de nouvelle génération s’appuyant sur un modèle d’affaires multitechnologie-multifournisseur, permettra d’offrir une nouvelle gamme de services.","Le projet en ressources informationnelles inhérent à la mise en place du RGT comprend notamment l’acquisition et le déploiement des infrastructures des zones d’interconnexion de Montréal et Québec, dont l’objectif principal est d’assurer le raccordement des fournisseurs de services de télécommunication du RGT. Il englobe également les services de l’intégrateur pour la mise en place des outils de gestion et des processus liés au cadre de gestion, tel que l’opération du centre de services, ainsi que les services professionnels de maîtrise d’oeuvre du projet. La migration de la clientèle est exclue de la portée de ce projet ainsi que les coûts d'acquisition et d'installation des points de démarcation (PdD).",Oui,Actif,2021-11-26,2018-06-11,2027-12-31,0,,8200000,2027-12-31,1110400,8184000,13.0,Vert,0.0,Vert,0.0,
1016569,SQIN - Accès bonifié aux prestations électroniques de services Entreprises et Citoyens,Infrastructures technologiques Québec,Conseil du trésor et Administration gouvernementale,8491,Modernisation de la solution d'authentification gouvernementale pour accéder aux services en ligne des ministères et organismes publics.,"Bonification de l'accès aux prestations électroniques des services (PES) des entreprises et des citoyens : authentification, vérification d'identité, justificatifs bancaires, gestion des accès et délégation.",Oui,Actif,2021-11-26,2020-05-13,2023-05-13,0,,41825000,2023-05-13,7609000,40619600,13.0,Vert,0.0,Vert,0.0,
1016570,Programme de consolidation des centres de traitement informatique et de l’optimisation du traitement et du stockage,Infrastructures technologiques Québec,Conseil du trésor et Administration gouvernementale,VPSI - 147410016,"Le Programme CCTI consiste à : Déplacer prioritairement le traitement et le stockage des organismes publics (OP) et des établissements des réseaux de la Santé et des Services sociaux et de l'Éducation et de l'Enseignement supérieur identifiés dans le décret 596-2020 vers les offres de services de nuages externes qualifiées par le Courtier infonuagique d’Infrastructures technologiques Québec (ITQ). Mettre en place un nuage gouvernemental, utilisé pour le traitement et le stockage des OP et des établissements lorsque ITQ est d’avis qu’ils ne peuvent être transférés dans le nuage externe. Consolider les charges, qui ne sont pas compatibles technologiquement avec le nuage externe ni avec le nuage gouvernemental, dans les centres de traitement informatique gérés par ITQ.","Le Programme CCTI a une portée gouvernementale qui vise à consolider les centres de traitement informatique de tous les OP, les établissements de la Santé et des Services sociaux et de l'Éducation et de l'Enseignement supérieur identifiés dans le décret 596-2020. Le Programme a pour objectif : - de bonifier l’offre actuelle en gestion des CTI et en hébergement d’équipements informatiques; - de qualifier des offres de prestataires de services en nuages externes; - d’introduire un nouveau service gouvernemental en traitement et en stockage (nuage gouvernemental); - d’accompagner les OP, les réseau de la Santé et des Services sociaux et de l'Éducation et de l'Enseignement supérieur dans le transfert des charges vers les nuages externes ou le nuage gouvernemental et pour ceux qui ne sont pas compatibles effectuer le transfert vers les CTI gérés par ITQ.",Oui,Actif,2021-11-29,2017-12-05,2025-12-31,0,,324755000,2025-12-31,38087400,324680100,30.0,Vert,0.0,Vert,0.0,
