nom;modelerelationnel;nom_liaison;nom_physique;nom_cl_relation;relation;type
Peuplements ecoforestiers originaux  (carte originale);parent;GEOCODE;PEE_ORI;PEE_ORI;ONE_TO_ONE;geometry
Metadonnees des peuplements ecoforestiers originaux  (carte originale);enfant;GEOCODE;META_ORI;CARTE_META;ONE_TO_ONE;geometry
Table gaules (carte originale);enfant;GEOCODE;DENDRO_PEE_GAULES_ORI;CMP_GAULES;ONE_TO_MANY;table
Table variables dendrometriques par classe de diametre (tiges marchandes pour la carte originale);enfant;GEOCODE;DENDRO_PEE_TIGES_DHP_ORI;CMP_TIGES_DHP;ONE_TO_MANY;table
Table liste des placettes (carte originale);enfant;GEOCODE;LISTE_PEE_PLACET_ORI;CMP_PLACETTES;ONE_TO_MANY;table
Table tiges marchandes (carte originale);enfant;GEOCODE;DENDRO_PEE_TIGES_ORI;CMP_TIGES;ONE_TO_MANY;table
Table essence (carte originale);enfant;GEOCODE;ESSENCE_ORI;CARTE_ESSENCE;ONE_TO_MANY;table
Table etage (carte originale);enfant;GEOCODE;ETAGE_ORI;CARTE_ETAGE;ONE_TO_MANY;table
Table productivite potentielle (carte originale);enfant;GEOCODE;PRODUCTIVITE_PEE_ORI;CARACT_PRODUCTIVITE;ONE_TO_MANY;table
Table stations forestieres (carte originale);enfant;GEOCODE;STATIONS_FOR_PEE_ORI;CARACT_STATIONS;ONE_TO_ONE;table
Table donnees climatiques (carte originale);enfant;GEOCODE;CLIMAT_PEE_ORI;CARACT_CLIMAT;ONE_TO_ONE;table
Table contraintes a l'amenagement forestier (carte originale);enfant;GEOCODE;CONTRAINTES_PEE_ORI;CARACT_CONTRAINTES;ONE_TO_ONE;table
Table proprietes du bois (carte originale);enfant;GEOCODE;PROPRIETES_BOIS_PEE_ORI;CARACT_PROPRIETES_BOIS;ONE_TO_MANY;table
Table systeme hierarchique de classification ecologique (carte originale);enfant;GEOCODE;CLASSI_ECO_PEE_ORI;CLASSI_ECO_ORI;ONE_TO_ONE;table
Table biomasse et carbone (carte originale);enfant;GEOCODE;BIOMASSE_CARBONE_PEE_ORI;BIO_CAR_ORI;ONE_TO_ONE;table
Peuplements ecoforestiers a jour (carte a jour);parent;GEOC_MAJ;PEE_MAJ;PEE_MAJ;ONE_TO_ONE;geometry
Metadonnees des peuplements ecoforestiers a jour (carte a jour);enfant;GEOC_MAJ;META_MAJ;CARTE_META_MAJ;ONE_TO_ONE;geometry
Table etage (carte a jour);enfant;GEOC_MAJ;ETAGE_MAJ;CARTE_ETAGE_MAJ;ONE_TO_MANY;table
Table essence (carte a jour);enfant;GEOC_MAJ;ESSENCE_MAJ;CARTE_ESSENCE_MAJ;ONE_TO_MANY;table
Table systeme hierarchique de classification ecologique (carte a jour);enfant;GEOC_MAJ;CLASSI_ECO_PEE_MAJ;CLASSI_ECO_MAJ;ONE_TO_ONE;table
Interventions forestieres (couche annuelle des interventions forestieres);parent;GEOC_IFM;INTERV_FORES;INTERV_FORES;ONE_TO_ONE;geometry
Metadonnees des polygones d'interventions forestieres (couche annuelle des interventions forestieres);enfant;GEOC_IFM;META_INTERV_FORES;CARTE_META_INTERV_FORES;ONE_TO_ONE;geometry
Interventions forestieres anciennes (couche annuelle des interventions forestieres anciennes);parent;GEOC_IFA;INTERV_FORES_ANC;INTERV_FORES_ANC;ONE_TO_ONE;geometry
Metadonnees des polygones d'interventions forestieres anciennes (couche annuelle des interventions forestieres anciennes);enfant;GEOC_IFA;META_INTERV_FORES_ANC;CARTE_META_INTERV_FORES_ANC;ONE_TO_ONE;geometry
Autres perturbations (couche annuelle des autres perturbations);parent;GEOC_APM;PERTU_AUTRE;PERTU_AUTRE;ONE_TO_ONE;geometry
Metadonnees des polygones d'autres perturbations (couche annuelle des autres perturbations);enfant;GEOC_APM;META_PERTU_AUTRE;CARTE_META_PERTU_AUTRE;ONE_TO_ONE;geometry
Autres perturbations anciennes (couche annuelle des autres perturbations anciennes);parent;GEOC_APA;PERTU_AUTRE_ANC;PERTU_AUTRE_ANC;ONE_TO_ONE;geometry
Metadonnees des polygones d'autres perturbations anciennes (couche annuelle des autres perturbations anciennes);enfant;GEOC_APA;META_PERTU_AUTRE_ANC;CARTE_META_PERTU_AUTRE_ANC;ONE_TO_ONE;geometry
Feux (couche annuelle des feux);parent;GEOC_FMJ;FEUX;FEUX;ONE_TO_ONE;geometry
Metadonnees des polygones de feux (couche annuelle des feux);enfant;GEOC_FMJ;META_FEUX;CARTE_META_FEUX;ONE_TO_ONE;geometry
Feux anciens (couche annuelle des feux anciens);parent;GEOC_FAN;FEUX_ANCIENS;FEUX_ANCIENS;ONE_TO_ONE;geometry
Metadonnees des polygones de feux anciens (couche annuelle des feux anciens);enfant;GEOC_FAN;META_FEUX_ANCIENS;CARTE_META_FEUX_ANCIENS;ONE_TO_ONE;geometry
Non forestiers (couche annuelle non forestiers);parent;GEOC_NFM;NON_FORES;NON_FORES;ONE_TO_ONE;geometry
Metadonnees des polygones non forestiers (couche annuelle non forestiers);enfant;GEOC_NFM;META_NON_FORES;CARTE_META_NON_FORES;ONE_TO_ONE;geometry
