<metadata xml:lang="fr"><Esri><CreaDate>20221108</CreaDate><CreaTime>15135100</CreaTime><ArcGISFormat>1.0</ArcGISFormat><SyncOnce>FALSE</SyncOnce><DataProperties><lineage><Process ToolSource="c:\program files\arcgis\pro\Resources\ArcToolbox\toolboxes\Data Management Tools.tbx\AddField" Date="20220826" Time="123159">AddField GPLYR_{A7D6CCD8-87E4-4D51-8DC4-580D48516DA8} VulnerabilitePluies_ME_5classes "Long (large integer)" # # # VulnerabilitePluies_ME_5classes_CLASS NULLABLE NON_REQUIRED #</Process><Process ToolSource="c:\program files\arcgis\pro\Resources\ArcToolbox\toolboxes\Data Management Tools.tbx\AddField" Date="20220826" Time="123159">AddField GPLYR_{902CE79E-5E4B-47E7-A3A3-EC5137F41D9A} VulnerabilitePluies_ME_5classes_RANGE Text # # # VulnerabilitePluies_ME_5classes_RANGE NULLABLE NON_REQUIRED #</Process><Process ToolSource="c:\program files\arcgis\pro\Resources\ArcToolbox\toolboxes\Data Management Tools.tbx\ReclassifyField" Date="20220826" Time="123209">ReclassifyField Vulnerabilite_Finale VulnerabilitePluies "Manual interval" # # "One standard deviation" "0 1;0,052 2;0,088 3;0,221 4;1 5" # VulnerabilitePluies_ME_5classes</Process><Process ToolSource="c:\program files\arcgis\pro\Resources\ArcToolbox\toolboxes\Data Management Tools.tbx\AddField" Date="20220826" Time="123441">AddField GPLYR_{6FE59CA7-FF44-4A3E-B4C2-428150221F2D} VulnerabilitePluies_ME_5classes "Long (large integer)" # # # VulnerabilitePluies_ME_5classes_CLASS NULLABLE NON_REQUIRED #</Process><Process ToolSource="c:\program files\arcgis\pro\Resources\ArcToolbox\toolboxes\Data Management Tools.tbx\AddField" Date="20220826" Time="123441">AddField GPLYR_{B0B52B51-1D47-4F60-94BF-18B5204ADFE8} VulnerabilitePluies_ME_5classes_RANGE Text # # # VulnerabilitePluies_ME_5classes_RANGE NULLABLE NON_REQUIRED #</Process><Process ToolSource="c:\program files\arcgis\pro\Resources\ArcToolbox\toolboxes\Data Management Tools.tbx\ReclassifyField" Date="20220826" Time="123553">ReclassifyField Vulnerabilite_Finale VulnerabilitePluies "Manual interval" # # "One standard deviation" "0 1;0,052 2;0,088 3;0,221 4;1 5" # VulnerabilitePluies_ME_5classes</Process><Process ToolSource="c:\program files\arcgis\pro\Resources\ArcToolbox\toolboxes\Data Management Tools.tbx\AddField" Date="20220826" Time="131414">AddField GPLYR_{E5F52B1E-A2A3-44DC-AF25-4EF3739A687D} VulnerabiliteChaleur_ME_5classes "Long (large integer)" # # # VulnerabiliteChaleur_ME_5classes_CLASS NULLABLE NON_REQUIRED #</Process><Process ToolSource="c:\program files\arcgis\pro\Resources\ArcToolbox\toolboxes\Data Management Tools.tbx\AddField" Date="20220826" Time="131414">AddField GPLYR_{D70AE15C-CA39-494A-AF25-B1F47E2E6A13} VulnerabiliteChaleur_ME_5classes_RANGE Text # # # VulnerabiliteChaleur_ME_5classes_RANGE NULLABLE NON_REQUIRED #</Process><Process ToolSource="c:\program files\arcgis\pro\Resources\ArcToolbox\toolboxes\Data Management Tools.tbx\ReclassifyField" Date="20220826" Time="131523">ReclassifyField Vulnerabilite_Finale VulnerabiliteChaleur "Manual interval" # # "One standard deviation" "0 1;0,11470889879479 2;0,15426442125603 3;0,26978025440826 4;1 5" # VulnerabiliteChaleur_ME_5classes</Process><Process ToolSource="c:\program files\arcgis\pro\Resources\ArcToolbox\toolboxes\Data Management Tools.tbx\AddField" Date="20220826" Time="132127">AddField GPLYR_{B217B90A-08D1-463A-B281-F37FB0E04B68} VulnerabiliteChaleur_ME_5classes "Long (large integer)" # # # VulnerabiliteChaleur_ME_5classes_CLASS NULLABLE NON_REQUIRED #</Process><Process ToolSource="c:\program files\arcgis\pro\Resources\ArcToolbox\toolboxes\Data Management Tools.tbx\AddField" Date="20220826" Time="132127">AddField GPLYR_{73473F29-044D-4BEC-8AED-9609CE9DAD19} VulnerabiliteChaleur_ME_5classes_RANGE Text # # # VulnerabiliteChaleur_ME_5classes_RANGE NULLABLE NON_REQUIRED #</Process><Process ToolSource="c:\program files\arcgis\pro\Resources\ArcToolbox\toolboxes\Data Management Tools.tbx\ReclassifyField" Date="20220826" Time="132225">ReclassifyField Vulnerabilite_Finale VulnerabiliteChaleur "Manual interval" # # "One standard deviation" "0,11470889879479 1;0,15426442125603 2;0,22622586973174 3;0,26978025440826 4;1 5" # VulnerabiliteChaleur_ME_5classes</Process><Process ToolSource="c:\program files\arcgis\pro\Resources\ArcToolbox\toolboxes\Data Management Tools.tbx\AddField" Date="20220826" Time="135012">AddField GPLYR_{D913B9E7-1F27-4849-AF58-E10501C0039C} VulnerabiliteSecheresse_MANUAL "Long (large integer)" # # # VulnerabiliteSecheresse_MANUAL_CLASS NULLABLE NON_REQUIRED #</Process><Process ToolSource="c:\program files\arcgis\pro\Resources\ArcToolbox\toolboxes\Data Management Tools.tbx\AddField" Date="20220826" Time="135012">AddField GPLYR_{CF4C344D-8D70-4413-BF7E-A4249A62FE3B} VulnerabiliteSecheresse_MANUAL_RANGE Text # # # VulnerabiliteSecheresse_MANUAL_RANGE NULLABLE NON_REQUIRED #</Process><Process ToolSource="c:\program files\arcgis\pro\Resources\ArcToolbox\toolboxes\Data Management Tools.tbx\ReclassifyField" Date="20220826" Time="135126">ReclassifyField Vulnerabilite_Finale VulnerabiliteSecheresse "Manual interval" # # "One standard deviation" "0,167875464792494 1;0,203111094267988 2;0,26791661200759 3;0,306683964147366 4;1 5" # VulnerabiliteSecheresse_MANUAL</Process><Process ToolSource="c:\program files\arcgis\pro\Resources\ArcToolbox\toolboxes\Data Management Tools.tbx\CalculateField" Date="20220826" Time="135835">CalculateField Vulnerabilite_Finale VulnerabiliteCrues Null Arcade # Text NO_ENFORCE_DOMAINS</Process><Process ToolSource="c:\program files\arcgis\pro\Resources\ArcToolbox\toolboxes\Data Management Tools.tbx\AddField" Date="20220826" Time="140344">AddField GPLYR_{8DBB0674-6806-4779-A81B-BFCCAABEC0FD} VulnerabiliteCrues_MANUAL "Long (large integer)" # # # VulnerabiliteCrues_MANUAL_CLASS NULLABLE NON_REQUIRED #</Process><Process ToolSource="c:\program files\arcgis\pro\Resources\ArcToolbox\toolboxes\Data Management Tools.tbx\AddField" Date="20220826" Time="140345">AddField GPLYR_{94749B2E-D5EB-4C17-A577-6EB81847C937} VulnerabiliteCrues_MANUAL_RANGE Text # # # VulnerabiliteCrues_MANUAL_RANGE NULLABLE NON_REQUIRED #</Process><Process ToolSource="c:\program files\arcgis\pro\Resources\ArcToolbox\toolboxes\Data Management Tools.tbx\ReclassifyField" Date="20220826" Time="140401">ReclassifyField Vulnerabilite_Finale VulnerabiliteCrues "Manual interval" # # "One standard deviation" "0,137127870269335 1;0,230578119950366 2;0,337755563253226 3;0,401982406758812 4;1 5" # VulnerabiliteCrues_MANUAL</Process><Process ToolSource="c:\program files\arcgis\pro\Resources\ArcToolbox\toolboxes\Data Management Tools.tbx\AddField" Date="20220826" Time="141246">AddField GPLYR_{EABBC9FA-8664-4B92-81C7-3DF41855C46F} VulnerabiliteTempetes_MANUAL "Long (large integer)" # # # VulnerabiliteTempetes_MANUAL_CLASS NULLABLE NON_REQUIRED #</Process><Process ToolSource="c:\program files\arcgis\pro\Resources\ArcToolbox\toolboxes\Data Management Tools.tbx\AddField" Date="20220826" Time="141249">AddField GPLYR_{6E66B84A-9B0F-477A-94BD-0618617AFF44} VulnerabiliteTempetes_MANUAL_RANGE Text # # # VulnerabiliteTempetes_MANUAL_RANGE NULLABLE NON_REQUIRED #</Process><Process ToolSource="c:\program files\arcgis\pro\Resources\ArcToolbox\toolboxes\Data Management Tools.tbx\ReclassifyField" Date="20220826" Time="141404">ReclassifyField Vulnerabilite_Finale VulnerabiliteTempetes "Manual interval" # # "One standard deviation" "0,193076350892304 1;0,230287189960599 2;0,315994808591731 3;0,367392646700421 4;1 5" # VulnerabiliteTempetes_MANUAL</Process><Process ToolSource="c:\program files\arcgis\pro\Resources\ArcToolbox\toolboxes\Conversion Tools.tbx\FeatureClassToFeatureClass" Date="20220828" Time="115646">FeatureClassToFeatureClass Vulnerabilite_Finale D:\DESS\STAGE\PROJET_MTL_HIVER_2022\DonneesEmile2021\ProjetVulnerabilite\ProjetVulnerabilite2022\MAILLAGE.gdb Maillage25x25_SansFleuve # "PageName "PageName" true true false 255 Text 0 0,First,#,Vulnerabilite_Finale,PageName,0,255;PageNumber "PageNumber" true true false 4 Long 0 0,First,#,Vulnerabilite_Finale,PageNumber,-1,-1" #</Process><Process ToolSource="c:\program files\arcgis\pro\Resources\ArcToolbox\toolboxes\Conversion Tools.tbx\FeatureClassToFeatureClass" Date="20220912" Time="111733">FeatureClassToFeatureClass Maillage25x25_SansFleuve D:\DESS\STAGE\PROJET_MTL_HIVER_2022\DonneesEmile2021\ProjetVulnerabilite\ProjetVulnerabilite2022\VULNERABILITE_FINALE.gdb SensibiliteEnvironnementaleFinale # "PageName "PageName" true true false 255 Text 0 0,First,#,Maillage25x25_SansFleuve,Maillage25x25_SansFleuve.PageName,0,255;PageNumber "PageNumber" true true false 4 Long 0 0,First,#,Maillage25x25_SansFleuve,Maillage25x25_SansFleuve.PageNumber,-1,-1;Shape_Length "Shape_Length" false true true 8 Double 0 0,First,#,Maillage25x25_SansFleuve,Maillage25x25_SansFleuve.Shape_Length,-1,-1;Shape_Area "Shape_Area" false true true 8 Double 0 0,First,#,Maillage25x25_SansFleuve,Maillage25x25_SansFleuve.Shape_Area,-1,-1;OBJECTID "OBJECTID" false true false 4 Long 0 9,First,#,Maillage25x25_SansFleuve,S_Env_table.OBJECTID,-1,-1;PageName "PageName" true true false 8000 Text 0 0,First,#,Maillage25x25_SansFleuve,S_Env_table.PageName,0,8000;densiteMH "densiteMH" true true false 8 Double 0 0,First,#,Maillage25x25_SansFleuve,S_Env_table.densiteMH,-1,-1;densiteCanope "densiteCanope" true true false 8 Double 0 0,First,#,Maillage25x25_SansFleuve,S_Env_table.densiteCanope,-1,-1;SensibiliteEnvironnementale "SensibiliteEnvironnementale" true true false 8 Double 0 0,First,#,Maillage25x25_SansFleuve,S_Env_table.SensibiliteEnvironnementale,-1,-1;pname "pname" true true false 255 Text 0 0,First,#,Maillage25x25_SansFleuve,S_Env_table.pname,0,255" #</Process><Process ToolSource="c:\program files\arcgis\pro\Resources\ArcToolbox\toolboxes\Data Management Tools.tbx\AddField" Date="20220917" Time="223932">AddField GPLYR_{973FBC48-DDC6-4150-9CCC-317DC825B9DA} SensibiliteEnvironnementale_MANUAL "Long (large integer)" # # # SensibiliteEnvironnementale_MANUAL_CLASS NULLABLE NON_REQUIRED #</Process><Process ToolSource="c:\program files\arcgis\pro\Resources\ArcToolbox\toolboxes\Data Management Tools.tbx\AddField" Date="20220917" Time="223933">AddField GPLYR_{13553B84-1110-475F-9944-DE8D750F53D3} SensibiliteEnvironnementale_MANUAL_RANGE Text # # # SensibiliteEnvironnementale_MANUAL_RANGE NULLABLE NON_REQUIRED #</Process><Process ToolSource="c:\program files\arcgis\pro\Resources\ArcToolbox\toolboxes\Data Management Tools.tbx\ReclassifyField" Date="20220917" Time="224015">ReclassifyField SensibiliteEnvironnementaleFinale SensibiliteEnvironnementale "Manual interval" # # "One standard deviation" "0,012 1;0,052 2;0,118 3;0,176 4;0,5 5" # SensibiliteEnvironnementale_MANUAL</Process><Process ToolSource="c:\users\umallra\appdata\local\programs\arcgis\pro\Resources\ArcToolbox\toolboxes\Data Management Tools.tbx\UpdateSchema" Date="20221108" Time="124118">UpdateSchema "CIMDATA=&lt;CIMStandardDataConnection xsi:type='typens:CIMStandardDataConnection' xmlns:xsi='http://www.w3.org/2001/XMLSchema-instance' xmlns:xs='http://www.w3.org/2001/XMLSchema' xmlns:typens='http://www.esri.com/schemas/ArcGIS/2.9.0'&gt;&lt;WorkspaceConnectionString&gt;DATABASE=C:\Users\umallra\Desktop\09_VULNERABILITE_2022_Shape.gdb&lt;/WorkspaceConnectionString&gt;&lt;WorkspaceFactory&gt;FileGDB&lt;/WorkspaceFactory&gt;&lt;Dataset&gt;SensibiliteEnvironnementaleFinale&lt;/Dataset&gt;&lt;DatasetType&gt;esriDTFeatureClass&lt;/DatasetType&gt;&lt;/CIMStandardDataConnection&gt;" &lt;operationSequence&gt;&lt;workflow&gt;&lt;DeleteField&gt;&lt;field_name&gt;PageName_1&lt;/field_name&gt;&lt;field_name&gt;pname&lt;/field_name&gt;&lt;field_name&gt;SensibiliteEnvironnementale_MANUAL_RANGE&lt;/field_name&gt;&lt;/DeleteField&gt;&lt;/workflow&gt;&lt;workflow&gt;&lt;AlterField&gt;&lt;field_name&gt;SensibiliteEnvironnementale&lt;/field_name&gt;&lt;new_field_name&gt;Chaleur&lt;/new_field_name&gt;&lt;field_is_nullable&gt;True&lt;/field_is_nullable&gt;&lt;clear_field_alias&gt;False&lt;/clear_field_alias&gt;&lt;/AlterField&gt;&lt;/workflow&gt;&lt;workflow&gt;&lt;AlterField&gt;&lt;field_name&gt;SensibiliteEnvironnementale_MANUAL&lt;/field_name&gt;&lt;new_field_name&gt;ChaleurCl&lt;/new_field_name&gt;&lt;field_is_nullable&gt;True&lt;/field_is_nullable&gt;&lt;clear_field_alias&gt;False&lt;/clear_field_alias&gt;&lt;/AlterField&gt;&lt;/workflow&gt;&lt;workflow&gt;&lt;AddField&gt;&lt;field_name&gt;ChaleurCat&lt;/field_name&gt;&lt;field_type&gt;LONG&lt;/field_type&gt;&lt;field_alias&gt;ChaleurCategorie&lt;/field_alias&gt;&lt;field_is_nullable&gt;True&lt;/field_is_nullable&gt;&lt;field_is_required&gt;False&lt;/field_is_required&gt;&lt;/AddField&gt;&lt;/workflow&gt;&lt;/operationSequence&gt;</Process><Process ToolSource="c:\users\umallra\appdata\local\programs\arcgis\pro\Resources\ArcToolbox\toolboxes\Data Management Tools.tbx\UpdateSchema" Date="20221108" Time="124753">UpdateSchema "CIMDATA=&lt;CIMStandardDataConnection xsi:type='typens:CIMStandardDataConnection' xmlns:xsi='http://www.w3.org/2001/XMLSchema-instance' xmlns:xs='http://www.w3.org/2001/XMLSchema' xmlns:typens='http://www.esri.com/schemas/ArcGIS/2.9.0'&gt;&lt;WorkspaceConnectionString&gt;DATABASE=C:\Users\umallra\Desktop\09_VULNERABILITE_2022_Shape.gdb&lt;/WorkspaceConnectionString&gt;&lt;WorkspaceFactory&gt;FileGDB&lt;/WorkspaceFactory&gt;&lt;Dataset&gt;SensibiliteEnvironnementaleFinale&lt;/Dataset&gt;&lt;DatasetType&gt;esriDTFeatureClass&lt;/DatasetType&gt;&lt;/CIMStandardDataConnection&gt;" &lt;operationSequence&gt;&lt;workflow&gt;&lt;DeleteField&gt;&lt;field_name&gt;OBJECTID&lt;/field_name&gt;&lt;/DeleteField&gt;&lt;/workflow&gt;&lt;/operationSequence&gt;</Process><Process ToolSource="c:\users\umallra\appdata\local\programs\arcgis\pro\Resources\ArcToolbox\toolboxes\Data Management Tools.tbx\CalculateField" Date="20221108" Time="124916">CalculateField SensibiliteEnvironnementaleFinale ChaleurCat "Non significative" "Python 3" # Text NO_ENFORCE_DOMAINS</Process><Process ToolSource="c:\users\umallra\appdata\local\programs\arcgis\pro\Resources\ArcToolbox\toolboxes\Data Management Tools.tbx\CalculateField" Date="20221108" Time="124948">CalculateField SensibiliteEnvironnementaleFinale ChaleurCat "Non significative" "Python 3" # Text NO_ENFORCE_DOMAINS</Process><Process ToolSource="c:\users\umallra\appdata\local\programs\arcgis\pro\Resources\ArcToolbox\toolboxes\Data Management Tools.tbx\UpdateSchema" Date="20221108" Time="125048">UpdateSchema "CIMDATA=&lt;CIMStandardDataConnection xsi:type='typens:CIMStandardDataConnection' xmlns:xsi='http://www.w3.org/2001/XMLSchema-instance' xmlns:xs='http://www.w3.org/2001/XMLSchema' xmlns:typens='http://www.esri.com/schemas/ArcGIS/2.9.0'&gt;&lt;WorkspaceConnectionString&gt;DATABASE=C:\Users\umallra\Desktop\09_VULNERABILITE_2022_Shape.gdb&lt;/WorkspaceConnectionString&gt;&lt;WorkspaceFactory&gt;FileGDB&lt;/WorkspaceFactory&gt;&lt;Dataset&gt;SensibiliteEnvironnementaleFinale&lt;/Dataset&gt;&lt;DatasetType&gt;esriDTFeatureClass&lt;/DatasetType&gt;&lt;/CIMStandardDataConnection&gt;" &lt;operationSequence&gt;&lt;workflow&gt;&lt;DeleteField&gt;&lt;field_name&gt;ChaleurCat&lt;/field_name&gt;&lt;/DeleteField&gt;&lt;/workflow&gt;&lt;workflow&gt;&lt;AddField&gt;&lt;field_name&gt;ChaleurCat&lt;/field_name&gt;&lt;field_type&gt;TEXT&lt;/field_type&gt;&lt;field_length&gt;255&lt;/field_length&gt;&lt;field_alias&gt;ChaleurCategorie&lt;/field_alias&gt;&lt;field_is_nullable&gt;True&lt;/field_is_nullable&gt;&lt;field_is_required&gt;False&lt;/field_is_required&gt;&lt;/AddField&gt;&lt;/workflow&gt;&lt;/operationSequence&gt;</Process><Process ToolSource="c:\users\umallra\appdata\local\programs\arcgis\pro\Resources\ArcToolbox\toolboxes\Data Management Tools.tbx\CalculateField" Date="20221108" Time="125125">CalculateField SensibiliteEnvironnementaleFinale ChaleurCat "Non significative" "Python 3" # Text NO_ENFORCE_DOMAINS</Process><Process ToolSource="c:\users\umallra\appdata\local\programs\arcgis\pro\Resources\ArcToolbox\toolboxes\Data Management Tools.tbx\CalculateField" Date="20221108" Time="125210">CalculateField SensibiliteEnvironnementaleFinale ChaleurCat "Mineure" "Python 3" # Text NO_ENFORCE_DOMAINS</Process><Process ToolSource="c:\users\umallra\appdata\local\programs\arcgis\pro\Resources\ArcToolbox\toolboxes\Data Management Tools.tbx\CalculateField" Date="20221108" Time="125256">CalculateField SensibiliteEnvironnementaleFinale ChaleurCat "Modérée" "Python 3" # Text NO_ENFORCE_DOMAINS</Process><Process ToolSource="c:\users\umallra\appdata\local\programs\arcgis\pro\Resources\ArcToolbox\toolboxes\Data Management Tools.tbx\CalculateField" Date="20221108" Time="125340">CalculateField SensibiliteEnvironnementaleFinale ChaleurCat "Élevée" "Python 3" # Text NO_ENFORCE_DOMAINS</Process><Process ToolSource="c:\users\umallra\appdata\local\programs\arcgis\pro\Resources\ArcToolbox\toolboxes\Data Management Tools.tbx\CalculateField" Date="20221108" Time="125423">CalculateField SensibiliteEnvironnementaleFinale ChaleurCat "Majeure" "Python 3" # Text NO_ENFORCE_DOMAINS</Process><Process ToolSource="c:\users\umallra\appdata\local\programs\arcgis\pro\Resources\ArcToolbox\toolboxes\Data Management Tools.tbx\CalculateField" Date="20221108" Time="125603">CalculateField SensibiliteEnvironnementaleFinale ChaleurCat "s.o." "Python 3" # Text NO_ENFORCE_DOMAINS</Process><Process ToolSource="c:\users\umallra\appdata\local\programs\arcgis\pro\Resources\ArcToolbox\toolboxes\Data Management Tools.tbx\CalculateField" Date="20221108" Time="125724">CalculateField SensibiliteEnvironnementaleFinale ChaleurCat "s.o." "Python 3" # Text NO_ENFORCE_DOMAINS</Process><Process ToolSource="c:\users\umallra\appdata\local\programs\arcgis\pro\Resources\ArcToolbox\Toolboxes\Data Management Tools.tbx\CopyMultiple" Date="20221108" Time="151352">CopyMultiple "C:\Users\umallra\Desktop\09_VULNERABILITE_2022_Shapev2.gdb\SensibiliteEnvironnementaleFinale FeatureClass" C:\Users\umallra\Desktop\09_VULNERABILITE_2022_Shape.gdb SensibiliteEnvironnementaleFinale "SensibiliteEnvironnementaleFinale FeatureClass SensibiliteEnvironnementaleFinale #"</Process><Process ToolSource="c:\users\umallra\appdata\local\programs\arcgis\pro\Resources\ArcToolbox\Toolboxes\Data Management Tools.tbx\Rename" Date="20221108" Time="151555">Rename C:\Users\umallra\Desktop\09_VULNERABILITE_2022_Shape.gdb\SensibiliteEnvironnementaleFinale C:\Users\umallra\Desktop\09_VULNERABILITE_2022_Shape.gdb\SensibiliteEnvironnementale FeatureClass</Process><Process ToolSource="c:\users\umallra\appdata\local\programs\arcgis\pro\Resources\ArcToolbox\Toolboxes\Data Management Tools.tbx\UpdateSchema" Date="20221108" Time="153145">UpdateSchema "CIMDATA=&lt;CIMStandardDataConnection xsi:type='typens:CIMStandardDataConnection' xmlns:xsi='http://www.w3.org/2001/XMLSchema-instance' xmlns:xs='http://www.w3.org/2001/XMLSchema' xmlns:typens='http://www.esri.com/schemas/ArcGIS/2.9.0'&gt;&lt;WorkspaceConnectionString&gt;DATABASE=C:\Users\umallra\Desktop\09_VULNERABILITE_2022_Shape.gdb&lt;/WorkspaceConnectionString&gt;&lt;WorkspaceFactory&gt;FileGDB&lt;/WorkspaceFactory&gt;&lt;Dataset&gt;SensibiliteEnvironnementale&lt;/Dataset&gt;&lt;DatasetType&gt;esriDTFeatureClass&lt;/DatasetType&gt;&lt;/CIMStandardDataConnection&gt;" &lt;operationSequence&gt;&lt;workflow&gt;&lt;DeleteField&gt;&lt;field_name&gt;densiteMH&lt;/field_name&gt;&lt;field_name&gt;densiteCanope&lt;/field_name&gt;&lt;field_name&gt;Chaleur&lt;/field_name&gt;&lt;/DeleteField&gt;&lt;/workflow&gt;&lt;/operationSequence&gt;</Process><Process ToolSource="c:\users\umallra\appdata\local\programs\arcgis\pro\Resources\ArcToolbox\toolboxes\Conversion Tools.tbx\FeatureClassToFeatureClass" Date="20221108" Time="153714">FeatureClassToFeatureClass C:\Users\umallra\Desktop\09_VULNERABILITE_2022_Shape.gdb\SensibiliteEnvironnementale C:\Users\umallra\Desktop\09_Vulnerabilite_Shape SensEnvironnementale_2022.shp # "PageName "PageName" true true false 255 Text 0 0,First,#,C:\Users\umallra\Desktop\09_VULNERABILITE_2022_Shape.gdb\SensibiliteEnvironnementale,PageName,0,255;PageNumber "PageNumber" true true false 4 Long 0 0,First,#,C:\Users\umallra\Desktop\09_VULNERABILITE_2022_Shape.gdb\SensibiliteEnvironnementale,PageNumber,-1,-1;ChaleurCl "SensibiliteEnvironnementale_MANUAL_CLASS" true true false 4 Long 0 0,First,#,C:\Users\umallra\Desktop\09_VULNERABILITE_2022_Shape.gdb\SensibiliteEnvironnementale,ChaleurCl,-1,-1;ChaleurCat "ChaleurCategorie" true true false 255 Text 0 0,First,#,C:\Users\umallra\Desktop\09_VULNERABILITE_2022_Shape.gdb\SensibiliteEnvironnementale,ChaleurCat,0,255;Shape_Length "Shape_Length" false true true 8 Double 0 0,First,#,C:\Users\umallra\Desktop\09_VULNERABILITE_2022_Shape.gdb\SensibiliteEnvironnementale,Shape_Length,-1,-1;Shape_Area "Shape_Area" false true true 8 Double 0 0,First,#,C:\Users\umallra\Desktop\09_VULNERABILITE_2022_Shape.gdb\SensibiliteEnvironnementale,Shape_Area,-1,-1" #</Process><Process ToolSource="c:\users\umallra\appdata\local\programs\arcgis\pro\Resources\ArcToolbox\Toolboxes\Data Management Tools.tbx\UpdateSchema" Date="20240312" Time="104440">UpdateSchema "CIMDATA=&lt;CIMStandardDataConnection xsi:type='typens:CIMStandardDataConnection' xmlns:xsi='http://www.w3.org/2001/XMLSchema-instance' xmlns:xs='http://www.w3.org/2001/XMLSchema' xmlns:typens='http://www.esri.com/schemas/ArcGIS/3.0.0'&gt;&lt;WorkspaceConnectionString&gt;DATABASE=C:\Users\umallra\Desktop\Sensibilite_2022&lt;/WorkspaceConnectionString&gt;&lt;WorkspaceFactory&gt;Shapefile&lt;/WorkspaceFactory&gt;&lt;Dataset&gt;SensEnvironnementale_2022.shp&lt;/Dataset&gt;&lt;DatasetType&gt;esriDTFeatureClass&lt;/DatasetType&gt;&lt;/CIMStandardDataConnection&gt;" &lt;operationSequence&gt;&lt;workflow&gt;&lt;DeleteField&gt;&lt;field_name&gt;PageName&lt;/field_name&gt;&lt;field_name&gt;PageNumber&lt;/field_name&gt;&lt;/DeleteField&gt;&lt;/workflow&gt;&lt;/operationSequence&gt;</Process></lineage><itemProps><itemName Sync="TRUE">SensEnvironnementale_2022</itemName><imsContentType Sync="TRUE">002</imsContentType><itemLocation><linkage Sync="TRUE">file://\\VP1356131\C$\Users\umallra\Desktop\09_Vulnerabilite_Shape\SensEnvironnementale_2022.shp</linkage><protocol Sync="TRUE">Local Area Network</protocol></itemLocation><itemSize Sync="TRUE">0.000</itemSize></itemProps><coordRef><type Sync="TRUE">Projected</type><geogcsn Sync="TRUE">GCS_North_American_1983</geogcsn><csUnits Sync="TRUE">Linear Unit: Meter (1.000000)</csUnits><projcsn Sync="TRUE">NAD_1983_MTM_8</projcsn><peXml Sync="TRUE">&lt;ProjectedCoordinateSystem xsi:type='typens:ProjectedCoordinateSystem' xmlns:xsi='http://www.w3.org/2001/XMLSchema-instance' xmlns:xs='http://www.w3.org/2001/XMLSchema' xmlns:typens='http://www.esri.com/schemas/ArcGIS/2.9.0'&gt;&lt;WKT&gt;PROJCS[&amp;quot;NAD_1983_MTM_8&amp;quot;,GEOGCS[&amp;quot;GCS_North_American_1983&amp;quot;,DATUM[&amp;quot;D_North_American_1983&amp;quot;,SPHEROID[&amp;quot;GRS_1980&amp;quot;,6378137.0,298.257222101]],PRIMEM[&amp;quot;Greenwich&amp;quot;,0.0],UNIT[&amp;quot;Degree&amp;quot;,0.0174532925199433]],PROJECTION[&amp;quot;Transverse_Mercator&amp;quot;],PARAMETER[&amp;quot;False_Easting&amp;quot;,304800.0],PARAMETER[&amp;quot;False_Northing&amp;quot;,0.0],PARAMETER[&amp;quot;Central_Meridian&amp;quot;,-73.5],PARAMETER[&amp;quot;Scale_Factor&amp;quot;,0.9999],PARAMETER[&amp;quot;Latitude_Of_Origin&amp;quot;,0.0],UNIT[&amp;quot;Meter&amp;quot;,1.0],AUTHORITY[&amp;quot;EPSG&amp;quot;,32188]]&lt;/WKT&gt;&lt;XOrigin&gt;-5317800&lt;/XOrigin&gt;&lt;YOrigin&gt;-10001100&lt;/YOrigin&gt;&lt;XYScale&gt;450310428.58990461&lt;/XYScale&gt;&lt;ZOrigin&gt;-100000&lt;/ZOrigin&gt;&lt;ZScale&gt;10000&lt;/ZScale&gt;&lt;MOrigin&gt;-100000&lt;/MOrigin&gt;&lt;MScale&gt;10000&lt;/MScale&gt;&lt;XYTolerance&gt;0.001&lt;/XYTolerance&gt;&lt;ZTolerance&gt;0.001&lt;/ZTolerance&gt;&lt;MTolerance&gt;0.001&lt;/MTolerance&gt;&lt;HighPrecision&gt;true&lt;/HighPrecision&gt;&lt;WKID&gt;32188&lt;/WKID&gt;&lt;LatestWKID&gt;32188&lt;/LatestWKID&gt;&lt;/ProjectedCoordinateSystem&gt;</peXml></coordRef></DataProperties><SyncDate>20221108</SyncDate><SyncTime>15362900</SyncTime><ModDate>20221108</ModDate><ModTime>15362900</ModTime></Esri><dataIdInfo><envirDesc Sync="TRUE">Microsoft Windows 10 Version 10.0 (Build 19044) ; Esri ArcGIS 12.9.0.32739</envirDesc><dataLang><languageCode value="fra" Sync="TRUE"></languageCode><countryCode value="CAN" Sync="TRUE"></countryCode></dataLang><idCitation><resTitle Sync="TRUE">SensEnvironnementale_2022</resTitle><presForm><PresFormCd value="005" Sync="TRUE"></PresFormCd></presForm></idCitation><spatRpType><SpatRepTypCd value="001" Sync="TRUE"></SpatRepTypCd></spatRpType></dataIdInfo><mdLang><languageCode value="fra" Sync="TRUE"></languageCode><countryCode value="CAN" Sync="TRUE"></countryCode></mdLang><distInfo><distFormat><formatName Sync="TRUE">Shapefile</formatName></distFormat><distTranOps><transSize Sync="TRUE">0.000</transSize></distTranOps></distInfo><mdHrLv><ScopeCd value="005" Sync="TRUE"></ScopeCd></mdHrLv><mdHrLvName Sync="TRUE">dataset</mdHrLvName><refSysInfo><RefSystem><refSysID><identCode code="32188" Sync="TRUE"></identCode><idCodeSpace Sync="TRUE">EPSG</idCodeSpace><idVersion Sync="TRUE">7.8(8.0.1)</idVersion></refSysID></RefSystem></refSysInfo><spatRepInfo><VectSpatRep><geometObjs Name="SensEnvironnementale_2022"><geoObjTyp><GeoObjTypCd value="002" Sync="TRUE"></GeoObjTypCd></geoObjTyp><geoObjCnt Sync="TRUE">0</geoObjCnt></geometObjs><topLvl><TopoLevCd value="001" Sync="TRUE"></TopoLevCd></topLvl></VectSpatRep></spatRepInfo><spdoinfo><ptvctinf><esriterm Name="SensEnvironnementale_2022"><efeatyp Sync="TRUE">Simple</efeatyp><efeageom code="4" Sync="TRUE"></efeageom><esritopo Sync="TRUE">FALSE</esritopo><efeacnt Sync="TRUE">0</efeacnt><spindex Sync="TRUE">FALSE</spindex><linrefer Sync="TRUE">FALSE</linrefer></esriterm></ptvctinf></spdoinfo><eainfo><detailed Name="SensEnvironnementale_2022"><enttyp><enttypl Sync="TRUE">SensEnvironnementale_2022</enttypl><enttypt Sync="TRUE">Feature Class</enttypt><enttypc Sync="TRUE">0</enttypc></enttyp><attr><attrlabl Sync="TRUE">FID</attrlabl><attalias Sync="TRUE">FID</attalias><attrtype Sync="TRUE">OID</attrtype><attwidth Sync="TRUE">4</attwidth><atprecis Sync="TRUE">0</atprecis><attscale Sync="TRUE">0</attscale><attrdef Sync="TRUE">Internal feature number.</attrdef><attrdefs Sync="TRUE">Esri</attrdefs><attrdomv><udom Sync="TRUE">Sequential unique whole numbers that are automatically generated.</udom></attrdomv></attr><attr><attrlabl Sync="TRUE">Shape</attrlabl><attalias Sync="TRUE">Shape</attalias><attrtype Sync="TRUE">Geometry</attrtype><attwidth Sync="TRUE">0</attwidth><atprecis Sync="TRUE">0</atprecis><attscale Sync="TRUE">0</attscale><attrdef Sync="TRUE">Feature geometry.</attrdef><attrdefs Sync="TRUE">Esri</attrdefs><attrdomv><udom Sync="TRUE">Coordinates defining the features.</udom></attrdomv></attr><attr><attrlabl Sync="TRUE">PageName</attrlabl><attalias Sync="TRUE">PageName</attalias><attrtype Sync="TRUE">String</attrtype><attwidth Sync="TRUE">254</attwidth><atprecis Sync="TRUE">0</atprecis><attscale Sync="TRUE">0</attscale></attr><attr><attrlabl Sync="TRUE">PageNumber</attrlabl><attalias Sync="TRUE">PageNumber</attalias><attrtype Sync="TRUE">Integer</attrtype><attwidth Sync="TRUE">10</attwidth><atprecis Sync="TRUE">10</atprecis><attscale Sync="TRUE">0</attscale></attr><attr><attrlabl Sync="TRUE">ChaleurCl</attrlabl><attalias Sync="TRUE">ChaleurCl</attalias><attrtype Sync="TRUE">Integer</attrtype><attwidth Sync="TRUE">10</attwidth><atprecis Sync="TRUE">10</atprecis><attscale Sync="TRUE">0</attscale></attr><attr><attrlabl Sync="TRUE">ChaleurCat</attrlabl><attalias Sync="TRUE">ChaleurCat</attalias><attrtype Sync="TRUE">String</attrtype><attwidth Sync="TRUE">254</attwidth><atprecis Sync="TRUE">0</atprecis><attscale Sync="TRUE">0</attscale></attr><attr><attrlabl Sync="TRUE">Shape_Leng</attrlabl><attalias Sync="TRUE">Shape_Leng</attalias><attrtype Sync="TRUE">Double</attrtype><attwidth Sync="TRUE">19</attwidth><atprecis Sync="TRUE">0</atprecis><attscale Sync="TRUE">0</attscale></attr><attr><attrlabl Sync="TRUE">Shape_Area</attrlabl><attalias Sync="TRUE">Shape_Area</attalias><attrtype Sync="TRUE">Double</attrtype><attwidth Sync="TRUE">19</attwidth><atprecis Sync="TRUE">0</atprecis><attscale Sync="TRUE">0</attscale><attrdef Sync="TRUE">Area of feature in internal units squared.</attrdef><attrdefs Sync="TRUE">Esri</attrdefs><attrdomv><udom Sync="TRUE">Positive real numbers that are automatically generated.</udom></attrdomv></attr></detailed></eainfo><mdDateSt Sync="TRUE">20221108</mdDateSt></metadata>
