<metadata xml:lang="fr"><Esri><CreaDate>20221108</CreaDate><CreaTime>15142300</CreaTime><ArcGISFormat>1.0</ArcGISFormat><SyncOnce>FALSE</SyncOnce><DataProperties><lineage><Process ToolSource="c:\program files\arcgis\pro\Resources\ArcToolbox\toolboxes\Data Management Tools.tbx\AddField" Date="20221103" Time="000635">AddField GPLYR_{89010BB6-D433-484E-8BA1-52B3E975A160} IndiceChaleur_Social_MANUAL "Long (large integer)" # # # IndiceChaleur_Social_MANUAL_CLASS NULLABLE NON_REQUIRED #</Process><Process ToolSource="c:\program files\arcgis\pro\Resources\ArcToolbox\toolboxes\Data Management Tools.tbx\AddField" Date="20221103" Time="000635">AddField GPLYR_{D3BAA282-D696-4AEA-9638-EC8FDD8D475C} IndiceChaleur_Social_MANUAL_RANGE Text # # # IndiceChaleur_Social_MANUAL_RANGE NULLABLE NON_REQUIRED #</Process><Process ToolSource="c:\program files\arcgis\pro\Resources\ArcToolbox\toolboxes\Data Management Tools.tbx\ReclassifyField" Date="20221103" Time="000732">ReclassifyField SensibiliteSocialeFinale IndiceChaleur_Social "Manual interval" # # "One standard deviation" "0,297 1;0,342 2;0,391 3;0,5 4;1 5" # IndiceChaleur_Social_MANUAL</Process><Process ToolSource="c:\program files\arcgis\pro\Resources\ArcToolbox\toolboxes\Data Management Tools.tbx\AddField" Date="20221103" Time="001103">AddField GPLYR_{35D4420F-62CC-40FF-8F0F-9F4A53FD17E1} IndiceSecheresse_Social_MANUAL "Long (large integer)" # # # IndiceSecheresse_Social_MANUAL_CLASS NULLABLE NON_REQUIRED #</Process><Process ToolSource="c:\program files\arcgis\pro\Resources\ArcToolbox\toolboxes\Data Management Tools.tbx\AddField" Date="20221103" Time="001103">AddField GPLYR_{4FB56258-F13B-4971-BE7A-F39752783A4C} IndiceSecheresse_Social_MANUAL_RANGE Text # # # IndiceSecheresse_Social_MANUAL_RANGE NULLABLE NON_REQUIRED #</Process><Process ToolSource="c:\program files\arcgis\pro\Resources\ArcToolbox\toolboxes\Data Management Tools.tbx\ReclassifyField" Date="20221103" Time="001156">ReclassifyField SensibiliteSocialeFinale IndiceSecheresse_Social "Manual interval" # # "One standard deviation" "0,199 1;0,292 2;0,333 3;0,447 4;1 5" # IndiceSecheresse_Social_MANUAL</Process><Process ToolSource="c:\program files\arcgis\pro\Resources\ArcToolbox\toolboxes\Data Management Tools.tbx\AddField" Date="20221103" Time="001305">AddField GPLYR_{928B5422-3495-4729-BB66-389BF8ABAFF0} IndicePluies_Social_MANUAL "Long (large integer)" # # # IndicePluies_Social_MANUAL_CLASS NULLABLE NON_REQUIRED #</Process><Process ToolSource="c:\program files\arcgis\pro\Resources\ArcToolbox\toolboxes\Data Management Tools.tbx\AddField" Date="20221103" Time="001305">AddField GPLYR_{44DDC1B6-518E-45D7-81CA-795D0D10716A} IndicePluies_Social_MANUAL_RANGE Text # # # IndicePluies_Social_MANUAL_RANGE NULLABLE NON_REQUIRED #</Process><Process ToolSource="c:\program files\arcgis\pro\Resources\ArcToolbox\toolboxes\Data Management Tools.tbx\ReclassifyField" Date="20221103" Time="001402">ReclassifyField SensibiliteSocialeFinale IndicePluies_Social "Manual interval" # # "One standard deviation" "0,345 1;0,429 2;0,468 3;0,59 4;1 5" # IndicePluies_Social_MANUAL</Process><Process ToolSource="c:\program files\arcgis\pro\Resources\ArcToolbox\toolboxes\Data Management Tools.tbx\AddField" Date="20221103" Time="001514">AddField GPLYR_{623F7493-D561-4CE7-8ACD-F4BB13644241} IndiceCrues_Social_MANUAL "Long (large integer)" # # # IndiceCrues_Social_MANUAL_CLASS NULLABLE NON_REQUIRED #</Process><Process ToolSource="c:\program files\arcgis\pro\Resources\ArcToolbox\toolboxes\Data Management Tools.tbx\AddField" Date="20221103" Time="001514">AddField GPLYR_{0D274717-31CD-4A5F-9BC2-FFD345C3D354} IndiceCrues_Social_MANUAL_RANGE Text # # # IndiceCrues_Social_MANUAL_RANGE NULLABLE NON_REQUIRED #</Process><Process ToolSource="c:\program files\arcgis\pro\Resources\ArcToolbox\toolboxes\Data Management Tools.tbx\ReclassifyField" Date="20221103" Time="001616">ReclassifyField SensibiliteSocialeFinale IndiceCrues_Social "Manual interval" # # "One standard deviation" "0,377 1;0,418 2;0,496 3;0,607 4;1 5" # IndiceCrues_Social_MANUAL</Process><Process ToolSource="c:\program files\arcgis\pro\Resources\ArcToolbox\toolboxes\Data Management Tools.tbx\AddField" Date="20221103" Time="001733">AddField GPLYR_{F2D7FF2C-CB5E-4BBC-B5E2-0B36AB57F1B2} IndiceTempetes_Social_MANUAL "Long (large integer)" # # # IndiceTempetes_Social_MANUAL_CLASS NULLABLE NON_REQUIRED #</Process><Process ToolSource="c:\program files\arcgis\pro\Resources\ArcToolbox\toolboxes\Data Management Tools.tbx\AddField" Date="20221103" Time="001733">AddField GPLYR_{38F5DD7C-ACEC-48AA-A343-CE30E4AA9CC3} IndiceTempetes_Social_MANUAL_RANGE Text # # # IndiceTempetes_Social_MANUAL_RANGE NULLABLE NON_REQUIRED #</Process><Process ToolSource="c:\program files\arcgis\pro\Resources\ArcToolbox\toolboxes\Data Management Tools.tbx\ReclassifyField" Date="20221103" Time="001831">ReclassifyField SensibiliteSocialeFinale IndiceTempetes_Social "Manual interval" # # "One standard deviation" "0,23 1;0,321 2;0,364 3;0,484 4;1 5" # IndiceTempetes_Social_MANUAL</Process><Process ToolSource="c:\program files\arcgis\pro\Resources\ArcToolbox\toolboxes\Data Management Tools.tbx\CopyMultiple" Date="20221103" Time="004751">CopyMultiple "C:\Users\emile\Downloads\Vulnerabilite2021.gdb\SensibiliteSocialeFinale FeatureClass" D:\DESS\STAGE\PROJET_MTL_HIVER_2022\DonneesEmile2021\ProjetVulnerabilite\ProjetVulnerabilite2022\VULNERABILITE_FINALE.gdb SensibiliteSocialeFinale "SensibiliteSocialeFinale FeatureClass SensibiliteSocialeFinale #"</Process><Process ToolSource="c:\users\umallra\appdata\local\programs\arcgis\pro\Resources\ArcToolbox\toolboxes\Data Management Tools.tbx\UpdateSchema" Date="20221108" Time="144854">UpdateSchema "CIMDATA=&lt;CIMStandardDataConnection xsi:type='typens:CIMStandardDataConnection' xmlns:xsi='http://www.w3.org/2001/XMLSchema-instance' xmlns:xs='http://www.w3.org/2001/XMLSchema' xmlns:typens='http://www.esri.com/schemas/ArcGIS/2.9.0'&gt;&lt;WorkspaceConnectionString&gt;DATABASE=C:\Users\umallra\Desktop\09_VULNERABILITE_2022_Shape.gdb&lt;/WorkspaceConnectionString&gt;&lt;WorkspaceFactory&gt;FileGDB&lt;/WorkspaceFactory&gt;&lt;Dataset&gt;SensibiliteSocialeFinale&lt;/Dataset&gt;&lt;DatasetType&gt;esriDTFeatureClass&lt;/DatasetType&gt;&lt;/CIMStandardDataConnection&gt;" &lt;operationSequence&gt;&lt;workflow&gt;&lt;DeleteField&gt;&lt;field_name&gt;IndiceChaleur_Social_MANUAL_RANGE&lt;/field_name&gt;&lt;field_name&gt;IndiceSecheresse_Social_MANUAL_RANGE&lt;/field_name&gt;&lt;field_name&gt;IndicePluies_Social_MANUAL_RANGE&lt;/field_name&gt;&lt;field_name&gt;IndiceCrues_Social_MANUAL_RANGE&lt;/field_name&gt;&lt;field_name&gt;IndiceTempetes_Social_MANUAL_RANGE&lt;/field_name&gt;&lt;/DeleteField&gt;&lt;/workflow&gt;&lt;workflow&gt;&lt;AlterField&gt;&lt;field_name&gt;IndiceChaleur_Social&lt;/field_name&gt;&lt;new_field_name&gt;Chaleur&lt;/new_field_name&gt;&lt;field_is_nullable&gt;True&lt;/field_is_nullable&gt;&lt;clear_field_alias&gt;False&lt;/clear_field_alias&gt;&lt;/AlterField&gt;&lt;/workflow&gt;&lt;workflow&gt;&lt;AlterField&gt;&lt;field_name&gt;IndiceSecheresse_Social&lt;/field_name&gt;&lt;new_field_name&gt;Secheresse&lt;/new_field_name&gt;&lt;field_is_nullable&gt;True&lt;/field_is_nullable&gt;&lt;clear_field_alias&gt;False&lt;/clear_field_alias&gt;&lt;/AlterField&gt;&lt;/workflow&gt;&lt;workflow&gt;&lt;AlterField&gt;&lt;field_name&gt;IndicePluies_Social&lt;/field_name&gt;&lt;new_field_name&gt;Pluies&lt;/new_field_name&gt;&lt;field_is_nullable&gt;True&lt;/field_is_nullable&gt;&lt;clear_field_alias&gt;False&lt;/clear_field_alias&gt;&lt;/AlterField&gt;&lt;/workflow&gt;&lt;workflow&gt;&lt;AlterField&gt;&lt;field_name&gt;IndiceCrues_Social&lt;/field_name&gt;&lt;new_field_name&gt;Crues&lt;/new_field_name&gt;&lt;field_is_nullable&gt;True&lt;/field_is_nullable&gt;&lt;clear_field_alias&gt;False&lt;/clear_field_alias&gt;&lt;/AlterField&gt;&lt;/workflow&gt;&lt;workflow&gt;&lt;AlterField&gt;&lt;field_name&gt;IndiceTempetes_Social&lt;/field_name&gt;&lt;new_field_name&gt;Tempete&lt;/new_field_name&gt;&lt;field_is_nullable&gt;True&lt;/field_is_nullable&gt;&lt;clear_field_alias&gt;False&lt;/clear_field_alias&gt;&lt;/AlterField&gt;&lt;/workflow&gt;&lt;workflow&gt;&lt;AlterField&gt;&lt;field_name&gt;IndiceChaleur_Social_MANUAL&lt;/field_name&gt;&lt;new_field_name&gt;ChaleurCl&lt;/new_field_name&gt;&lt;field_is_nullable&gt;True&lt;/field_is_nullable&gt;&lt;clear_field_alias&gt;False&lt;/clear_field_alias&gt;&lt;/AlterField&gt;&lt;/workflow&gt;&lt;workflow&gt;&lt;AlterField&gt;&lt;field_name&gt;IndiceSecheresse_Social_MANUAL&lt;/field_name&gt;&lt;new_field_name&gt;SecheresCl&lt;/new_field_name&gt;&lt;field_is_nullable&gt;True&lt;/field_is_nullable&gt;&lt;clear_field_alias&gt;False&lt;/clear_field_alias&gt;&lt;/AlterField&gt;&lt;/workflow&gt;&lt;workflow&gt;&lt;AlterField&gt;&lt;field_name&gt;IndicePluies_Social_MANUAL&lt;/field_name&gt;&lt;new_field_name&gt;PluiesCl&lt;/new_field_name&gt;&lt;field_is_nullable&gt;True&lt;/field_is_nullable&gt;&lt;clear_field_alias&gt;False&lt;/clear_field_alias&gt;&lt;/AlterField&gt;&lt;/workflow&gt;&lt;workflow&gt;&lt;AlterField&gt;&lt;field_name&gt;IndiceCrues_Social_MANUAL&lt;/field_name&gt;&lt;new_field_name&gt;CruesCl&lt;/new_field_name&gt;&lt;field_is_nullable&gt;True&lt;/field_is_nullable&gt;&lt;clear_field_alias&gt;False&lt;/clear_field_alias&gt;&lt;/AlterField&gt;&lt;/workflow&gt;&lt;workflow&gt;&lt;AlterField&gt;&lt;field_name&gt;IndiceTempetes_Social_MANUAL&lt;/field_name&gt;&lt;new_field_name&gt;TempeteCl&lt;/new_field_name&gt;&lt;field_is_nullable&gt;True&lt;/field_is_nullable&gt;&lt;clear_field_alias&gt;False&lt;/clear_field_alias&gt;&lt;/AlterField&gt;&lt;/workflow&gt;&lt;workflow&gt;&lt;AddField&gt;&lt;field_name&gt;ChaleurCat&lt;/field_name&gt;&lt;field_type&gt;TEXT&lt;/field_type&gt;&lt;field_length&gt;25&lt;/field_length&gt;&lt;field_alias&gt;ChaleurCategorie&lt;/field_alias&gt;&lt;field_is_nullable&gt;True&lt;/field_is_nullable&gt;&lt;field_is_required&gt;False&lt;/field_is_required&gt;&lt;/AddField&gt;&lt;/workflow&gt;&lt;workflow&gt;&lt;AddField&gt;&lt;field_name&gt;PluiesCat&lt;/field_name&gt;&lt;field_type&gt;TEXT&lt;/field_type&gt;&lt;field_length&gt;25&lt;/field_length&gt;&lt;field_alias&gt;PluiesCategorie&lt;/field_alias&gt;&lt;field_is_nullable&gt;True&lt;/field_is_nullable&gt;&lt;field_is_required&gt;False&lt;/field_is_required&gt;&lt;/AddField&gt;&lt;/workflow&gt;&lt;workflow&gt;&lt;AddField&gt;&lt;field_name&gt;SechereCat&lt;/field_name&gt;&lt;field_type&gt;TEXT&lt;/field_type&gt;&lt;field_length&gt;25&lt;/field_length&gt;&lt;field_alias&gt;SecheresseCategorie&lt;/field_alias&gt;&lt;field_is_nullable&gt;True&lt;/field_is_nullable&gt;&lt;field_is_required&gt;False&lt;/field_is_required&gt;&lt;/AddField&gt;&lt;/workflow&gt;&lt;workflow&gt;&lt;AddField&gt;&lt;field_name&gt;CruesCat&lt;/field_name&gt;&lt;field_type&gt;TEXT&lt;/field_type&gt;&lt;field_length&gt;25&lt;/field_length&gt;&lt;field_alias&gt;CruesCategorie&lt;/field_alias&gt;&lt;field_is_nullable&gt;True&lt;/field_is_nullable&gt;&lt;field_is_required&gt;False&lt;/field_is_required&gt;&lt;/AddField&gt;&lt;/workflow&gt;&lt;workflow&gt;&lt;AddField&gt;&lt;field_name&gt;TempeteCat&lt;/field_name&gt;&lt;field_type&gt;TEXT&lt;/field_type&gt;&lt;field_length&gt;25&lt;/field_length&gt;&lt;field_alias&gt;TempeteCategorie&lt;/field_alias&gt;&lt;field_is_nullable&gt;True&lt;/field_is_nullable&gt;&lt;field_is_required&gt;False&lt;/field_is_required&gt;&lt;/AddField&gt;&lt;/workflow&gt;&lt;/operationSequence&gt;</Process><Process ToolSource="c:\users\umallra\appdata\local\programs\arcgis\pro\Resources\ArcToolbox\toolboxes\Data Management Tools.tbx\CalculateField" Date="20221108" Time="144950">CalculateField SensibiliteSocialeFinale ChaleurCat "Non significative" "Python 3" # Text NO_ENFORCE_DOMAINS</Process><Process ToolSource="c:\users\umallra\appdata\local\programs\arcgis\pro\Resources\ArcToolbox\toolboxes\Data Management Tools.tbx\CalculateField" Date="20221108" Time="145028">CalculateField SensibiliteSocialeFinale ChaleurCat "Mineure" "Python 3" # Text NO_ENFORCE_DOMAINS</Process><Process ToolSource="c:\users\umallra\appdata\local\programs\arcgis\pro\Resources\ArcToolbox\toolboxes\Data Management Tools.tbx\CalculateField" Date="20221108" Time="145055">CalculateField SensibiliteSocialeFinale PluiesCat "Non significative" "Python 3" # Text NO_ENFORCE_DOMAINS</Process><Process ToolSource="c:\users\umallra\appdata\local\programs\arcgis\pro\Resources\ArcToolbox\toolboxes\Data Management Tools.tbx\CalculateField" Date="20221108" Time="145142">CalculateField SensibiliteSocialeFinale SechereCat "Non significative" "Python 3" # Text NO_ENFORCE_DOMAINS</Process><Process ToolSource="c:\users\umallra\appdata\local\programs\arcgis\pro\Resources\ArcToolbox\toolboxes\Data Management Tools.tbx\CalculateField" Date="20221108" Time="145216">CalculateField SensibiliteSocialeFinale CruesCat "Non significative" "Python 3" # Text NO_ENFORCE_DOMAINS</Process><Process ToolSource="c:\users\umallra\appdata\local\programs\arcgis\pro\Resources\ArcToolbox\toolboxes\Data Management Tools.tbx\CalculateField" Date="20221108" Time="145250">CalculateField SensibiliteSocialeFinale TempeteCat "Non significative" "Python 3" # Text NO_ENFORCE_DOMAINS</Process><Process ToolSource="c:\users\umallra\appdata\local\programs\arcgis\pro\Resources\ArcToolbox\toolboxes\Data Management Tools.tbx\CalculateField" Date="20221108" Time="145356">CalculateField SensibiliteSocialeFinale PluiesCat "Mineure" "Python 3" # Text NO_ENFORCE_DOMAINS</Process><Process ToolSource="c:\users\umallra\appdata\local\programs\arcgis\pro\Resources\ArcToolbox\toolboxes\Data Management Tools.tbx\CalculateField" Date="20221108" Time="145446">CalculateField SensibiliteSocialeFinale SechereCat "Mineure" "Python 3" # Text NO_ENFORCE_DOMAINS</Process><Process ToolSource="c:\users\umallra\appdata\local\programs\arcgis\pro\Resources\ArcToolbox\toolboxes\Data Management Tools.tbx\CalculateField" Date="20221108" Time="145514">CalculateField SensibiliteSocialeFinale CruesCat "Mineure" "Python 3" # Text NO_ENFORCE_DOMAINS</Process><Process ToolSource="c:\users\umallra\appdata\local\programs\arcgis\pro\Resources\ArcToolbox\toolboxes\Data Management Tools.tbx\CalculateField" Date="20221108" Time="145547">CalculateField SensibiliteSocialeFinale TempeteCat "Mineure" "Python 3" # Text NO_ENFORCE_DOMAINS</Process><Process ToolSource="c:\users\umallra\appdata\local\programs\arcgis\pro\Resources\ArcToolbox\toolboxes\Data Management Tools.tbx\CalculateField" Date="20221108" Time="145619">CalculateField SensibiliteSocialeFinale ChaleurCat "Modérée" "Python 3" # Text NO_ENFORCE_DOMAINS</Process><Process ToolSource="c:\users\umallra\appdata\local\programs\arcgis\pro\Resources\ArcToolbox\toolboxes\Data Management Tools.tbx\CalculateField" Date="20221108" Time="145649">CalculateField SensibiliteSocialeFinale PluiesCat "Modérée" "Python 3" # Text NO_ENFORCE_DOMAINS</Process><Process ToolSource="c:\users\umallra\appdata\local\programs\arcgis\pro\Resources\ArcToolbox\toolboxes\Data Management Tools.tbx\CalculateField" Date="20221108" Time="145718">CalculateField SensibiliteSocialeFinale SechereCat "Modérée" "Python 3" # Text NO_ENFORCE_DOMAINS</Process><Process ToolSource="c:\users\umallra\appdata\local\programs\arcgis\pro\Resources\ArcToolbox\toolboxes\Data Management Tools.tbx\CalculateField" Date="20221108" Time="145749">CalculateField SensibiliteSocialeFinale CruesCat "Modérée" "Python 3" # Text NO_ENFORCE_DOMAINS</Process><Process ToolSource="c:\users\umallra\appdata\local\programs\arcgis\pro\Resources\ArcToolbox\toolboxes\Data Management Tools.tbx\CalculateField" Date="20221108" Time="145818">CalculateField SensibiliteSocialeFinale TempeteCat "Modérée" "Python 3" # Text NO_ENFORCE_DOMAINS</Process><Process ToolSource="c:\users\umallra\appdata\local\programs\arcgis\pro\Resources\ArcToolbox\toolboxes\Data Management Tools.tbx\CalculateField" Date="20221108" Time="145856">CalculateField SensibiliteSocialeFinale ChaleurCat "Élevée" "Python 3" # Text NO_ENFORCE_DOMAINS</Process><Process ToolSource="c:\users\umallra\appdata\local\programs\arcgis\pro\Resources\ArcToolbox\toolboxes\Data Management Tools.tbx\CalculateField" Date="20221108" Time="145930">CalculateField SensibiliteSocialeFinale PluiesCat "Élevée" "Python 3" # Text NO_ENFORCE_DOMAINS</Process><Process ToolSource="c:\users\umallra\appdata\local\programs\arcgis\pro\Resources\ArcToolbox\toolboxes\Data Management Tools.tbx\CalculateField" Date="20221108" Time="150000">CalculateField SensibiliteSocialeFinale SechereCat "Élevée" "Python 3" # Text NO_ENFORCE_DOMAINS</Process><Process ToolSource="c:\users\umallra\appdata\local\programs\arcgis\pro\Resources\ArcToolbox\toolboxes\Data Management Tools.tbx\CalculateField" Date="20221108" Time="150030">CalculateField SensibiliteSocialeFinale CruesCat "Élevée" "Python 3" # Text NO_ENFORCE_DOMAINS</Process><Process ToolSource="c:\users\umallra\appdata\local\programs\arcgis\pro\Resources\ArcToolbox\toolboxes\Data Management Tools.tbx\CalculateField" Date="20221108" Time="150058">CalculateField SensibiliteSocialeFinale TempeteCat "Élevée" "Python 3" # Text NO_ENFORCE_DOMAINS</Process><Process ToolSource="c:\users\umallra\appdata\local\programs\arcgis\pro\Resources\ArcToolbox\toolboxes\Data Management Tools.tbx\CalculateField" Date="20221108" Time="150133">CalculateField SensibiliteSocialeFinale ChaleurCat "Majeure" "Python 3" # Text NO_ENFORCE_DOMAINS</Process><Process ToolSource="c:\users\umallra\appdata\local\programs\arcgis\pro\Resources\ArcToolbox\toolboxes\Data Management Tools.tbx\CalculateField" Date="20221108" Time="150205">CalculateField SensibiliteSocialeFinale PluiesCat "Majeure" "Python 3" # Text NO_ENFORCE_DOMAINS</Process><Process ToolSource="c:\users\umallra\appdata\local\programs\arcgis\pro\Resources\ArcToolbox\toolboxes\Data Management Tools.tbx\CalculateField" Date="20221108" Time="150230">CalculateField SensibiliteSocialeFinale SechereCat "Majeure" "Python 3" # Text NO_ENFORCE_DOMAINS</Process><Process ToolSource="c:\users\umallra\appdata\local\programs\arcgis\pro\Resources\ArcToolbox\toolboxes\Data Management Tools.tbx\CalculateField" Date="20221108" Time="150328">CalculateField SensibiliteSocialeFinale CruesCat "Majeure" "Python 3" # Text NO_ENFORCE_DOMAINS</Process><Process ToolSource="c:\users\umallra\appdata\local\programs\arcgis\pro\Resources\ArcToolbox\toolboxes\Data Management Tools.tbx\CalculateField" Date="20221108" Time="150400">CalculateField SensibiliteSocialeFinale TempeteCat "Majeure" "Python 3" # Text NO_ENFORCE_DOMAINS</Process><Process ToolSource="c:\users\umallra\appdata\local\programs\arcgis\pro\Resources\ArcToolbox\toolboxes\Data Management Tools.tbx\CalculateField" Date="20221108" Time="150437">CalculateField SensibiliteSocialeFinale ChaleurCat "s.o." "Python 3" # Text NO_ENFORCE_DOMAINS</Process><Process ToolSource="c:\users\umallra\appdata\local\programs\arcgis\pro\Resources\ArcToolbox\toolboxes\Data Management Tools.tbx\CalculateField" Date="20221108" Time="150510">CalculateField SensibiliteSocialeFinale PluiesCat "s.o." "Python 3" # Text NO_ENFORCE_DOMAINS</Process><Process ToolSource="c:\users\umallra\appdata\local\programs\arcgis\pro\Resources\ArcToolbox\toolboxes\Data Management Tools.tbx\CalculateField" Date="20221108" Time="150534">CalculateField SensibiliteSocialeFinale SechereCat "s.o." "Python 3" # Text NO_ENFORCE_DOMAINS</Process><Process ToolSource="c:\users\umallra\appdata\local\programs\arcgis\pro\Resources\ArcToolbox\toolboxes\Data Management Tools.tbx\CalculateField" Date="20221108" Time="150600">CalculateField SensibiliteSocialeFinale CruesCat "s.o." "Python 3" # Text NO_ENFORCE_DOMAINS</Process><Process ToolSource="c:\users\umallra\appdata\local\programs\arcgis\pro\Resources\ArcToolbox\toolboxes\Data Management Tools.tbx\CalculateField" Date="20221108" Time="150625">CalculateField SensibiliteSocialeFinale TempeteCat "s.o." "Python 3" # Text NO_ENFORCE_DOMAINS</Process><Process ToolSource="c:\users\umallra\appdata\local\programs\arcgis\pro\Resources\ArcToolbox\Toolboxes\Data Management Tools.tbx\CopyMultiple" Date="20221108" Time="151423">CopyMultiple "C:\Users\umallra\Desktop\09_VULNERABILITE_2022_Shapev2.gdb\SensibiliteSocialeFinale FeatureClass" C:\Users\umallra\Desktop\09_VULNERABILITE_2022_Shape.gdb SensibiliteSocialeFinale "SensibiliteSocialeFinale FeatureClass SensibiliteSocialeFinale #"</Process><Process ToolSource="c:\users\umallra\appdata\local\programs\arcgis\pro\Resources\ArcToolbox\Toolboxes\Data Management Tools.tbx\Rename" Date="20221108" Time="151606">Rename C:\Users\umallra\Desktop\09_VULNERABILITE_2022_Shape.gdb\SensibiliteSocialeFinale C:\Users\umallra\Desktop\09_VULNERABILITE_2022_Shape.gdb\SensibiliteSociale FeatureClass</Process><Process ToolSource="c:\users\umallra\appdata\local\programs\arcgis\pro\Resources\ArcToolbox\Toolboxes\Data Management Tools.tbx\UpdateSchema" Date="20221108" Time="153406">UpdateSchema "CIMDATA=&lt;CIMStandardDataConnection xsi:type='typens:CIMStandardDataConnection' xmlns:xsi='http://www.w3.org/2001/XMLSchema-instance' xmlns:xs='http://www.w3.org/2001/XMLSchema' xmlns:typens='http://www.esri.com/schemas/ArcGIS/2.9.0'&gt;&lt;WorkspaceConnectionString&gt;DATABASE=C:\Users\umallra\Desktop\09_VULNERABILITE_2022_Shape.gdb&lt;/WorkspaceConnectionString&gt;&lt;WorkspaceFactory&gt;FileGDB&lt;/WorkspaceFactory&gt;&lt;Dataset&gt;SensibiliteSociale&lt;/Dataset&gt;&lt;DatasetType&gt;esriDTFeatureClass&lt;/DatasetType&gt;&lt;/CIMStandardDataConnection&gt;" &lt;operationSequence&gt;&lt;workflow&gt;&lt;DeleteField&gt;&lt;field_name&gt;Chaleur&lt;/field_name&gt;&lt;field_name&gt;Secheresse&lt;/field_name&gt;&lt;field_name&gt;Pluies&lt;/field_name&gt;&lt;field_name&gt;Crues&lt;/field_name&gt;&lt;field_name&gt;Tempete&lt;/field_name&gt;&lt;/DeleteField&gt;&lt;/workflow&gt;&lt;workflow&gt;&lt;AddField&gt;&lt;field_name&gt;Field&lt;/field_name&gt;&lt;field_type&gt;LONG&lt;/field_type&gt;&lt;field_alias&gt;Field&lt;/field_alias&gt;&lt;field_is_nullable&gt;True&lt;/field_is_nullable&gt;&lt;field_is_required&gt;False&lt;/field_is_required&gt;&lt;/AddField&gt;&lt;/workflow&gt;&lt;/operationSequence&gt;</Process><Process ToolSource="c:\users\umallra\appdata\local\programs\arcgis\pro\Resources\ArcToolbox\toolboxes\Conversion Tools.tbx\FeatureClassToFeatureClass" Date="20221108" Time="153834">FeatureClassToFeatureClass C:\Users\umallra\Desktop\09_VULNERABILITE_2022_Shape.gdb\SensibiliteSociale C:\Users\umallra\Desktop\09_Vulnerabilite_Shape SensSociale_2022.shp # "PageName "PageName" true true false 255 Text 0 0,First,#,C:\Users\umallra\Desktop\09_VULNERABILITE_2022_Shape.gdb\SensibiliteSociale,PageName,0,255;PageNumber "PageNumber" true true false 4 Long 0 0,First,#,C:\Users\umallra\Desktop\09_VULNERABILITE_2022_Shape.gdb\SensibiliteSociale,PageNumber,-1,-1;ChaleurCl "IndiceChaleur_Social_MANUAL_CLASS" true true false 4 Long 0 0,First,#,C:\Users\umallra\Desktop\09_VULNERABILITE_2022_Shape.gdb\SensibiliteSociale,ChaleurCl,-1,-1;SecheresCl "IndiceSecheresse_Social_MANUAL_CLASS" true true false 4 Long 0 0,First,#,C:\Users\umallra\Desktop\09_VULNERABILITE_2022_Shape.gdb\SensibiliteSociale,SecheresCl,-1,-1;PluiesCl "IndicePluies_Social_MANUAL_CLASS" true true false 4 Long 0 0,First,#,C:\Users\umallra\Desktop\09_VULNERABILITE_2022_Shape.gdb\SensibiliteSociale,PluiesCl,-1,-1;CruesCl "IndiceCrues_Social_MANUAL_CLASS" true true false 4 Long 0 0,First,#,C:\Users\umallra\Desktop\09_VULNERABILITE_2022_Shape.gdb\SensibiliteSociale,CruesCl,-1,-1;TempeteCl "IndiceTempetes_Social_MANUAL_CLASS" true true false 4 Long 0 0,First,#,C:\Users\umallra\Desktop\09_VULNERABILITE_2022_Shape.gdb\SensibiliteSociale,TempeteCl,-1,-1;ChaleurCat "ChaleurCategorie" true true false 25 Text 0 0,First,#,C:\Users\umallra\Desktop\09_VULNERABILITE_2022_Shape.gdb\SensibiliteSociale,ChaleurCat,0,25;PluiesCat "PluiesCategorie" true true false 25 Text 0 0,First,#,C:\Users\umallra\Desktop\09_VULNERABILITE_2022_Shape.gdb\SensibiliteSociale,PluiesCat,0,25;SechereCat "SecheresseCategorie" true true false 25 Text 0 0,First,#,C:\Users\umallra\Desktop\09_VULNERABILITE_2022_Shape.gdb\SensibiliteSociale,SechereCat,0,25;CruesCat "CruesCategorie" true true false 25 Text 0 0,First,#,C:\Users\umallra\Desktop\09_VULNERABILITE_2022_Shape.gdb\SensibiliteSociale,CruesCat,0,25;TempeteCat "TempeteCategorie" true true false 25 Text 0 0,First,#,C:\Users\umallra\Desktop\09_VULNERABILITE_2022_Shape.gdb\SensibiliteSociale,TempeteCat,0,25;SHAPE_Length "SHAPE_Length" false true true 8 Double 0 0,First,#,C:\Users\umallra\Desktop\09_VULNERABILITE_2022_Shape.gdb\SensibiliteSociale,SHAPE_Length,-1,-1;SHAPE_Area "SHAPE_Area" false true true 8 Double 0 0,First,#,C:\Users\umallra\Desktop\09_VULNERABILITE_2022_Shape.gdb\SensibiliteSociale,SHAPE_Area,-1,-1;Field "Field" true true false 4 Long 0 0,First,#,C:\Users\umallra\Desktop\09_VULNERABILITE_2022_Shape.gdb\SensibiliteSociale,Field,-1,-1" #</Process><Process ToolSource="c:\users\umallra\appdata\local\programs\arcgis\pro\Resources\ArcToolbox\Toolboxes\Data Management Tools.tbx\UpdateSchema" Date="20240312" Time="104647">UpdateSchema "CIMDATA=&lt;CIMStandardDataConnection xsi:type='typens:CIMStandardDataConnection' xmlns:xsi='http://www.w3.org/2001/XMLSchema-instance' xmlns:xs='http://www.w3.org/2001/XMLSchema' xmlns:typens='http://www.esri.com/schemas/ArcGIS/3.0.0'&gt;&lt;WorkspaceConnectionString&gt;DATABASE=C:\Users\umallra\Desktop\Sensibilite_2022&lt;/WorkspaceConnectionString&gt;&lt;WorkspaceFactory&gt;Shapefile&lt;/WorkspaceFactory&gt;&lt;Dataset&gt;SensSociale_2022.shp&lt;/Dataset&gt;&lt;DatasetType&gt;esriDTFeatureClass&lt;/DatasetType&gt;&lt;/CIMStandardDataConnection&gt;" &lt;operationSequence&gt;&lt;workflow&gt;&lt;DeleteField&gt;&lt;field_name&gt;PageName&lt;/field_name&gt;&lt;field_name&gt;PageNumber&lt;/field_name&gt;&lt;field_name&gt;Field&lt;/field_name&gt;&lt;/DeleteField&gt;&lt;/workflow&gt;&lt;/operationSequence&gt;</Process><Process ToolSource="c:\users\umallra\appdata\local\programs\arcgis\pro\Resources\ArcToolbox\toolboxes\Data Management Tools.tbx\DefineProjection" Date="20240312" Time="121635">DefineProjection SensSociale_2022 PROJCS["NAD_1983_MTM_8",GEOGCS["GCS_North_American_1983",DATUM["D_North_American_1983",SPHEROID["GRS_1980",6378137.0,298.257222101]],PRIMEM["Greenwich",0.0],UNIT["Degree",0.0174532925199433]],PROJECTION["Transverse_Mercator"],PARAMETER["False_Easting",304800.0],PARAMETER["False_Northing",0.0],PARAMETER["Central_Meridian",-73.5],PARAMETER["Scale_Factor",0.9999],PARAMETER["Latitude_Of_Origin",0.0],UNIT["Meter",1.0]]</Process></lineage><itemProps><itemLocation><linkage Sync="TRUE">file://\\VP1356131\C$\Users\umallra\Desktop\09_Vulnerabilite_Shape\SensSociale_2022.shp</linkage><protocol Sync="TRUE">Local Area Network</protocol></itemLocation><itemName Sync="TRUE">SensSociale_2022</itemName><imsContentType Sync="TRUE">002</imsContentType><itemSize Sync="TRUE">0.000</itemSize></itemProps><coordRef><type Sync="TRUE">Projected</type><geogcsn Sync="TRUE">GCS_North_American_1983_CSRS</geogcsn><csUnits Sync="TRUE">Linear Unit: Meter (1.000000)</csUnits><projcsn Sync="TRUE">NAD_1983_CSRS_MTM_8</projcsn><peXml Sync="TRUE">&lt;ProjectedCoordinateSystem xsi:type='typens:ProjectedCoordinateSystem' xmlns:xsi='http://www.w3.org/2001/XMLSchema-instance' xmlns:xs='http://www.w3.org/2001/XMLSchema' xmlns:typens='http://www.esri.com/schemas/ArcGIS/2.9.0'&gt;&lt;WKT&gt;PROJCS[&amp;quot;NAD_1983_CSRS_MTM_8&amp;quot;,GEOGCS[&amp;quot;GCS_North_American_1983_CSRS&amp;quot;,DATUM[&amp;quot;D_North_American_1983_CSRS&amp;quot;,SPHEROID[&amp;quot;GRS_1980&amp;quot;,6378137.0,298.257222101]],PRIMEM[&amp;quot;Greenwich&amp;quot;,0.0],UNIT[&amp;quot;Degree&amp;quot;,0.0174532925199433]],PROJECTION[&amp;quot;Transverse_Mercator&amp;quot;],PARAMETER[&amp;quot;False_Easting&amp;quot;,304800.0],PARAMETER[&amp;quot;False_Northing&amp;quot;,0.0],PARAMETER[&amp;quot;Central_Meridian&amp;quot;,-73.5],PARAMETER[&amp;quot;Scale_Factor&amp;quot;,0.9999],PARAMETER[&amp;quot;Latitude_Of_Origin&amp;quot;,0.0],UNIT[&amp;quot;Meter&amp;quot;,1.0],AUTHORITY[&amp;quot;EPSG&amp;quot;,2950]]&lt;/WKT&gt;&lt;XOrigin&gt;-5317800&lt;/XOrigin&gt;&lt;YOrigin&gt;-10001100&lt;/YOrigin&gt;&lt;XYScale&gt;450310428.58990461&lt;/XYScale&gt;&lt;ZOrigin&gt;-100000&lt;/ZOrigin&gt;&lt;ZScale&gt;10000&lt;/ZScale&gt;&lt;MOrigin&gt;-100000&lt;/MOrigin&gt;&lt;MScale&gt;10000&lt;/MScale&gt;&lt;XYTolerance&gt;0.001&lt;/XYTolerance&gt;&lt;ZTolerance&gt;0.001&lt;/ZTolerance&gt;&lt;MTolerance&gt;0.001&lt;/MTolerance&gt;&lt;HighPrecision&gt;true&lt;/HighPrecision&gt;&lt;WKID&gt;2145&lt;/WKID&gt;&lt;LatestWKID&gt;2950&lt;/LatestWKID&gt;&lt;/ProjectedCoordinateSystem&gt;</peXml></coordRef></DataProperties><SyncDate>20221108</SyncDate><SyncTime>15374500</SyncTime><ModDate>20221108</ModDate><ModTime>15374500</ModTime></Esri><dataIdInfo><envirDesc Sync="TRUE">Microsoft Windows 10 Version 10.0 (Build 19044) ; Esri ArcGIS 12.9.0.32739</envirDesc><dataLang><languageCode value="fra" Sync="TRUE"></languageCode><countryCode value="CAN" Sync="TRUE"></countryCode></dataLang><idCitation><resTitle Sync="TRUE">SensSociale_2022</resTitle><presForm><PresFormCd value="005" Sync="TRUE"></PresFormCd></presForm></idCitation><spatRpType><SpatRepTypCd value="001" Sync="TRUE"></SpatRepTypCd></spatRpType></dataIdInfo><mdLang><languageCode value="fra" Sync="TRUE"></languageCode><countryCode value="CAN" Sync="TRUE"></countryCode></mdLang><distInfo><distFormat><formatName Sync="TRUE">Shapefile</formatName></distFormat><distTranOps><transSize Sync="TRUE">0.000</transSize></distTranOps></distInfo><mdHrLv><ScopeCd value="005" Sync="TRUE"></ScopeCd></mdHrLv><mdHrLvName Sync="TRUE">dataset</mdHrLvName><refSysInfo><RefSystem><refSysID><identCode code="2950" Sync="TRUE"></identCode><idCodeSpace Sync="TRUE">EPSG</idCodeSpace><idVersion Sync="TRUE">6.15(9.3.0.0)</idVersion></refSysID></RefSystem></refSysInfo><spatRepInfo><VectSpatRep><geometObjs Name="SensSociale_2022"><geoObjTyp><GeoObjTypCd value="002" Sync="TRUE"></GeoObjTypCd></geoObjTyp><geoObjCnt Sync="TRUE">0</geoObjCnt></geometObjs><topLvl><TopoLevCd value="001" Sync="TRUE"></TopoLevCd></topLvl></VectSpatRep></spatRepInfo><spdoinfo><ptvctinf><esriterm Name="SensSociale_2022"><efeatyp Sync="TRUE">Simple</efeatyp><efeageom code="4" Sync="TRUE"></efeageom><esritopo Sync="TRUE">FALSE</esritopo><efeacnt Sync="TRUE">0</efeacnt><spindex Sync="TRUE">FALSE</spindex><linrefer Sync="TRUE">FALSE</linrefer></esriterm></ptvctinf></spdoinfo><eainfo><detailed Name="SensSociale_2022"><enttyp><enttypl Sync="TRUE">SensSociale_2022</enttypl><enttypt Sync="TRUE">Feature Class</enttypt><enttypc Sync="TRUE">0</enttypc></enttyp><attr><attrlabl Sync="TRUE">FID</attrlabl><attalias Sync="TRUE">FID</attalias><attrtype Sync="TRUE">OID</attrtype><attwidth Sync="TRUE">4</attwidth><atprecis Sync="TRUE">0</atprecis><attscale Sync="TRUE">0</attscale><attrdef Sync="TRUE">Internal feature number.</attrdef><attrdefs Sync="TRUE">Esri</attrdefs><attrdomv><udom Sync="TRUE">Sequential unique whole numbers that are automatically generated.</udom></attrdomv></attr><attr><attrlabl Sync="TRUE">Shape</attrlabl><attalias Sync="TRUE">Shape</attalias><attrtype Sync="TRUE">Geometry</attrtype><attwidth Sync="TRUE">0</attwidth><atprecis Sync="TRUE">0</atprecis><attscale Sync="TRUE">0</attscale><attrdef Sync="TRUE">Feature geometry.</attrdef><attrdefs Sync="TRUE">Esri</attrdefs><attrdomv><udom Sync="TRUE">Coordinates defining the features.</udom></attrdomv></attr><attr><attrlabl Sync="TRUE">PageName</attrlabl><attalias Sync="TRUE">PageName</attalias><attrtype Sync="TRUE">String</attrtype><attwidth Sync="TRUE">254</attwidth><atprecis Sync="TRUE">0</atprecis><attscale Sync="TRUE">0</attscale></attr><attr><attrlabl Sync="TRUE">PageNumber</attrlabl><attalias Sync="TRUE">PageNumber</attalias><attrtype Sync="TRUE">Integer</attrtype><attwidth Sync="TRUE">10</attwidth><atprecis Sync="TRUE">10</atprecis><attscale Sync="TRUE">0</attscale></attr><attr><attrlabl Sync="TRUE">ChaleurCl</attrlabl><attalias Sync="TRUE">ChaleurCl</attalias><attrtype Sync="TRUE">Integer</attrtype><attwidth Sync="TRUE">10</attwidth><atprecis Sync="TRUE">10</atprecis><attscale Sync="TRUE">0</attscale></attr><attr><attrlabl Sync="TRUE">SecheresCl</attrlabl><attalias Sync="TRUE">SecheresCl</attalias><attrtype Sync="TRUE">Integer</attrtype><attwidth Sync="TRUE">10</attwidth><atprecis Sync="TRUE">10</atprecis><attscale Sync="TRUE">0</attscale></attr><attr><attrlabl Sync="TRUE">PluiesCl</attrlabl><attalias Sync="TRUE">PluiesCl</attalias><attrtype Sync="TRUE">Integer</attrtype><attwidth Sync="TRUE">10</attwidth><atprecis Sync="TRUE">10</atprecis><attscale Sync="TRUE">0</attscale></attr><attr><attrlabl Sync="TRUE">CruesCl</attrlabl><attalias Sync="TRUE">CruesCl</attalias><attrtype Sync="TRUE">Integer</attrtype><attwidth Sync="TRUE">10</attwidth><atprecis Sync="TRUE">10</atprecis><attscale Sync="TRUE">0</attscale></attr><attr><attrlabl Sync="TRUE">TempeteCl</attrlabl><attalias Sync="TRUE">TempeteCl</attalias><attrtype Sync="TRUE">Integer</attrtype><attwidth Sync="TRUE">10</attwidth><atprecis Sync="TRUE">10</atprecis><attscale Sync="TRUE">0</attscale></attr><attr><attrlabl Sync="TRUE">ChaleurCat</attrlabl><attalias Sync="TRUE">ChaleurCat</attalias><attrtype Sync="TRUE">String</attrtype><attwidth Sync="TRUE">25</attwidth><atprecis Sync="TRUE">0</atprecis><attscale Sync="TRUE">0</attscale></attr><attr><attrlabl Sync="TRUE">PluiesCat</attrlabl><attalias Sync="TRUE">PluiesCat</attalias><attrtype Sync="TRUE">String</attrtype><attwidth Sync="TRUE">25</attwidth><atprecis Sync="TRUE">0</atprecis><attscale Sync="TRUE">0</attscale></attr><attr><attrlabl Sync="TRUE">SechereCat</attrlabl><attalias Sync="TRUE">SechereCat</attalias><attrtype Sync="TRUE">String</attrtype><attwidth Sync="TRUE">25</attwidth><atprecis Sync="TRUE">0</atprecis><attscale Sync="TRUE">0</attscale></attr><attr><attrlabl Sync="TRUE">CruesCat</attrlabl><attalias Sync="TRUE">CruesCat</attalias><attrtype Sync="TRUE">String</attrtype><attwidth Sync="TRUE">25</attwidth><atprecis Sync="TRUE">0</atprecis><attscale Sync="TRUE">0</attscale></attr><attr><attrlabl Sync="TRUE">TempeteCat</attrlabl><attalias Sync="TRUE">TempeteCat</attalias><attrtype Sync="TRUE">String</attrtype><attwidth Sync="TRUE">25</attwidth><atprecis Sync="TRUE">0</atprecis><attscale Sync="TRUE">0</attscale></attr><attr><attrlabl Sync="TRUE">SHAPE_Leng</attrlabl><attalias Sync="TRUE">SHAPE_Leng</attalias><attrtype Sync="TRUE">Double</attrtype><attwidth Sync="TRUE">19</attwidth><atprecis Sync="TRUE">0</atprecis><attscale Sync="TRUE">0</attscale></attr><attr><attrlabl Sync="TRUE">SHAPE_Area</attrlabl><attalias Sync="TRUE">SHAPE_Area</attalias><attrtype Sync="TRUE">Double</attrtype><attwidth Sync="TRUE">19</attwidth><atprecis Sync="TRUE">0</atprecis><attscale Sync="TRUE">0</attscale><attrdef Sync="TRUE">Area of feature in internal units squared.</attrdef><attrdefs Sync="TRUE">Esri</attrdefs><attrdomv><udom Sync="TRUE">Positive real numbers that are automatically generated.</udom></attrdomv></attr><attr><attrlabl Sync="TRUE">Field</attrlabl><attalias Sync="TRUE">Field</attalias><attrtype Sync="TRUE">Integer</attrtype><attwidth Sync="TRUE">10</attwidth><atprecis Sync="TRUE">10</atprecis><attscale Sync="TRUE">0</attscale></attr></detailed></eainfo><mdDateSt Sync="TRUE">20221108</mdDateSt></metadata>
