code_du_projet,nom_du_projet,organisme,portefeuille,numero_assignation_du_projet,description,portee,projet_cible,statut,derniere_mise_a_jour,date_debut,date_de_fin_estimee,nombre_de_jours_suspendus,explication_des_suspensions_du_projet,cout_autorise,date_de_fin_autorisee,montant_reel_depense,cout_estime,avancement_du_projet,cote_de_cout,indice_de_cout,cote_echeancier,indice_echeancier,commentaires
14287,Gestion partagée de la prestation de services,"Ministère du Travail, de l'Emploi et de la Solidarité sociale","Travail, Emploi et Solidarité sociale",0022 - 161009 - 170022,"Le projet vise la distribution du travail généré par les dossiers de la clientèle visée auprès de l’ensemble des agents d’aide socioéconomique selon leurs compétences et leurs disponibilités, peu importe le territoire du prestataire. Il s’agit de leur permettre de traiter une ou des activités d’un dossier en leur donnant un accès électronique aux documents entrants et à ceux constituant le dossier. En cohérence avec la planification stratégique, le projet concourt directement à l’amélioration de l’organisation du travail et à l’optimisation de l’utilisation des ressources dans le réseau. Ce projet structurant permettra d’offrir une prestation de services modernisée, plus agile et surtout, adaptée aux besoins et aux attentes de sa clientèle. ","Le projet GPPS porte sur la mise en oeuvre de solutions pour soutenir les processus liés à la gestion décloisonnée des dossiers des programmes de l’aide financière de dernier recours (AFDR) et d’objectif emploi (OE) volet aide financière. Il porte également sur les processus liés à la numérisation des documents existants dans les dossiers papier et ceux reçus de la clientèle afin de constituer un dossier numérique par individu en remplacement du dossier physique actuel. Finalement, le projet s’appuie sur des processus liés à la gestion des documents numérisés.",Oui,Actif,2020-10-27,2016-09-27,2024-03-31,0,,46459500,2024-03-31,,31291100,24.0,Vert,0.0,Vert,0.0,
14589,RENIR (Migration de la desserte policière sur le RENIR),Sûreté du Québec,Sécurité publique,707620,,,Non,Suspendu,2020-10-28,2016-10-01,2025-03-31,1246,Le projet a été suspendu en raison de problèmes techniques pour lesquels la Sûreté du Québec collabore avec le CSPQ pour trouver une solution durable.,4703200,2018-06-30,,4703200,,-,,-,,
14659,Médicaments en clinique externe,Régie de l'assurance maladie du Québec,Santé et Services sociaux,VPTI-28,"Le dossier santé Québec (DSQ) permet aux intervenants participants d’accéder à un certain nombre de renseignements de santé jugés essentiels. Le domaine médicament est un domaine clinique permettant de collecter, de conserver et de communiquer les renseignements de santé concernant tout médicament délivré à un usager en pharmacie communautaire et prochainement en pharmacie d’établissement. L’objectif de ce projet est l'ajout des médicaments qu’un usager peut recevoir lorsqu'il se présente en clinique ambulatoire d’'un établissement de santé d'oncologie. Ces médicaments ont une valeur clinique importante pour permettre un suivi médical plus complet. ","Le domaine médicament est présentement alimenté des médicaments délivrés dans les pharmacies communautaires du Québec et le présent projet a pour objet d’y ajouter les médicaments délivrés en pharmacie d’établissement pour des usagers de cliniques externes d’oncologie. De façon plus spécifique, les résultats attendus du projet peuvent également être énoncés ainsi : Pour l’usager : • l’obtention des meilleurs soins appropriés, tenant compte de son état sur le plan des médicaments consommés. Pour les intervenants autorisés (incluant les professionnels qui œuvrent dans les établissements) : • l’obtention d’une vision d’ensemble des médicaments délivrés à l’usager; • la prise en compte des médicaments délivrés dans les cliniques externes pour l’élaboration des traitements de soins les plus adéquats à la situation de l’usager; • l’augmentation de la valeur ajoutée de l’accès au profil pharmacologique et l’amélioration de la perception du DSQ pour le domaine médicament. ",Oui,Actif,2020-10-29,2015-05-01,2022-12-31,0,,7613600,2019-10-31,,6434500,32.0,Vert,0.0,Rouge,70.37,"Étant donné la faible disponibilité des établissements, le temps requis pour la négociation et la réalisation des contrats avec les différents fournisseurs, la durée des travaux d’intégration et de certification, il a été requis de revoir la date de fin du projet."
14768,Reconnaissance faciale & Empreintes digitales,Sûreté du Québec,Sécurité publique,710102,,,Non,Actif,2020-10-30,2018-10-23,2021-09-30,0,,2579500,2021-09-30,,2496000,,Vert,0.0,Vert,0.0,
14831,Consolidation des autorisations des organismes scolaires relatives aux programmes d'études,Ministère de l'Éducation,Éducation et Enseignement supérieur,P-1789,,,Non,Actif,2020-10-16,2017-04-03,2022-08-30,0,,993000,2022-08-30,,808500,,Vert,0.0,Vert,0.0,
14926,Acquisition et mise en place d'outils pour la gestion et la maintenance des biens immobiliers.,Société des établissements de plein air du Québec,"Forêts, Faune et Parcs",DEV2017-2021-BIENS,,,Non,Actif,2020-10-16,2017-04-03,2023-12-31,nd,,1845800,2021-03-26,,2344200,,Jaune,27.0,Rouge,69.51,
14987,P2 Implanter les outils informatiques de la VPE,Régie du bâtiment du Québec,Affaires municipales et Habitation,294020041,,,Non,Actif,2020-10-21,2016-09-26,2023-03-31,1449,,6274700,2019-10-02,,6274500,,Vert,0.0,Rouge,72.02,
15012,Gestion de la norme et de la qualité des dessins (NQD) en conception et dessin assistés par ordinateur (CDAO),Ministère des Transports,Transports,P228A,,,Non,Actif,2020-10-26,2018-10-16,2021-12-31,0,,747400,2021-12-31,,603400,,Vert,0.0,Vert,0.0,
15069,Gestion des mesures fiscales (GMF),Ministère des Finances,Finances,MFQ-015,,,Non,Suspendu,2020-10-16,2018-03-01,2019-10-22,nd,"La phase d'exécution du projet est suspendue. Ceci, car certains travaux ont été omis lors de la phase de conception. Ces travaux, étant jugés essentiels, doivent être élaborés avant de pouvoir reprendre la phase d'exécution.",598100,2019-10-22,,175500,,-,,-,,
15274,Gestion intégrée des dossiers juridiques,Ministère de la Justice,Justice,320100020,,,Non,Actif,2020-10-16,2017-08-31,2023-03-31,0,,4358700,2023-03-31,,4358700,,Vert,0.0,Vert,0.0,
1003125,Solution de gestion des apprentissages (SGT),Agence du revenu du Québec,Finances,222132801,,,Non,Actif,2020-10-16,2017-05-08,2021-12-31,0,,4000000,2021-12-31,,4000000,,Vert,0.0,Vert,0.0,
1003132,Services de gestion de l'identification - Clientèle externe (SGI),Agence du revenu du Québec,Finances,222134801,,,Non,Actif,2020-10-16,2018-04-25,2021-12-31,0,,8445000,2021-12-31,,7630700,,Vert,0.0,Vert,0.0,
1003231,PP - SIL - Mise en place du Système d'information de laboratoire provincial - SIL- Corelab (OPTILAB),Ministère de la Santé et des Services sociaux,Santé et Services sociaux,004679,La mise en place d'un système d'information de laboratoire unique pour tous les Départements cliniques de médecine laboratoire de réseau public.,La mise en place d'un système d'information de laboratoire dont l'infrastructure est fournie par le fournisseur. Le déploiement est inclus par le fournisseur et se fait avec l'aide du centre d'opérationnalisation et des départements cliniques de médecine laboratoire des établissements.,Oui,Actif,2020-10-28,2017-05-12,2024-09-10,0,,71797200,2024-07-31,,71685700,4.0,Vert,0.0,Vert,1.55,
1003372,Rapatriement et développement de PARLe,Office de la protection du consommateur,Justice,2019-001,,,Non,Actif,2020-10-28,2019-07-08,2022-08-31,153,,1399000,2022-03-31,,913200,,Vert,0.0,Vert,0.0,
1003818,"Remplacement de l'application ""Gestion des Baux""",Société québécoise des infrastructures,Conseil du trésor et Administration gouvernementale,R00241,,,Non,Actif,2020-10-29,2018-09-20,2021-07-31,0,,3383400,2021-07-31,,3383400,,Vert,0.0,Vert,0.0,
1005383,IFR Plus - Phase 2,Université du Québec,Éducation et Enseignement supérieur,6600,,,Non,Actif,2020-10-16,2019-05-01,2025-07-12,0,,2285200,2025-07-12,,1781200,,Vert,0.0,Vert,0.0,
1005831,Implantation d'un système institutionnel de GED,École de technologie supérieure,Éducation et Enseignement supérieur,PRJ-978010-2019-0307,,,Non,Actif,2020-10-30,2019-06-25,2023-06-30,0,,1789000,2023-06-30,,2369500,,Rouge,32.44,Vert,0.0,
1006481,Network Upgrade,Université McGill,Éducation et Enseignement supérieur,PRJ-979000-2015-763,"La mise à jour du réseau est une initiative à l'échelle de McGill visant à améliorer le réseau informatique de l'Université en remplaçant ses technologies et son matériel de base. La mise à niveau entraînera une amélioration de la qualité de service, de la sécurité, des performances et de la fiabilité pour la communauté de McGill.","Remplacer les technologies et le matériel de base pour améliorer la qualité de service, la sécurité et la fiabilité du réseau pour la communauté de McGill Le projet comprend aussi le remplacement du système téléphonique actuel par une plate-forme de communication moderne, flexible et facile à utiliser pour améliorer la collaboration, l'enseignement, l'apprentissage et la recherche sur le campus. Un volet de sécurité de l'information met également en œuvre les normes de l'industrie en matière de sécurité informatique afin de sécuriser davantage les données sur le réseau.",Oui,Actif,2020-10-28,2015-03-02,2023-12-22,0,,32446100,2021-12-31,,32446400,51.0,Vert,0.0,Jaune,28.88,"La situation actuelle avec la pandémie a entravé notre capacité à livrer selon la vitesse initialement prévue - En outre, le processus d'appel d'offres pour la partie communications du projet a pris plus de temps que prévu initialement (Le projet a été retardé en raison de l'indisponibilité des ressources externes, ce qui a entraîné une mise à jour dans la planification du projet.. Le projet a été retardé à la suite d'un délai dans le processus d'appel d'offres exigeant une révision de la planification du projet.) "
1008419,Identity and Access Management,Université McGill,Éducation et Enseignement supérieur,PRJ-979000-2015-1091,,,Non,Actif,2020-10-16,2017-02-01,2023-01-31,0,,1910000,2021-06-30,,1910000,,Vert,0.0,Rouge,36.02,
1009400,Thesis examination management,Université McGill,Éducation et Enseignement supérieur,PRJ-979000-2018-5069,,,Non,Actif,2020-10-16,2018-11-05,2021-12-15,0,,0,2020-12-31,,579300,,-,,Rouge,44.34,
