<?xml version="1.0" encoding="UTF-8"?>
<metadata xml:lang="fr"><Esri><CreaDate>20210625</CreaDate><CreaTime>12355700</CreaTime><ArcGISFormat>1.0</ArcGISFormat><SyncOnce>FALSE</SyncOnce><DataProperties><itemProps><itemName Sync="TRUE">Pee_maj</itemName><imsContentType Sync="TRUE">002</imsContentType><itemSize Sync="TRUE">0.000</itemSize><itemLocation><linkage Sync="TRUE">file://\\221170PT\E$\Produit_2021\index_maj\shp\Pee_maj\Pee_maj.shp</linkage><protocol Sync="TRUE">Local Area Network</protocol></itemLocation></itemProps><coordRef><type Sync="TRUE">Projected</type><geogcsn Sync="TRUE">GCS_WGS_1984</geogcsn><csUnits Sync="TRUE">Linear Unit: Meter (1.000000)</csUnits><projcsn Sync="TRUE">WGS_1984_Web_Mercator_Auxiliary_Sphere</projcsn><peXml Sync="TRUE">&lt;ProjectedCoordinateSystem xsi:type='typens:ProjectedCoordinateSystem' xmlns:xsi='http://www.w3.org/2001/XMLSchema-instance' xmlns:xs='http://www.w3.org/2001/XMLSchema' xmlns:typens='http://www.esri.com/schemas/ArcGIS/2.4.0'&gt;&lt;WKT&gt;PROJCS[&amp;quot;WGS_1984_Web_Mercator_Auxiliary_Sphere&amp;quot;,GEOGCS[&amp;quot;GCS_WGS_1984&amp;quot;,DATUM[&amp;quot;D_WGS_1984&amp;quot;,SPHEROID[&amp;quot;WGS_1984&amp;quot;,6378137.0,298.257223563]],PRIMEM[&amp;quot;Greenwich&amp;quot;,0.0],UNIT[&amp;quot;Degree&amp;quot;,0.0174532925199433]],PROJECTION[&amp;quot;Mercator_Auxiliary_Sphere&amp;quot;],PARAMETER[&amp;quot;False_Easting&amp;quot;,0.0],PARAMETER[&amp;quot;False_Northing&amp;quot;,0.0],PARAMETER[&amp;quot;Central_Meridian&amp;quot;,0.0],PARAMETER[&amp;quot;Standard_Parallel_1&amp;quot;,0.0],PARAMETER[&amp;quot;Auxiliary_Sphere_Type&amp;quot;,0.0],UNIT[&amp;quot;Meter&amp;quot;,1.0],AUTHORITY[&amp;quot;EPSG&amp;quot;,3857]]&lt;/WKT&gt;&lt;XOrigin&gt;-20037700&lt;/XOrigin&gt;&lt;YOrigin&gt;-30241100&lt;/YOrigin&gt;&lt;XYScale&gt;148923141.92838538&lt;/XYScale&gt;&lt;ZOrigin&gt;-100000&lt;/ZOrigin&gt;&lt;ZScale&gt;10000&lt;/ZScale&gt;&lt;MOrigin&gt;-100000&lt;/MOrigin&gt;&lt;MScale&gt;10000&lt;/MScale&gt;&lt;XYTolerance&gt;0.001&lt;/XYTolerance&gt;&lt;ZTolerance&gt;0.001&lt;/ZTolerance&gt;&lt;MTolerance&gt;0.001&lt;/MTolerance&gt;&lt;HighPrecision&gt;true&lt;/HighPrecision&gt;&lt;WKID&gt;102100&lt;/WKID&gt;&lt;LatestWKID&gt;3857&lt;/LatestWKID&gt;&lt;/ProjectedCoordinateSystem&gt;</peXml></coordRef><lineage><Process ToolSource="c:\program files\arcgis\pro\Resources\ArcToolbox\toolboxes\Conversion Tools.tbx\FeatureClassToFeatureClass" Date="20210625" Time="123558">FeatureClassToFeatureClass Index_telechargement250K E:\Produit_2021 index_maj.shp # "objectid "objectid" true true false 10 Long 0 10,First,#,Index_telechargement250K,objectid,-1,-1;feuillet "feuillet" true true false 4 Text 0 0,First,#,Index_telechargement250K,feuillet,0,4;carte_ori "carte_ori" true true false 150 Text 0 0,First,#,Index_telechargement250K,carte_ori,0,150;carte_maj "carte_maj" true true false 150 Text 0 0,First,#,Index_telechargement250K,carte_maj,0,150;feux "feux" true true false 150 Text 0 0,First,#,Index_telechargement250K,feux,0,150;interventi "interventi" true true false 150 Text 0 0,First,#,Index_telechargement250K,interventi,0,150;non_forest "non_forest" true true false 150 Text 0 0,First,#,Index_telechargement250K,non_forest,0,150;pertu_aut "pertu_aut" true true false 150 Text 0 0,First,#,Index_telechargement250K,pertu_aut,0,150;pente "pente" true true false 150 Text 0 0,First,#,Index_telechargement250K,pente,0,150;pien_veg "pien_veg" true true false 150 Text 0 0,First,#,Index_telechargement250K,pien_veg,0,150;nord53_veg "nord53_veg" true true false 150 Text 0 0,First,#,Index_telechargement250K,nord53_veg,0,150;nord53_dep "nord53_dep" true true false 150 Text 0 0,First,#,Index_telechargement250K,nord53_dep,0,150;dep_sud_ma "dep_sud_ma" true true false 150 Text 0 0,First,#,Index_telechargement250K,dep_sud_ma,0,150;pep "pep" true true false 150 Text 0 0,First,#,Index_telechargement250K,pep,0,150;pet_2 "pet_2" true true false 150 Text 0 0,First,#,Index_telechargement250K,pet_2,0,150;pet_3 "pet_3" true true false 150 Text 0 0,First,#,Index_telechargement250K,pet_3,0,150;pet_4 "pet_4" true true false 150 Text 0 0,First,#,Index_telechargement250K,pet_4,0,150;classi_eco "classi_eco" true true false 150 Text 0 0,First,#,Index_telechargement250K,classi_eco,0,150;tar_cubage "tar_cubage" true true false 150 Text 0 0,First,#,Index_telechargement250K,tar_cubage,0,150;mosa_1986 "mosa_1986" true true false 150 Text 0 0,First,#,Index_telechargement250K,mosa_1986,0,150;mosa_2012 "mosa_2012" true true false 150 Text 0 0,First,#,Index_telechargement250K,mosa_2012,0,150;mosa_2013 "mosa_2013" true true false 150 Text 0 0,First,#,Index_telechargement250K,mosa_2013,0,150;mosa_2014 "mosa_2014" true true false 150 Text 0 0,First,#,Index_telechargement250K,mosa_2014,0,150;mosa_2015 "mosa_2015" true true false 150 Text 0 0,First,#,Index_telechargement250K,mosa_2015,0,150;mosa_2016 "mosa_2016" true true false 150 Text 0 0,First,#,Index_telechargement250K,mosa_2016,0,150;mosa_2011 "mosa_2011" true true false 150 Text 0 0,First,#,Index_telechargement250K,mosa_2011,0,150;mosa_2017 "mosa_2017" true true false 150 Text 0 0,First,#,Index_telechargement250K,mosa_2017,0,150;cmp_forel "cmp_forel" true true false 150 Text 0 0,First,#,Index_telechargement250K,cmp_forel,0,150;pet_5 "pet_5" true true false 150 Text 0 0,First,#,Index_telechargement250K,pet_5,0,150;carte_1prg "carte_1prg" true true false 150 Text 0 0,First,#,Index_telechargement250K,carte_1prg,0,150;carte_2prg "carte_2prg" true true false 150 Text 0 0,First,#,Index_telechargement250K,carte_2prg,0,150;carte_3prg "carte_3prg" true true false 150 Text 0 0,First,#,Index_telechargement250K,carte_3prg,0,150;sen_2018 "sen_2018" true true false 150 Text 0 0,First,#,Index_telechargement250K,sen_2018,0,150;mosa_2018 "mosa_2018" true true false 150 Text 0 0,First,#,Index_telechargement250K,mosa_2018,0,150;topex "topex" true true false 150 Text 0 0,First,#,Index_telechargement250K,topex,0,150;sen_2019 "sen_2019" true true false 150 Text 0 0,First,#,Index_telechargement250K,sen_2019,0,150;mosa_2019 "mosa_2019" true true false 150 Text 0 0,First,#,Index_telechargement250K,mosa_2019,0,150;sen_2020 "sen_2020" true true false 150 Text 0 0,First,#,Index_telechargement250K,sen_2020,0,150;mosa_2020 "mosa_2020" true true false 150 Text 0 0,First,#,Index_telechargement250K,mosa_2020,0,150;poe "poe" true true false 150 Text 0 0,First,#,Index_telechargement250K,poe,0,150" #</Process><Process ToolSource="c:\program files\arcgis\pro\Resources\ArcToolbox\toolboxes\Data Management Tools.tbx\DeleteField" Date="20210625" Time="123840">DeleteField index_maj carte_ori;feux;interventi;non_forest;pertu_aut;pente;pien_veg;nord53_veg;nord53_dep;dep_sud_ma</Process><Process ToolSource="c:\program files\arcgis\pro\Resources\ArcToolbox\toolboxes\Data Management Tools.tbx\DeleteField" Date="20210625" Time="123858">DeleteField index_maj pep;pet_2;pet_3;pet_4;classi_eco;tar_cubage;mosa_1986;mosa_2012;mosa_2013;mosa_2014</Process><Process ToolSource="c:\program files\arcgis\pro\Resources\ArcToolbox\toolboxes\Data Management Tools.tbx\DeleteField" Date="20210625" Time="123915">DeleteField index_maj mosa_2015;mosa_2016;mosa_2011;mosa_2017;cmp_forel;pet_5;carte_1prg</Process><Process ToolSource="c:\program files\arcgis\pro\Resources\ArcToolbox\toolboxes\Data Management Tools.tbx\DeleteField" Date="20210625" Time="123938">DeleteField index_maj carte_2prg;carte_3prg;sen_2018;mosa_2018;topex;sen_2019;mosa_2019;sen_2020;mosa_2020;poe</Process><Process ToolSource="c:\program files\arcgis\pro\Resources\ArcToolbox\toolboxes\Conversion Tools.tbx\FeatureClassToFeatureClass" Date="20210625" Time="125604">FeatureClassToFeatureClass index_maj E:\Produit_2021\index_maj\shp\Pee_maj Pee_maj.shp # "objectid "objectid" true true false 10 Long 0 10,First,#,index_maj,objectid,-1,-1;feuillet "feuillet" true true false 4 Text 0 0,First,#,index_maj,feuillet,0,4;carte_maj "carte_maj" true true false 150 Text 0 0,First,#,index_maj,carte_maj,0,150" #</Process></lineage></DataProperties><SyncDate>20210625</SyncDate><SyncTime>12560400</SyncTime><ModDate>20210625</ModDate><ModTime>12560400</ModTime></Esri><dataIdInfo><envirDesc Sync="TRUE">Microsoft Windows 7 Version 6.1 (Build 7601) Service Pack 1; Esri ArcGIS 12.4.0.19948</envirDesc><dataLang><languageCode value="fra" Sync="TRUE"></languageCode><countryCode value="CAN" Sync="TRUE"></countryCode></dataLang><idCitation><resTitle Sync="TRUE">Pee_maj</resTitle><presForm><PresFormCd value="005" Sync="TRUE"></PresFormCd></presForm></idCitation><spatRpType><SpatRepTypCd value="001" Sync="TRUE"></SpatRepTypCd></spatRpType></dataIdInfo><mdLang><languageCode value="fra" Sync="TRUE"></languageCode><countryCode value="CAN" Sync="TRUE"></countryCode></mdLang><mdChar><CharSetCd value="004" Sync="TRUE"></CharSetCd></mdChar><distInfo><distFormat><formatName Sync="TRUE">Fichier de formes</formatName></distFormat><distTranOps><transSize Sync="TRUE">0.000</transSize></distTranOps></distInfo><mdHrLv><ScopeCd value="005" Sync="TRUE"></ScopeCd></mdHrLv><mdHrLvName Sync="TRUE">dataset</mdHrLvName><refSysInfo><RefSystem><refSysID><identCode code="3857" Sync="TRUE"></identCode><idCodeSpace Sync="TRUE">EPSG</idCodeSpace><idVersion Sync="TRUE">8.8(9.3.1.2)</idVersion></refSysID></RefSystem></refSysInfo><spatRepInfo><VectSpatRep><geometObjs Name="Pee_maj"><geoObjTyp><GeoObjTypCd value="002" Sync="TRUE"></GeoObjTypCd></geoObjTyp><geoObjCnt Sync="TRUE">0</geoObjCnt></geometObjs><topLvl><TopoLevCd value="001" Sync="TRUE"></TopoLevCd></topLvl></VectSpatRep></spatRepInfo><spdoinfo><ptvctinf><esriterm Name="Pee_maj"><efeatyp Sync="TRUE">Simple</efeatyp><efeageom code="4" Sync="TRUE"></efeageom><esritopo Sync="TRUE">FALSE</esritopo><efeacnt Sync="TRUE">0</efeacnt><spindex Sync="TRUE">FALSE</spindex><linrefer Sync="TRUE">FALSE</linrefer></esriterm></ptvctinf></spdoinfo><eainfo><detailed Name="Pee_maj"><enttyp><enttypl Sync="TRUE">Pee_maj</enttypl><enttypt Sync="TRUE">Feature Class</enttypt><enttypc Sync="TRUE">0</enttypc></enttyp><attr><attrlabl Sync="TRUE">FID</attrlabl><attalias Sync="TRUE">FID</attalias><attrtype Sync="TRUE">OID</attrtype><attwidth Sync="TRUE">4</attwidth><atprecis Sync="TRUE">0</atprecis><attscale Sync="TRUE">0</attscale><attrdef Sync="TRUE">Internal feature number.</attrdef><attrdefs Sync="TRUE">Esri</attrdefs><attrdomv><udom Sync="TRUE">Sequential unique whole numbers that are automatically generated.</udom></attrdomv></attr><attr><attrlabl Sync="TRUE">Shape</attrlabl><attalias Sync="TRUE">Shape</attalias><attrtype Sync="TRUE">Geometry</attrtype><attwidth Sync="TRUE">0</attwidth><atprecis Sync="TRUE">0</atprecis><attscale Sync="TRUE">0</attscale><attrdef Sync="TRUE">Feature geometry.</attrdef><attrdefs Sync="TRUE">Esri</attrdefs><attrdomv><udom Sync="TRUE">Coordinates defining the features.</udom></attrdomv></attr><attr><attrlabl Sync="TRUE">objectid</attrlabl><attalias Sync="TRUE">objectid</attalias><attrtype Sync="TRUE">Integer</attrtype><attwidth Sync="TRUE">10</attwidth><atprecis Sync="TRUE">10</atprecis><attscale Sync="TRUE">0</attscale></attr><attr><attrlabl Sync="TRUE">feuillet</attrlabl><attalias Sync="TRUE">feuillet</attalias><attrtype Sync="TRUE">String</attrtype><attwidth Sync="TRUE">4</attwidth><atprecis Sync="TRUE">0</atprecis><attscale Sync="TRUE">0</attscale></attr><attr><attrlabl Sync="TRUE">carte_maj</attrlabl><attalias Sync="TRUE">carte_maj</attalias><attrtype Sync="TRUE">String</attrtype><attwidth Sync="TRUE">150</attwidth><atprecis Sync="TRUE">0</atprecis><attscale Sync="TRUE">0</attscale></attr></detailed></eainfo><mdDateSt Sync="TRUE">20210625</mdDateSt></metadata>
