<?xml version="1.0" encoding="utf-8"?>
<export xmlns:xsi="http://www.w3.org/2001/XMLSchema-instance" xmlns:xsd="http://www.w3.org/2001/XMLSchema" datedebut="2022-02-01" datefin="2022-02-28">
  <contrat>
    <numeroseao>863726</numeroseao>
    <numero>8810-15-PZ03</numero>
    <datefinale>2018-03-31</datefinale>
    <datepublicationfinale>2016-05-12</datepublicationfinale>
    <montantfinal>124966.850000</montantfinal>
    <nomcontractant>ENTRETIENS J.R. VILLENEUVE INC.</nomcontractant>
    <neqcontractant>1140399651</neqcontractant>
  </contrat>
  <contrat>
    <numeroseao>888795</numeroseao>
    <numero>CE-2015-214</numero>
    <datefinale>2015-12-31</datefinale>
    <datepublicationfinale>2016-07-28</datepublicationfinale>
    <montantfinal>39095.290000</montantfinal>
    <nomcontractant>Ville d'Ottawa</nomcontractant>
    <neqcontractant />
  </contrat>
  <contrat>
    <numeroseao>907774</numeroseao>
    <numero>7185-15-4506</numero>
    <datefinale>2019-08-28</datefinale>
    <datepublicationfinale>2019-09-26</datepublicationfinale>
    <montantfinal>2417253.060000</montantfinal>
    <nomcontractant>FERNAND HARVEY ET FILS INC.</nomcontractant>
    <neqcontractant>1171480321</neqcontractant>
  </contrat>
  <contrat>
    <numeroseao>916861</numeroseao>
    <numero>999726577</numero>
    <datefinale>2020-06-30</datefinale>
    <datepublicationfinale>2021-02-16</datepublicationfinale>
    <montantfinal>13932636.280000</montantfinal>
    <nomcontractant>Motorola Solutions Canada inc.</nomcontractant>
    <neqcontractant>1161303822</neqcontractant>
  </contrat>
  <contrat>
    <numeroseao>974552</numeroseao>
    <numero>7204-16-3502</numero>
    <datefinale>2019-02-20</datefinale>
    <datepublicationfinale>2019-06-20</datepublicationfinale>
    <montantfinal>1166027.000000</montantfinal>
    <nomcontractant>EDC Nord (9185-9280 Québec inc.)</nomcontractant>
    <neqcontractant>1164621667</neqcontractant>
  </contrat>
  <contrat>
    <numeroseao>1017769</numeroseao>
    <numero>31537400</numero>
    <datefinale>2021-12-12</datefinale>
    <datepublicationfinale>2022-01-20</datepublicationfinale>
    <montantfinal>113207.320000</montantfinal>
    <nomcontractant>ENTRETIEN FABIEN PERRON INC.</nomcontractant>
    <neqcontractant>1160032216</neqcontractant>
  </contrat>
  <contrat>
    <numeroseao>1030420</numeroseao>
    <numero>31729300</numero>
    <datefinale>2021-11-30</datefinale>
    <datepublicationfinale>2021-12-01</datepublicationfinale>
    <montantfinal>95095.200000</montantfinal>
    <nomcontractant>Kone inc.</nomcontractant>
    <neqcontractant>1144414308</neqcontractant>
  </contrat>
  <contrat>
    <numeroseao>1060871</numeroseao>
    <numero>2503-17-0902</numero>
    <datefinale>2022-02-24</datefinale>
    <datepublicationfinale>2021-12-16</datepublicationfinale>
    <montantfinal>3562893.410000</montantfinal>
    <nomcontractant>Sintra inc. (Région Montérégie-Rive-Sud)</nomcontractant>
    <neqcontractant>1145755295</neqcontractant>
  </contrat>
  <contrat>
    <numeroseao>1062313</numeroseao>
    <numero>5404-17-AP12</numero>
    <datefinale>2020-10-05</datefinale>
    <datepublicationfinale>2019-05-31</datepublicationfinale>
    <montantfinal>30060.000000</montantfinal>
    <nomcontractant>ELECTROMEGA LIMITÉE</nomcontractant>
    <neqcontractant>1143177658</neqcontractant>
  </contrat>
  <contrat>
    <numeroseao>1063179</numeroseao>
    <numero>2017-057</numero>
    <datefinale>2021-01-21</datefinale>
    <datepublicationfinale>2021-06-21</datepublicationfinale>
    <montantfinal>371049.640000</montantfinal>
    <nomcontractant>NORDA STELO INC.</nomcontractant>
    <neqcontractant>1165310831</neqcontractant>
  </contrat>
  <contrat>
    <numeroseao>1067581</numeroseao>
    <numero>999108122</numero>
    <datefinale>2021-01-31</datefinale>
    <datepublicationfinale>2021-04-22</datepublicationfinale>
    <montantfinal>0.000000</montantfinal>
    <nomcontractant>LA SOCIÉTÉ CONSEIL LAMBDA INC.</nomcontractant>
    <neqcontractant>1146522942</neqcontractant>
  </contrat>
  <contrat>
    <numeroseao>1067581</numeroseao>
    <numero>999108122</numero>
    <datefinale>2021-01-31</datefinale>
    <datepublicationfinale>2021-04-22</datepublicationfinale>
    <montantfinal>3666600.330000</montantfinal>
    <nomcontractant>Alithya services TI inc.</nomcontractant>
    <neqcontractant>1174095282</neqcontractant>
  </contrat>
  <contrat>
    <numeroseao>1074838</numeroseao>
    <numero>999108127</numero>
    <datefinale>2020-11-30</datefinale>
    <datepublicationfinale>2020-12-14</datepublicationfinale>
    <montantfinal>1051926.500000</montantfinal>
    <nomcontractant>La Société conseil Lambda inc.</nomcontractant>
    <neqcontractant>1146522942</neqcontractant>
  </contrat>
  <contrat>
    <numeroseao>1099596</numeroseao>
    <numero>999108289</numero>
    <datefinale>2021-11-24</datefinale>
    <datepublicationfinale>2021-04-22</datepublicationfinale>
    <montantfinal>809781.630000</montantfinal>
    <nomcontractant>SOCIÉTÉ CONSEIL GROUPE LGS</nomcontractant>
    <neqcontractant>1142691709</neqcontractant>
  </contrat>
  <contrat>
    <numeroseao>1114788</numeroseao>
    <numero>2503-18-HE01</numero>
    <datefinale>2021-04-10</datefinale>
    <datepublicationfinale>2021-09-22</datepublicationfinale>
    <montantfinal>2176065.090000</montantfinal>
    <nomcontractant>CIMA+ s.e.n.c</nomcontractant>
    <neqcontractant>3340563140</neqcontractant>
  </contrat>
  <contrat>
    <numeroseao>1123096</numeroseao>
    <numero>999108132</numero>
    <datefinale>2021-04-02</datefinale>
    <datepublicationfinale>2021-07-27</datepublicationfinale>
    <montantfinal>2811221.000000</montantfinal>
    <nomcontractant>Groupe Alithya inc.</nomcontractant>
    <neqcontractant>1144392173</neqcontractant>
  </contrat>
  <contrat>
    <numeroseao>1123854</numeroseao>
    <numero>999108423</numero>
    <datefinale>2021-02-28</datefinale>
    <datepublicationfinale>2021-04-22</datepublicationfinale>
    <montantfinal>136774.270000</montantfinal>
    <nomcontractant>LGM Solution (9152-2458 Québec inc.)</nomcontractant>
    <neqcontractant>1162788013</neqcontractant>
  </contrat>
  <contrat>
    <numeroseao>1123854</numeroseao>
    <numero>999108423</numero>
    <datefinale>2021-02-28</datefinale>
    <datepublicationfinale>2021-04-22</datepublicationfinale>
    <montantfinal>11570028.670000</montantfinal>
    <nomcontractant>Micro Logic Ste-Foy Ltée</nomcontractant>
    <neqcontractant>1172265846</neqcontractant>
  </contrat>
  <contrat>
    <numeroseao>1123854</numeroseao>
    <numero>999108423</numero>
    <datefinale>2021-02-28</datefinale>
    <datepublicationfinale>2021-04-22</datepublicationfinale>
    <montantfinal>2099072.460000</montantfinal>
    <nomcontractant>Groupe Alithya inc.</nomcontractant>
    <neqcontractant>1144392173</neqcontractant>
  </contrat>
  <contrat>
    <numeroseao>1171982</numeroseao>
    <numero>2506-18-4533</numero>
    <datefinale>2021-08-24</datefinale>
    <datepublicationfinale>2021-07-30</datepublicationfinale>
    <montantfinal>2884232.360000</montantfinal>
    <nomcontractant>Les Entreprises K.L. Mainville inc.</nomcontractant>
    <neqcontractant>1162059548</neqcontractant>
  </contrat>
  <contrat>
    <numeroseao>1175799</numeroseao>
    <numero>6708-18-4516</numero>
    <datefinale>2021-09-27</datefinale>
    <datepublicationfinale>2021-11-17</datepublicationfinale>
    <montantfinal>3695418.700000</montantfinal>
    <nomcontractant>JEAN FOURNIER INC.</nomcontractant>
    <neqcontractant>1142751800</neqcontractant>
  </contrat>
  <contrat>
    <numeroseao>1177325</numeroseao>
    <numero>2506-18-4554</numero>
    <datefinale>2021-08-24</datefinale>
    <datepublicationfinale>2021-07-30</datepublicationfinale>
    <montantfinal>3241188.470000</montantfinal>
    <nomcontractant>Les Entreprises K.L. Mainville inc.</nomcontractant>
    <neqcontractant>1162059548</neqcontractant>
  </contrat>
  <contrat>
    <numeroseao>1177776</numeroseao>
    <numero>6301-18-EZ01</numero>
    <datefinale>2021-10-16</datefinale>
    <datepublicationfinale>2021-12-16</datepublicationfinale>
    <montantfinal>66700.000000</montantfinal>
    <nomcontractant>Consortium Géolocation-Gaspésie</nomcontractant>
    <neqcontractant />
  </contrat>
  <contrat>
    <numeroseao>1217981</numeroseao>
    <numero>2403-18-APE7</numero>
    <datefinale>2019-03-31</datefinale>
    <datepublicationfinale>2019-09-05</datepublicationfinale>
    <montantfinal>179570.300000</montantfinal>
    <nomcontractant>SEBCI</nomcontractant>
    <neqcontractant>1164309131</neqcontractant>
  </contrat>
  <contrat>
    <numeroseao>1223256</numeroseao>
    <numero>999733183</numero>
    <datefinale>2021-11-30</datefinale>
    <datepublicationfinale>2022-01-27</datepublicationfinale>
    <montantfinal>449192.250000</montantfinal>
    <nomcontractant>IBM Canada Limitée</nomcontractant>
    <neqcontractant>1165702128</neqcontractant>
  </contrat>
  <contrat>
    <numeroseao>1239625</numeroseao>
    <numero>347493452</numero>
    <datefinale>2020-03-31</datefinale>
    <datepublicationfinale>2020-08-27</datepublicationfinale>
    <montantfinal>45450.000000</montantfinal>
    <nomcontractant>Carole Villeneuve</nomcontractant>
    <neqcontractant>2273880320</neqcontractant>
  </contrat>
  <contrat>
    <numeroseao>1239632</numeroseao>
    <numero>34996000</numero>
    <datefinale>2022-02-03</datefinale>
    <datepublicationfinale>2021-12-20</datepublicationfinale>
    <montantfinal>1054400.000000</montantfinal>
    <nomcontractant>REVÊTEMENTS MÉTALLIQUES PRÉVOST INC.</nomcontractant>
    <neqcontractant>1149183791</neqcontractant>
  </contrat>
  <contrat>
    <numeroseao>1257076</numeroseao>
    <numero>1338221</numero>
    <datefinale>2021-03-04</datefinale>
    <datepublicationfinale>2021-09-27</datepublicationfinale>
    <montantfinal>38003.380000</montantfinal>
    <nomcontractant>Lashley + Associates</nomcontractant>
    <neqcontractant>1172206642</neqcontractant>
  </contrat>
  <contrat>
    <numeroseao>1263483</numeroseao>
    <numero>2403-19-AP55</numero>
    <datefinale>2020-04-16</datefinale>
    <datepublicationfinale>2020-09-14</datepublicationfinale>
    <montantfinal>37800.000000</montantfinal>
    <nomcontractant>TRANSPORT CAMILLE DIONNE (1991) INC.</nomcontractant>
    <neqcontractant>1143923358</neqcontractant>
  </contrat>
  <contrat>
    <numeroseao>1265925</numeroseao>
    <numero>7103-19-0919</numero>
    <datefinale>2022-02-23</datefinale>
    <datepublicationfinale>2021-01-14</datepublicationfinale>
    <montantfinal>5797011.500000</montantfinal>
    <nomcontractant>EJD Construction Inc.</nomcontractant>
    <neqcontractant>1169925311</neqcontractant>
  </contrat>
  <contrat>
    <numeroseao>1278717</numeroseao>
    <numero>2019-50-67</numero>
    <datefinale>2021-01-22</datefinale>
    <datepublicationfinale>2020-03-09</datepublicationfinale>
    <montantfinal>181498.620000</montantfinal>
    <nomcontractant>AQUAM SPÉCIALISTE AQUATIQUE INC.</nomcontractant>
    <neqcontractant>1143759281</neqcontractant>
  </contrat>
  <contrat>
    <numeroseao>1313609</numeroseao>
    <numero>999109180</numero>
    <datefinale>2021-11-30</datefinale>
    <datepublicationfinale>2022-01-27</datepublicationfinale>
    <montantfinal>87949.550000</montantfinal>
    <nomcontractant>MICRO LOGIC SAINTE-FOY LTÉE</nomcontractant>
    <neqcontractant>1172265846</neqcontractant>
  </contrat>
  <contrat>
    <numeroseao>1318603</numeroseao>
    <numero>9059-101-</numero>
    <datefinale>2020-08-21</datefinale>
    <datepublicationfinale>2020-09-01</datepublicationfinale>
    <montantfinal>28632.060000</montantfinal>
    <nomcontractant>Leclerc  Architectes inc.</nomcontractant>
    <neqcontractant>1168318849</neqcontractant>
  </contrat>
  <contrat>
    <numeroseao>1338122</numeroseao>
    <numero>SGN-2020-0201</numero>
    <datefinale>2021-11-16</datefinale>
    <datepublicationfinale>2021-05-06</datepublicationfinale>
    <montantfinal>1511390.470000</montantfinal>
    <nomcontractant>LES ENTREPRISES MICHAUDVILLE INC.</nomcontractant>
    <neqcontractant>1142707943</neqcontractant>
  </contrat>
  <contrat>
    <numeroseao>1345334</numeroseao>
    <numero>1002085</numero>
    <datefinale>2021-03-15</datefinale>
    <datepublicationfinale>2021-03-15</datepublicationfinale>
    <montantfinal>1925808.820000</montantfinal>
    <nomcontractant>Eurovia Québec Construction Inc.</nomcontractant>
    <neqcontractant>1169491884</neqcontractant>
  </contrat>
  <contrat>
    <numeroseao>1347436</numeroseao>
    <numero>9001-20-0201</numero>
    <datefinale>2022-02-22</datefinale>
    <datepublicationfinale>2022-01-07</datepublicationfinale>
    <montantfinal>3030631.460000</montantfinal>
    <nomcontractant>COFFREX INC.</nomcontractant>
    <neqcontractant>1172512155</neqcontractant>
  </contrat>
  <contrat>
    <numeroseao>1349073</numeroseao>
    <numero>999109359</numero>
    <datefinale>2021-12-21</datefinale>
    <datepublicationfinale>2021-05-12</datepublicationfinale>
    <montantfinal>66229.540000</montantfinal>
    <nomcontractant>CONNEX Québec inc.</nomcontractant>
    <neqcontractant>1168018977</neqcontractant>
  </contrat>
  <contrat>
    <numeroseao>1356114</numeroseao>
    <numero>6501-20-1013</numero>
    <datefinale />
    <datepublicationfinale>2020-12-14</datepublicationfinale>
    <montantfinal>0.000000</montantfinal>
    <nomcontractant>LES PAVAGES DES MONTS INC.</nomcontractant>
    <neqcontractant>1163034219</neqcontractant>
  </contrat>
  <contrat>
    <numeroseao>1361064</numeroseao>
    <numero>9001-20-0904</numero>
    <datefinale>2022-02-22</datefinale>
    <datepublicationfinale>2021-04-28</datepublicationfinale>
    <montantfinal>1886638.880000</montantfinal>
    <nomcontractant>Pavages Maska Inc</nomcontractant>
    <neqcontractant>1147380647</neqcontractant>
  </contrat>
  <contrat>
    <numeroseao>1365008</numeroseao>
    <numero>9001-20-0002</numero>
    <datefinale>2022-02-21</datefinale>
    <datepublicationfinale>2022-01-24</datepublicationfinale>
    <montantfinal>1007769.410000</montantfinal>
    <nomcontractant>EXCAVATIONS GAGNON ET FRÈRES INC.</nomcontractant>
    <neqcontractant>1140126302</neqcontractant>
  </contrat>
  <contrat>
    <numeroseao>1370057</numeroseao>
    <numero>20-0092-GG</numero>
    <datefinale>2021-04-15</datefinale>
    <datepublicationfinale>2021-09-01</datepublicationfinale>
    <montantfinal>90500.000000</montantfinal>
    <nomcontractant>Plakett Services Cliniques inc.</nomcontractant>
    <neqcontractant>1162706718</neqcontractant>
  </contrat>
  <contrat>
    <numeroseao>1371875</numeroseao>
    <numero>2018-01_SB</numero>
    <datefinale>2021-12-03</datefinale>
    <datepublicationfinale>2021-05-14</datepublicationfinale>
    <montantfinal>1510528.290000</montantfinal>
    <nomcontractant>TEREXCAVATION GRANT INC.</nomcontractant>
    <neqcontractant>1142129494</neqcontractant>
  </contrat>
  <contrat>
    <numeroseao>1373747</numeroseao>
    <numero>1381499</numero>
    <datefinale>2020-04-07</datefinale>
    <datepublicationfinale>2021-11-10</datepublicationfinale>
    <montantfinal>30515.170000</montantfinal>
    <nomcontractant>Machineries A.M. Inc.</nomcontractant>
    <neqcontractant>1144130888</neqcontractant>
  </contrat>
  <contrat>
    <numeroseao>1380579</numeroseao>
    <numero>2018-066_SB</numero>
    <datefinale>2021-11-15</datefinale>
    <datepublicationfinale>2021-10-13</datepublicationfinale>
    <montantfinal>1429377.610000</montantfinal>
    <nomcontractant>LES EXCAVATIONS LEON CHOUINARD ET FILS LTEE</nomcontractant>
    <neqcontractant>1142450270</neqcontractant>
  </contrat>
  <contrat>
    <numeroseao>1412250</numeroseao>
    <numero>9749-1</numero>
    <datefinale>2021-12-31</datefinale>
    <datepublicationfinale>2022-01-31</datepublicationfinale>
    <montantfinal>107959.860000</montantfinal>
    <nomcontractant>Arcad-Sida</nomcontractant>
    <neqcontractant />
  </contrat>
  <contrat>
    <numeroseao>1452242</numeroseao>
    <numero>APP. - MG 2021</numero>
    <datefinale>2021-12-22</datefinale>
    <datepublicationfinale>2022-01-12</datepublicationfinale>
    <montantfinal>132895.220000</montantfinal>
    <nomcontractant>CONCASSAGE PELLETIER INC.</nomcontractant>
    <neqcontractant>1168381722</neqcontractant>
  </contrat>
  <contrat>
    <numeroseao>1455423</numeroseao>
    <numero>1790</numero>
    <datefinale>2021-07-15</datefinale>
    <datepublicationfinale>2021-11-11</datepublicationfinale>
    <montantfinal>178079.000000</montantfinal>
    <nomcontractant>Les Toitures Industrie Pro</nomcontractant>
    <neqcontractant>1168064534</neqcontractant>
  </contrat>
  <contrat>
    <numeroseao>1459242</numeroseao>
    <numero>P1455-01-03-/9735</numero>
    <datefinale>2020-12-31</datefinale>
    <datepublicationfinale>2021-03-17</datepublicationfinale>
    <montantfinal>28653.020000</montantfinal>
    <nomcontractant>Laboratoire Biologie Aménagement BSL Inc.</nomcontractant>
    <neqcontractant>1142694463</neqcontractant>
  </contrat>
  <contrat>
    <numeroseao>1466710</numeroseao>
    <numero>6308-21-AP02</numero>
    <datefinale>2022-02-17</datefinale>
    <datepublicationfinale>2021-05-14</datepublicationfinale>
    <montantfinal>10385.100000</montantfinal>
    <nomcontractant>Dickner inc.</nomcontractant>
    <neqcontractant>1174136698</neqcontractant>
  </contrat>
  <contrat>
    <numeroseao>1467987</numeroseao>
    <numero>2021-03</numero>
    <datefinale>2021-10-14</datefinale>
    <datepublicationfinale>2021-12-01</datepublicationfinale>
    <montantfinal>98365.730000</montantfinal>
    <nomcontractant>MULTI ROUTES INC.</nomcontractant>
    <neqcontractant>1162616057</neqcontractant>
  </contrat>
  <contrat>
    <numeroseao>1471168</numeroseao>
    <numero>6407-21-0002</numero>
    <datefinale>2021-12-20</datefinale>
    <datepublicationfinale>2022-01-07</datepublicationfinale>
    <montantfinal>615687.130000</montantfinal>
    <nomcontractant>Eurovia Québec Construction Inc.</nomcontractant>
    <neqcontractant>1169491884</neqcontractant>
  </contrat>
  <contrat>
    <numeroseao>1473062</numeroseao>
    <numero>CS102562</numero>
    <datefinale>2021-09-30</datefinale>
    <datepublicationfinale>2022-01-06</datepublicationfinale>
    <montantfinal>47030.620000</montantfinal>
    <nomcontractant>JEAN-FRANCOIS BRUNET</nomcontractant>
    <neqcontractant />
  </contrat>
  <contrat>
    <numeroseao>1481909</numeroseao>
    <numero>P1455-02-03-/9542</numero>
    <datefinale>2021-12-31</datefinale>
    <datepublicationfinale>2021-10-25</datepublicationfinale>
    <montantfinal>26271.190000</montantfinal>
    <nomcontractant>DÉVELOTECH INC.</nomcontractant>
    <neqcontractant>1145779287</neqcontractant>
  </contrat>
  <contrat>
    <numeroseao>1489848</numeroseao>
    <numero>2021-2022 01</numero>
    <datefinale>2021-07-17</datefinale>
    <datepublicationfinale>2021-08-25</datepublicationfinale>
    <montantfinal>39325.000000</montantfinal>
    <nomcontractant>TALSOM INC.</nomcontractant>
    <neqcontractant>1165325573</neqcontractant>
  </contrat>
  <contrat>
    <numeroseao>1503308</numeroseao>
    <numero>38369701</numero>
    <datefinale>2021-08-02</datefinale>
    <datepublicationfinale>2022-01-07</datepublicationfinale>
    <montantfinal>123962.400000</montantfinal>
    <nomcontractant>Groupe de sécurité Garda SENC</nomcontractant>
    <neqcontractant>3368599133</neqcontractant>
  </contrat>
  <contrat>
    <numeroseao>1521596</numeroseao>
    <numero>44523096</numero>
    <datefinale>2021-11-30</datefinale>
    <datepublicationfinale>2021-12-03</datepublicationfinale>
    <montantfinal>32431.000000</montantfinal>
    <nomcontractant>9063-4825 QUÉBEC INC.</nomcontractant>
    <neqcontractant>1147696000</neqcontractant>
  </contrat>
  <contrat>
    <numeroseao>1535429</numeroseao>
    <numero>BC15350</numero>
    <datefinale>2021-09-30</datefinale>
    <datepublicationfinale>2021-11-11</datepublicationfinale>
    <montantfinal>72632.000000</montantfinal>
    <nomcontractant>DESHAIES &amp; RAYMOND INC.</nomcontractant>
    <neqcontractant>1141862608</neqcontractant>
  </contrat>
</export>