<?xml version="1.0" encoding="utf-8"?>
<export xmlns:xsi="http://www.w3.org/2001/XMLSchema-instance" xmlns:xsd="http://www.w3.org/2001/XMLSchema" datedebut="2021-09-01" datefin="2021-09-30">
  <contrat>
    <numeroseao>684926</numeroseao>
    <numero>P621-*179D (CHUM-654)</numero>
    <datefinale>2020-12-31</datefinale>
    <datepublicationfinale>2019-05-16</datepublicationfinale>
    <montantfinal>1642353.440000</montantfinal>
    <nomcontractant>Steris Canada Sales ULC</nomcontractant>
    <neqcontractant>1146826327</neqcontractant>
  </contrat>
  <contrat>
    <numeroseao>935437</numeroseao>
    <numero>2016-03</numero>
    <datefinale>2021-01-31</datefinale>
    <datepublicationfinale>2018-11-12</datepublicationfinale>
    <montantfinal>729540.900000</montantfinal>
    <nomcontractant>2439-5584 QUÉBEC INC.</nomcontractant>
    <neqcontractant>1144260602</neqcontractant>
  </contrat>
  <contrat>
    <numeroseao>963066</numeroseao>
    <numero>28546800</numero>
    <datefinale>2021-06-30</datefinale>
    <datepublicationfinale>2021-08-27</datepublicationfinale>
    <montantfinal>154433.230000</montantfinal>
    <nomcontractant>Pelletier Nettoie-tout d'Abitibi inc</nomcontractant>
    <neqcontractant>1166480633</neqcontractant>
  </contrat>
  <contrat>
    <numeroseao>971613</numeroseao>
    <numero>30715600</numero>
    <datefinale>2021-08-31</datefinale>
    <datepublicationfinale>2021-08-31</datepublicationfinale>
    <montantfinal>187829.930000</montantfinal>
    <nomcontractant>ENTRETIEN FABIEN PERRON INC.</nomcontractant>
    <neqcontractant>1160032216</neqcontractant>
  </contrat>
  <contrat>
    <numeroseao>1024998</numeroseao>
    <numero>2016-1758-17</numero>
    <datefinale>2020-04-03</datefinale>
    <datepublicationfinale>2020-02-03</datepublicationfinale>
    <montantfinal>84417.300000</montantfinal>
    <nomcontractant>Englobe Lamont</nomcontractant>
    <neqcontractant />
  </contrat>
  <contrat>
    <numeroseao>1052832</numeroseao>
    <numero>AP17-013</numero>
    <datefinale>2017-11-30</datefinale>
    <datepublicationfinale>2018-08-15</datepublicationfinale>
    <montantfinal>75870.850000</montantfinal>
    <nomcontractant>LUMCA INC.</nomcontractant>
    <neqcontractant>1171497804</neqcontractant>
  </contrat>
  <contrat>
    <numeroseao>1060614</numeroseao>
    <numero>AP17-027</numero>
    <datefinale>2018-04-10</datefinale>
    <datepublicationfinale>2021-08-09</datepublicationfinale>
    <montantfinal>102893.590000</montantfinal>
    <nomcontractant>Service d'arbres nature</nomcontractant>
    <neqcontractant>1161265492</neqcontractant>
  </contrat>
  <contrat>
    <numeroseao>1065061</numeroseao>
    <numero>S4026.01 (CHUM-574)</numero>
    <datefinale>2018-02-21</datefinale>
    <datepublicationfinale>2018-02-26</datepublicationfinale>
    <montantfinal>323529.600000</montantfinal>
    <nomcontractant>CIM - Conseil</nomcontractant>
    <neqcontractant>1147304134</neqcontractant>
  </contrat>
  <contrat>
    <numeroseao>1069534</numeroseao>
    <numero>1617-191235</numero>
    <datefinale>2021-06-30</datefinale>
    <datepublicationfinale>2021-08-25</datepublicationfinale>
    <montantfinal>34891.000000</montantfinal>
    <nomcontractant>Fire-Alert Gatineau</nomcontractant>
    <neqcontractant>1148314181</neqcontractant>
  </contrat>
  <contrat>
    <numeroseao>1092214</numeroseao>
    <numero>2018-0351</numero>
    <datefinale>2021-05-31</datefinale>
    <datepublicationfinale>2021-07-09</datepublicationfinale>
    <montantfinal>254264.000000</montantfinal>
    <nomcontractant>Somagen Diagnostics Inc</nomcontractant>
    <neqcontractant />
  </contrat>
  <contrat>
    <numeroseao>1103921</numeroseao>
    <numero>1001515</numero>
    <datefinale>2018-07-27</datefinale>
    <datepublicationfinale>2019-09-12</datepublicationfinale>
    <montantfinal>180335.320000</montantfinal>
    <nomcontractant>Stantec Experts-conseils ltée</nomcontractant>
    <neqcontractant>1170241336</neqcontractant>
  </contrat>
  <contrat>
    <numeroseao>1106985</numeroseao>
    <numero>1001506</numero>
    <datefinale>2018-12-31</datefinale>
    <datepublicationfinale>2019-09-18</datepublicationfinale>
    <montantfinal>394724.760000</montantfinal>
    <nomcontractant>Construction Synertec</nomcontractant>
    <neqcontractant>1166214388</neqcontractant>
  </contrat>
  <contrat>
    <numeroseao>1108537</numeroseao>
    <numero>1001558</numero>
    <datefinale>2018-03-21</datefinale>
    <datepublicationfinale>2018-10-16</datepublicationfinale>
    <montantfinal>159724.300000</montantfinal>
    <nomcontractant>CIMA+ S.E.N.C.</nomcontractant>
    <neqcontractant>3340563140</neqcontractant>
  </contrat>
  <contrat>
    <numeroseao>1133290</numeroseao>
    <numero>2018-55-14</numero>
    <datefinale />
    <datepublicationfinale>2019-11-12</datepublicationfinale>
    <montantfinal>0.000000</montantfinal>
    <nomcontractant>GTechna une division d'ACCEO Solutions inc.</nomcontractant>
    <neqcontractant>1171551220</neqcontractant>
  </contrat>
  <contrat>
    <numeroseao>1148946</numeroseao>
    <numero>2018-6731-60-01</numero>
    <datefinale>2021-05-31</datefinale>
    <datepublicationfinale>2021-08-31</datepublicationfinale>
    <montantfinal>421708.500000</montantfinal>
    <nomcontractant>G.D.G. ENVIRONNEMENT LTÉE</nomcontractant>
    <neqcontractant>1172359391</neqcontractant>
  </contrat>
  <contrat>
    <numeroseao>1154451</numeroseao>
    <numero>1819-131201</numero>
    <datefinale>2021-06-28</datefinale>
    <datepublicationfinale>2021-08-12</datepublicationfinale>
    <montantfinal>77991.380000</montantfinal>
    <nomcontractant>Serv. Santé Marleen Tassé</nomcontractant>
    <neqcontractant>1142639617</neqcontractant>
  </contrat>
  <contrat>
    <numeroseao>1154857</numeroseao>
    <numero>1718-203-001CMS</numero>
    <datefinale>2021-06-30</datefinale>
    <datepublicationfinale>2021-06-30</datepublicationfinale>
    <montantfinal>85853.920000</montantfinal>
    <nomcontractant>LINDE CANADA INC.</nomcontractant>
    <neqcontractant>1140207854</neqcontractant>
  </contrat>
  <contrat>
    <numeroseao>1156681</numeroseao>
    <numero>1001659</numero>
    <datefinale>2021-09-09</datefinale>
    <datepublicationfinale>2020-12-18</datepublicationfinale>
    <montantfinal>674993.700000</montantfinal>
    <nomcontractant>MANUFACTURIER SHELTEC INC.</nomcontractant>
    <neqcontractant>1143176999</neqcontractant>
  </contrat>
  <contrat>
    <numeroseao>1163628</numeroseao>
    <numero>7007-17-0204</numero>
    <datefinale>2021-07-26</datefinale>
    <datepublicationfinale>2020-10-15</datepublicationfinale>
    <montantfinal>1671635.330000</montantfinal>
    <nomcontractant>CONSTRUCTION INTERLAG INC.</nomcontractant>
    <neqcontractant>1142124859</neqcontractant>
  </contrat>
  <contrat>
    <numeroseao>1170949</numeroseao>
    <numero>33882000</numero>
    <datefinale>2021-06-30</datefinale>
    <datepublicationfinale>2021-07-12</datepublicationfinale>
    <montantfinal>34077.250000</montantfinal>
    <nomcontractant>Guard-x inc</nomcontractant>
    <neqcontractant>1143398247</neqcontractant>
  </contrat>
  <contrat>
    <numeroseao>1174041</numeroseao>
    <numero>18-19-04-004</numero>
    <datefinale>2021-07-10</datefinale>
    <datepublicationfinale>2021-08-11</datepublicationfinale>
    <montantfinal>135772.800000</montantfinal>
    <nomcontractant>PINCOR LTÉE</nomcontractant>
    <neqcontractant>1142579144</neqcontractant>
  </contrat>
  <contrat>
    <numeroseao>1196410</numeroseao>
    <numero>2019-1644</numero>
    <datefinale>2021-06-01</datefinale>
    <datepublicationfinale>2021-06-25</datepublicationfinale>
    <montantfinal>227966.000000</montantfinal>
    <nomcontractant>GERMAIN LAPALME &amp; FILS INC.</nomcontractant>
    <neqcontractant>1141851403</neqcontractant>
  </contrat>
  <contrat>
    <numeroseao>1200010</numeroseao>
    <numero>1001785</numero>
    <datefinale>2021-09-29</datefinale>
    <datepublicationfinale>2020-11-23</datepublicationfinale>
    <montantfinal>211361.250000</montantfinal>
    <nomcontractant>CIMA+ S.E.N.C.</nomcontractant>
    <neqcontractant>3340563140</neqcontractant>
  </contrat>
  <contrat>
    <numeroseao>1200019</numeroseao>
    <numero>UQO-A1905-S100 </numero>
    <datefinale>2021-05-31</datefinale>
    <datepublicationfinale>2021-06-13</datepublicationfinale>
    <montantfinal>472771.000000</montantfinal>
    <nomcontractant>Déneigement Techni Snow</nomcontractant>
    <neqcontractant>1165926263</neqcontractant>
  </contrat>
  <contrat>
    <numeroseao>1203903</numeroseao>
    <numero>18-514-GG-S</numero>
    <datefinale>2021-05-07</datefinale>
    <datepublicationfinale>2021-05-07</datepublicationfinale>
    <montantfinal>49133.530000</montantfinal>
    <nomcontractant>Provencher Roy + Associés architectes</nomcontractant>
    <neqcontractant>1172835382</neqcontractant>
  </contrat>
  <contrat>
    <numeroseao>1208252</numeroseao>
    <numero>OC20-18</numero>
    <datefinale>2021-06-30</datefinale>
    <datepublicationfinale>2021-08-25</datepublicationfinale>
    <montantfinal>144970.260000</montantfinal>
    <nomcontractant>Sibec Enr.</nomcontractant>
    <neqcontractant>2248865083</neqcontractant>
  </contrat>
  <contrat>
    <numeroseao>1214311</numeroseao>
    <numero>1001886</numero>
    <datefinale>2019-06-14</datefinale>
    <datepublicationfinale>2019-07-05</datepublicationfinale>
    <montantfinal>157334.080000</montantfinal>
    <nomcontractant>PNR RAILWORKS QUEBEC INC.</nomcontractant>
    <neqcontractant>1142801225</neqcontractant>
  </contrat>
  <contrat>
    <numeroseao>1254671</numeroseao>
    <numero>CA-2754</numero>
    <datefinale>2021-04-30</datefinale>
    <datepublicationfinale>2021-07-13</datepublicationfinale>
    <montantfinal>33635.300000</montantfinal>
    <nomcontractant>TSO3</nomcontractant>
    <neqcontractant>1149907264</neqcontractant>
  </contrat>
  <contrat>
    <numeroseao>1292914</numeroseao>
    <numero>999106396</numero>
    <datefinale>2021-05-26</datefinale>
    <datepublicationfinale>2021-08-05</datepublicationfinale>
    <montantfinal>580214.140000</montantfinal>
    <nomcontractant>La Compagnie de Téléphone Bell du Canada ou Bell Canada</nomcontractant>
    <neqcontractant>1172462849</neqcontractant>
  </contrat>
  <contrat>
    <numeroseao>1305419</numeroseao>
    <numero>45045624</numero>
    <datefinale>2019-04-10</datefinale>
    <datepublicationfinale>2019-09-18</datepublicationfinale>
    <montantfinal>33543.320000</montantfinal>
    <nomcontractant>CHEMIN DE FER CAN. PACIFIQUE</nomcontractant>
    <neqcontractant>1142977165</neqcontractant>
  </contrat>
  <contrat>
    <numeroseao>1315385</numeroseao>
    <numero>19-248 - 048108250</numero>
    <datefinale>2021-09-30</datefinale>
    <datepublicationfinale>2021-08-24</datepublicationfinale>
    <montantfinal>587571.850000</montantfinal>
    <nomcontractant>L.K. INDUSTRIES INC.</nomcontractant>
    <neqcontractant>1146714994</neqcontractant>
  </contrat>
  <contrat>
    <numeroseao>1320001</numeroseao>
    <numero>19-297- 5LAUR.AGR</numero>
    <datefinale>2021-08-03</datefinale>
    <datepublicationfinale>2021-08-23</datepublicationfinale>
    <montantfinal>18375.000000</montantfinal>
    <nomcontractant>Tennis Mapa inc.</nomcontractant>
    <neqcontractant>1167155960</neqcontractant>
  </contrat>
  <contrat>
    <numeroseao>1325100</numeroseao>
    <numero>2019-AO191202DP1</numero>
    <datefinale>2021-05-18</datefinale>
    <datepublicationfinale>2021-05-18</datepublicationfinale>
    <montantfinal>1451745.430000</montantfinal>
    <nomcontractant>Therrien Entrepreneur Général</nomcontractant>
    <neqcontractant>1166269978</neqcontractant>
  </contrat>
  <contrat>
    <numeroseao>1328451</numeroseao>
    <numero>36055200</numero>
    <datefinale>2020-12-31</datefinale>
    <datepublicationfinale>2021-01-25</datepublicationfinale>
    <montantfinal>24231.350000</montantfinal>
    <nomcontractant>Complexe Place Victoria inc.</nomcontractant>
    <neqcontractant>1162444344</neqcontractant>
  </contrat>
  <contrat>
    <numeroseao>1331492</numeroseao>
    <numero>ASMC-200131</numero>
    <datefinale>2021-09-02</datefinale>
    <datepublicationfinale>2021-07-07</datepublicationfinale>
    <montantfinal>141000.000000</montantfinal>
    <nomcontractant>CREO INC.</nomcontractant>
    <neqcontractant>1160521630</neqcontractant>
  </contrat>
  <contrat>
    <numeroseao>1334109</numeroseao>
    <numero>20-064 - 069125971</numero>
    <datefinale>2021-06-06</datefinale>
    <datepublicationfinale>2021-08-23</datepublicationfinale>
    <montantfinal>498992.820000</montantfinal>
    <nomcontractant>CONSTRUCTION PLANIT INC.</nomcontractant>
    <neqcontractant>1161768842</neqcontractant>
  </contrat>
  <contrat>
    <numeroseao>1335613</numeroseao>
    <numero>20-044 - 042145074 </numero>
    <datefinale>2021-09-28</datefinale>
    <datepublicationfinale>2021-08-24</datepublicationfinale>
    <montantfinal>100930.480000</montantfinal>
    <nomcontractant>REGULVAR INC.</nomcontractant>
    <neqcontractant>1146502761</neqcontractant>
  </contrat>
  <contrat>
    <numeroseao>1337013</numeroseao>
    <numero>20-038 - 074145593</numero>
    <datefinale>2021-08-26</datefinale>
    <datepublicationfinale>2021-08-26</datepublicationfinale>
    <montantfinal>865138.040000</montantfinal>
    <nomcontractant>MÉCANICACTION INC.</nomcontractant>
    <neqcontractant>1166046475</neqcontractant>
  </contrat>
  <contrat>
    <numeroseao>1342573</numeroseao>
    <numero>2019-049-28-32RM</numero>
    <datefinale>2021-03-31</datefinale>
    <datepublicationfinale>2021-08-17</datepublicationfinale>
    <montantfinal>1476717.220000</montantfinal>
    <nomcontractant>CONSTRUCTION DENIS &amp; GHYSLAINE GAGNON INC.</nomcontractant>
    <neqcontractant>1144595452</neqcontractant>
  </contrat>
  <contrat>
    <numeroseao>1344281</numeroseao>
    <numero>A20-0202</numero>
    <datefinale>2021-01-06</datefinale>
    <datepublicationfinale>2021-05-14</datepublicationfinale>
    <montantfinal>120560.810000</montantfinal>
    <nomcontractant>LÉVESQUE &amp; ASSOCIÉS CONSTRUCTION INC.</nomcontractant>
    <neqcontractant>1149139215</neqcontractant>
  </contrat>
  <contrat>
    <numeroseao>1346284</numeroseao>
    <numero>201900720</numero>
    <datefinale>2021-06-25</datefinale>
    <datepublicationfinale>2021-06-30</datepublicationfinale>
    <montantfinal>553586.830000</montantfinal>
    <nomcontractant>C.F.G. CONSTRUCTION INC.</nomcontractant>
    <neqcontractant>1149424013</neqcontractant>
  </contrat>
  <contrat>
    <numeroseao>1349964</numeroseao>
    <numero>19380-073</numero>
    <datefinale>2021-04-06</datefinale>
    <datepublicationfinale>2021-06-09</datepublicationfinale>
    <montantfinal>502532.910000</montantfinal>
    <nomcontractant>CONSTRUCTION S.M. PAQUET INC.</nomcontractant>
    <neqcontractant>1174702879</neqcontractant>
  </contrat>
  <contrat>
    <numeroseao>1355294</numeroseao>
    <numero>20-087 - 042 111506 </numero>
    <datefinale>2021-09-22</datefinale>
    <datepublicationfinale>2021-08-20</datepublicationfinale>
    <montantfinal>1354773.740000</montantfinal>
    <nomcontractant>9346-2182 Québec inc.</nomcontractant>
    <neqcontractant>1172086713</neqcontractant>
  </contrat>
  <contrat>
    <numeroseao>1360023</numeroseao>
    <numero>20-102 - 026148070</numero>
    <datefinale>2021-09-22</datefinale>
    <datepublicationfinale>2021-08-20</datepublicationfinale>
    <montantfinal>44256.930000</montantfinal>
    <nomcontractant>MGB ASSOCIÉS INC.</nomcontractant>
    <neqcontractant>1140350373</neqcontractant>
  </contrat>
  <contrat>
    <numeroseao>1368625</numeroseao>
    <numero>2019-0973</numero>
    <datefinale>2021-03-31</datefinale>
    <datepublicationfinale>2021-06-23</datepublicationfinale>
    <montantfinal>0.000000</montantfinal>
    <nomcontractant>Isabelle Fu</nomcontractant>
    <neqcontractant />
  </contrat>
  <contrat>
    <numeroseao>1371104</numeroseao>
    <numero>2020SPR061</numero>
    <datefinale>2021-05-28</datefinale>
    <datepublicationfinale>2021-07-07</datepublicationfinale>
    <montantfinal>94900.000000</montantfinal>
    <nomcontractant>Le Pavillon Léa Rose Inc.</nomcontractant>
    <neqcontractant>1170421128</neqcontractant>
  </contrat>
  <contrat>
    <numeroseao>1371166</numeroseao>
    <numero>2020SPR063</numero>
    <datefinale>2021-06-11</datefinale>
    <datepublicationfinale>2021-07-07</datepublicationfinale>
    <montantfinal>80300.000000</montantfinal>
    <nomcontractant>La Villa du Cap</nomcontractant>
    <neqcontractant>1173846263</neqcontractant>
  </contrat>
  <contrat>
    <numeroseao>1374480</numeroseao>
    <numero>19380-059</numero>
    <datefinale>2021-05-06</datefinale>
    <datepublicationfinale>2021-06-28</datepublicationfinale>
    <montantfinal>241639.400000</montantfinal>
    <nomcontractant>BRUNEAU ELECTRIQUE INC.</nomcontractant>
    <neqcontractant>1142851337</neqcontractant>
  </contrat>
  <contrat>
    <numeroseao>1378731</numeroseao>
    <numero>20-133 </numero>
    <datefinale>2021-08-04</datefinale>
    <datepublicationfinale>2021-08-23</datepublicationfinale>
    <montantfinal>16229.560000</montantfinal>
    <nomcontractant>Les Entreprises Archéotec inc.</nomcontractant>
    <neqcontractant>1142111203</neqcontractant>
  </contrat>
  <contrat>
    <numeroseao>1405479</numeroseao>
    <numero>106-03-2020</numero>
    <datefinale />
    <datepublicationfinale>2020-09-09</datepublicationfinale>
    <montantfinal>0.000000</montantfinal>
    <nomcontractant>Favreau Blais Architectes Inc.</nomcontractant>
    <neqcontractant>1168979897</neqcontractant>
  </contrat>
  <contrat>
    <numeroseao>1406571</numeroseao>
    <numero>DG-20-153</numero>
    <datefinale>2020-12-15</datefinale>
    <datepublicationfinale>2020-09-29</datepublicationfinale>
    <montantfinal>56000.000000</montantfinal>
    <nomcontractant>Les emballages Carrousel Inc.</nomcontractant>
    <neqcontractant>1173485674</neqcontractant>
  </contrat>
  <contrat>
    <numeroseao>1411735</numeroseao>
    <numero>2020-09-28</numero>
    <datefinale>2021-04-02</datefinale>
    <datepublicationfinale>2021-01-04</datepublicationfinale>
    <montantfinal>95000.000000</montantfinal>
    <nomcontractant>ÆCO - gestion de projets</nomcontractant>
    <neqcontractant>1164787492</neqcontractant>
  </contrat>
  <contrat>
    <numeroseao>1413508</numeroseao>
    <numero>BAnQ 2020-16 CT-2020-4711</numero>
    <datefinale>2021-09-30</datefinale>
    <datepublicationfinale>2021-07-06</datepublicationfinale>
    <montantfinal>106571.300000</montantfinal>
    <nomcontractant>GMR INC.</nomcontractant>
    <neqcontractant>1146473930</neqcontractant>
  </contrat>
  <contrat>
    <numeroseao>1414912</numeroseao>
    <numero>SC-2603</numero>
    <datefinale>2021-06-14</datefinale>
    <datepublicationfinale>2021-06-14</datepublicationfinale>
    <montantfinal>72187.500000</montantfinal>
    <nomcontractant>4390041 Canada inc.</nomcontractant>
    <neqcontractant>1168676584</neqcontractant>
  </contrat>
  <contrat>
    <numeroseao>1469643</numeroseao>
    <numero>OC20-CO-20-010</numero>
    <datefinale>2021-06-30</datefinale>
    <datepublicationfinale>2021-07-20</datepublicationfinale>
    <montantfinal>321889.350000</montantfinal>
    <nomcontractant>Les services ménagers Roy ltée.</nomcontractant>
    <neqcontractant>1142147900</neqcontractant>
  </contrat>
  <contrat>
    <numeroseao>1469695</numeroseao>
    <numero>OC20-CO-20-030</numero>
    <datefinale>2021-06-30</datefinale>
    <datepublicationfinale>2021-07-20</datepublicationfinale>
    <montantfinal>667744.100000</montantfinal>
    <nomcontractant>Les services ménagers Roy ltée.</nomcontractant>
    <neqcontractant>1142147900</neqcontractant>
  </contrat>
  <contrat>
    <numeroseao>1470004</numeroseao>
    <numero>2021APP121</numero>
    <datefinale>2021-06-30</datefinale>
    <datepublicationfinale>2021-08-17</datepublicationfinale>
    <montantfinal>46777.000000</montantfinal>
    <nomcontractant>Maranda Lauzon Inc.</nomcontractant>
    <neqcontractant>1143222983</neqcontractant>
  </contrat>
  <contrat>
    <numeroseao>1470338</numeroseao>
    <numero>757</numero>
    <datefinale>2021-07-30</datefinale>
    <datepublicationfinale>2021-08-24</datepublicationfinale>
    <montantfinal>55076.040000</montantfinal>
    <nomcontractant>CNRS UMR 6296 </nomcontractant>
    <neqcontractant />
  </contrat>
  <contrat>
    <numeroseao>1470552</numeroseao>
    <numero>CS102381</numero>
    <datefinale>2021-06-01</datefinale>
    <datepublicationfinale>2021-06-25</datepublicationfinale>
    <montantfinal>59456.100000</montantfinal>
    <nomcontractant>9407-7187 QC Inc. - Sandwicherie Léonidas</nomcontractant>
    <neqcontractant>1174987322</neqcontractant>
  </contrat>
  <contrat>
    <numeroseao>1484222</numeroseao>
    <numero>20-418</numero>
    <datefinale>2021-08-12</datefinale>
    <datepublicationfinale>2021-08-13</datepublicationfinale>
    <montantfinal>52511.520000</montantfinal>
    <nomcontractant>GUILLEVIN INTERNATIONAL CIE</nomcontractant>
    <neqcontractant>1162317920</neqcontractant>
  </contrat>
  <contrat>
    <numeroseao>1490162</numeroseao>
    <numero>AO-2021-017</numero>
    <datefinale>2021-06-29</datefinale>
    <datepublicationfinale>2021-07-09</datepublicationfinale>
    <montantfinal>32600.000000</montantfinal>
    <nomcontractant>9087-7184 QUÉBEC INC.</nomcontractant>
    <neqcontractant>1149139520</neqcontractant>
  </contrat>
  <contrat>
    <numeroseao>1513930</numeroseao>
    <numero>33622400</numero>
    <datefinale>2021-04-30</datefinale>
    <datepublicationfinale>2021-07-27</datepublicationfinale>
    <montantfinal>119911.840000</montantfinal>
    <nomcontractant>AV-TECH INC.</nomcontractant>
    <neqcontractant>1143543099</neqcontractant>
  </contrat>
  <contrat>
    <numeroseao>1522674</numeroseao>
    <numero>9001-21-AP59</numero>
    <datefinale>2021-01-14</datefinale>
    <datepublicationfinale>2021-08-31</datepublicationfinale>
    <montantfinal>23796.360000</montantfinal>
    <nomcontractant>Anderson Aeromotive, Inc.</nomcontractant>
    <neqcontractant />
  </contrat>
</export>