<?xml version="1.0" encoding="utf-8"?>
<export xmlns:xsi="http://www.w3.org/2001/XMLSchema-instance" xmlns:xsd="http://www.w3.org/2001/XMLSchema" datedebut="2021-09-01" datefin="2021-09-30">
  <avis>
    <numeroseao>553368</numeroseao>
    <numero>440002295</numero>
    <depenses>
      <depense>
        <datedepense>2021-08-18</datedepense>
        <datepublicationdepense>2021-09-01</datepublicationdepense>
        <montantdepense>0.000000</montantdepense>
        <description>Publié par erreur.</description>
        <nomcontractant>Wiz-Tec Computing Technologies Inc.</nomcontractant>
        <neqcontractant />
      </depense>
    </depenses>
  </avis>
  <avis>
    <numeroseao>1013169</numeroseao>
    <numero>31684400</numero>
    <depenses>
      <depense>
        <datedepense>2021-09-02</datedepense>
        <datepublicationdepense>2021-09-02</datepublicationdepense>
        <montantdepense>145200.060000</montantdepense>
        <description>Prolongation de contrat et correction au bordereau de prix</description>
        <nomcontractant>AXIA SERVICES.</nomcontractant>
        <neqcontractant>1142208512</neqcontractant>
      </depense>
    </depenses>
  </avis>
  <avis>
    <numeroseao>1029770</numeroseao>
    <numero>16-17-14</numero>
    <depenses>
      <depense>
        <datedepense>2021-08-08</datedepense>
        <datepublicationdepense>2021-09-10</datepublicationdepense>
        <montantdepense>47768.000000</montantdepense>
        <description>ODC 3 Obligation: Honoraires supplémentaires à taux horaire en raison de surveillance des travaux de construction après la date prévue de fin des travaux tel que RLRQ C-65.1, r.9, article 13.</description>
        <nomcontractant>BTAA.BBBL | Architectes en consortium</nomcontractant>
        <neqcontractant />
      </depense>
      <depense>
        <datedepense>2021-08-09</datedepense>
        <datepublicationdepense>2021-09-10</datepublicationdepense>
        <montantdepense>7169.350000</montantdepense>
        <description>ODC 4 Travaux complémentaires: Honoraires supplémentaires pour préparation des plans et devis se rapportant au MAO à incorporer dans certains locaux.</description>
        <nomcontractant>BTAA.BBBL | Architectes en consortium</nomcontractant>
        <neqcontractant />
      </depense>
      <depense>
        <datedepense>2021-08-09</datedepense>
        <datepublicationdepense>2021-09-10</datepublicationdepense>
        <montantdepense>3481.500000</montantdepense>
        <description>ODC 5 Travaux complémentaires: Honoraires supplémentaires pour participation au choix de l'oeuvre d'art.</description>
        <nomcontractant>BTAA.BBBL | Architectes en consortium</nomcontractant>
        <neqcontractant />
      </depense>
      <depense>
        <datedepense>2019-07-16</datedepense>
        <datepublicationdepense>2021-09-23</datepublicationdepense>
        <montantdepense>37898.210000</montantdepense>
        <description>ODC #1: Honoraires additionnels accordés dans le cadre des ordres de changements nos 1 à 100 de l'entrepreneur en construction.</description>
        <nomcontractant>BTAA.BBBL | Architectes en consortium</nomcontractant>
        <neqcontractant />
      </depense>
      <depense>
        <datedepense>2021-02-10</datedepense>
        <datepublicationdepense>2021-09-23</datepublicationdepense>
        <montantdepense>9227.710000</montantdepense>
        <description>ODC #2: Honoraires additionnels accordés dans le cadre des ordres de changements nos 101 à 138 de l'entrepreneur en construction.</description>
        <nomcontractant>BTAA.BBBL | Architectes en consortium</nomcontractant>
        <neqcontractant />
      </depense>
    </depenses>
  </avis>
  <avis>
    <numeroseao>1029820</numeroseao>
    <numero>16-17-17</numero>
    <depenses>
      <depense>
        <datedepense>2021-04-23</datedepense>
        <datepublicationdepense>2021-05-20</datepublicationdepense>
        <montantdepense>29336.410000</montantdepense>
        <description>ODC 2: Honoraires additionnels accordés dans le cadre des ordres de changements nos 27 à 126 de l'entrepreneur en construction.</description>
        <nomcontractant>BTAA - BBBL | Architectes en consortium</nomcontractant>
        <neqcontractant />
      </depense>
      <depense>
        <datedepense>2021-05-11</datedepense>
        <datepublicationdepense>2021-05-20</datepublicationdepense>
        <montantdepense>25771.910000</montantdepense>
        <description>ODC 3: Honoraires supplémentaires en raison de la surveillance des travaux après la date prévue de fin des travaux.</description>
        <nomcontractant>BTAA - BBBL | Architectes en consortium</nomcontractant>
        <neqcontractant />
      </depense>
      <depense>
        <datedepense>2019-03-30</datedepense>
        <datepublicationdepense>2021-09-24</datepublicationdepense>
        <montantdepense>52000.000000</montantdepense>
        <description>ODC 1: Honoraires additionnels accordés dans le cadre des ordres de changements nos 1 à 26 de l'entrepreneur en construction.</description>
        <nomcontractant>BTAA - BBBL | Architectes en consortium</nomcontractant>
        <neqcontractant />
      </depense>
    </depenses>
  </avis>
  <avis>
    <numeroseao>1129083</numeroseao>
    <numero>8884</numero>
    <depenses>
      <depense>
        <datedepense>2021-09-21</datedepense>
        <datepublicationdepense>2021-09-27</datepublicationdepense>
        <montantdepense>182000.000000</montantdepense>
        <description>augmentation du nombre d'inscriptions </description>
        <nomcontractant>Institut biblique du Québec</nomcontractant>
        <neqcontractant>1143207182</neqcontractant>
      </depense>
    </depenses>
  </avis>
  <avis>
    <numeroseao>1134073</numeroseao>
    <numero>SRM021724</numero>
    <depenses>
      <depense>
        <datedepense>2020-01-28</datedepense>
        <datepublicationdepense>2020-02-25</datepublicationdepense>
        <montantdepense>9498.780000</montantdepense>
        <description>SRM029054 (027 009 570)</description>
        <nomcontractant>Charland, Dubé, Robillard Experts Conseils Inc.</nomcontractant>
        <neqcontractant>1160761962</neqcontractant>
      </depense>
      <depense>
        <datedepense>2021-08-31</datedepense>
        <datepublicationdepense>2021-09-23</datepublicationdepense>
        <montantdepense>1335.000000</montantdepense>
        <description>SRM036227  (027 009 570)</description>
        <nomcontractant>Charland, Dubé, Robillard Experts Conseils Inc.</nomcontractant>
        <neqcontractant>1160761962</neqcontractant>
      </depense>
    </depenses>
  </avis>
  <avis>
    <numeroseao>1136224</numeroseao>
    <numero>24-504P2</numero>
    <depenses>
      <depense>
        <datedepense>2020-01-13</datedepense>
        <datepublicationdepense>2020-02-05</datepublicationdepense>
        <montantdepense>494926.680000</montantdepense>
        <description>SRM029425 (102 024 250)</description>
        <nomcontractant>Stantec Experts-conseils ltée</nomcontractant>
        <neqcontractant>1170241336</neqcontractant>
      </depense>
      <depense>
        <datedepense>2021-04-30</datedepense>
        <datepublicationdepense>2021-06-28</datepublicationdepense>
        <montantdepense>501770.750000</montantdepense>
        <description>SRM035518 - 0046 031 300</description>
        <nomcontractant>Stantec Experts-conseils ltée</nomcontractant>
        <neqcontractant>1170241336</neqcontractant>
      </depense>
      <depense>
        <datedepense>2021-03-29</datedepense>
        <datepublicationdepense>2021-09-24</datepublicationdepense>
        <montantdepense>0.000000</montantdepense>
        <description>Déjà dans 1136240</description>
        <nomcontractant>Stantec Experts-conseils ltée</nomcontractant>
        <neqcontractant>1170241336</neqcontractant>
      </depense>
      <depense>
        <datedepense>2019-11-25</datedepense>
        <datepublicationdepense>2021-09-24</datepublicationdepense>
        <montantdepense>0.000000</montantdepense>
        <description>Déjà dans 1136241</description>
        <nomcontractant>Stantec Experts-conseils ltée</nomcontractant>
        <neqcontractant>1170241336</neqcontractant>
      </depense>
      <depense>
        <datedepense>2020-05-19</datedepense>
        <datepublicationdepense>2021-09-24</datepublicationdepense>
        <montantdepense>0.000000</montantdepense>
        <description>Déjà dans 1136242</description>
        <nomcontractant>Stantec Experts-conseils ltée</nomcontractant>
        <neqcontractant>1170241336</neqcontractant>
      </depense>
      <depense>
        <datedepense>2020-10-20</datedepense>
        <datepublicationdepense>2021-09-24</datepublicationdepense>
        <montantdepense>0.000000</montantdepense>
        <description>Corrections, se trouve dans 1136240 (24-503P2)</description>
        <nomcontractant>Stantec Experts-conseils ltée</nomcontractant>
        <neqcontractant>1170241336</neqcontractant>
      </depense>
      <depense>
        <datedepense>2021-09-10</datedepense>
        <datepublicationdepense>2021-09-24</datepublicationdepense>
        <montantdepense>0.000000</montantdepense>
        <description>Corrections, se trouve dans 1136240 (24-503P2)</description>
        <nomcontractant>Stantec Experts-conseils ltée</nomcontractant>
        <neqcontractant>1170241336</neqcontractant>
      </depense>
    </depenses>
  </avis>
  <avis>
    <numeroseao>1174962</numeroseao>
    <numero>QC-RAMQ-20175054</numero>
    <depenses>
      <depense>
        <datedepense>2021-07-19</datedepense>
        <datepublicationdepense>2021-07-27</datepublicationdepense>
        <montantdepense>496062.910000</montantdepense>
        <description>Ajout monétaire pour la continuté des travaux ainsi qu'une prolongation jusqu'au 2 août 2022</description>
        <nomcontractant>TELUS</nomcontractant>
        <neqcontractant>1148459481</neqcontractant>
      </depense>
    </depenses>
  </avis>
  <avis>
    <numeroseao>1180805</numeroseao>
    <numero>6809-18-NL01</numero>
    <depenses>
      <depense>
        <datedepense>2020-11-18</datedepense>
        <datepublicationdepense>2020-12-16</datepublicationdepense>
        <montantdepense>0.000000</montantdepense>
        <description>Erreur de saisie</description>
        <nomcontractant>Les Entreprises - Alain Maltais Inc.</nomcontractant>
        <neqcontractant>1147220769</neqcontractant>
      </depense>
      <depense>
        <datedepense>2020-02-12</datedepense>
        <datepublicationdepense>2021-09-24</datepublicationdepense>
        <montantdepense>132681.830000</montantdepense>
        <description>Dépassement relié à des variations de quantité</description>
        <nomcontractant>Les Entreprises - Alain Maltais Inc.</nomcontractant>
        <neqcontractant>1147220769</neqcontractant>
      </depense>
      <depense>
        <datedepense>2020-10-19</datedepense>
        <datepublicationdepense>2021-09-24</datepublicationdepense>
        <montantdepense>188490.410000</montantdepense>
        <description>Dépassement relié à des variations de quantité</description>
        <nomcontractant>Les Entreprises - Alain Maltais Inc.</nomcontractant>
        <neqcontractant>1147220769</neqcontractant>
      </depense>
      <depense>
        <datedepense>2021-08-11</datedepense>
        <datepublicationdepense>2021-09-24</datepublicationdepense>
        <montantdepense>36391.480000</montantdepense>
        <description>Dépassement relié à des variations de quantité</description>
        <nomcontractant>Les Entreprises - Alain Maltais Inc.</nomcontractant>
        <neqcontractant>1147220769</neqcontractant>
      </depense>
    </depenses>
  </avis>
  <avis>
    <numeroseao>1192465</numeroseao>
    <numero>SRM022488</numero>
    <depenses>
      <depense>
        <datedepense>2019-05-24</datedepense>
        <datepublicationdepense>2019-06-05</datepublicationdepense>
        <montantdepense>35901.640000</montantdepense>
        <description>SRM027116 - 197 A00 240</description>
        <nomcontractant>GR7 Architecture inc.</nomcontractant>
        <neqcontractant>1143500214</neqcontractant>
      </depense>
      <depense>
        <datedepense>2021-08-16</datedepense>
        <datepublicationdepense>2021-09-24</datepublicationdepense>
        <montantdepense>2032.720000</montantdepense>
        <description>SRM029515 (197 A00 240)</description>
        <nomcontractant>GR7 Architecture inc.</nomcontractant>
        <neqcontractant>1143500214</neqcontractant>
      </depense>
    </depenses>
  </avis>
  <avis>
    <numeroseao>1192871</numeroseao>
    <numero>181900274</numero>
    <depenses>
      <depense>
        <datedepense>2021-03-15</datedepense>
        <datepublicationdepense>2021-08-30</datepublicationdepense>
        <montantdepense>9000.000000</montantdepense>
        <description>services  supplémentaires  dans le cadre du  même  contrat </description>
        <nomcontractant>TELUS Communications inc.</nomcontractant>
        <neqcontractant>1148459481</neqcontractant>
      </depense>
    </depenses>
  </avis>
  <avis>
    <numeroseao>1224682</numeroseao>
    <numero>AO 74-2018-21</numero>
    <depenses>
      <depense>
        <datedepense>2021-01-21</datedepense>
        <datepublicationdepense>2021-01-21</datepublicationdepense>
        <montantdepense>19875.280000</montantdepense>
        <description>La consommation plus élevée de produits chimiques a été causé par une fuite d’eau majeure d’un réseau fermé.</description>
        <nomcontractant>Produits Chimiques Magnus Ltée.</nomcontractant>
        <neqcontractant>1169164440</neqcontractant>
      </depense>
      <depense>
        <datedepense>2021-02-15</datedepense>
        <datepublicationdepense>2021-02-15</datepublicationdepense>
        <montantdepense>793.930000</montantdepense>
        <description>Augmentation de la quantité de produits achetés</description>
        <nomcontractant>Produits Chimiques Magnus Ltée.</nomcontractant>
        <neqcontractant>1169164440</neqcontractant>
      </depense>
      <depense>
        <datedepense>2021-05-18</datedepense>
        <datepublicationdepense>2021-05-18</datepublicationdepense>
        <montantdepense>8221.360000</montantdepense>
        <description>Augmentation de la quantité de produits achetés</description>
        <nomcontractant>Produits Chimiques Magnus Ltée.</nomcontractant>
        <neqcontractant>1169164440</neqcontractant>
      </depense>
      <depense>
        <datedepense>2021-06-10</datedepense>
        <datepublicationdepense>2021-06-17</datepublicationdepense>
        <montantdepense>967.950000</montantdepense>
        <description>Consommation plus élevée de produits chimiques due une fuite d’eau majeure d’un réseau fermé</description>
        <nomcontractant>Produits Chimiques Magnus Ltée.</nomcontractant>
        <neqcontractant>1169164440</neqcontractant>
      </depense>
      <depense>
        <datedepense>2021-07-06</datedepense>
        <datepublicationdepense>2021-07-06</datepublicationdepense>
        <montantdepense>6220.140000</montantdepense>
        <description>Consommation plus élevée de produits chimiques due une fuite d’eau majeure d’un réseau fermé</description>
        <nomcontractant>Produits Chimiques Magnus Ltée.</nomcontractant>
        <neqcontractant>1169164440</neqcontractant>
      </depense>
      <depense>
        <datedepense>2021-09-21</datedepense>
        <datepublicationdepense>2021-09-21</datepublicationdepense>
        <montantdepense>14051.320000</montantdepense>
        <description>Consommation plus élevée de produits chimiques due une fuite d’eau majeure d’un réseau fermé</description>
        <nomcontractant>Produits Chimiques Magnus Ltée.</nomcontractant>
        <neqcontractant>1169164440</neqcontractant>
      </depense>
    </depenses>
  </avis>
  <avis>
    <numeroseao>1249950</numeroseao>
    <numero>18-19-71</numero>
    <depenses>
      <depense>
        <datedepense>2019-07-05</datedepense>
        <datepublicationdepense>2020-08-21</datepublicationdepense>
        <montantdepense>8657.480000</montantdepense>
        <description>ODC1 - Annulation de la démolition du revêtement de céramique et ragréage des trois murs. Démolition des 2 murs de béton. Reconstruction des murs en gypse. Ajout d’une cloison.   </description>
        <nomcontractant>Constructions Larco Inc</nomcontractant>
        <neqcontractant>1141979170</neqcontractant>
      </depense>
      <depense>
        <datedepense>2019-07-05</datedepense>
        <datepublicationdepense>2020-08-21</datepublicationdepense>
        <montantdepense>3509.200000</montantdepense>
        <description>ODC2 - Démolition des deux types de chapes de béton.</description>
        <nomcontractant>Constructions Larco Inc</nomcontractant>
        <neqcontractant>1141979170</neqcontractant>
      </depense>
      <depense>
        <datedepense>2019-07-05</datedepense>
        <datepublicationdepense>2020-08-21</datepublicationdepense>
        <montantdepense>1613.730000</montantdepense>
        <description>ODC3 - Installer et ragréage de la porte.</description>
        <nomcontractant>Constructions Larco Inc</nomcontractant>
        <neqcontractant>1141979170</neqcontractant>
      </depense>
      <depense>
        <datedepense>2019-07-15</datedepense>
        <datepublicationdepense>2020-08-21</datepublicationdepense>
        <montantdepense>15055.790000</montantdepense>
        <description>ODC4 - Démanteler prise de courant. Relocaliser 4 interrupteurs. Modifier l’installation conduit EMT. Remplacer les conduits EMT de la boîte de jonction. Ajout d’un plan. Démantèlement tuyauterie d’eau potable, du mitigeur et de son cabinet. Remplacement tuyauterie de drainage. Isolation tuyauterie.</description>
        <nomcontractant>Constructions Larco Inc</nomcontractant>
        <neqcontractant>1141979170</neqcontractant>
      </depense>
      <depense>
        <datedepense>2019-07-09</datedepense>
        <datepublicationdepense>2020-08-21</datepublicationdepense>
        <montantdepense>3073.960000</montantdepense>
        <description>ODC5 - Relocaliser 4 interrupteurs. Modifier l'installation du conduit EMT.</description>
        <nomcontractant>Constructions Larco Inc</nomcontractant>
        <neqcontractant>1141979170</neqcontractant>
      </depense>
      <depense>
        <datedepense>2019-07-18</datedepense>
        <datepublicationdepense>2020-08-21</datepublicationdepense>
        <montantdepense>1623.940000</montantdepense>
        <description>ODC6 - Réparation de fissures sur la fondation.</description>
        <nomcontractant>Constructions Larco Inc</nomcontractant>
        <neqcontractant>1141979170</neqcontractant>
      </depense>
      <depense>
        <datedepense>2019-07-18</datedepense>
        <datepublicationdepense>2020-08-21</datepublicationdepense>
        <montantdepense>13263.070000</montantdepense>
        <description>ODC7 - Débranchement et démantèlement de tout l’équipement relié au moteur des rideaux.  Démantèlement des conduits EMT. Installation du nouveau conduit pour le panneau d’alarme.</description>
        <nomcontractant>Constructions Larco Inc</nomcontractant>
        <neqcontractant>1141979170</neqcontractant>
      </depense>
      <depense>
        <datedepense>2019-08-20</datedepense>
        <datepublicationdepense>2020-08-21</datepublicationdepense>
        <montantdepense>409.750000</montantdepense>
        <description>ODC8 - Obturation de trous dans la dalle de béton.</description>
        <nomcontractant>Constructions Larco Inc</nomcontractant>
        <neqcontractant>1141979170</neqcontractant>
      </depense>
      <depense>
        <datedepense>2019-08-22</datedepense>
        <datepublicationdepense>2020-08-21</datepublicationdepense>
        <montantdepense>2241.490000</montantdepense>
        <description>ODC9 - Plafond dans le secteur de la rampe F-153 remplacé.</description>
        <nomcontractant>Constructions Larco Inc</nomcontractant>
        <neqcontractant>1141979170</neqcontractant>
      </depense>
      <depense>
        <datedepense>2019-08-27</datedepense>
        <datepublicationdepense>2020-08-21</datepublicationdepense>
        <montantdepense>710.930000</montantdepense>
        <description>ODC10 - Ajout d'un luminaire.</description>
        <nomcontractant>Constructions Larco Inc</nomcontractant>
        <neqcontractant>1141979170</neqcontractant>
      </depense>
      <depense>
        <datedepense>2019-08-27</datedepense>
        <datepublicationdepense>2020-08-21</datepublicationdepense>
        <montantdepense>289.360000</montantdepense>
        <description>ODC11 - Soufflage de gypse dans la salle de musculation.</description>
        <nomcontractant>Constructions Larco Inc</nomcontractant>
        <neqcontractant>1141979170</neqcontractant>
      </depense>
      <depense>
        <datedepense>2019-08-29</datedepense>
        <datepublicationdepense>2020-08-21</datepublicationdepense>
        <montantdepense>8027.780000</montantdepense>
        <description>ODC12 - Nouvelle chape de béton au local F-217.</description>
        <nomcontractant>Constructions Larco Inc</nomcontractant>
        <neqcontractant>1141979170</neqcontractant>
      </depense>
      <depense>
        <datedepense>2019-09-09</datedepense>
        <datepublicationdepense>2020-08-21</datepublicationdepense>
        <montantdepense>316.680000</montantdepense>
        <description>ODC13 - Ancrage des nouveaux trottoirs aux perrons existants.</description>
        <nomcontractant>Constructions Larco Inc</nomcontractant>
        <neqcontractant>1141979170</neqcontractant>
      </depense>
      <depense>
        <datedepense>2020-01-13</datedepense>
        <datepublicationdepense>2020-08-21</datepublicationdepense>
        <montantdepense>1072.440000</montantdepense>
        <description>ODC15 - Inspection caméra et raccordements de drains existants.</description>
        <nomcontractant>Constructions Larco Inc</nomcontractant>
        <neqcontractant>1141979170</neqcontractant>
      </depense>
      <depense>
        <datedepense>2020-01-13</datedepense>
        <datepublicationdepense>2020-08-21</datepublicationdepense>
        <montantdepense>1368.520000</montantdepense>
        <description>ODC16 - Déplacement d'une colonne.</description>
        <nomcontractant>Constructions Larco Inc</nomcontractant>
        <neqcontractant>1141979170</neqcontractant>
      </depense>
      <depense>
        <datedepense>2020-01-15</datedepense>
        <datepublicationdepense>2020-08-21</datepublicationdepense>
        <montantdepense>2782.910000</montantdepense>
        <description>ODC18 - Travaux en plomberie (mise aux normes fosse) et électricité (relocalisation filage).</description>
        <nomcontractant>Constructions Larco Inc</nomcontractant>
        <neqcontractant>1141979170</neqcontractant>
      </depense>
      <depense>
        <datedepense>2020-01-15</datedepense>
        <datepublicationdepense>2020-08-21</datepublicationdepense>
        <montantdepense>419.970000</montantdepense>
        <description>ODC19 - Déplacement d'un conduit électrique.</description>
        <nomcontractant>Constructions Larco Inc</nomcontractant>
        <neqcontractant>1141979170</neqcontractant>
      </depense>
      <depense>
        <datedepense>2020-01-15</datedepense>
        <datepublicationdepense>2020-08-21</datepublicationdepense>
        <montantdepense>506.690000</montantdepense>
        <description>ODC21 - Travaux en électricité : travaux divers.</description>
        <nomcontractant>Constructions Larco Inc</nomcontractant>
        <neqcontractant>1141979170</neqcontractant>
      </depense>
      <depense>
        <datedepense>2020-01-15</datedepense>
        <datepublicationdepense>2020-08-21</datepublicationdepense>
        <montantdepense>1537.500000</montantdepense>
        <description>ODC22 - Débrancher et démanteler l'interrupteur, prise de courant, boitier d'intercom, klaxon et le module d'alarme incendie.</description>
        <nomcontractant>Constructions Larco Inc</nomcontractant>
        <neqcontractant>1141979170</neqcontractant>
      </depense>
      <depense>
        <datedepense>2020-01-15</datedepense>
        <datepublicationdepense>2020-08-21</datepublicationdepense>
        <montantdepense>2607.130000</montantdepense>
        <description>ODC23 - Travaux d'alarme intrusion.</description>
        <nomcontractant>Constructions Larco Inc</nomcontractant>
        <neqcontractant>1141979170</neqcontractant>
      </depense>
      <depense>
        <datedepense>2020-01-15</datedepense>
        <datepublicationdepense>2020-08-21</datepublicationdepense>
        <montantdepense>343.180000</montantdepense>
        <description>ODC24 - Travaux en électricité : éclairage 24h.</description>
        <nomcontractant>Constructions Larco Inc</nomcontractant>
        <neqcontractant>1141979170</neqcontractant>
      </depense>
      <depense>
        <datedepense>2020-03-02</datedepense>
        <datepublicationdepense>2020-08-21</datepublicationdepense>
        <montantdepense>385.190000</montantdepense>
        <description>ODC25 - Ragréage de blocs de béton dans le haut des alcôves.</description>
        <nomcontractant>Constructions Larco Inc</nomcontractant>
        <neqcontractant>1141979170</neqcontractant>
      </depense>
      <depense>
        <datedepense>2020-03-02</datedepense>
        <datepublicationdepense>2020-08-21</datepublicationdepense>
        <montantdepense>1655.920000</montantdepense>
        <description>ODC28 - Ajout de travaux de gypse (ragréage et soufflage).</description>
        <nomcontractant>Constructions Larco Inc</nomcontractant>
        <neqcontractant>1141979170</neqcontractant>
      </depense>
      <depense>
        <datedepense>2020-03-02</datedepense>
        <datepublicationdepense>2020-08-21</datepublicationdepense>
        <montantdepense>1294.260000</montantdepense>
        <description>ODC29 - Ajout d'une plaque en acier pliée pour couvrir la réparation du palier démoli dans corridor F-153.</description>
        <nomcontractant>Constructions Larco Inc</nomcontractant>
        <neqcontractant>1141979170</neqcontractant>
      </depense>
      <depense>
        <datedepense>2020-03-05</datedepense>
        <datepublicationdepense>2020-08-21</datepublicationdepense>
        <montantdepense>150.820000</montantdepense>
        <description>ODC31 - Fourniture d'un projecteur de penne pour la porte PF215.</description>
        <nomcontractant>Constructions Larco Inc</nomcontractant>
        <neqcontractant>1141979170</neqcontractant>
      </depense>
      <depense>
        <datedepense>2020-05-13</datedepense>
        <datepublicationdepense>2020-08-21</datepublicationdepense>
        <montantdepense>315.810000</montantdepense>
        <description>ODC32 - Modification de l'éclairage : relocalisation d'un luminaire.</description>
        <nomcontractant>Constructions Larco Inc</nomcontractant>
        <neqcontractant>1141979170</neqcontractant>
      </depense>
      <depense>
        <datedepense>2020-08-12</datedepense>
        <datepublicationdepense>2020-08-21</datepublicationdepense>
        <montantdepense>13577.610000</montantdepense>
        <description>ODC33 - Remplacement de tuyauterie sous dalle et travaux connexes.</description>
        <nomcontractant>Constructions Larco Inc</nomcontractant>
        <neqcontractant>1141979170</neqcontractant>
      </depense>
      <depense>
        <datedepense>2020-10-08</datedepense>
        <datepublicationdepense>2020-10-20</datepublicationdepense>
        <montantdepense>60389.450000</montantdepense>
        <description>ODC34 - Problème de captation des eaux à la façade sud du gymnase : remplacement géotextile autour du drain.</description>
        <nomcontractant>Constructions Larco Inc</nomcontractant>
        <neqcontractant>1141979170</neqcontractant>
      </depense>
      <depense>
        <datedepense>2020-11-20</datedepense>
        <datepublicationdepense>2020-11-27</datepublicationdepense>
        <montantdepense>3315.080000</montantdepense>
        <description>ODC35- Réparation du drain français et finalisation de l'inspection.</description>
        <nomcontractant>Constructions Larco Inc</nomcontractant>
        <neqcontractant>1141979170</neqcontractant>
      </depense>
      <depense>
        <datedepense>2020-11-26</datedepense>
        <datepublicationdepense>2020-11-27</datepublicationdepense>
        <montantdepense>1528.150000</montantdepense>
        <description>ODC36- Test de caméra à faire au drain français et excavation et réparation du drain.</description>
        <nomcontractant>Constructions Larco Inc</nomcontractant>
        <neqcontractant>1141979170</neqcontractant>
      </depense>
      <depense>
        <datedepense>2021-05-27</datedepense>
        <datepublicationdepense>2021-06-04</datepublicationdepense>
        <montantdepense>11500.000000</montantdepense>
        <description>ODC37R1 - Demande du CSSDA : peinture des planchers des corridors F-153 et F-203; quincaillerie de la porte PF-153.</description>
        <nomcontractant>Constructions Larco Inc</nomcontractant>
        <neqcontractant>1141979170</neqcontractant>
      </depense>
      <depense>
        <datedepense>2021-05-27</datedepense>
        <datepublicationdepense>2021-06-04</datepublicationdepense>
        <montantdepense>1359.980000</montantdepense>
        <description>ODC38- Ragréage de la tranche résiduelle de la dalle de béton; peinture du plafond local F-201; fourniture d'un coupe-froid pour porte PF-153.</description>
        <nomcontractant>Constructions Larco Inc</nomcontractant>
        <neqcontractant>1141979170</neqcontractant>
      </depense>
    </depenses>
  </avis>
  <avis>
    <numeroseao>1254759</numeroseao>
    <numero>TT35131</numero>
    <depenses>
      <depense>
        <datedepense>2019-07-19</datedepense>
        <datepublicationdepense>2019-07-31</datepublicationdepense>
        <montantdepense>7936.000000</montantdepense>
        <description>Ajout au contrat d'inspection et d'entretien pour effectuer un nettoyage chimique des tubes des évaporateurs des deux refroidisseurs afin d'éviter des ruptures de services.</description>
        <nomcontractant>Trane Canada ULC</nomcontractant>
        <neqcontractant>1149533664</neqcontractant>
      </depense>
      <depense>
        <datedepense>2021-09-02</datedepense>
        <datepublicationdepense>2021-09-08</datepublicationdepense>
        <montantdepense>20067.000000</montantdepense>
        <description>Effectuer des réparations majeures de plusieurs fuites sur le refroidisseur #2 McQuay.</description>
        <nomcontractant>Trane Canada ULC</nomcontractant>
        <neqcontractant>1149533664</neqcontractant>
      </depense>
    </depenses>
  </avis>
  <avis>
    <numeroseao>1262638</numeroseao>
    <numero>2019CNT025</numero>
    <depenses>
      <depense>
        <datedepense>2019-12-30</datedepense>
        <datepublicationdepense>2019-12-30</datepublicationdepense>
        <montantdepense>4175.790000</montantdepense>
        <description>ODC 1 -2 </description>
        <nomcontractant>Construction Langis Normand</nomcontractant>
        <neqcontractant>1143408418</neqcontractant>
      </depense>
    </depenses>
  </avis>
  <avis>
    <numeroseao>1263997</numeroseao>
    <numero>24-569P</numero>
    <depenses>
      <depense>
        <datedepense>2021-08-19</datedepense>
        <datepublicationdepense>2021-09-20</datepublicationdepense>
        <montantdepense>29315.000000</montantdepense>
        <description>SRM036413 - Ajout au BC initial SRM032330</description>
        <nomcontractant>Les Services EXP Inc</nomcontractant>
        <neqcontractant>1167268128</neqcontractant>
      </depense>
    </depenses>
  </avis>
  <avis>
    <numeroseao>1265458</numeroseao>
    <numero>35165000</numero>
    <depenses>
      <depense>
        <datedepense>2021-07-28</datedepense>
        <datepublicationdepense>2021-09-14</datepublicationdepense>
        <montantdepense>1336784.150000</montantdepense>
        <description>Conditions de chantier</description>
        <nomcontractant>Tro-Chaînes Inc.</nomcontractant>
        <neqcontractant>1167620021</neqcontractant>
      </depense>
    </depenses>
  </avis>
  <avis>
    <numeroseao>1286930</numeroseao>
    <numero>19-20-08</numero>
    <depenses>
      <depense>
        <datedepense>2020-01-20</datedepense>
        <datepublicationdepense>2020-07-16</datepublicationdepense>
        <montantdepense>477551.030000</montantdepense>
        <description>ODC #1 à #10</description>
        <nomcontractant>176026 Canada Inc. Amor Construction</nomcontractant>
        <neqcontractant>1161951836</neqcontractant>
      </depense>
      <depense>
        <datedepense>2020-11-23</datedepense>
        <datepublicationdepense>2021-06-01</datepublicationdepense>
        <montantdepense>69541.490000</montantdepense>
        <description>ODC #11 et #12 : Travaux de plomberie; Suspension ministérielle des travaux à cause de la Covid</description>
        <nomcontractant>176026 Canada Inc. Amor Construction</nomcontractant>
        <neqcontractant>1161951836</neqcontractant>
      </depense>
    </depenses>
  </avis>
  <avis>
    <numeroseao>1293732</numeroseao>
    <numero>7111-19-KA18</numero>
    <depenses>
      <depense>
        <datedepense>2020-09-23</datedepense>
        <datepublicationdepense>2020-10-19</datepublicationdepense>
        <montantdepense>0.000000</montantdepense>
        <description>Erreur de saisie</description>
        <nomcontractant>SNC-Lavalin GEM Québec inc.</nomcontractant>
        <neqcontractant>1166291337</neqcontractant>
      </depense>
      <depense>
        <datedepense>2020-05-04</datedepense>
        <datepublicationdepense>2021-09-28</datepublicationdepense>
        <montantdepense>48964.280000</montantdepense>
        <description>Dépassement relié à des modifications au contrat de nature technique</description>
        <nomcontractant>SNC-Lavalin GEM Québec inc.</nomcontractant>
        <neqcontractant>1166291337</neqcontractant>
      </depense>
    </depenses>
  </avis>
  <avis>
    <numeroseao>1295056</numeroseao>
    <numero>049-056-061 serv. alim.</numero>
    <depenses>
      <depense>
        <datedepense>2021-02-23</datedepense>
        <datepublicationdepense>2021-09-14</datepublicationdepense>
        <montantdepense>2850.000000</montantdepense>
        <description>Ajustement du contrat dû la COVID</description>
        <nomcontractant>La Concession Jea-Gau enr.</nomcontractant>
        <neqcontractant>2242473504</neqcontractant>
      </depense>
      <depense>
        <datedepense>2021-04-07</datedepense>
        <datepublicationdepense>2021-09-14</datepublicationdepense>
        <montantdepense>450.000000</montantdepense>
        <description>Ajustement du contrat dû la COVID</description>
        <nomcontractant>La Concession Jea-Gau enr.</nomcontractant>
        <neqcontractant>2242473504</neqcontractant>
      </depense>
      <depense>
        <datedepense>2021-05-06</datedepense>
        <datepublicationdepense>2021-09-14</datepublicationdepense>
        <montantdepense>1990.000000</montantdepense>
        <description>Ajustement du contrat dû la COVID</description>
        <nomcontractant>La Concession Jea-Gau enr.</nomcontractant>
        <neqcontractant>2242473504</neqcontractant>
      </depense>
    </depenses>
  </avis>
  <avis>
    <numeroseao>1305808</numeroseao>
    <numero>2019SERVPROF</numero>
    <depenses>
      <depense>
        <datedepense>2021-09-28</datedepense>
        <datepublicationdepense>2021-09-28</datepublicationdepense>
        <montantdepense>30700.000000</montantdepense>
        <description>Avenant no 1</description>
        <nomcontractant>Les architectes Goulet et LeBel</nomcontractant>
        <neqcontractant>1172425119</neqcontractant>
      </depense>
    </depenses>
  </avis>
  <avis>
    <numeroseao>1306968</numeroseao>
    <numero>AO201909A</numero>
    <depenses>
      <depense>
        <datedepense>2021-08-02</datedepense>
        <datepublicationdepense>2021-09-09</datepublicationdepense>
        <montantdepense>13090.000000</montantdepense>
        <description>Bonification du service de maintenance annuelle, améliorations et soutien depuis le lancement du nouveau site web.</description>
        <nomcontractant>Webit Interactive</nomcontractant>
        <neqcontractant>1166041740</neqcontractant>
      </depense>
    </depenses>
  </avis>
  <avis>
    <numeroseao>1309789</numeroseao>
    <numero>CNIM2019-030</numero>
    <depenses>
      <depense>
        <datedepense>2020-11-19</datedepense>
        <datepublicationdepense>2020-11-26</datepublicationdepense>
        <montantdepense>29880.000000</montantdepense>
        <description>ordres de changement 31, 18, 21, 32, 34, 36, 29, 33 et 35 et est due principalement à des conditions de chantier (41.1%), des demandes du propriétaire (40.5%) et omission du professionnel (18.4%)</description>
        <nomcontractant>Les Constructions Berka Inc.</nomcontractant>
        <neqcontractant>1160248853</neqcontractant>
      </depense>
      <depense>
        <datedepense>2020-08-21</datedepense>
        <datepublicationdepense>2020-11-26</datepublicationdepense>
        <montantdepense>44900.000000</montantdepense>
        <description>ODC 20, 8, 22, 28 et 25 pour une valeur totale de 44 900.00$: La présente modification est due à des omissions aux plans, des conditions de chantier et des demandes du propriétaire.</description>
        <nomcontractant>Les Constructions Berka Inc.</nomcontractant>
        <neqcontractant>1160248853</neqcontractant>
      </depense>
      <depense>
        <datedepense>2021-01-20</datedepense>
        <datepublicationdepense>2021-02-15</datepublicationdepense>
        <montantdepense>97963.020000</montantdepense>
        <description>La présente demande concerne les ordres de changement 15, 23, 16, 24, 27, 26, 30, 38, 40 et 39 et est due principalement à des omissions (60.79%), des demandes du propriétaire (27.70%) et des conditions de chantier (11.51%) </description>
        <nomcontractant>Les Constructions Berka Inc.</nomcontractant>
        <neqcontractant>1160248853</neqcontractant>
      </depense>
      <depense>
        <datedepense>2021-03-03</datedepense>
        <datepublicationdepense>2021-09-30</datepublicationdepense>
        <montantdepense>197050.000000</montantdepense>
        <description>ODC: 3,4,5,6,7,1,2,14,17,11,9,12,13,19,20,8,22,28,25,10,43,41,42 au montant de 197 050.00 $ </description>
        <nomcontractant>Les Constructions Berka Inc.</nomcontractant>
        <neqcontractant>1160248853</neqcontractant>
      </depense>
    </depenses>
  </avis>
  <avis>
    <numeroseao>1312650</numeroseao>
    <numero>19-3563</numero>
    <depenses>
      <depense>
        <datedepense>2021-01-31</datedepense>
        <datepublicationdepense>2021-09-10</datepublicationdepense>
        <montantdepense>3526.700000</montantdepense>
        <description>Demande d'un ajout de service au plan directeur.</description>
        <nomcontractant>GCL CANADA</nomcontractant>
        <neqcontractant>1165339905</neqcontractant>
      </depense>
    </depenses>
  </avis>
  <avis>
    <numeroseao>1319013</numeroseao>
    <numero>24-580P1</numero>
    <depenses>
      <depense>
        <datedepense>2021-09-01</datedepense>
        <datepublicationdepense>2021-09-17</datepublicationdepense>
        <montantdepense>103247.000000</montantdepense>
        <description>SRM036493 - Ajout au BC initial APP32240 - 021 028 060 - </description>
        <nomcontractant>FSA Architecture Inc.</nomcontractant>
        <neqcontractant>1168743103</neqcontractant>
      </depense>
    </depenses>
  </avis>
  <avis>
    <numeroseao>1319514</numeroseao>
    <numero>CS11425</numero>
    <depenses>
      <depense>
        <datedepense>2020-02-03</datedepense>
        <datepublicationdepense>2020-02-05</datepublicationdepense>
        <montantdepense>27920.000000</montantdepense>
        <description>ajout de prestations supplémentaires de la MOI</description>
        <nomcontractant>Turenne Enock Inc.</nomcontractant>
        <neqcontractant>1169169415</neqcontractant>
      </depense>
      <depense>
        <datedepense>2020-04-17</datedepense>
        <datepublicationdepense>2020-09-03</datepublicationdepense>
        <montantdepense>7040.000000</montantdepense>
        <description>ajout de dépenses , urgence pandémie Covid 19 </description>
        <nomcontractant>Turenne Enock Inc.</nomcontractant>
        <neqcontractant>1169169415</neqcontractant>
      </depense>
      <depense>
        <datedepense>2020-08-29</datedepense>
        <datepublicationdepense>2020-10-16</datepublicationdepense>
        <montantdepense>0.000000</montantdepense>
        <description>Ajout de services pandémie</description>
        <nomcontractant>Turenne Enock Inc.</nomcontractant>
        <neqcontractant>1169169415</neqcontractant>
      </depense>
      <depense>
        <datedepense>2020-09-04</datedepense>
        <datepublicationdepense>2020-10-16</datepublicationdepense>
        <montantdepense>0.000000</montantdepense>
        <description>Ajout de services pandémie</description>
        <nomcontractant>Turenne Enock Inc.</nomcontractant>
        <neqcontractant>1169169415</neqcontractant>
      </depense>
      <depense>
        <datedepense>2020-10-16</datedepense>
        <datepublicationdepense>2020-10-16</datepublicationdepense>
        <montantdepense>0.000000</montantdepense>
        <description>Ajout de services pandémie</description>
        <nomcontractant>Turenne Enock Inc.</nomcontractant>
        <neqcontractant>1169169415</neqcontractant>
      </depense>
    </depenses>
  </avis>
  <avis>
    <numeroseao>1323940</numeroseao>
    <numero>24-584P2</numero>
    <depenses>
      <depense>
        <datedepense>2020-11-26</datedepense>
        <datepublicationdepense>2020-12-07</datepublicationdepense>
        <montantdepense>41177.000000</montantdepense>
        <description>SRM033548 - 035 061 620 - AJUSTEMENT</description>
        <nomcontractant>Bouthillette Parizeau Inc.</nomcontractant>
        <neqcontractant>1142591438</neqcontractant>
      </depense>
      <depense>
        <datedepense>2021-08-05</datedepense>
        <datepublicationdepense>2021-09-17</datepublicationdepense>
        <montantdepense>129993.000000</montantdepense>
        <description>SRM036052 (325 059 970) Ajustement - Rapport pour infomation A-331767</description>
        <nomcontractant>Bouthillette Parizeau Inc.</nomcontractant>
        <neqcontractant>1142591438</neqcontractant>
      </depense>
    </depenses>
  </avis>
  <avis>
    <numeroseao>1323979</numeroseao>
    <numero>2019SERVPROFING</numero>
    <depenses>
      <depense>
        <datedepense>2021-05-26</datedepense>
        <datepublicationdepense>2021-09-08</datepublicationdepense>
        <montantdepense>40774.050000</montantdepense>
        <description>Avenant no 1</description>
        <nomcontractant>Les Services EXP Inc</nomcontractant>
        <neqcontractant>1167268128</neqcontractant>
      </depense>
      <depense>
        <datedepense>2021-09-15</datedepense>
        <datepublicationdepense>2021-09-15</datepublicationdepense>
        <montantdepense>9999.000000</montantdepense>
        <description>Avenant no 2</description>
        <nomcontractant>Les Services EXP Inc</nomcontractant>
        <neqcontractant>1167268128</neqcontractant>
      </depense>
    </depenses>
  </avis>
  <avis>
    <numeroseao>1328169</numeroseao>
    <numero>7103-19-0207</numero>
    <depenses>
      <depense>
        <datedepense>2021-02-17</datedepense>
        <datepublicationdepense>2021-04-01</datepublicationdepense>
        <montantdepense>0.000000</montantdepense>
        <description>Erreur de saisie</description>
        <nomcontractant>Parko Inc</nomcontractant>
        <neqcontractant>1148136253</neqcontractant>
      </depense>
      <depense>
        <datedepense>2021-06-08</datedepense>
        <datepublicationdepense>2021-09-30</datepublicationdepense>
        <montantdepense>55407.010000</montantdepense>
        <description>Avenants au contrat</description>
        <nomcontractant>Parko Inc</nomcontractant>
        <neqcontractant>1148136253</neqcontractant>
      </depense>
      <depense>
        <datedepense>2021-06-08</datedepense>
        <datepublicationdepense>2021-09-30</datepublicationdepense>
        <montantdepense>120209.030000</montantdepense>
        <description>Dépassement relié à des variations de quantité</description>
        <nomcontractant>Parko Inc</nomcontractant>
        <neqcontractant>1148136253</neqcontractant>
      </depense>
    </depenses>
  </avis>
  <avis>
    <numeroseao>1330162</numeroseao>
    <numero>24-602P1</numero>
    <depenses>
      <depense>
        <datedepense>2021-08-05</datedepense>
        <datepublicationdepense>2021-09-20</datepublicationdepense>
        <montantdepense>31295.000000</montantdepense>
        <description>SRM036434  - Ajout au BC initial APP32334 - Projet 354 030 860</description>
        <nomcontractant>Ruccolo + Faubert  Architectes inc.</nomcontractant>
        <neqcontractant>1144442200</neqcontractant>
      </depense>
    </depenses>
  </avis>
  <avis>
    <numeroseao>1331230</numeroseao>
    <numero>ODIM-2020-0053</numero>
    <depenses>
      <depense>
        <datedepense>2021-09-21</datedepense>
        <datepublicationdepense>2021-09-21</datepublicationdepense>
        <montantdepense>0.000000</montantdepense>
        <description> .</description>
        <nomcontractant>Centre Transmed Center Inc.</nomcontractant>
        <neqcontractant />
      </depense>
    </depenses>
  </avis>
  <avis>
    <numeroseao>1332088</numeroseao>
    <numero>7006-19-0210</numero>
    <depenses>
      <depense>
        <datedepense>2020-09-04</datedepense>
        <datepublicationdepense>2020-09-18</datepublicationdepense>
        <montantdepense>0.000000</montantdepense>
        <description>Erreur de saisie</description>
        <nomcontractant>Groupe Manexco inc.</nomcontractant>
        <neqcontractant>1173691339</neqcontractant>
      </depense>
      <depense>
        <datedepense>2021-08-09</datedepense>
        <datepublicationdepense>2021-09-28</datepublicationdepense>
        <montantdepense>40310.240000</montantdepense>
        <description>Modifications au concept initial</description>
        <nomcontractant>Groupe Manexco inc.</nomcontractant>
        <neqcontractant>1173691339</neqcontractant>
      </depense>
      <depense>
        <datedepense>2020-09-04</datedepense>
        <datepublicationdepense>2021-09-28</datepublicationdepense>
        <montantdepense>76806.300000</montantdepense>
        <description>Dépassement relié à des variations de quantité et/ou des modifications au contrat de construction ou de services de nature technique</description>
        <nomcontractant>Groupe Manexco inc.</nomcontractant>
        <neqcontractant>1173691339</neqcontractant>
      </depense>
    </depenses>
  </avis>
  <avis>
    <numeroseao>1340562</numeroseao>
    <numero>STI-2020-02</numero>
    <depenses>
      <depense>
        <datedepense>2020-01-28</datedepense>
        <datepublicationdepense>2020-11-24</datepublicationdepense>
        <montantdepense>32400.000000</montantdepense>
        <description>Avenant 1  - prolongation de contrat </description>
        <nomcontractant>SOLUTIONS INLIBRO INC.</nomcontractant>
        <neqcontractant>1163682637</neqcontractant>
      </depense>
      <depense>
        <datedepense>2020-07-07</datedepense>
        <datepublicationdepense>2021-09-01</datepublicationdepense>
        <montantdepense>0.000000</montantdepense>
        <description>Avenant 2 - prolongation du contrat</description>
        <nomcontractant>SOLUTIONS INLIBRO INC.</nomcontractant>
        <neqcontractant>1163682637</neqcontractant>
      </depense>
      <depense>
        <datedepense>2020-11-19</datedepense>
        <datepublicationdepense>2021-09-01</datepublicationdepense>
        <montantdepense>39600.000000</montantdepense>
        <description>Avenant 3 - prolongation et augmentation du nombre d'heures </description>
        <nomcontractant>SOLUTIONS INLIBRO INC.</nomcontractant>
        <neqcontractant>1163682637</neqcontractant>
      </depense>
      <depense>
        <datedepense>2021-07-05</datedepense>
        <datepublicationdepense>2021-09-01</datepublicationdepense>
        <montantdepense>27000.000000</montantdepense>
        <description>Avenant 4 - prolongation et augmentation du nombre d'heures </description>
        <nomcontractant>SOLUTIONS INLIBRO INC.</nomcontractant>
        <neqcontractant>1163682637</neqcontractant>
      </depense>
    </depenses>
  </avis>
  <avis>
    <numeroseao>1341792</numeroseao>
    <numero>2020CNT012</numero>
    <depenses>
      <depense>
        <datedepense>2020-07-22</datedepense>
        <datepublicationdepense>2020-07-22</datepublicationdepense>
        <montantdepense>27700.000000</montantdepense>
        <description>ODC 1</description>
        <nomcontractant>Les Constructions Binet Inc</nomcontractant>
        <neqcontractant>1142847111</neqcontractant>
      </depense>
      <depense>
        <datedepense>2020-08-16</datedepense>
        <datepublicationdepense>2020-10-07</datepublicationdepense>
        <montantdepense>11427.610000</montantdepense>
        <description>ODC-2 </description>
        <nomcontractant>Les Constructions Binet Inc</nomcontractant>
        <neqcontractant>1142847111</neqcontractant>
      </depense>
    </depenses>
  </avis>
  <avis>
    <numeroseao>1342783</numeroseao>
    <numero>2020CNT009</numero>
    <depenses>
      <depense>
        <datedepense>2021-01-18</datedepense>
        <datepublicationdepense>2021-01-18</datepublicationdepense>
        <montantdepense>47748.690000</montantdepense>
        <description>ODC 1 a 3 </description>
        <nomcontractant>Construction Tremblay et associes inc.</nomcontractant>
        <neqcontractant>1148428858</neqcontractant>
      </depense>
      <depense>
        <datedepense>2021-02-19</datedepense>
        <datepublicationdepense>2021-02-19</datepublicationdepense>
        <montantdepense>22568.730000</montantdepense>
        <description>ODC-4 </description>
        <nomcontractant>Construction Tremblay et associes inc.</nomcontractant>
        <neqcontractant>1148428858</neqcontractant>
      </depense>
      <depense>
        <datedepense>2021-09-22</datedepense>
        <datepublicationdepense>2021-09-07</datepublicationdepense>
        <montantdepense>111091.020000</montantdepense>
        <description>ODC-5</description>
        <nomcontractant>Construction Tremblay et associes inc.</nomcontractant>
        <neqcontractant>1148428858</neqcontractant>
      </depense>
    </depenses>
  </avis>
  <avis>
    <numeroseao>1355010</numeroseao>
    <numero>C0001774</numero>
    <depenses>
      <depense>
        <datedepense>2021-05-25</datedepense>
        <datepublicationdepense>2021-09-09</datepublicationdepense>
        <montantdepense>1144.780000</montantdepense>
        <description>1) Caractéristiques ou conditions imprévues du chantier 2) Problème de coordination des professionnels</description>
        <nomcontractant>Corenov Constructeurs Inc.</nomcontractant>
        <neqcontractant>1148188973</neqcontractant>
      </depense>
    </depenses>
  </avis>
  <avis>
    <numeroseao>1363843</numeroseao>
    <numero>193600363</numero>
    <depenses>
      <depense>
        <datedepense>2021-03-17</datedepense>
        <datepublicationdepense>2021-09-27</datepublicationdepense>
        <montantdepense>3807.720000</montantdepense>
        <description>Honoraires additionnels accordés dans le cadre des ordres de changement  (#1 à 18) de l'entrepreneur en construction (Construction Larco AO 19-20-88).</description>
        <nomcontractant>Bergeron Bouthillier architectes</nomcontractant>
        <neqcontractant>1166980830</neqcontractant>
      </depense>
    </depenses>
  </avis>
  <avis>
    <numeroseao>1369101</numeroseao>
    <numero>343501</numero>
    <depenses>
      <depense>
        <datedepense>2021-03-17</datedepense>
        <datepublicationdepense>2021-03-22</datepublicationdepense>
        <montantdepense>0.000000</montantdepense>
        <description>ressources documentaires électroniques sous licences</description>
        <nomcontractant>Réseau canadien de documentation pour la recherche (RCDR)</nomcontractant>
        <neqcontractant />
      </depense>
    </depenses>
  </avis>
  <avis>
    <numeroseao>1369626</numeroseao>
    <numero>2020STC101</numero>
    <depenses>
      <depense>
        <datedepense>2021-04-30</datedepense>
        <datepublicationdepense>2021-09-13</datepublicationdepense>
        <montantdepense>18531.560000</montantdepense>
        <description>Dépenses excédentaires dûes à l'augmentation des livraisons et des sites (covid)</description>
        <nomcontractant>Mighi</nomcontractant>
        <neqcontractant>3369535508</neqcontractant>
      </depense>
    </depenses>
  </avis>
  <avis>
    <numeroseao>1373875</numeroseao>
    <numero>P0097309</numero>
    <depenses>
      <depense>
        <datedepense>2021-05-26</datedepense>
        <datepublicationdepense>2021-06-04</datepublicationdepense>
        <montantdepense>640000.000000</montantdepense>
        <description>Prolonger le contrat jusqu'en mai 2021.</description>
        <nomcontractant>CATALYST AUSTRALIE IT PTY LIMITED</nomcontractant>
        <neqcontractant />
      </depense>
      <depense>
        <datedepense>2021-06-17</datedepense>
        <datepublicationdepense>2021-06-28</datepublicationdepense>
        <montantdepense>150000.000000</montantdepense>
        <description>Dépense additionnelle approuvée </description>
        <nomcontractant>CATALYST AUSTRALIE IT PTY LIMITED</nomcontractant>
        <neqcontractant />
      </depense>
      <depense>
        <datedepense>2021-08-19</datedepense>
        <datepublicationdepense>2021-09-07</datepublicationdepense>
        <montantdepense>40000.000000</montantdepense>
        <description>Système d'archivage requis</description>
        <nomcontractant>CATALYST AUSTRALIE IT PTY LIMITED</nomcontractant>
        <neqcontractant />
      </depense>
    </depenses>
  </avis>
  <avis>
    <numeroseao>1376302</numeroseao>
    <numero>2020CNT037</numero>
    <depenses>
      <depense>
        <datedepense>2020-12-04</datedepense>
        <datepublicationdepense>2020-12-04</datepublicationdepense>
        <montantdepense>161435.630000</montantdepense>
        <description>ODC-1</description>
        <nomcontractant>Caouette construction enr</nomcontractant>
        <neqcontractant>2263145163</neqcontractant>
      </depense>
    </depenses>
  </avis>
  <avis>
    <numeroseao>1376611</numeroseao>
    <numero>S20 835</numero>
    <depenses>
      <depense>
        <datedepense>2020-12-02</datedepense>
        <datepublicationdepense>2020-12-08</datepublicationdepense>
        <montantdepense>91073.630000</montantdepense>
        <description>ORDRES DE CHANGEMENT #1 À 9</description>
        <nomcontractant>CONSTRUCTIONS TECT-HAB INC.</nomcontractant>
        <neqcontractant>1169699783</neqcontractant>
      </depense>
      <depense>
        <datedepense>2020-12-02</datedepense>
        <datepublicationdepense>2020-12-08</datepublicationdepense>
        <montantdepense>2140.340000</montantdepense>
        <description>AJOUT RAIL AU PLAFOND ET MISE À NIVEAU DU PLANCHER - ORDRE DE CHANGEMENT #10</description>
        <nomcontractant>CONSTRUCTIONS TECT-HAB INC.</nomcontractant>
        <neqcontractant>1169699783</neqcontractant>
      </depense>
      <depense>
        <datedepense>2020-12-02</datedepense>
        <datepublicationdepense>2020-12-08</datepublicationdepense>
        <montantdepense>9117.070000</montantdepense>
        <description>RÉPARATION DE PLANCHER - ORDRE DE CHANGEMENT #11</description>
        <nomcontractant>CONSTRUCTIONS TECT-HAB INC.</nomcontractant>
        <neqcontractant>1169699783</neqcontractant>
      </depense>
      <depense>
        <datedepense>2021-01-04</datedepense>
        <datepublicationdepense>2021-09-29</datepublicationdepense>
        <montantdepense>391.570000</montantdepense>
        <description>CHANGEMENT DE MODEL D'ABREUVOIR - ORDRE DE CHANGEMENT # 29</description>
        <nomcontractant>CONSTRUCTIONS TECT-HAB INC.</nomcontractant>
        <neqcontractant>1169699783</neqcontractant>
      </depense>
      <depense>
        <datedepense>2021-02-01</datedepense>
        <datepublicationdepense>2021-09-29</datepublicationdepense>
        <montantdepense>3513.610000</montantdepense>
        <description>DIVERS TRAVAUX  - ORDRE DE CHANGEMENT #13, AJUSTEMENT HAUTEUR LUMINAIRES - ORDRE DE CHANGEMENT #14, AJOUT GYPSE LOCAL ACCUEIL - ORDRE DE CHANGEMENT #15, AJUSTEMENT MURS PEGBOARD - ORDRE DE CHANGEMENT #17</description>
        <nomcontractant>CONSTRUCTIONS TECT-HAB INC.</nomcontractant>
        <neqcontractant>1169699783</neqcontractant>
      </depense>
      <depense>
        <datedepense>2021-02-11</datedepense>
        <datepublicationdepense>2021-09-29</datepublicationdepense>
        <montantdepense>2366.200000</montantdepense>
        <description>RELOCALISATION DU FILAGE AU PLAFOND - ORDRE DE CHANGEMENT #21</description>
        <nomcontractant>CONSTRUCTIONS TECT-HAB INC.</nomcontractant>
        <neqcontractant>1169699783</neqcontractant>
      </depense>
      <depense>
        <datedepense>2021-02-11</datedepense>
        <datepublicationdepense>2021-09-29</datepublicationdepense>
        <montantdepense>11127.050000</montantdepense>
        <description>REMPLACEMENT PANNEAU L9-200 - ORDRE DE CHANGEMENT #22</description>
        <nomcontractant>CONSTRUCTIONS TECT-HAB INC.</nomcontractant>
        <neqcontractant>1169699783</neqcontractant>
      </depense>
      <depense>
        <datedepense>2021-02-11</datedepense>
        <datepublicationdepense>2021-09-29</datepublicationdepense>
        <montantdepense>3301.410000</montantdepense>
        <description>RELOCALISATION INTERRUPTEURS ET PRISE ET AJOUT CIRCUIT - ORDRE DE CHANGEMENT #23, AJOUT CONTRÔLE D'ACCÈS - ORDRE DE CHANGEMENT #24, CÂBLAGE ALARME INCENDIE - ORDRE DE CHANGEMENT # 27</description>
        <nomcontractant>CONSTRUCTIONS TECT-HAB INC.</nomcontractant>
        <neqcontractant>1169699783</neqcontractant>
      </depense>
      <depense>
        <datedepense>2021-02-11</datedepense>
        <datepublicationdepense>2021-09-29</datepublicationdepense>
        <montantdepense>363.060000</montantdepense>
        <description>AJOUT D'UN BOÎTIER DE CONTRÔLE D'ACCÈS - ORDRE DE CHANGEMENT #28</description>
        <nomcontractant>CONSTRUCTIONS TECT-HAB INC.</nomcontractant>
        <neqcontractant>1169699783</neqcontractant>
      </depense>
      <depense>
        <datedepense>2021-02-11</datedepense>
        <datepublicationdepense>2021-09-29</datepublicationdepense>
        <montantdepense>4676.850000</montantdepense>
        <description>INSTALLATION D'UN SYSTÈME DE SON - ORDRE DE CHANGEMENT #31</description>
        <nomcontractant>CONSTRUCTIONS TECT-HAB INC.</nomcontractant>
        <neqcontractant>1169699783</neqcontractant>
      </depense>
      <depense>
        <datedepense>2021-02-22</datedepense>
        <datepublicationdepense>2021-09-29</datepublicationdepense>
        <montantdepense>599.720000</montantdepense>
        <description>CORRECTION ET DÉTAILS DIVERS - ORDRE DE CHANGEMENT # 26 </description>
        <nomcontractant>CONSTRUCTIONS TECT-HAB INC.</nomcontractant>
        <neqcontractant>1169699783</neqcontractant>
      </depense>
      <depense>
        <datedepense>2021-02-22</datedepense>
        <datepublicationdepense>2021-09-29</datepublicationdepense>
        <montantdepense>1414.530000</montantdepense>
        <description>AJOUT QUINCAILLERIE ET BANCS - ORDRE DE CHANGEMENT #18</description>
        <nomcontractant>CONSTRUCTIONS TECT-HAB INC.</nomcontractant>
        <neqcontractant>1169699783</neqcontractant>
      </depense>
      <depense>
        <datedepense>2021-04-16</datedepense>
        <datepublicationdepense>2021-09-29</datepublicationdepense>
        <montantdepense>2519.910000</montantdepense>
        <description>AJOUT PRISES POUR BRANCHEMENT RUBAN LED ET PLINTHE - ORDRE DE CHANGEMENT #34</description>
        <nomcontractant>CONSTRUCTIONS TECT-HAB INC.</nomcontractant>
        <neqcontractant>1169699783</neqcontractant>
      </depense>
      <depense>
        <datedepense>2021-04-29</datedepense>
        <datepublicationdepense>2021-09-29</datepublicationdepense>
        <montantdepense>1055.710000</montantdepense>
        <description>AJOUT DE TIGES FILETÉS POUR FIXATIONS LUMINAIRES - ORDRE DE CHANGEMENT #33</description>
        <nomcontractant>CONSTRUCTIONS TECT-HAB INC.</nomcontractant>
        <neqcontractant>1169699783</neqcontractant>
      </depense>
      <depense>
        <datedepense>2021-04-29</datedepense>
        <datepublicationdepense>2021-09-29</datepublicationdepense>
        <montantdepense>7637.960000</montantdepense>
        <description>AJOUT DE RAIL AU PLAFOND - ORDRE DE CHANGEMENT #19</description>
        <nomcontractant>CONSTRUCTIONS TECT-HAB INC.</nomcontractant>
        <neqcontractant>1169699783</neqcontractant>
      </depense>
      <depense>
        <datedepense>2021-02-11</datedepense>
        <datepublicationdepense>2021-09-29</datepublicationdepense>
        <montantdepense>59.630000</montantdepense>
        <description>BOÎTE DE SORTIE POUR CONTRÔLE MURAUX - ORDRE DE CHANGEMENT #32</description>
        <nomcontractant>CONSTRUCTIONS TECT-HAB INC.</nomcontractant>
        <neqcontractant>1169699783</neqcontractant>
      </depense>
    </depenses>
  </avis>
  <avis>
    <numeroseao>1376620</numeroseao>
    <numero>CS11866</numero>
    <depenses>
      <depense>
        <datedepense>2020-05-14</datedepense>
        <datepublicationdepense>2021-04-27</datepublicationdepense>
        <montantdepense>72000.000000</montantdepense>
        <description>situation d'urgence sanitaire COVID</description>
        <nomcontractant>Enock Turenne</nomcontractant>
        <neqcontractant>1169169415</neqcontractant>
      </depense>
      <depense>
        <datedepense>2021-02-17</datedepense>
        <datepublicationdepense>2021-04-27</datepublicationdepense>
        <montantdepense>72000.000000</montantdepense>
        <description>situation d'urgence sanitaire COVID</description>
        <nomcontractant>Enock Turenne</nomcontractant>
        <neqcontractant>1169169415</neqcontractant>
      </depense>
      <depense>
        <datedepense>2021-04-26</datedepense>
        <datepublicationdepense>2021-04-27</datepublicationdepense>
        <montantdepense>57900.000000</montantdepense>
        <description>situation d'urgence sanitaire COVID</description>
        <nomcontractant>Enock Turenne</nomcontractant>
        <neqcontractant>1169169415</neqcontractant>
      </depense>
      <depense>
        <datedepense>2021-05-21</datedepense>
        <datepublicationdepense>2021-05-21</datepublicationdepense>
        <montantdepense>230000.000000</montantdepense>
        <description> situation d'urgence sanitaire COVID  </description>
        <nomcontractant>Enock Turenne</nomcontractant>
        <neqcontractant>1169169415</neqcontractant>
      </depense>
      <depense>
        <datedepense>2020-04-17</datedepense>
        <datepublicationdepense>2021-05-21</datepublicationdepense>
        <montantdepense>0.000000</montantdepense>
        <description> situation d'urgence sanitaire COVID  </description>
        <nomcontractant>Enock Turenne</nomcontractant>
        <neqcontractant>1169169415</neqcontractant>
      </depense>
      <depense>
        <datedepense>2020-04-17</datedepense>
        <datepublicationdepense>2021-05-21</datepublicationdepense>
        <montantdepense>0.000000</montantdepense>
        <description>situation d'urgence sanitaire COVID </description>
        <nomcontractant>Enock Turenne</nomcontractant>
        <neqcontractant>1169169415</neqcontractant>
      </depense>
    </depenses>
  </avis>
  <avis>
    <numeroseao>1379531</numeroseao>
    <numero>CHUSJ-631.2</numero>
    <depenses>
      <depense>
        <datedepense>2021-02-21</datedepense>
        <datepublicationdepense>2021-09-30</datepublicationdepense>
        <montantdepense>26715.000000</montantdepense>
        <description>Prolongation de location jusqu'au 30 septembre 2021</description>
        <nomcontractant>MGM Consultants</nomcontractant>
        <neqcontractant>1148394738</neqcontractant>
      </depense>
      <depense>
        <datedepense>2021-09-30</datedepense>
        <datepublicationdepense>2021-09-30</datepublicationdepense>
        <montantdepense>5895.000000</montantdepense>
        <description>Prolongation de location jusqu'au 31 décembre 2021</description>
        <nomcontractant>MGM Consultants</nomcontractant>
        <neqcontractant>1148394738</neqcontractant>
      </depense>
    </depenses>
  </avis>
  <avis>
    <numeroseao>1382525</numeroseao>
    <numero>6301-20-0108</numero>
    <depenses>
      <depense>
        <datedepense>2021-08-10</datedepense>
        <datepublicationdepense>2021-09-28</datepublicationdepense>
        <montantdepense>99390.290000</montantdepense>
        <description>Dommages ou contraintes imprévisibles ne pouvant être connus avant les travaux</description>
        <nomcontractant>Les Entreprises Rémi Charest Inc</nomcontractant>
        <neqcontractant>1174474891</neqcontractant>
      </depense>
      <depense>
        <datedepense>2021-09-13</datedepense>
        <datepublicationdepense>2021-09-28</datepublicationdepense>
        <montantdepense>4178.100000</montantdepense>
        <description>Dépassement relié à des variations de quantité et/ou des modifications au contrat de construction ou de services de nature technique</description>
        <nomcontractant>Les Entreprises Rémi Charest Inc</nomcontractant>
        <neqcontractant>1174474891</neqcontractant>
      </depense>
    </depenses>
  </avis>
  <avis>
    <numeroseao>1382746</numeroseao>
    <numero>SRM031264</numero>
    <depenses>
      <depense>
        <datedepense>2021-01-28</datedepense>
        <datepublicationdepense>2021-02-04</datepublicationdepense>
        <montantdepense>29951.000000</montantdepense>
        <description>SRM034124 - 040 021 760 - Ajout au BC initial (SRM031264)</description>
        <nomcontractant>Stantec Experts-conseils ltée</nomcontractant>
        <neqcontractant>1170241336</neqcontractant>
      </depense>
      <depense>
        <datedepense>2021-08-25</datedepense>
        <datepublicationdepense>2021-09-23</datepublicationdepense>
        <montantdepense>8110.000000</montantdepense>
        <description>SRM036535 (040 021 760)</description>
        <nomcontractant>Stantec Experts-conseils ltée</nomcontractant>
        <neqcontractant>1170241336</neqcontractant>
      </depense>
    </depenses>
  </avis>
  <avis>
    <numeroseao>1386588</numeroseao>
    <numero>25-2866P</numero>
    <depenses>
      <depense>
        <datedepense>2021-08-23</datedepense>
        <datepublicationdepense>2021-09-17</datepublicationdepense>
        <montantdepense>533006.800000</montantdepense>
        <description>SRM036505 - Ajout au BC initial APP73197 - 113 042 480</description>
        <nomcontractant>Démolition et Excavation Demex Inc.</nomcontractant>
        <neqcontractant>1142690859</neqcontractant>
      </depense>
    </depenses>
  </avis>
  <avis>
    <numeroseao>1387095</numeroseao>
    <numero>24-647P2</numero>
    <depenses>
      <depense>
        <datedepense>2021-08-20</datedepense>
        <datepublicationdepense>2021-09-17</datepublicationdepense>
        <montantdepense>487584.880000</montantdepense>
        <description>SRM036440 - Ajout et ajustement au BC initial APP32423 - projet 036 019 580 </description>
        <nomcontractant>Les Services EXP Inc</nomcontractant>
        <neqcontractant>1167268128</neqcontractant>
      </depense>
    </depenses>
  </avis>
  <avis>
    <numeroseao>1388925</numeroseao>
    <numero>19-20-129</numero>
    <depenses>
      <depense>
        <datedepense>2020-07-06</datedepense>
        <datepublicationdepense>2020-09-14</datepublicationdepense>
        <montantdepense>1695.000000</montantdepense>
        <description>Ajout de l'école de la Forêt</description>
        <nomcontractant>Alarme GS Inc</nomcontractant>
        <neqcontractant>1165560997</neqcontractant>
      </depense>
      <depense>
        <datedepense>2020-08-27</datedepense>
        <datepublicationdepense>2021-09-01</datepublicationdepense>
        <montantdepense>11607.600000</montantdepense>
        <description>Correctifs effectués suite aux inspections</description>
        <nomcontractant>Alarme GS Inc</nomcontractant>
        <neqcontractant>1165560997</neqcontractant>
      </depense>
    </depenses>
  </avis>
  <avis>
    <numeroseao>1390934</numeroseao>
    <numero>COVID 19 - Sécurité X-Gua</numero>
    <depenses>
      <depense>
        <datedepense>2020-09-14</datedepense>
        <datepublicationdepense>2020-12-02</datepublicationdepense>
        <montantdepense>233280.000000</montantdepense>
        <description>En lien avec la première vague de la pandémie Covid-19,  les CHSLD, les RPA et les RI avaient de gros enjeux de surveillance et de contrôle des accès et attendaient le déploiement de notre support. Sécurité X-GUARD faisait partie de la liste d'agences proposées par le MSSS et a été utilisée par la D</description>
        <nomcontractant>Sécurité XGuard</nomcontractant>
        <neqcontractant>1174712548</neqcontractant>
      </depense>
      <depense>
        <datedepense>2020-11-29</datedepense>
        <datepublicationdepense>2020-12-02</datepublicationdepense>
        <montantdepense>820020.000000</montantdepense>
        <description> Pour la 2ième vague de la Covid-19, les agents sont surtout utilisés lors d'éclosion. </description>
        <nomcontractant>Sécurité XGuard</nomcontractant>
        <neqcontractant>1174712548</neqcontractant>
      </depense>
      <depense>
        <datedepense>2021-04-22</datedepense>
        <datepublicationdepense>2021-04-26</datepublicationdepense>
        <montantdepense>440010.000000</montantdepense>
        <description>CISSS de Laval a publié un appel d'offre pour couvrir les besoins en agents de sécurité en lien avec la pandémie. Le début du contrat est prévue au 1er juin 2021. Entre temps, la Direction soutien à l'autonomie des personnes âgées a besoin d'un rehaussement pour couvrir les besoins jusqu'au 31 MAI 2</description>
        <nomcontractant>Sécurité XGuard</nomcontractant>
        <neqcontractant>1174712548</neqcontractant>
      </depense>
      <depense>
        <datedepense>2021-08-08</datedepense>
        <datepublicationdepense>2021-09-14</datepublicationdepense>
        <montantdepense>395850.000000</montantdepense>
        <description>Rehaussement pour une Banque d'heures supplémentaires: 13 195 heures</description>
        <nomcontractant>Sécurité XGuard</nomcontractant>
        <neqcontractant>1174712548</neqcontractant>
      </depense>
    </depenses>
  </avis>
  <avis>
    <numeroseao>1392015</numeroseao>
    <numero>SC-2048</numero>
    <depenses>
      <depense>
        <datedepense>2020-05-12</datedepense>
        <datepublicationdepense>2020-07-16</datepublicationdepense>
        <montantdepense>22500.000000</montantdepense>
        <description>avenant 1 : Prolongation du contrat et ajout d'heures</description>
        <nomcontractant>Martine Picard</nomcontractant>
        <neqcontractant>2275153387</neqcontractant>
      </depense>
      <depense>
        <datedepense>2020-08-25</datedepense>
        <datepublicationdepense>2020-11-09</datepublicationdepense>
        <montantdepense>13500.000000</montantdepense>
        <description>Avenant 2 - prolongation de contrat et ajout d'heures  </description>
        <nomcontractant>Martine Picard</nomcontractant>
        <neqcontractant>2275153387</neqcontractant>
      </depense>
      <depense>
        <datedepense>2020-11-11</datedepense>
        <datepublicationdepense>2020-11-30</datepublicationdepense>
        <montantdepense>9000.000000</montantdepense>
        <description>Avenant 3- prolongation de contrat et ajout d'heures</description>
        <nomcontractant>Martine Picard</nomcontractant>
        <neqcontractant>2275153387</neqcontractant>
      </depense>
      <depense>
        <datedepense>2020-12-23</datedepense>
        <datepublicationdepense>2021-09-08</datepublicationdepense>
        <montantdepense>9000.000000</montantdepense>
        <description>Avenant 4 - prolongation et augmentation du nombre d'heures </description>
        <nomcontractant>Martine Picard</nomcontractant>
        <neqcontractant>2275153387</neqcontractant>
      </depense>
      <depense>
        <datedepense>2021-07-21</datedepense>
        <datepublicationdepense>2021-09-08</datepublicationdepense>
        <montantdepense>14243.000000</montantdepense>
        <description>Avenant 5 - prolongation et augmentation du nombre d'heures </description>
        <nomcontractant>Martine Picard</nomcontractant>
        <neqcontractant>2275153387</neqcontractant>
      </depense>
    </depenses>
  </avis>
  <avis>
    <numeroseao>1409516</numeroseao>
    <numero>4382021-36</numero>
    <depenses>
      <depense>
        <datedepense>2021-06-01</datedepense>
        <datepublicationdepense>2021-09-22</datepublicationdepense>
        <montantdepense>29218.410000</montantdepense>
        <description>Ajout de références d'élèves</description>
        <nomcontractant>ECF- Montréal</nomcontractant>
        <neqcontractant>1170457288</neqcontractant>
      </depense>
    </depenses>
  </avis>
  <avis>
    <numeroseao>1413233</numeroseao>
    <numero>20-21-23</numero>
    <depenses>
      <depense>
        <datedepense>2021-03-24</datedepense>
        <datepublicationdepense>2021-04-15</datepublicationdepense>
        <montantdepense>26501.890000</montantdepense>
        <description>ODC1- Remplacement colonne de drainage. Raccordement aérotherme et conversion régulation pneumatique en DDC.</description>
        <nomcontractant>L'heureux Mongeau J.C. Lauzon</nomcontractant>
        <neqcontractant>1160226933</neqcontractant>
      </depense>
      <depense>
        <datedepense>2021-04-15</datedepense>
        <datepublicationdepense>2021-04-21</datepublicationdepense>
        <montantdepense>525.130000</montantdepense>
        <description>ODC2- Réparation d'un serpentin dans la salle mécanique Aile-F.</description>
        <nomcontractant>L'heureux Mongeau J.C. Lauzon</nomcontractant>
        <neqcontractant>1160226933</neqcontractant>
      </depense>
    </depenses>
  </avis>
  <avis>
    <numeroseao>1416527</numeroseao>
    <numero>44520707</numero>
    <depenses>
      <depense>
        <datedepense>2021-07-07</datedepense>
        <datepublicationdepense>2021-06-17</datepublicationdepense>
        <montantdepense>22650.460000</montantdepense>
        <description>Dépenses supplémentaires</description>
        <nomcontractant>Groupe Atwill-Morin</nomcontractant>
        <neqcontractant>1164438492</neqcontractant>
      </depense>
    </depenses>
  </avis>
  <avis>
    <numeroseao>1422817</numeroseao>
    <numero>SRM032776</numero>
    <depenses>
      <depense>
        <datedepense>2021-08-25</datedepense>
        <datepublicationdepense>2021-09-23</datepublicationdepense>
        <montantdepense>9584.330000</montantdepense>
        <description>SRM035179 (098 013 960)</description>
        <nomcontractant>DMA architectes s.e.n.c.r.l.</nomcontractant>
        <neqcontractant>3364892656</neqcontractant>
      </depense>
    </depenses>
  </avis>
  <avis>
    <numeroseao>1425579</numeroseao>
    <numero>2020SPR129</numero>
    <depenses>
      <depense>
        <datedepense>2021-04-23</datedepense>
        <datepublicationdepense>2021-09-09</datepublicationdepense>
        <montantdepense>0.000000</montantdepense>
        <description>Aucun ajout</description>
        <nomcontractant>Résidence Étienne-Simard</nomcontractant>
        <neqcontractant>1174021239</neqcontractant>
      </depense>
      <depense>
        <datedepense>2021-08-17</datedepense>
        <datepublicationdepense>2021-09-09</datepublicationdepense>
        <montantdepense>12480.000000</montantdepense>
        <description>Ajout de lits</description>
        <nomcontractant>Résidence Étienne-Simard</nomcontractant>
        <neqcontractant>1174021239</neqcontractant>
      </depense>
      <depense>
        <datedepense>2021-08-24</datedepense>
        <datepublicationdepense>2021-09-09</datepublicationdepense>
        <montantdepense>0.000000</montantdepense>
        <description>Aucun ajout</description>
        <nomcontractant>Résidence Étienne-Simard</nomcontractant>
        <neqcontractant>1174021239</neqcontractant>
      </depense>
    </depenses>
  </avis>
  <avis>
    <numeroseao>1426578</numeroseao>
    <numero>BAnQ SI-1079 CT-2020-4744</numero>
    <depenses>
      <depense>
        <datedepense>2021-09-07</datedepense>
        <datepublicationdepense>2021-09-07</datepublicationdepense>
        <montantdepense>7250.000000</montantdepense>
        <description>À la suite du départ d'un employé de BAnQ, celle-ci se voit dans l'obligation d'octroyer plus d'heures au contrat en cours, afin d'assurer la continuité du projet dans les meilleurs délais possibles, étant donné que celui-ci est tributaire d’un autre projet d’envergure.</description>
        <nomcontractant>SIA PARTNERS INC.</nomcontractant>
        <neqcontractant>1170154943</neqcontractant>
      </depense>
    </depenses>
  </avis>
  <avis>
    <numeroseao>1428391</numeroseao>
    <numero>INV-9410-276-ING-1</numero>
    <depenses>
      <depense>
        <datedepense>2021-09-14</datedepense>
        <datepublicationdepense>2021-09-14</datepublicationdepense>
        <montantdepense>6500.000000</montantdepense>
        <description>Ajustement pour surveillance du laboratoire et ajout de plans et devis en structure</description>
        <nomcontractant>Les Services exp inc (Saint-Hyacinthe)</nomcontractant>
        <neqcontractant>1167268128</neqcontractant>
      </depense>
    </depenses>
  </avis>
  <avis>
    <numeroseao>1429057</numeroseao>
    <numero>44519320</numero>
    <depenses>
      <depense>
        <datedepense>2021-07-23</datedepense>
        <datepublicationdepense>2021-09-01</datepublicationdepense>
        <montantdepense>1815.000000</montantdepense>
        <description>Ajout de services relatifs à l'assistance technique</description>
        <nomcontractant>Parizeau Pawulski Architectes (9112-4701 Québec inc.)</nomcontractant>
        <neqcontractant>3364451057</neqcontractant>
      </depense>
    </depenses>
  </avis>
  <avis>
    <numeroseao>1429355</numeroseao>
    <numero>169059-2115</numero>
    <depenses>
      <depense>
        <datedepense>2021-04-28</datedepense>
        <datepublicationdepense>2021-09-01</datepublicationdepense>
        <montantdepense>21875.000000</montantdepense>
        <description>Services complémentaires</description>
        <nomcontractant>4390041 Canada inc.</nomcontractant>
        <neqcontractant>1168676584</neqcontractant>
      </depense>
    </depenses>
  </avis>
  <avis>
    <numeroseao>1434242</numeroseao>
    <numero>SRM033812</numero>
    <depenses>
      <depense>
        <datedepense>2021-08-20</datedepense>
        <datepublicationdepense>2021-09-17</datepublicationdepense>
        <montantdepense>222228.260000</montantdepense>
        <description>SRM036439_036 019 580 - Ajout au BC initial SRM033812</description>
        <nomcontractant>Les Architectes Bertrand Paquette inc.</nomcontractant>
        <neqcontractant>1173979684</neqcontractant>
      </depense>
    </depenses>
  </avis>
  <avis>
    <numeroseao>1434276</numeroseao>
    <numero>GGR-0757-20</numero>
    <depenses>
      <depense>
        <datedepense>2021-06-14</datedepense>
        <datepublicationdepense>2021-07-26</datepublicationdepense>
        <montantdepense>45000.000000</montantdepense>
        <description>Dépense supplémentaire</description>
        <nomcontractant>APPLE CANADA</nomcontractant>
        <neqcontractant>1161231627</neqcontractant>
      </depense>
      <depense>
        <datedepense>2021-09-07</datedepense>
        <datepublicationdepense>2021-09-13</datepublicationdepense>
        <montantdepense>46500.000000</montantdepense>
        <description>Dépense supplémentaire</description>
        <nomcontractant>APPLE CANADA</nomcontractant>
        <neqcontractant>1161231627</neqcontractant>
      </depense>
    </depenses>
  </avis>
  <avis>
    <numeroseao>1437446</numeroseao>
    <numero>S20-2690-2021-01</numero>
    <depenses>
      <depense>
        <datedepense>2021-06-01</datedepense>
        <datepublicationdepense>2021-07-14</datepublicationdepense>
        <montantdepense>126085.990000</montantdepense>
        <description>ODC  No1</description>
        <nomcontractant>GIDC Mecatina Inc</nomcontractant>
        <neqcontractant>1143312040</neqcontractant>
      </depense>
      <depense>
        <datedepense>2021-07-14</datedepense>
        <datepublicationdepense>2021-07-14</datepublicationdepense>
        <montantdepense>73878.600000</montantdepense>
        <description>ODC No 2</description>
        <nomcontractant>GIDC Mecatina Inc</nomcontractant>
        <neqcontractant>1143312040</neqcontractant>
      </depense>
      <depense>
        <datedepense>2021-09-22</datedepense>
        <datepublicationdepense>2021-09-27</datepublicationdepense>
        <montantdepense>22398.740000</montantdepense>
        <description>ODC No 3</description>
        <nomcontractant>GIDC Mecatina Inc</nomcontractant>
        <neqcontractant>1143312040</neqcontractant>
      </depense>
    </depenses>
  </avis>
  <avis>
    <numeroseao>1441326</numeroseao>
    <numero>P300-04-2020</numero>
    <depenses>
      <depense>
        <datedepense>2020-10-07</datedepense>
        <datepublicationdepense>2021-01-15</datepublicationdepense>
        <montantdepense>8215.650000</montantdepense>
        <description>Efforts supplémentaires</description>
        <nomcontractant>Consortium BGLA + ABCP Architectes</nomcontractant>
        <neqcontractant>1140294530</neqcontractant>
      </depense>
    </depenses>
  </avis>
  <avis>
    <numeroseao>1446312</numeroseao>
    <numero>362076</numero>
    <depenses>
      <depense>
        <datedepense>2021-07-28</datedepense>
        <datepublicationdepense>2021-07-29</datepublicationdepense>
        <montantdepense>48000.000000</montantdepense>
        <description>Prolongement de 6 mois (Août 2021 à janvier 2022)</description>
        <nomcontractant>Fibrenoire Inc.</nomcontractant>
        <neqcontractant>1169044113</neqcontractant>
      </depense>
    </depenses>
  </avis>
  <avis>
    <numeroseao>1446381</numeroseao>
    <numero>BON202102547</numero>
    <depenses>
      <depense>
        <datedepense>2021-03-12</datedepense>
        <datepublicationdepense>2021-06-10</datepublicationdepense>
        <montantdepense>1564.500000</montantdepense>
        <description>Plan de réparation RBQ et inspection avec assurance</description>
        <nomcontractant>Combustion Expert Énergie inc.</nomcontractant>
        <neqcontractant>1170098306</neqcontractant>
      </depense>
      <depense>
        <datedepense>2021-03-12</datedepense>
        <datepublicationdepense>2021-06-10</datepublicationdepense>
        <montantdepense>23699.830000</montantdepense>
        <description>Réparation porte avant et fissure tube Foyer, traitement chimique et ajustement</description>
        <nomcontractant>Combustion Expert Énergie inc.</nomcontractant>
        <neqcontractant>1170098306</neqcontractant>
      </depense>
      <depense>
        <datedepense>2021-06-01</datedepense>
        <datepublicationdepense>2021-06-10</datepublicationdepense>
        <montantdepense>7931.750000</montantdepense>
        <description>Mise aux normes RBQ</description>
        <nomcontractant>Combustion Expert Énergie inc.</nomcontractant>
        <neqcontractant>1170098306</neqcontractant>
      </depense>
    </depenses>
  </avis>
  <avis>
    <numeroseao>1446785</numeroseao>
    <numero>ETS-CP21-007</numero>
    <depenses>
      <depense>
        <datedepense>2021-05-31</datedepense>
        <datepublicationdepense>2021-05-31</datepublicationdepense>
        <montantdepense>836.920000</montantdepense>
        <description>Soufflage de gypse et modification de cloisons</description>
        <nomcontractant>Construction Gesmo Inc.</nomcontractant>
        <neqcontractant>1143399724</neqcontractant>
      </depense>
      <depense>
        <datedepense>2021-06-23</datedepense>
        <datepublicationdepense>2021-07-05</datepublicationdepense>
        <montantdepense>1346.800000</montantdepense>
        <description>Modification du modèle des boîtes VAV par modèle des boîtes de Titus</description>
        <nomcontractant>Construction Gesmo Inc.</nomcontractant>
        <neqcontractant>1143399724</neqcontractant>
      </depense>
      <depense>
        <datedepense>2021-06-23</datedepense>
        <datepublicationdepense>2021-07-05</datepublicationdepense>
        <montantdepense>608.060000</montantdepense>
        <description>Positionnement du bras de captation</description>
        <nomcontractant>Construction Gesmo Inc.</nomcontractant>
        <neqcontractant>1143399724</neqcontractant>
      </depense>
      <depense>
        <datedepense>2021-07-19</datedepense>
        <datepublicationdepense>2021-09-14</datepublicationdepense>
        <montantdepense>8784.880000</montantdepense>
        <description>Ajout de fonds de vissage, modification des hauteurs de portes et ajouts de charnières, ajout de conduits de transfert acoustique, modification d'un panneau, signalisation d'alarme incendie</description>
        <nomcontractant>Construction Gesmo Inc.</nomcontractant>
        <neqcontractant>1143399724</neqcontractant>
      </depense>
      <depense>
        <datedepense>2021-09-14</datedepense>
        <datepublicationdepense>2021-09-14</datepublicationdepense>
        <montantdepense>298.280000</montantdepense>
        <description>graffitis au local du LAB-09</description>
        <nomcontractant>Construction Gesmo Inc.</nomcontractant>
        <neqcontractant>1143399724</neqcontractant>
      </depense>
      <depense>
        <datedepense>2021-09-20</datedepense>
        <datepublicationdepense>2021-09-22</datepublicationdepense>
        <montantdepense>5485.670000</montantdepense>
        <description>Conditions de chantier</description>
        <nomcontractant>Construction Gesmo Inc.</nomcontractant>
        <neqcontractant>1143399724</neqcontractant>
      </depense>
    </depenses>
  </avis>
  <avis>
    <numeroseao>1450059</numeroseao>
    <numero>INV-9235-286-1-CG</numero>
    <depenses>
      <depense>
        <datedepense>2021-08-28</datedepense>
        <datepublicationdepense>2021-08-31</datepublicationdepense>
        <montantdepense>32708.130000</montantdepense>
        <description>Révision pour l'accessibilité des vannes du système de gicleurs 939.61$ et exigence de la ville pour l'emplacement de la siamoise à valve 31768.52$</description>
        <nomcontractant>Roland Grenier Construction</nomcontractant>
        <neqcontractant>1142915231</neqcontractant>
      </depense>
    </depenses>
  </avis>
  <avis>
    <numeroseao>1465592</numeroseao>
    <numero>M18M10901</numero>
    <depenses>
      <depense>
        <datedepense>2021-06-15</datedepense>
        <datepublicationdepense>2021-09-15</datepublicationdepense>
        <montantdepense>1686.640000</montantdepense>
        <description>Directive #M-01 Ajout de béton à démolir</description>
        <nomcontractant>Groupe PGS 2009 Inc.</nomcontractant>
        <neqcontractant>1166014952</neqcontractant>
      </depense>
      <depense>
        <datedepense>2021-06-21</datedepense>
        <datepublicationdepense>2021-09-15</datepublicationdepense>
        <montantdepense>758.760000</montantdepense>
        <description>Directive # M-03 Modification contrôle refroidissement salle 004</description>
        <nomcontractant>Groupe PGS 2009 Inc.</nomcontractant>
        <neqcontractant>1166014952</neqcontractant>
      </depense>
      <depense>
        <datedepense>2021-07-07</datedepense>
        <datepublicationdepense>2021-09-15</datepublicationdepense>
        <montantdepense>838.000000</montantdepense>
        <description>Directive M-04 Modification plomberie salles 004 et 102</description>
        <nomcontractant>Groupe PGS 2009 Inc.</nomcontractant>
        <neqcontractant>1166014952</neqcontractant>
      </depense>
      <depense>
        <datedepense>2021-06-15</datedepense>
        <datepublicationdepense>2021-09-15</datepublicationdepense>
        <montantdepense>77.550000</montantdepense>
        <description>Directive E-01 (91.50$) Modif. ECH-1, ECH-2 et PS1 et E-02 (-13.95$) Modif.pressurisation glycol</description>
        <nomcontractant>Groupe PGS 2009 Inc.</nomcontractant>
        <neqcontractant>1166014952</neqcontractant>
      </depense>
      <depense>
        <datedepense>2021-08-31</datedepense>
        <datepublicationdepense>2021-09-15</datepublicationdepense>
        <montantdepense>1686.000000</montantdepense>
        <description>Directive M-06 Modification raccordement chauffage locaux 217 et HA1</description>
        <nomcontractant>Groupe PGS 2009 Inc.</nomcontractant>
        <neqcontractant>1166014952</neqcontractant>
      </depense>
    </depenses>
  </avis>
  <avis>
    <numeroseao>1479688</numeroseao>
    <numero>BL005540</numero>
    <depenses>
      <depense>
        <datedepense>2021-09-21</datedepense>
        <datepublicationdepense>2021-09-21</datepublicationdepense>
        <montantdepense>6414.000000</montantdepense>
        <description>Dépense additionelle approvée</description>
        <nomcontractant>My Jove Corporation</nomcontractant>
        <neqcontractant />
      </depense>
    </depenses>
  </avis>
  <avis>
    <numeroseao>1482955</numeroseao>
    <numero>SRM034361</numero>
    <depenses>
      <depense>
        <datedepense>2021-08-25</datedepense>
        <datepublicationdepense>2021-09-23</datepublicationdepense>
        <montantdepense>9500.000000</montantdepense>
        <description>SRM036444 (073 029 110)</description>
        <nomcontractant>DWB Consultant</nomcontractant>
        <neqcontractant>1160969102</neqcontractant>
      </depense>
    </depenses>
  </avis>
  <avis>
    <numeroseao>1488154</numeroseao>
    <numero>SC-2997</numero>
    <depenses>
      <depense>
        <datedepense>2021-01-27</datedepense>
        <datepublicationdepense>2021-05-12</datepublicationdepense>
        <montantdepense>4500.000000</montantdepense>
        <description>Avenant 1 - prolongation et augmentation du nombre d'heures </description>
        <nomcontractant>Rémi St-Onge</nomcontractant>
        <neqcontractant />
      </depense>
      <depense>
        <datedepense>2021-03-20</datedepense>
        <datepublicationdepense>2021-05-12</datepublicationdepense>
        <montantdepense>1935.000000</montantdepense>
        <description>Avenant 2 - prolongation du contrat et nombre d'heures </description>
        <nomcontractant>Rémi St-Onge</nomcontractant>
        <neqcontractant />
      </depense>
      <depense>
        <datedepense>2021-03-20</datedepense>
        <datepublicationdepense>2021-05-12</datepublicationdepense>
        <montantdepense>2565.000000</montantdepense>
        <description>Avenant 3 - prolongation du contrat et nombre d'heures</description>
        <nomcontractant>Rémi St-Onge</nomcontractant>
        <neqcontractant />
      </depense>
    </depenses>
  </avis>
  <avis>
    <numeroseao>1490696</numeroseao>
    <numero>SRM033813</numero>
    <depenses>
      <depense>
        <datedepense>2021-08-25</datedepense>
        <datepublicationdepense>2021-09-23</datepublicationdepense>
        <montantdepense>24974.430000</montantdepense>
        <description>SRM036443 (073 029 110)</description>
        <nomcontractant>GR7 Architecture inc.</nomcontractant>
        <neqcontractant>1143500214</neqcontractant>
      </depense>
    </depenses>
  </avis>
  <avis>
    <numeroseao>1495532</numeroseao>
    <numero>SRM035779</numero>
    <depenses>
      <depense>
        <datedepense>2021-08-31</datedepense>
        <datepublicationdepense>2021-09-24</datepublicationdepense>
        <montantdepense>7490.230000</montantdepense>
        <description>SRM036635 (151 B23 400)</description>
        <nomcontractant>EXCAVATION P.DUPRAS INC</nomcontractant>
        <neqcontractant>1163473995</neqcontractant>
      </depense>
    </depenses>
  </avis>
  <avis>
    <numeroseao>1529021</numeroseao>
    <numero>SRM030503</numero>
    <depenses>
      <depense>
        <datedepense>2021-07-06</datedepense>
        <datepublicationdepense>2021-09-23</datepublicationdepense>
        <montantdepense>21400.000000</montantdepense>
        <description>SRM035885 (177 014 900) 191-07815-11 Révision 1  (Modification de date du contrat)</description>
        <nomcontractant>WSP CANADA INC.</nomcontractant>
        <neqcontractant>1148357057</neqcontractant>
      </depense>
    </depenses>
  </avis>
  <avis>
    <numeroseao>1530579</numeroseao>
    <numero>BC402142</numero>
    <depenses>
      <depense>
        <datedepense>2021-09-17</datedepense>
        <datepublicationdepense>2021-09-28</datepublicationdepense>
        <montantdepense>21808.000000</montantdepense>
        <description>Location d’équipements industriels dans le cadre du Covid-19 à l’Institut de Gériatrie de Montréal</description>
        <nomcontractant>LOUE FROID INC.</nomcontractant>
        <neqcontractant>1149222409</neqcontractant>
      </depense>
    </depenses>
  </avis>
</export>