<?xml version="1.0" encoding="utf-8"?>
<export xmlns:xsi="http://www.w3.org/2001/XMLSchema-instance" xmlns:xsd="http://www.w3.org/2001/XMLSchema" datedebut="2021-06-01" datefin="2021-06-30">
  <contrat>
    <numeroseao>928021</numeroseao>
    <numero>ENV-2015-04-023</numero>
    <datefinale>2019-06-02</datefinale>
    <datepublicationfinale>2017-07-06</datepublicationfinale>
    <montantfinal>106710.590000</montantfinal>
    <nomcontractant>Filtrum Inc.</nomcontractant>
    <neqcontractant>1166806464</neqcontractant>
  </contrat>
  <contrat>
    <numeroseao>930751</numeroseao>
    <numero>P0449499</numero>
    <datefinale>2019-04-29</datefinale>
    <datepublicationfinale>2021-05-05</datepublicationfinale>
    <montantfinal>46581.870000</montantfinal>
    <nomcontractant>DMA</nomcontractant>
    <neqcontractant />
  </contrat>
  <contrat>
    <numeroseao>947734</numeroseao>
    <numero>X3 N15156 (2015-095)</numero>
    <datefinale>2020-02-24</datefinale>
    <datepublicationfinale>2018-05-11</datepublicationfinale>
    <montantfinal>24432.170000</montantfinal>
    <nomcontractant>BSA Groupe-conseil</nomcontractant>
    <neqcontractant>1144447753</neqcontractant>
  </contrat>
  <contrat>
    <numeroseao>957851</numeroseao>
    <numero>7006-15-0102</numero>
    <datefinale>2021-05-10</datefinale>
    <datepublicationfinale>2019-06-20</datepublicationfinale>
    <montantfinal>563582.870000</montantfinal>
    <nomcontractant>Construction &amp; Pavage Portneuf</nomcontractant>
    <neqcontractant>1142323634</neqcontractant>
  </contrat>
  <contrat>
    <numeroseao>966806</numeroseao>
    <numero>BNF-09-289.3</numero>
    <datefinale>2019-04-03</datefinale>
    <datepublicationfinale>2020-05-18</datepublicationfinale>
    <montantfinal>6678622.150000</montantfinal>
    <nomcontractant>Tro-Chaînes Inc.</nomcontractant>
    <neqcontractant>1167620021</neqcontractant>
  </contrat>
  <contrat>
    <numeroseao>975240</numeroseao>
    <numero>02-2016-2019</numero>
    <datefinale>2021-05-01</datefinale>
    <datepublicationfinale>2021-05-10</datepublicationfinale>
    <montantfinal>4752493.000000</montantfinal>
    <nomcontractant>Pétroles Crevier Inc</nomcontractant>
    <neqcontractant>1143798966</neqcontractant>
  </contrat>
  <contrat>
    <numeroseao>997605</numeroseao>
    <numero>2016-4016-00-01</numero>
    <datefinale>2021-03-31</datefinale>
    <datepublicationfinale>2021-05-26</datepublicationfinale>
    <montantfinal>1333129.500000</montantfinal>
    <nomcontractant>Enveloppe Laurentide inc.</nomcontractant>
    <neqcontractant>1171795454</neqcontractant>
  </contrat>
  <contrat>
    <numeroseao>1020099</numeroseao>
    <numero>P0555723</numero>
    <datefinale>2018-04-27</datefinale>
    <datepublicationfinale>2021-05-05</datepublicationfinale>
    <montantfinal>78842.000000</montantfinal>
    <nomcontractant>Les Architectes FABG</nomcontractant>
    <neqcontractant />
  </contrat>
  <contrat>
    <numeroseao>1027069</numeroseao>
    <numero>8528</numero>
    <datefinale>2018-11-25</datefinale>
    <datepublicationfinale>2020-05-26</datepublicationfinale>
    <montantfinal>153774.440000</montantfinal>
    <nomcontractant>LS INST. NORCO ELECTRIQUE INC.</nomcontractant>
    <neqcontractant>1143061829</neqcontractant>
  </contrat>
  <contrat>
    <numeroseao>1027800</numeroseao>
    <numero>GBI-15-2096.1</numero>
    <datefinale>2019-05-22</datefinale>
    <datepublicationfinale>2020-05-21</datepublicationfinale>
    <montantfinal>803049.300000</montantfinal>
    <nomcontractant>AIA Automation</nomcontractant>
    <neqcontractant>1143571694</neqcontractant>
  </contrat>
  <contrat>
    <numeroseao>1064518</numeroseao>
    <numero>P0581553</numero>
    <datefinale>2017-04-28</datefinale>
    <datepublicationfinale>2021-05-05</datepublicationfinale>
    <montantfinal>34869.940000</montantfinal>
    <nomcontractant>Constructo SEAO</nomcontractant>
    <neqcontractant />
  </contrat>
  <contrat>
    <numeroseao>1074507</numeroseao>
    <numero>P17029KK-17004KK_Struct</numero>
    <datefinale>2020-09-25</datefinale>
    <datepublicationfinale>2021-02-09</datepublicationfinale>
    <montantfinal>66595.220000</montantfinal>
    <nomcontractant>Cosigma structure inc.</nomcontractant>
    <neqcontractant>1146040945</neqcontractant>
  </contrat>
  <contrat>
    <numeroseao>1122233</numeroseao>
    <numero>8988</numero>
    <datefinale>2018-11-11</datefinale>
    <datepublicationfinale>2019-11-12</datepublicationfinale>
    <montantfinal>852220.340000</montantfinal>
    <nomcontractant>Construction Durand Inc.</nomcontractant>
    <neqcontractant>1144384501</neqcontractant>
  </contrat>
  <contrat>
    <numeroseao>1125129</numeroseao>
    <numero>1185408</numero>
    <datefinale>2017-03-16</datefinale>
    <datepublicationfinale>2017-12-21</datepublicationfinale>
    <montantfinal>46197.640000</montantfinal>
    <nomcontractant>Astral Média Affichage</nomcontractant>
    <neqcontractant>3341401027</neqcontractant>
  </contrat>
  <contrat>
    <numeroseao>1125132</numeroseao>
    <numero>1194288</numero>
    <datefinale>2017-05-31</datefinale>
    <datepublicationfinale>2017-12-21</datepublicationfinale>
    <montantfinal>39149.830000</montantfinal>
    <nomcontractant>Cogeco média acquisitions inc</nomcontractant>
    <neqcontractant>1167063446</neqcontractant>
  </contrat>
  <contrat>
    <numeroseao>1125136</numeroseao>
    <numero>1214686</numero>
    <datefinale>2017-06-30</datefinale>
    <datepublicationfinale>2017-12-21</datepublicationfinale>
    <montantfinal>25209.850000</montantfinal>
    <nomcontractant>Média QMI</nomcontractant>
    <neqcontractant>1170153606</neqcontractant>
  </contrat>
  <contrat>
    <numeroseao>1125142</numeroseao>
    <numero>1214803</numero>
    <datefinale>2017-09-12</datefinale>
    <datepublicationfinale>2017-12-21</datepublicationfinale>
    <montantfinal>26676.530000</montantfinal>
    <nomcontractant>Média QMI</nomcontractant>
    <neqcontractant>1170153606</neqcontractant>
  </contrat>
  <contrat>
    <numeroseao>1125147</numeroseao>
    <numero>1233941</numero>
    <datefinale>2017-11-15</datefinale>
    <datepublicationfinale>2017-12-21</datepublicationfinale>
    <montantfinal>46028.360000</montantfinal>
    <nomcontractant>Québecor média affichage</nomcontractant>
    <neqcontractant>1149501992</neqcontractant>
  </contrat>
  <contrat>
    <numeroseao>1125208</numeroseao>
    <numero>1238631</numero>
    <datefinale>2017-12-06</datefinale>
    <datepublicationfinale>2017-12-21</datepublicationfinale>
    <montantfinal>46028.360000</montantfinal>
    <nomcontractant>Québecor média affichage</nomcontractant>
    <neqcontractant>1149501992</neqcontractant>
  </contrat>
  <contrat>
    <numeroseao>1125219</numeroseao>
    <numero>1184365</numero>
    <datefinale>2017-08-17</datefinale>
    <datepublicationfinale>2017-12-21</datepublicationfinale>
    <montantfinal>36782.370000</montantfinal>
    <nomcontractant>ville en vert </nomcontractant>
    <neqcontractant>1144874162</neqcontractant>
  </contrat>
  <contrat>
    <numeroseao>1125229</numeroseao>
    <numero>1185090</numero>
    <datefinale>2017-10-20</datefinale>
    <datepublicationfinale>2017-12-21</datepublicationfinale>
    <montantfinal>78758.470000</montantfinal>
    <nomcontractant>SOC - pour l'actition L'éducation et la sensibilisation environnementale de Montréal</nomcontractant>
    <neqcontractant>1166946294</neqcontractant>
  </contrat>
  <contrat>
    <numeroseao>1125237</numeroseao>
    <numero>1191776</numero>
    <datefinale>2017-12-11</datefinale>
    <datepublicationfinale>2017-12-21</datepublicationfinale>
    <montantfinal>91481.650000</montantfinal>
    <nomcontractant>Y'a quelqu'un l'aut'bord du murs inc</nomcontractant>
    <neqcontractant>1164114481</neqcontractant>
  </contrat>
  <contrat>
    <numeroseao>1125244</numeroseao>
    <numero>1217005</numero>
    <datefinale>2017-10-16</datefinale>
    <datepublicationfinale>2017-12-21</datepublicationfinale>
    <montantfinal>90400.190000</montantfinal>
    <nomcontractant>TOHU</nomcontractant>
    <neqcontractant>1148923601</neqcontractant>
  </contrat>
  <contrat>
    <numeroseao>1125262</numeroseao>
    <numero>1223221</numero>
    <datefinale>2017-09-07</datefinale>
    <datepublicationfinale>2017-12-21</datepublicationfinale>
    <montantfinal>68268.120000</montantfinal>
    <nomcontractant>publicité sauvage </nomcontractant>
    <neqcontractant>1143280254</neqcontractant>
  </contrat>
  <contrat>
    <numeroseao>1158966</numeroseao>
    <numero>8807-18-4545</numero>
    <datefinale>2021-05-31</datefinale>
    <datepublicationfinale>2019-08-27</datepublicationfinale>
    <montantfinal>1492927.330000</montantfinal>
    <nomcontractant>Gilbert P. Miller et Fils Ltée.</nomcontractant>
    <neqcontractant>1142723379</neqcontractant>
  </contrat>
  <contrat>
    <numeroseao>1165808</numeroseao>
    <numero>SA-180516-RY</numero>
    <datefinale>2019-02-21</datefinale>
    <datepublicationfinale>2021-01-28</datepublicationfinale>
    <montantfinal>45324.340000</montantfinal>
    <nomcontractant>Bouthillette Parizeau Inc.</nomcontractant>
    <neqcontractant>1142591438</neqcontractant>
  </contrat>
  <contrat>
    <numeroseao>1168764</numeroseao>
    <numero>2018-074</numero>
    <datefinale>2021-06-03</datefinale>
    <datepublicationfinale>2021-04-28</datepublicationfinale>
    <montantfinal>1711247.360000</montantfinal>
    <nomcontractant>Inter-Cité Construction Ltée</nomcontractant>
    <neqcontractant>1143991546</neqcontractant>
  </contrat>
  <contrat>
    <numeroseao>1185794</numeroseao>
    <numero>BON181900542</numero>
    <datefinale>2021-05-07</datefinale>
    <datepublicationfinale>2021-05-11</datepublicationfinale>
    <montantfinal>89130.000000</montantfinal>
    <nomcontractant>Siemens Canada - Montreal</nomcontractant>
    <neqcontractant>1161355988</neqcontractant>
  </contrat>
  <contrat>
    <numeroseao>1193416</numeroseao>
    <numero>2018STC570</numero>
    <datefinale>2021-04-30</datefinale>
    <datepublicationfinale>2021-05-11</datepublicationfinale>
    <montantfinal>233000.000000</montantfinal>
    <nomcontractant>Excvation Bolbou Inc.</nomcontractant>
    <neqcontractant>1165104812</neqcontractant>
  </contrat>
  <contrat>
    <numeroseao>1219608</numeroseao>
    <numero>CE 2018-2019 / 022</numero>
    <datefinale>2019-08-21</datefinale>
    <datepublicationfinale>2020-08-26</datepublicationfinale>
    <montantfinal>2256.340000</montantfinal>
    <nomcontractant>Onico Inc.</nomcontractant>
    <neqcontractant>1170212956</neqcontractant>
  </contrat>
  <contrat>
    <numeroseao>1221320</numeroseao>
    <numero>P0706181</numero>
    <datefinale>2020-04-30</datefinale>
    <datepublicationfinale>2021-05-05</datepublicationfinale>
    <montantfinal>132229.870000</montantfinal>
    <nomcontractant>WSP Canada Inc.</nomcontractant>
    <neqcontractant />
  </contrat>
  <contrat>
    <numeroseao>1224615</numeroseao>
    <numero>18-16975</numero>
    <datefinale>2018-06-20</datefinale>
    <datepublicationfinale>2018-12-20</datepublicationfinale>
    <montantfinal>44939.900000</montantfinal>
    <nomcontractant>imprimerie Norecob Inc</nomcontractant>
    <neqcontractant>1164104094</neqcontractant>
  </contrat>
  <contrat>
    <numeroseao>1224998</numeroseao>
    <numero>2018027</numero>
    <datefinale>2019-10-05</datefinale>
    <datepublicationfinale>2019-11-29</datepublicationfinale>
    <montantfinal>26050.550000</montantfinal>
    <nomcontractant>Groupe La Guerilla Inc.</nomcontractant>
    <neqcontractant>1169616720</neqcontractant>
  </contrat>
  <contrat>
    <numeroseao>1225244</numeroseao>
    <numero>1309866</numero>
    <datefinale>2018-12-28</datefinale>
    <datepublicationfinale>2019-11-29</datepublicationfinale>
    <montantfinal>36745.620000</montantfinal>
    <nomcontractant>Couleur Locale inc</nomcontractant>
    <neqcontractant>1169546083</neqcontractant>
  </contrat>
  <contrat>
    <numeroseao>1225253</numeroseao>
    <numero>1306433</numero>
    <datefinale>2019-05-28</datefinale>
    <datepublicationfinale>2019-11-29</datepublicationfinale>
    <montantfinal>37270.560000</montantfinal>
    <nomcontractant>Dominique Gelineau </nomcontractant>
    <neqcontractant />
  </contrat>
  <contrat>
    <numeroseao>1225258</numeroseao>
    <numero>1280756</numero>
    <datefinale>2018-06-12</datefinale>
    <datepublicationfinale>2019-12-18</datepublicationfinale>
    <montantfinal>26223.780000</montantfinal>
    <nomcontractant>La Presse Ltd</nomcontractant>
    <neqcontractant>1141726332</neqcontractant>
  </contrat>
  <contrat>
    <numeroseao>1233174</numeroseao>
    <numero>CE 20185-2019 / 056</numero>
    <datefinale>2019-05-07</datefinale>
    <datepublicationfinale>2020-06-05</datepublicationfinale>
    <montantfinal>52570.790000</montantfinal>
    <nomcontractant>Épiroc Canada Inc.</nomcontractant>
    <neqcontractant>1172969090</neqcontractant>
  </contrat>
  <contrat>
    <numeroseao>1233634</numeroseao>
    <numero>P1455-02-/232S</numero>
    <datefinale>2020-11-30</datefinale>
    <datepublicationfinale>2021-05-03</datepublicationfinale>
    <montantfinal>186236.560000</montantfinal>
    <nomcontractant>Le Groupe Réjean Claveau ltée</nomcontractant>
    <neqcontractant>1146482386</neqcontractant>
  </contrat>
  <contrat>
    <numeroseao>1244360</numeroseao>
    <numero>9451</numero>
    <datefinale>2019-12-30</datefinale>
    <datepublicationfinale>2020-05-13</datepublicationfinale>
    <montantfinal>422883.410000</montantfinal>
    <nomcontractant>Laplante Construction (2006) inc.</nomcontractant>
    <neqcontractant>1142390633</neqcontractant>
  </contrat>
  <contrat>
    <numeroseao>1244853</numeroseao>
    <numero>9469</numero>
    <datefinale>2020-04-01</datefinale>
    <datepublicationfinale>2020-05-13</datepublicationfinale>
    <montantfinal>451432.170000</montantfinal>
    <nomcontractant>Laplante Construction (2006) inc.</nomcontractant>
    <neqcontractant>1142390633</neqcontractant>
  </contrat>
  <contrat>
    <numeroseao>1262638</numeroseao>
    <numero>2019CNT025</numero>
    <datefinale>2020-09-30</datefinale>
    <datepublicationfinale>2021-05-28</datepublicationfinale>
    <montantfinal>208785.790000</montantfinal>
    <nomcontractant>Construction Langis Normand</nomcontractant>
    <neqcontractant>1143408418</neqcontractant>
  </contrat>
  <contrat>
    <numeroseao>1279742</numeroseao>
    <numero>CR20190029</numero>
    <datefinale>2021-04-14</datefinale>
    <datepublicationfinale>2021-04-15</datepublicationfinale>
    <montantfinal>140075.250000</montantfinal>
    <nomcontractant>Systèmes de support Informatique R.L. Inc.</nomcontractant>
    <neqcontractant>1143778158</neqcontractant>
  </contrat>
  <contrat>
    <numeroseao>1289130</numeroseao>
    <numero>SG-180910-RY</numero>
    <datefinale>2020-04-30</datefinale>
    <datepublicationfinale>2020-08-18</datepublicationfinale>
    <montantfinal>55500.000000</montantfinal>
    <nomcontractant>Octopus-ITSM.com inc</nomcontractant>
    <neqcontractant>1166315607</neqcontractant>
  </contrat>
  <contrat>
    <numeroseao>1296001</numeroseao>
    <numero>2019CNT042</numero>
    <datefinale>2020-10-19</datefinale>
    <datepublicationfinale>2021-05-28</datepublicationfinale>
    <montantfinal>126088.260000</montantfinal>
    <nomcontractant>Laurent Verreault Inc..</nomcontractant>
    <neqcontractant>1141934340</neqcontractant>
  </contrat>
  <contrat>
    <numeroseao>1305031</numeroseao>
    <numero>2019CNT048</numero>
    <datefinale>2020-11-30</datefinale>
    <datepublicationfinale>2020-12-16</datepublicationfinale>
    <montantfinal>104324.950000</montantfinal>
    <nomcontractant>Lévesque et Associées Construction Inc.</nomcontractant>
    <neqcontractant>1149139215</neqcontractant>
  </contrat>
  <contrat>
    <numeroseao>1313196</numeroseao>
    <numero>201962TP</numero>
    <datefinale>2020-11-30</datefinale>
    <datepublicationfinale>2020-09-11</datepublicationfinale>
    <montantfinal>39346.690000</montantfinal>
    <nomcontractant>EBI Envirotech Inc.</nomcontractant>
    <neqcontractant>1141969957</neqcontractant>
  </contrat>
  <contrat>
    <numeroseao>1317487</numeroseao>
    <numero>C9120</numero>
    <datefinale>2021-04-14</datefinale>
    <datepublicationfinale>2021-05-11</datepublicationfinale>
    <montantfinal>82037.000000</montantfinal>
    <nomcontractant>Tetra Tech QI inc - Est</nomcontractant>
    <neqcontractant>1169411510</neqcontractant>
  </contrat>
  <contrat>
    <numeroseao>1319859</numeroseao>
    <numero>36236500</numero>
    <datefinale>2020-04-09</datefinale>
    <datepublicationfinale>2020-04-27</datepublicationfinale>
    <montantfinal>44095.330000</montantfinal>
    <nomcontractant>Les entreprises électriques A&amp;R Ltée</nomcontractant>
    <neqcontractant>1149670912</neqcontractant>
  </contrat>
  <contrat>
    <numeroseao>1325100</numeroseao>
    <numero>2019-AO191202DP1</numero>
    <datefinale>2021-05-18</datefinale>
    <datepublicationfinale>2021-05-18</datepublicationfinale>
    <montantfinal>1669144.310000</montantfinal>
    <nomcontractant>Therrien Entrepreneur Général</nomcontractant>
    <neqcontractant>1166269978</neqcontractant>
  </contrat>
  <contrat>
    <numeroseao>1326942</numeroseao>
    <numero>2019CNT067</numero>
    <datefinale>2021-02-18</datefinale>
    <datepublicationfinale>2021-04-01</datepublicationfinale>
    <montantfinal>189968.160000</montantfinal>
    <nomcontractant>R. N. Samson Inc.</nomcontractant>
    <neqcontractant>1166234758</neqcontractant>
  </contrat>
  <contrat>
    <numeroseao>1329760</numeroseao>
    <numero>RGLAVEUR20</numero>
    <datefinale>2020-10-31</datefinale>
    <datepublicationfinale>2021-01-18</datepublicationfinale>
    <montantfinal>18980.000000</montantfinal>
    <nomcontractant>Olympus Canada Inc</nomcontractant>
    <neqcontractant>1163495170</neqcontractant>
  </contrat>
  <contrat>
    <numeroseao>1330254</numeroseao>
    <numero>2019011</numero>
    <datefinale>2020-07-13</datefinale>
    <datepublicationfinale>2020-11-24</datepublicationfinale>
    <montantfinal>105493.990000</montantfinal>
    <nomcontractant>Institut du Nouveau Monde</nomcontractant>
    <neqcontractant>1161264164</neqcontractant>
  </contrat>
  <contrat>
    <numeroseao>1330692</numeroseao>
    <numero>1347951</numero>
    <datefinale>2020-05-26</datefinale>
    <datepublicationfinale>2020-11-24</datepublicationfinale>
    <montantfinal>59063.920000</montantfinal>
    <nomcontractant>L'Empreinte inc</nomcontractant>
    <neqcontractant>1174587270</neqcontractant>
  </contrat>
  <contrat>
    <numeroseao>1330757</numeroseao>
    <numero>1367635</numero>
    <datefinale>2020-06-30</datefinale>
    <datepublicationfinale>2020-11-24</datepublicationfinale>
    <montantfinal>53690.780000</montantfinal>
    <nomcontractant>Média QMI</nomcontractant>
    <neqcontractant>1170153606</neqcontractant>
  </contrat>
  <contrat>
    <numeroseao>1330899</numeroseao>
    <numero>2019015</numero>
    <datefinale>2020-01-30</datefinale>
    <datepublicationfinale>2020-11-24</datepublicationfinale>
    <montantfinal>58399.300000</montantfinal>
    <nomcontractant>Transfert Environnement .</nomcontractant>
    <neqcontractant>1162394382</neqcontractant>
  </contrat>
  <contrat>
    <numeroseao>1331282</numeroseao>
    <numero>2019016</numero>
    <datefinale>2019-12-23</datefinale>
    <datepublicationfinale>2020-11-24</datepublicationfinale>
    <montantfinal>28636.650000</montantfinal>
    <nomcontractant>Morin Relations Publiques</nomcontractant>
    <neqcontractant>1141799370</neqcontractant>
  </contrat>
  <contrat>
    <numeroseao>1331339</numeroseao>
    <numero>2019025</numero>
    <datefinale>2020-02-26</datefinale>
    <datepublicationfinale>2020-11-12</datepublicationfinale>
    <montantfinal>35695.740000</montantfinal>
    <nomcontractant>Annexe Communications</nomcontractant>
    <neqcontractant>1143966951</neqcontractant>
  </contrat>
  <contrat>
    <numeroseao>1331343</numeroseao>
    <numero>2019026</numero>
    <datefinale>2020-01-31</datefinale>
    <datepublicationfinale>2020-11-12</datepublicationfinale>
    <montantfinal>26968.120000</montantfinal>
    <nomcontractant>Cohésion Stratégies</nomcontractant>
    <neqcontractant>1147942966</neqcontractant>
  </contrat>
  <contrat>
    <numeroseao>1331422</numeroseao>
    <numero>20190429</numero>
    <datefinale>2019-11-09</datefinale>
    <datepublicationfinale>2019-12-20</datepublicationfinale>
    <montantfinal>86483.460000</montantfinal>
    <nomcontractant>IGF Axiom Inc</nomcontractant>
    <neqcontractant>1147455431</neqcontractant>
  </contrat>
  <contrat>
    <numeroseao>1331439</numeroseao>
    <numero>2019031</numero>
    <datefinale>2020-08-03</datefinale>
    <datepublicationfinale>2020-11-12</datepublicationfinale>
    <montantfinal>34540.890000</montantfinal>
    <nomcontractant>SOM Inc.</nomcontractant>
    <neqcontractant>1148466015</neqcontractant>
  </contrat>
  <contrat>
    <numeroseao>1331485</numeroseao>
    <numero>1363710</numero>
    <datefinale>2019-12-29</datefinale>
    <datepublicationfinale>2019-12-20</datepublicationfinale>
    <montantfinal>136936.250000</montantfinal>
    <nomcontractant>Astral Média Affichage</nomcontractant>
    <neqcontractant>3341401027</neqcontractant>
  </contrat>
  <contrat>
    <numeroseao>1332537</numeroseao>
    <numero>201900527</numero>
    <datefinale>2021-05-20</datefinale>
    <datepublicationfinale>2020-12-03</datepublicationfinale>
    <montantfinal>531815.460000</montantfinal>
    <nomcontractant>Construction A.Carrier Inc.</nomcontractant>
    <neqcontractant>1144209799</neqcontractant>
  </contrat>
  <contrat>
    <numeroseao>1341792</numeroseao>
    <numero>2020CNT012</numero>
    <datefinale>2020-10-01</datefinale>
    <datepublicationfinale>2021-04-01</datepublicationfinale>
    <montantfinal>158349.010000</montantfinal>
    <nomcontractant>Les Constructions Binet Inc</nomcontractant>
    <neqcontractant>1142847111</neqcontractant>
  </contrat>
  <contrat>
    <numeroseao>1345707</numeroseao>
    <numero>0920-400/42286</numero>
    <datefinale>2020-11-05</datefinale>
    <datepublicationfinale>2020-12-21</datepublicationfinale>
    <montantfinal>61139.910000</montantfinal>
    <nomcontractant>BF-Tech inc.</nomcontractant>
    <neqcontractant>1165424681</neqcontractant>
  </contrat>
  <contrat>
    <numeroseao>1353769</numeroseao>
    <numero>1261-513010-2020-2021</numero>
    <datefinale>2020-11-22</datefinale>
    <datepublicationfinale>2021-01-18</datepublicationfinale>
    <montantfinal>62000.000000</montantfinal>
    <nomcontractant>La compagnie 11799975 Canada inc. Groupe MH</nomcontractant>
    <neqcontractant>1175097824</neqcontractant>
  </contrat>
  <contrat>
    <numeroseao>1354515</numeroseao>
    <numero>19-075</numero>
    <datefinale>2021-04-15</datefinale>
    <datepublicationfinale>2021-05-12</datepublicationfinale>
    <montantfinal>135952.000000</montantfinal>
    <nomcontractant>MGB Associés</nomcontractant>
    <neqcontractant>1140350373</neqcontractant>
  </contrat>
  <contrat>
    <numeroseao>1380464</numeroseao>
    <numero>2020CNT039</numero>
    <datefinale>2020-11-27</datefinale>
    <datepublicationfinale>2021-05-28</datepublicationfinale>
    <montantfinal>138622.320000</montantfinal>
    <nomcontractant>Experts Constructions MG Inc</nomcontractant>
    <neqcontractant>1165628190</neqcontractant>
  </contrat>
  <contrat>
    <numeroseao>1383167</numeroseao>
    <numero>TBT-20275</numero>
    <datefinale>2021-05-03</datefinale>
    <datepublicationfinale>2021-05-27</datepublicationfinale>
    <montantfinal>141959.000000</montantfinal>
    <nomcontractant>Lévesque et Associées Construction Inc.</nomcontractant>
    <neqcontractant>1149139215</neqcontractant>
  </contrat>
  <contrat>
    <numeroseao>1388114</numeroseao>
    <numero>2021-3979</numero>
    <datefinale>2021-04-14</datefinale>
    <datepublicationfinale>2021-05-03</datepublicationfinale>
    <montantfinal>100036.000000</montantfinal>
    <nomcontractant>Olympus Canada Inc</nomcontractant>
    <neqcontractant>1163495170</neqcontractant>
  </contrat>
  <contrat>
    <numeroseao>1391542</numeroseao>
    <numero>UQO-A2102-TI039</numero>
    <datefinale>2020-09-30</datefinale>
    <datepublicationfinale>2020-12-15</datepublicationfinale>
    <montantfinal>57762.760000</montantfinal>
    <nomcontractant>AVI-SPL CANADA LTD.</nomcontractant>
    <neqcontractant>1169087500</neqcontractant>
  </contrat>
  <contrat>
    <numeroseao>1393566</numeroseao>
    <numero>UQO-A2102-TI041</numero>
    <datefinale>2020-08-25</datefinale>
    <datepublicationfinale>2020-12-15</datepublicationfinale>
    <montantfinal>42631.000000</montantfinal>
    <nomcontractant>CDW Canada Corp.</nomcontractant>
    <neqcontractant>1166998014</neqcontractant>
  </contrat>
  <contrat>
    <numeroseao>1401689</numeroseao>
    <numero>BC0000030110</numero>
    <datefinale>2021-05-01</datefinale>
    <datepublicationfinale>2021-05-28</datepublicationfinale>
    <montantfinal>99000.000000</montantfinal>
    <nomcontractant>SuccessFinder</nomcontractant>
    <neqcontractant>1169688208</neqcontractant>
  </contrat>
  <contrat>
    <numeroseao>1404247</numeroseao>
    <numero>22-INF-I-20</numero>
    <datefinale>2020-11-04</datefinale>
    <datepublicationfinale>2021-01-15</datepublicationfinale>
    <montantfinal>58707.670000</montantfinal>
    <nomcontractant>Sessenwein Inc.</nomcontractant>
    <neqcontractant>1143149830</neqcontractant>
  </contrat>
  <contrat>
    <numeroseao>1406544</numeroseao>
    <numero>2020SPR115</numero>
    <datefinale>2021-03-25</datefinale>
    <datepublicationfinale>2021-04-01</datepublicationfinale>
    <montantfinal>54990.790000</montantfinal>
    <nomcontractant>St-Gelais Montminy &amp; Associés Architectes inc.</nomcontractant>
    <neqcontractant>1174999574</neqcontractant>
  </contrat>
  <contrat>
    <numeroseao>1408361</numeroseao>
    <numero>2020CNT068</numero>
    <datefinale>2021-01-13</datefinale>
    <datepublicationfinale>2021-04-12</datepublicationfinale>
    <montantfinal>33760.000000</montantfinal>
    <nomcontractant>SR ELECTRIQUE INC </nomcontractant>
    <neqcontractant>1175053439</neqcontractant>
  </contrat>
  <contrat>
    <numeroseao>1410172</numeroseao>
    <numero>19-080</numero>
    <datefinale>2021-04-29</datefinale>
    <datepublicationfinale>2021-05-12</datepublicationfinale>
    <montantfinal>60006.000000</montantfinal>
    <nomcontractant>Poulin Électrique (Claude Poulin)</nomcontractant>
    <neqcontractant>1148666176</neqcontractant>
  </contrat>
  <contrat>
    <numeroseao>1421923</numeroseao>
    <numero>2020CNT096</numero>
    <datefinale>2021-01-30</datefinale>
    <datepublicationfinale>2021-04-19</datepublicationfinale>
    <montantfinal>118094.980000</montantfinal>
    <nomcontractant>CONSTRUCTION RENOVATION PAUL ST-PIERRE </nomcontractant>
    <neqcontractant>1145603842</neqcontractant>
  </contrat>
  <contrat>
    <numeroseao>1422535</numeroseao>
    <numero>2020-01-TR INC</numero>
    <datefinale>2021-03-29</datefinale>
    <datepublicationfinale>2021-04-15</datepublicationfinale>
    <montantfinal>67044.710000</montantfinal>
    <nomcontractant>Groupe Ameublement Focus</nomcontractant>
    <neqcontractant>1170257639</neqcontractant>
  </contrat>
  <contrat>
    <numeroseao>1426790</numeroseao>
    <numero>2020015</numero>
    <datefinale>2020-12-31</datefinale>
    <datepublicationfinale>2021-03-24</datepublicationfinale>
    <montantfinal>69990.440000</montantfinal>
    <nomcontractant>Sia Partenaires inc. (Sia Partners inc.)</nomcontractant>
    <neqcontractant>1170154943</neqcontractant>
  </contrat>
  <contrat>
    <numeroseao>1428201</numeroseao>
    <numero>SC-2748</numero>
    <datefinale>2021-05-31</datefinale>
    <datepublicationfinale>2021-05-31</datepublicationfinale>
    <montantfinal>25650.000000</montantfinal>
    <nomcontractant>Benoît Pouliot</nomcontractant>
    <neqcontractant />
  </contrat>
  <contrat>
    <numeroseao>1432757</numeroseao>
    <numero>2020 Coaching</numero>
    <datefinale>2021-05-27</datefinale>
    <datepublicationfinale>2021-03-17</datepublicationfinale>
    <montantfinal>32370.000000</montantfinal>
    <nomcontractant>De Sève, Christine</nomcontractant>
    <neqcontractant>2264657992</neqcontractant>
  </contrat>
  <contrat>
    <numeroseao>1462047</numeroseao>
    <numero>2021CNT016</numero>
    <datefinale>2021-03-23</datefinale>
    <datepublicationfinale>2021-04-12</datepublicationfinale>
    <montantfinal>42111.440000</montantfinal>
    <nomcontractant>Humaco Construction inc.</nomcontractant>
    <neqcontractant>1161872792</neqcontractant>
  </contrat>
  <contrat>
    <numeroseao>1487448</numeroseao>
    <numero>9001-21-AP44</numero>
    <datefinale>2021-04-13</datefinale>
    <datepublicationfinale>2021-05-11</datepublicationfinale>
    <montantfinal>49904.200000</montantfinal>
    <nomcontractant>Precision Heliparts Canada Inc.</nomcontractant>
    <neqcontractant />
  </contrat>
</export>