<?xml version="1.0" encoding="utf-8"?>
<export xmlns:xsi="http://www.w3.org/2001/XMLSchema-instance" xmlns:xsd="http://www.w3.org/2001/XMLSchema" datedebut="2023-10-01" datefin="2023-10-31">
  <contrat>
    <numeroseao>670371</numeroseao>
    <numero>6703-12-KB02</numero>
    <datefinale>2015-10-13</datefinale>
    <datepublicationfinale>2015-11-12</datepublicationfinale>
    <montantfinal>29257.820000</montantfinal>
    <nomcontractant>Groupe Qualitas inc.</nomcontractant>
    <neqcontractant>1166291337</neqcontractant>
  </contrat>
  <contrat>
    <numeroseao>670385</numeroseao>
    <numero>6703-13-KA07</numero>
    <datefinale>2014-06-17</datefinale>
    <datepublicationfinale>2014-07-25</datepublicationfinale>
    <montantfinal>38227.360000</montantfinal>
    <nomcontractant>Groupe Qualitas inc.</nomcontractant>
    <neqcontractant>1166291337</neqcontractant>
  </contrat>
  <contrat>
    <numeroseao>670462</numeroseao>
    <numero>6803-13-KZ04</numero>
    <datefinale>2015-05-29</datefinale>
    <datepublicationfinale>2015-07-22</datepublicationfinale>
    <montantfinal>26095.620000</montantfinal>
    <nomcontractant>Groupe Qualitas inc.</nomcontractant>
    <neqcontractant>1166291337</neqcontractant>
  </contrat>
  <contrat>
    <numeroseao>670809</numeroseao>
    <numero>8503-12-KA16</numero>
    <datefinale>2014-07-29</datefinale>
    <datepublicationfinale>2014-11-20</datepublicationfinale>
    <montantfinal>165850.650000</montantfinal>
    <nomcontractant>Groupe Qualitas inc.</nomcontractant>
    <neqcontractant>1166291337</neqcontractant>
  </contrat>
  <contrat>
    <numeroseao>823324</numeroseao>
    <numero>7107-14-HG04</numero>
    <datefinale>2016-11-24</datefinale>
    <datepublicationfinale>2017-01-19</datepublicationfinale>
    <montantfinal>34774.630000</montantfinal>
    <nomcontractant>SNC-Lavalin inc.</nomcontractant>
    <neqcontractant>1142775999</neqcontractant>
  </contrat>
  <contrat>
    <numeroseao>833861</numeroseao>
    <numero>8701-14-FG05</numero>
    <datefinale>2015-05-21</datefinale>
    <datepublicationfinale>2015-04-14</datepublicationfinale>
    <montantfinal>34504.510000</montantfinal>
    <nomcontractant>Groupe Qualitas inc.</nomcontractant>
    <neqcontractant>1166291337</neqcontractant>
  </contrat>
  <contrat>
    <numeroseao>869232</numeroseao>
    <numero>8701-14-QH08</numero>
    <datefinale>2015-10-08</datefinale>
    <datepublicationfinale>2015-10-28</datepublicationfinale>
    <montantfinal>27391.620000</montantfinal>
    <nomcontractant>Groupe Qualitas inc.</nomcontractant>
    <neqcontractant>1166291337</neqcontractant>
  </contrat>
  <contrat>
    <numeroseao>919290</numeroseao>
    <numero>6603-15-HE36</numero>
    <datefinale>2019-07-12</datefinale>
    <datepublicationfinale>2016-06-01</datepublicationfinale>
    <montantfinal>39849.800000</montantfinal>
    <nomcontractant>SNC-Lavalin inc.</nomcontractant>
    <neqcontractant>1142775999</neqcontractant>
  </contrat>
  <contrat>
    <numeroseao>919297</numeroseao>
    <numero>6703-15-KA04</numero>
    <datefinale>2016-09-20</datefinale>
    <datepublicationfinale>2016-11-02</datepublicationfinale>
    <montantfinal>21104.010000</montantfinal>
    <nomcontractant>Groupe Qualitas inc.</nomcontractant>
    <neqcontractant>1166291337</neqcontractant>
  </contrat>
  <contrat>
    <numeroseao>1013216</numeroseao>
    <numero>9001-16-AP20</numero>
    <datefinale>2023-03-21</datefinale>
    <datepublicationfinale>2018-06-29</datepublicationfinale>
    <montantfinal>44149.520000</montantfinal>
    <nomcontractant>Gilmore Global Logistics Services Inc.</nomcontractant>
    <neqcontractant />
  </contrat>
  <contrat>
    <numeroseao>1085337</numeroseao>
    <numero>6401-17-0004</numero>
    <datefinale>2020-03-31</datefinale>
    <datepublicationfinale>2020-06-05</datepublicationfinale>
    <montantfinal>127696.000000</montantfinal>
    <nomcontractant>LES ENTREPRISES MYRROY INC.</nomcontractant>
    <neqcontractant>1146685178</neqcontractant>
  </contrat>
  <contrat>
    <numeroseao>1087045</numeroseao>
    <numero>6603-17-HG04</numero>
    <datefinale>2018-11-22</datefinale>
    <datepublicationfinale>2018-01-30</datepublicationfinale>
    <montantfinal>20876.960000</montantfinal>
    <nomcontractant>SNC-Lavalin inc.</nomcontractant>
    <neqcontractant>1142775999</neqcontractant>
  </contrat>
  <contrat>
    <numeroseao>1135851</numeroseao>
    <numero>Projet SA 18 16</numero>
    <datefinale>2022-12-01</datefinale>
    <datepublicationfinale>2020-07-29</datepublicationfinale>
    <montantfinal>678648.580000</montantfinal>
    <nomcontractant>LIGNES RIVE-SUD INC.</nomcontractant>
    <neqcontractant>1146655098</neqcontractant>
  </contrat>
  <contrat>
    <numeroseao>1160908</numeroseao>
    <numero>8910-18-0002</numero>
    <datefinale>2021-04-07</datefinale>
    <datepublicationfinale>2023-03-01</datepublicationfinale>
    <montantfinal>210432.000000</montantfinal>
    <nomcontractant>VAILLANT, SYLVAIN</nomcontractant>
    <neqcontractant>2266007667</neqcontractant>
  </contrat>
  <contrat>
    <numeroseao>1166293</numeroseao>
    <numero>2503-18-0211</numero>
    <datefinale>2023-10-11</datefinale>
    <datepublicationfinale>2021-12-16</datepublicationfinale>
    <montantfinal>6933748.890000</montantfinal>
    <nomcontractant>ROXBORO EXCAVATION INC.</nomcontractant>
    <neqcontractant>1142760280</neqcontractant>
  </contrat>
  <contrat>
    <numeroseao>1200011</numeroseao>
    <numero>9001-18-ZZ19</numero>
    <datefinale>2023-03-30</datefinale>
    <datepublicationfinale>2023-03-31</datepublicationfinale>
    <montantfinal>343344.000000</montantfinal>
    <nomcontractant>Flightsafety Canada Ltd</nomcontractant>
    <neqcontractant>1144617785</neqcontractant>
  </contrat>
  <contrat>
    <numeroseao>1208691</numeroseao>
    <numero>Projet 1009, lot 12</numero>
    <datefinale>2022-04-06</datefinale>
    <datepublicationfinale>2022-08-25</datepublicationfinale>
    <montantfinal>130140.210000</montantfinal>
    <nomcontractant>WSP Canada Inc. (Pour AO sur invitation pour tout le Québec)</nomcontractant>
    <neqcontractant />
  </contrat>
  <contrat>
    <numeroseao>1209717</numeroseao>
    <numero>999733143</numero>
    <datefinale>2022-09-07</datefinale>
    <datepublicationfinale>2023-06-26</datepublicationfinale>
    <montantfinal>259135.850000</montantfinal>
    <nomcontractant>Microsoft Canada Inc.</nomcontractant>
    <neqcontractant>1168494905</neqcontractant>
  </contrat>
  <contrat>
    <numeroseao>1247187</numeroseao>
    <numero>2019-002-9109-CS-AOP</numero>
    <datefinale>2023-07-14</datefinale>
    <datepublicationfinale>2023-08-10</datepublicationfinale>
    <montantfinal>392300.000000</montantfinal>
    <nomcontractant>Raymond Chabot Grant Thornton &amp; Cie S.E.N.C.R.L.</nomcontractant>
    <neqcontractant>3342039677</neqcontractant>
  </contrat>
  <contrat>
    <numeroseao>1297095</numeroseao>
    <numero>QC-RAMQ-20185044</numero>
    <datefinale>2023-09-15</datefinale>
    <datepublicationfinale>2020-09-04</datepublicationfinale>
    <montantfinal>768833.910000</montantfinal>
    <nomcontractant>9170-7570 QUÉBEC INC.</nomcontractant>
    <neqcontractant>1163792774</neqcontractant>
  </contrat>
  <contrat>
    <numeroseao>1305833</numeroseao>
    <numero>9001-19-PV27</numero>
    <datefinale>2019-08-20</datefinale>
    <datepublicationfinale>2019-09-25</datepublicationfinale>
    <montantfinal>1535626.020000</montantfinal>
    <nomcontractant>Standard Aero Limited</nomcontractant>
    <neqcontractant>1148289128</neqcontractant>
  </contrat>
  <contrat>
    <numeroseao>1319861</numeroseao>
    <numero>ACH-AI-2019-002 </numero>
    <datefinale>2022-09-07</datefinale>
    <datepublicationfinale>2023-06-26</datepublicationfinale>
    <montantfinal>76998.300000</montantfinal>
    <nomcontractant>Veolia Water Technologies Canada Inc.</nomcontractant>
    <neqcontractant>1143713056</neqcontractant>
  </contrat>
  <contrat>
    <numeroseao>1352131</numeroseao>
    <numero>6506-11-SJ01</numero>
    <datefinale>2020-03-03</datefinale>
    <datepublicationfinale>2020-03-03</datepublicationfinale>
    <montantfinal>12814.130000</montantfinal>
    <nomcontractant>Proulx, Diane (004)</nomcontractant>
    <neqcontractant />
  </contrat>
  <contrat>
    <numeroseao>1353108</numeroseao>
    <numero>8701-08-0910</numero>
    <datefinale>2023-10-06</datefinale>
    <datepublicationfinale>2020-03-05</datepublicationfinale>
    <montantfinal>1790187302.570000</montantfinal>
    <nomcontractant>Nouvelle Autoroute 30 , S.E.N.C.</nomcontractant>
    <neqcontractant>3365145849</neqcontractant>
  </contrat>
  <contrat>
    <numeroseao>1355836</numeroseao>
    <numero>8506-11-PZ04</numero>
    <datefinale>2020-03-12</datefinale>
    <datepublicationfinale>2020-03-13</datepublicationfinale>
    <montantfinal>37938.330000</montantfinal>
    <nomcontractant>Herbanatur inc.</nomcontractant>
    <neqcontractant>1160692571</neqcontractant>
  </contrat>
  <contrat>
    <numeroseao>1386284</numeroseao>
    <numero>S-0718-20</numero>
    <datefinale>2023-07-27</datefinale>
    <datepublicationfinale>2023-09-12</datepublicationfinale>
    <montantfinal>442195.200000</montantfinal>
    <nomcontractant>CONSEILLERS EN GESTION ET INFORMATIQUE CGI INC.</nomcontractant>
    <neqcontractant>1160358728</neqcontractant>
  </contrat>
  <contrat>
    <numeroseao>1396482</numeroseao>
    <numero>44517328</numero>
    <datefinale>2023-07-31</datefinale>
    <datepublicationfinale>2023-09-07</datepublicationfinale>
    <montantfinal>20236.260000</montantfinal>
    <nomcontractant>Stanex Inc</nomcontractant>
    <neqcontractant>1143855097</neqcontractant>
  </contrat>
  <contrat>
    <numeroseao>1397498</numeroseao>
    <numero>QC-RAMQ-20195039-A</numero>
    <datefinale>2023-08-23</datefinale>
    <datepublicationfinale>2023-06-19</datepublicationfinale>
    <montantfinal>1280380.800000</montantfinal>
    <nomcontractant>NEPTUNE SECURITY SERVICES INC.</nomcontractant>
    <neqcontractant>1168627108</neqcontractant>
  </contrat>
  <contrat>
    <numeroseao>1417345</numeroseao>
    <numero>6609-20-NL02</numero>
    <datefinale>2023-09-12</datefinale>
    <datepublicationfinale>2022-09-01</datepublicationfinale>
    <montantfinal>370037.960000</montantfinal>
    <nomcontractant>EXCAVATION ROBERGE ET FILS INC.</nomcontractant>
    <neqcontractant>1164285570</neqcontractant>
  </contrat>
  <contrat>
    <numeroseao>1420813</numeroseao>
    <numero>2020-0341-GG</numero>
    <datefinale>2023-09-18</datefinale>
    <datepublicationfinale>2023-09-18</datepublicationfinale>
    <montantfinal>62945.000000</montantfinal>
    <nomcontractant>Isologic Radiopharmaceutiques Novateurs</nomcontractant>
    <neqcontractant>1169901288</neqcontractant>
  </contrat>
  <contrat>
    <numeroseao>1420975</numeroseao>
    <numero>44519418</numero>
    <datefinale>2023-04-30</datefinale>
    <datepublicationfinale>2023-07-05</datepublicationfinale>
    <montantfinal>49069.880000</montantfinal>
    <nomcontractant>CHARLES SAMUELSEN INC.</nomcontractant>
    <neqcontractant>1145982220</neqcontractant>
  </contrat>
  <contrat>
    <numeroseao>1434837</numeroseao>
    <numero>7001-20-SG02</numero>
    <datefinale>2023-10-16</datefinale>
    <datepublicationfinale>2021-09-22</datepublicationfinale>
    <montantfinal>147323.370000</montantfinal>
    <nomcontractant>Max-Émile Boucher</nomcontractant>
    <neqcontractant>2273655250</neqcontractant>
  </contrat>
  <contrat>
    <numeroseao>1440243</numeroseao>
    <numero>20380-038</numero>
    <datefinale>2023-05-26</datefinale>
    <datepublicationfinale>2023-06-27</datepublicationfinale>
    <montantfinal>71436.000000</montantfinal>
    <nomcontractant>LE GROUPE GESFOR, POIRIER, PINCHIN INC.</nomcontractant>
    <neqcontractant>1163424907</neqcontractant>
  </contrat>
  <contrat>
    <numeroseao>1445368</numeroseao>
    <numero>20380-047</numero>
    <datefinale>2023-03-09</datefinale>
    <datepublicationfinale>2023-06-29</datepublicationfinale>
    <montantfinal>390478.120000</montantfinal>
    <nomcontractant>BERNARD PAYSAGISTE INC.</nomcontractant>
    <neqcontractant>1143961887</neqcontractant>
  </contrat>
  <contrat>
    <numeroseao>1477093</numeroseao>
    <numero>IP210008</numero>
    <datefinale>2023-10-19</datefinale>
    <datepublicationfinale>2022-12-19</datepublicationfinale>
    <montantfinal>852431.500000</montantfinal>
    <nomcontractant>XEROX CANADA LTÉE</nomcontractant>
    <neqcontractant>1141555566</neqcontractant>
  </contrat>
  <contrat>
    <numeroseao>1511963</numeroseao>
    <numero>TP210041</numero>
    <datefinale>2023-10-16</datefinale>
    <datepublicationfinale>2022-05-24</datepublicationfinale>
    <montantfinal>380447.660000</montantfinal>
    <nomcontractant>J.A. LARUE INC.</nomcontractant>
    <neqcontractant>1148795827</neqcontractant>
  </contrat>
  <contrat>
    <numeroseao>1513057</numeroseao>
    <numero>1000292</numero>
    <datefinale>2023-01-09</datefinale>
    <datepublicationfinale>2023-02-03</datepublicationfinale>
    <montantfinal>316940.040000</montantfinal>
    <nomcontractant>Sia Partenaires Inc.</nomcontractant>
    <neqcontractant>1170154943</neqcontractant>
  </contrat>
  <contrat>
    <numeroseao>1526171</numeroseao>
    <numero>21-4804</numero>
    <datefinale>2022-03-31</datefinale>
    <datepublicationfinale>2022-04-04</datepublicationfinale>
    <montantfinal>73958.580000</montantfinal>
    <nomcontractant>IMM PLUS INC.</nomcontractant>
    <neqcontractant>1161079448</neqcontractant>
  </contrat>
  <contrat>
    <numeroseao>1536145</numeroseao>
    <numero>VPR-2021-03</numero>
    <datefinale>2023-04-10</datefinale>
    <datepublicationfinale>2023-06-27</datepublicationfinale>
    <montantfinal>215144.460000</montantfinal>
    <nomcontractant>SABLE MARCO INC.</nomcontractant>
    <neqcontractant>1160356862</neqcontractant>
  </contrat>
  <contrat>
    <numeroseao>1552177</numeroseao>
    <numero>20-05-33-126</numero>
    <datefinale>2022-10-31</datefinale>
    <datepublicationfinale>2023-01-13</datepublicationfinale>
    <montantfinal>40000.000000</montantfinal>
    <nomcontractant>Madame Claudine Bournival</nomcontractant>
    <neqcontractant />
  </contrat>
  <contrat>
    <numeroseao>1561480</numeroseao>
    <numero>0920-400 (45653)</numero>
    <datefinale>2023-09-14</datefinale>
    <datepublicationfinale>2022-12-13</datepublicationfinale>
    <montantfinal>201552.060000</montantfinal>
    <nomcontractant>LES FORAGES L.B.M. INC.</nomcontractant>
    <neqcontractant>1141744319</neqcontractant>
  </contrat>
  <contrat>
    <numeroseao>1566679</numeroseao>
    <numero>2022SPR004</numero>
    <datefinale>2023-04-28</datefinale>
    <datepublicationfinale>2023-06-06</datepublicationfinale>
    <montantfinal>436562.920000</montantfinal>
    <nomcontractant>BIRON SANTÉ EN ENTREPRISE S.E.C.</nomcontractant>
    <neqcontractant>1140688046</neqcontractant>
  </contrat>
  <contrat>
    <numeroseao>1567203</numeroseao>
    <numero>44516400</numero>
    <datefinale>2023-08-31</datefinale>
    <datepublicationfinale>2023-09-08</datepublicationfinale>
    <montantfinal>26650.000000</montantfinal>
    <nomcontractant>Ponton Guillot Inc.</nomcontractant>
    <neqcontractant>1170404579</neqcontractant>
  </contrat>
  <contrat>
    <numeroseao>1571235</numeroseao>
    <numero>2022SPR022</numero>
    <datefinale>2022-11-30</datefinale>
    <datepublicationfinale>2023-03-16</datepublicationfinale>
    <montantfinal>281180.100000</montantfinal>
    <nomcontractant>KATHERINE LESSARD</nomcontractant>
    <neqcontractant />
  </contrat>
  <contrat>
    <numeroseao>1574511</numeroseao>
    <numero>CGER 21 720074</numero>
    <datefinale>2022-07-26</datefinale>
    <datepublicationfinale>2022-05-27</datepublicationfinale>
    <montantfinal>13810.000000</montantfinal>
    <nomcontractant>ENTREPRISE RAMEC INC.</nomcontractant>
    <neqcontractant>1160575545</neqcontractant>
  </contrat>
  <contrat>
    <numeroseao>1576205</numeroseao>
    <numero>3305-21-1101</numero>
    <datefinale>2023-10-23</datefinale>
    <datepublicationfinale>2023-03-15</datepublicationfinale>
    <montantfinal>1050169.140000</montantfinal>
    <nomcontractant>Excavation René St-Pierre inc.</nomcontractant>
    <neqcontractant>1142834887</neqcontractant>
  </contrat>
  <contrat>
    <numeroseao>1585088</numeroseao>
    <numero>39511301</numero>
    <datefinale>2023-04-17</datefinale>
    <datepublicationfinale>2023-02-06</datepublicationfinale>
    <montantfinal>30960.000000</montantfinal>
    <nomcontractant>ALARME LA-SAR INC.</nomcontractant>
    <neqcontractant>1145682598</neqcontractant>
  </contrat>
  <contrat>
    <numeroseao>1590056</numeroseao>
    <numero>44524987</numero>
    <datefinale />
    <datepublicationfinale>2023-06-05</datepublicationfinale>
    <montantfinal>0.000000</montantfinal>
    <nomcontractant>CAIN LAMARRE, S.E.N.C.R.L.</nomcontractant>
    <neqcontractant>3348392302</neqcontractant>
  </contrat>
  <contrat>
    <numeroseao>1595206</numeroseao>
    <numero>6309-22-SB01</numero>
    <datefinale>2023-03-07</datefinale>
    <datepublicationfinale>2023-05-31</datepublicationfinale>
    <montantfinal>166919.400000</montantfinal>
    <nomcontractant>9458-9934 Québec inc.</nomcontractant>
    <neqcontractant>1177300069</neqcontractant>
  </contrat>
  <contrat>
    <numeroseao>1602937</numeroseao>
    <numero>2022-190-6782-cb-cs-gg</numero>
    <datefinale>2023-10-10</datefinale>
    <datepublicationfinale>2023-05-04</datepublicationfinale>
    <montantfinal>149650.000000</montantfinal>
    <nomcontractant>PHILIPS ÉLECTRONIQUE LTÉE</nomcontractant>
    <neqcontractant>1171607469</neqcontractant>
  </contrat>
  <contrat>
    <numeroseao>1627759</numeroseao>
    <numero>DP22-041</numero>
    <datefinale>2023-05-31</datefinale>
    <datepublicationfinale>2023-06-06</datepublicationfinale>
    <montantfinal>68662.880000</montantfinal>
    <nomcontractant>LA COMPAGNIE DE LOCATION D'AUTOS ENTERPRISE CANADA</nomcontractant>
    <neqcontractant>1173066813</neqcontractant>
  </contrat>
  <contrat>
    <numeroseao>1632286</numeroseao>
    <numero>45001942</numero>
    <datefinale>2022-12-13</datefinale>
    <datepublicationfinale>2023-02-10</datepublicationfinale>
    <montantfinal>22047.380000</montantfinal>
    <nomcontractant>RAYMOND CHABOT GRANT THORNTON</nomcontractant>
    <neqcontractant>3342037838</neqcontractant>
  </contrat>
  <contrat>
    <numeroseao>1636617</numeroseao>
    <numero>45002002</numero>
    <datefinale>2023-03-23</datefinale>
    <datepublicationfinale>2023-06-15</datepublicationfinale>
    <montantfinal>49884.780000</montantfinal>
    <nomcontractant>ACCESS PLANNING LTD</nomcontractant>
    <neqcontractant />
  </contrat>
  <contrat>
    <numeroseao>1636650</numeroseao>
    <numero>22-5541</numero>
    <datefinale>2023-09-08</datefinale>
    <datepublicationfinale>2023-01-12</datepublicationfinale>
    <montantfinal>59205.000000</montantfinal>
    <nomcontractant>Camp Le Manoir des Éboulements</nomcontractant>
    <neqcontractant>1170252101</neqcontractant>
  </contrat>
  <contrat>
    <numeroseao>1639488</numeroseao>
    <numero>6407-22-NM01</numero>
    <datefinale>2023-08-28</datefinale>
    <datepublicationfinale>2023-08-28</datepublicationfinale>
    <montantfinal>23360.500000</montantfinal>
    <nomcontractant>Constructions HDF inc.</nomcontractant>
    <neqcontractant>1177135028</neqcontractant>
  </contrat>
  <contrat>
    <numeroseao>1640969</numeroseao>
    <numero>571-2073</numero>
    <datefinale>2023-09-11</datefinale>
    <datepublicationfinale>2023-06-27</datepublicationfinale>
    <montantfinal>135477.000000</montantfinal>
    <nomcontractant>9042-5976 QUÉBEC INC.</nomcontractant>
    <neqcontractant>1146235313</neqcontractant>
  </contrat>
  <contrat>
    <numeroseao>1643324</numeroseao>
    <numero>22-23-25</numero>
    <datefinale>2023-08-31</datefinale>
    <datepublicationfinale>2023-09-06</datepublicationfinale>
    <montantfinal>266733.310000</montantfinal>
    <nomcontractant>SÉGUIN MORRIS INC.</nomcontractant>
    <neqcontractant>1143119205</neqcontractant>
  </contrat>
  <contrat>
    <numeroseao>1643857</numeroseao>
    <numero>22132-T-380</numero>
    <datefinale>2023-08-16</datefinale>
    <datepublicationfinale>2023-09-22</datepublicationfinale>
    <montantfinal>62275.440000</montantfinal>
    <nomcontractant>SOLUTIONS NOTARIUS INC</nomcontractant>
    <neqcontractant>1168439967</neqcontractant>
  </contrat>
  <contrat>
    <numeroseao>1660662</numeroseao>
    <numero>44531161</numero>
    <datefinale>2023-08-31</datefinale>
    <datepublicationfinale>2023-09-21</datepublicationfinale>
    <montantfinal>87721.730000</montantfinal>
    <nomcontractant>9177-9512 QUÉBEC INC.</nomcontractant>
    <neqcontractant>1164183775</neqcontractant>
  </contrat>
  <contrat>
    <numeroseao>1669414</numeroseao>
    <numero>DG22-23/024</numero>
    <datefinale />
    <datepublicationfinale>2023-09-29</datepublicationfinale>
    <montantfinal>0.000000</montantfinal>
    <nomcontractant>Raymond Chabot Grant Thornton &amp; Cie S.E.N.C.R.L.</nomcontractant>
    <neqcontractant>3342037838</neqcontractant>
  </contrat>
  <contrat>
    <numeroseao>1670376</numeroseao>
    <numero>2901-22-AR02</numero>
    <datefinale>2023-05-31</datefinale>
    <datepublicationfinale>2023-05-31</datepublicationfinale>
    <montantfinal>72071.500000</montantfinal>
    <nomcontractant>Bauval Tech-Mix</nomcontractant>
    <neqcontractant>1161846663</neqcontractant>
  </contrat>
  <contrat>
    <numeroseao>1678357</numeroseao>
    <numero>39658801</numero>
    <datefinale>2023-08-11</datefinale>
    <datepublicationfinale>2023-07-12</datepublicationfinale>
    <montantfinal>33087.220000</montantfinal>
    <nomcontractant>9177-9512 QUÉBEC INC.</nomcontractant>
    <neqcontractant>1164183775</neqcontractant>
  </contrat>
  <contrat>
    <numeroseao>1708771</numeroseao>
    <numero>396403130</numero>
    <datefinale>2023-03-31</datefinale>
    <datepublicationfinale>2023-05-23</datepublicationfinale>
    <montantfinal>5389.120000</montantfinal>
    <nomcontractant>MICROSOFT CANADA INC.</nomcontractant>
    <neqcontractant>1168494905</neqcontractant>
  </contrat>
  <contrat>
    <numeroseao>1713063</numeroseao>
    <numero>2023-04-12-01</numero>
    <datefinale>2023-07-12</datefinale>
    <datepublicationfinale>2023-08-08</datepublicationfinale>
    <montantfinal>62259.600000</montantfinal>
    <nomcontractant>Enviro Solutions Canada Inc.</nomcontractant>
    <neqcontractant>1173361859</neqcontractant>
  </contrat>
  <contrat>
    <numeroseao>1727819</numeroseao>
    <numero>40124401 </numero>
    <datefinale>2023-09-30</datefinale>
    <datepublicationfinale>2023-08-02</datepublicationfinale>
    <montantfinal>25923.380000</montantfinal>
    <nomcontractant>AV-TECH INC.</nomcontractant>
    <neqcontractant>1174192535</neqcontractant>
  </contrat>
  <contrat>
    <numeroseao>1739168</numeroseao>
    <numero>44533905</numero>
    <datefinale>2023-07-31</datefinale>
    <datepublicationfinale>2023-06-26</datepublicationfinale>
    <montantfinal>27118.500000</montantfinal>
    <nomcontractant>Lavage Haute Pression Québec</nomcontractant>
    <neqcontractant>1177781698</neqcontractant>
  </contrat>
  <contrat>
    <numeroseao>1742994</numeroseao>
    <numero>C-57300</numero>
    <datefinale>2023-07-20</datefinale>
    <datepublicationfinale>2023-08-23</datepublicationfinale>
    <montantfinal>42781.620000</montantfinal>
    <nomcontractant>PLOMBERIE K.R.T.B. INC.</nomcontractant>
    <neqcontractant>1165054835</neqcontractant>
  </contrat>
  <contrat>
    <numeroseao>1748033</numeroseao>
    <numero>44534740</numero>
    <datefinale>2023-08-31</datefinale>
    <datepublicationfinale>2023-09-05</datepublicationfinale>
    <montantfinal>83672.000000</montantfinal>
    <nomcontractant>9139-1151 QUÉBEC INC.</nomcontractant>
    <neqcontractant>1162047121</neqcontractant>
  </contrat>
  <contrat>
    <numeroseao>1751197</numeroseao>
    <numero>XGINCONT25</numero>
    <datefinale />
    <datepublicationfinale>2023-08-04</datepublicationfinale>
    <montantfinal>0.000000</montantfinal>
    <nomcontractant>ESSITY CANADA INC.</nomcontractant>
    <neqcontractant>1143181965</neqcontractant>
  </contrat>
  <contrat>
    <numeroseao>1753951</numeroseao>
    <numero>r08-2023-5839-02</numero>
    <datefinale>2023-10-04</datefinale>
    <datepublicationfinale>2023-08-15</datepublicationfinale>
    <montantfinal>28917.000000</montantfinal>
    <nomcontractant>FORESTERIE C.S.E. INC.</nomcontractant>
    <neqcontractant>1164328594</neqcontractant>
  </contrat>
  <contrat>
    <numeroseao>1760629</numeroseao>
    <numero>GAG-2023-S-087</numero>
    <datefinale>2023-09-25</datefinale>
    <datepublicationfinale>2023-09-28</datepublicationfinale>
    <montantfinal>33632.480000</montantfinal>
    <nomcontractant>Massey Hall and Roy Thomson Hall</nomcontractant>
    <neqcontractant />
  </contrat>
</export>