<?xml version="1.0" encoding="utf-8"?>
<export xmlns:xsi="http://www.w3.org/2001/XMLSchema-instance" xmlns:xsd="http://www.w3.org/2001/XMLSchema" datedebut="2022-09-01" datefin="2022-09-30">
  <contrat>
    <numeroseao>729972</numeroseao>
    <numero>6501-14-FE01</numero>
    <datefinale>2022-07-07</datefinale>
    <datepublicationfinale>2022-07-11</datepublicationfinale>
    <montantfinal>68069.730000</montantfinal>
    <nomcontractant>Roche ltée, Groupe-Conseil</nomcontractant>
    <neqcontractant>1165310831</neqcontractant>
  </contrat>
  <contrat>
    <numeroseao>986061</numeroseao>
    <numero>150/2016</numero>
    <datefinale>2019-06-27</datefinale>
    <datepublicationfinale>2020-10-15</datepublicationfinale>
    <montantfinal>78108.270000</montantfinal>
    <nomcontractant>Raymond Chabot Grant Thornton &amp; Cie S.E.N.C.R.L.</nomcontractant>
    <neqcontractant>3342037838</neqcontractant>
  </contrat>
  <contrat>
    <numeroseao>1084836</numeroseao>
    <numero>STDD-2017-05-01</numero>
    <datefinale>2018-10-10</datefinale>
    <datepublicationfinale>2021-09-22</datepublicationfinale>
    <montantfinal>191674.790000</montantfinal>
    <nomcontractant>Conteneurs KRT</nomcontractant>
    <neqcontractant>1160342763</neqcontractant>
  </contrat>
  <contrat>
    <numeroseao>1223008</numeroseao>
    <numero>18-3239</numero>
    <datefinale>2019-12-12</datefinale>
    <datepublicationfinale>2019-03-12</datepublicationfinale>
    <montantfinal>61080.950000</montantfinal>
    <nomcontractant>BBC architectes inc.</nomcontractant>
    <neqcontractant>1141933664</neqcontractant>
  </contrat>
  <contrat>
    <numeroseao>1224802</numeroseao>
    <numero>34460800</numero>
    <datefinale>2022-05-31</datefinale>
    <datepublicationfinale>2022-04-20</datepublicationfinale>
    <montantfinal>135926.990000</montantfinal>
    <nomcontractant>Av-Tech inc</nomcontractant>
    <neqcontractant>1143543099</neqcontractant>
  </contrat>
  <contrat>
    <numeroseao>1235219</numeroseao>
    <numero>P1455-02- /664S</numero>
    <datefinale>2022-03-31</datefinale>
    <datepublicationfinale>2020-11-05</datepublicationfinale>
    <montantfinal>250060.730000</montantfinal>
    <nomcontractant>SÉCURITÉ BSL LTÉE</nomcontractant>
    <neqcontractant>1145326402</neqcontractant>
  </contrat>
  <contrat>
    <numeroseao>1248085</numeroseao>
    <numero>7001-19-0202</numero>
    <datefinale>2022-03-31</datefinale>
    <datepublicationfinale>2022-04-05</datepublicationfinale>
    <montantfinal>974755.270000</montantfinal>
    <nomcontractant>MAURÉCON INC.</nomcontractant>
    <neqcontractant>1143622794</neqcontractant>
  </contrat>
  <contrat>
    <numeroseao>1261319</numeroseao>
    <numero>2019-70-50</numero>
    <datefinale>2019-12-31</datefinale>
    <datepublicationfinale>2020-03-11</datepublicationfinale>
    <montantfinal>28341.000000</montantfinal>
    <nomcontractant>Can-Explore</nomcontractant>
    <neqcontractant>1169863447</neqcontractant>
  </contrat>
  <contrat>
    <numeroseao>1262259</numeroseao>
    <numero>35061500</numero>
    <datefinale>2022-06-30</datefinale>
    <datepublicationfinale>2022-07-18</datepublicationfinale>
    <montantfinal>335927.880000</montantfinal>
    <nomcontractant>GUARD-X INC.</nomcontractant>
    <neqcontractant>1143398247</neqcontractant>
  </contrat>
  <contrat>
    <numeroseao>1283154</numeroseao>
    <numero>7007-19-4526</numero>
    <datefinale>2022-05-31</datefinale>
    <datepublicationfinale>2022-06-08</datepublicationfinale>
    <montantfinal>3426436.330000</montantfinal>
    <nomcontractant>EXCAVATIONS TOURIGNY INC.</nomcontractant>
    <neqcontractant>1147893409</neqcontractant>
  </contrat>
  <contrat>
    <numeroseao>1316271</numeroseao>
    <numero>2501-20-LM01</numero>
    <datefinale>2022-02-23</datefinale>
    <datepublicationfinale>2022-04-08</datepublicationfinale>
    <montantfinal>695801.370000</montantfinal>
    <nomcontractant>CIMA+ </nomcontractant>
    <neqcontractant>3340563140</neqcontractant>
  </contrat>
  <contrat>
    <numeroseao>1316271</numeroseao>
    <numero>2501-20-LM01</numero>
    <datefinale>2021-12-23</datefinale>
    <datepublicationfinale>2022-04-08</datepublicationfinale>
    <montantfinal>241130.300000</montantfinal>
    <nomcontractant>Les Services EXP inc.</nomcontractant>
    <neqcontractant>1167268128</neqcontractant>
  </contrat>
  <contrat>
    <numeroseao>1316271</numeroseao>
    <numero>2501-20-LM01</numero>
    <datefinale>2022-03-02</datefinale>
    <datepublicationfinale>2022-04-08</datepublicationfinale>
    <montantfinal>177791.830000</montantfinal>
    <nomcontractant>QDI</nomcontractant>
    <neqcontractant>1164357023</neqcontractant>
  </contrat>
  <contrat>
    <numeroseao>1316271</numeroseao>
    <numero>2501-20-LM01</numero>
    <datefinale>2022-01-24</datefinale>
    <datepublicationfinale>2022-04-08</datepublicationfinale>
    <montantfinal>446833.480000</montantfinal>
    <nomcontractant>Tetra Tech QI inc.</nomcontractant>
    <neqcontractant>1169411510</neqcontractant>
  </contrat>
  <contrat>
    <numeroseao>1316271</numeroseao>
    <numero>2501-20-LM01</numero>
    <datefinale>2021-10-28</datefinale>
    <datepublicationfinale>2022-04-08</datepublicationfinale>
    <montantfinal>107697.070000</montantfinal>
    <nomcontractant>Stantec Experts-conseils ltée</nomcontractant>
    <neqcontractant>1170241336</neqcontractant>
  </contrat>
  <contrat>
    <numeroseao>1316271</numeroseao>
    <numero>2501-20-LM01</numero>
    <datefinale>2021-02-25</datefinale>
    <datepublicationfinale>2022-04-08</datepublicationfinale>
    <montantfinal>210188.580000</montantfinal>
    <nomcontractant>SNC-Lavalin inc.</nomcontractant>
    <neqcontractant>1142775999</neqcontractant>
  </contrat>
  <contrat>
    <numeroseao>1316271</numeroseao>
    <numero>2501-20-LM01</numero>
    <datefinale>2021-03-12</datefinale>
    <datepublicationfinale>2022-04-08</datepublicationfinale>
    <montantfinal>435446.400000</montantfinal>
    <nomcontractant>Norda Stelo inc.</nomcontractant>
    <neqcontractant>1165310831</neqcontractant>
  </contrat>
  <contrat>
    <numeroseao>1316271</numeroseao>
    <numero>2501-20-LM01</numero>
    <datefinale>2021-09-30</datefinale>
    <datepublicationfinale>2022-04-08</datepublicationfinale>
    <montantfinal>245760.000000</montantfinal>
    <nomcontractant>Groupe conseil Structura international</nomcontractant>
    <neqcontractant>3367532481</neqcontractant>
  </contrat>
  <contrat>
    <numeroseao>1329801</numeroseao>
    <numero>251/2019</numero>
    <datefinale>2021-08-23</datefinale>
    <datepublicationfinale>2021-09-03</datepublicationfinale>
    <montantfinal>31012.630000</montantfinal>
    <nomcontractant>Extincteurs F.F. ltée</nomcontractant>
    <neqcontractant>1172813868</neqcontractant>
  </contrat>
  <contrat>
    <numeroseao>1352966</numeroseao>
    <numero>999735022</numero>
    <datefinale>2022-03-31</datefinale>
    <datepublicationfinale>2022-07-29</datepublicationfinale>
    <montantfinal>44788.000000</montantfinal>
    <nomcontractant>Autocars Orléans Express inc.</nomcontractant>
    <neqcontractant>1141076092</neqcontractant>
  </contrat>
  <contrat>
    <numeroseao>1383681</numeroseao>
    <numero>2020-0104</numero>
    <datefinale>2021-06-30</datefinale>
    <datepublicationfinale>2021-09-16</datepublicationfinale>
    <montantfinal>42095.620000</montantfinal>
    <nomcontractant>Gingras St-Onge Huissiers de justice inc.</nomcontractant>
    <neqcontractant>1171491567</neqcontractant>
  </contrat>
  <contrat>
    <numeroseao>1390057</numeroseao>
    <numero>1002106</numero>
    <datefinale>2022-09-29</datefinale>
    <datepublicationfinale>2021-03-25</datepublicationfinale>
    <montantfinal>970499.650000</montantfinal>
    <nomcontractant>RAIL CANTECH INC.</nomcontractant>
    <neqcontractant>1144255362</neqcontractant>
  </contrat>
  <contrat>
    <numeroseao>1391854</numeroseao>
    <numero>CA20 19 0116</numero>
    <datefinale>2020-07-29</datefinale>
    <datepublicationfinale>2021-02-18</datepublicationfinale>
    <montantfinal>25000.000000</montantfinal>
    <nomcontractant>Association Centre Ville Lachine Inc.</nomcontractant>
    <neqcontractant>1163277495</neqcontractant>
  </contrat>
  <contrat>
    <numeroseao>1409229</numeroseao>
    <numero>DMA202100845</numero>
    <datefinale>2021-03-19</datefinale>
    <datepublicationfinale>2022-03-30</datepublicationfinale>
    <montantfinal>28916.000000</montantfinal>
    <nomcontractant>Groupe Geniex inc</nomcontractant>
    <neqcontractant>1173201824</neqcontractant>
  </contrat>
  <contrat>
    <numeroseao>1413640</numeroseao>
    <numero>CA20 19 0100A</numero>
    <datefinale>2020-06-15</datefinale>
    <datepublicationfinale>2021-02-18</datepublicationfinale>
    <montantfinal>59151.520000</montantfinal>
    <nomcontractant>Centre récréatif de Lachine Ouest inc.</nomcontractant>
    <neqcontractant>1142206037</neqcontractant>
  </contrat>
  <contrat>
    <numeroseao>1425082</numeroseao>
    <numero>2019-ÉAAW-4</numero>
    <datefinale>2022-05-19</datefinale>
    <datepublicationfinale>2022-05-19</datepublicationfinale>
    <montantfinal>114690.270000</montantfinal>
    <nomcontractant>CONSTRUCTION ENCORE LTÉE</nomcontractant>
    <neqcontractant>1141864257</neqcontractant>
  </contrat>
  <contrat>
    <numeroseao>1427358</numeroseao>
    <numero>710002776</numero>
    <datefinale>2021-08-06</datefinale>
    <datepublicationfinale>2021-10-08</datepublicationfinale>
    <montantfinal>48975.000000</montantfinal>
    <nomcontractant>Maryse de Lottinville</nomcontractant>
    <neqcontractant />
  </contrat>
  <contrat>
    <numeroseao>1431730</numeroseao>
    <numero>BON202100846</numero>
    <datefinale>2022-08-30</datefinale>
    <datepublicationfinale>2022-05-30</datepublicationfinale>
    <montantfinal>93102.020000</montantfinal>
    <nomcontractant>Nixo Experts-Conseils SENC</nomcontractant>
    <neqcontractant>3372369887</neqcontractant>
  </contrat>
  <contrat>
    <numeroseao>1434864</numeroseao>
    <numero>710002789</numero>
    <datefinale>2021-12-02</datefinale>
    <datepublicationfinale>2022-03-28</datepublicationfinale>
    <montantfinal>82195.850000</montantfinal>
    <nomcontractant>Cofomo Québec</nomcontractant>
    <neqcontractant>1167786996</neqcontractant>
  </contrat>
  <contrat>
    <numeroseao>1463957</numeroseao>
    <numero>7001025</numero>
    <datefinale>2020-12-31</datefinale>
    <datepublicationfinale>2021-03-12</datepublicationfinale>
    <montantfinal>210837.320000</montantfinal>
    <nomcontractant>CNW Group Ltd.</nomcontractant>
    <neqcontractant>1170132642</neqcontractant>
  </contrat>
  <contrat>
    <numeroseao>1467280</numeroseao>
    <numero>396401444</numero>
    <datefinale>2022-03-23</datefinale>
    <datepublicationfinale>2022-07-29</datepublicationfinale>
    <montantfinal>742370.460000</montantfinal>
    <nomcontractant>IBM Canada limitée</nomcontractant>
    <neqcontractant>1165702128</neqcontractant>
  </contrat>
  <contrat>
    <numeroseao>1468073</numeroseao>
    <numero>6307-21-4530</numero>
    <datefinale>2022-05-27</datefinale>
    <datepublicationfinale>2022-08-16</datepublicationfinale>
    <montantfinal>478216.170000</montantfinal>
    <nomcontractant>LES ENTREPRISES P.E.C. INC.</nomcontractant>
    <neqcontractant>1143996057</neqcontractant>
  </contrat>
  <contrat>
    <numeroseao>1474714</numeroseao>
    <numero>999109572</numero>
    <datefinale>2022-09-21</datefinale>
    <datepublicationfinale>2022-07-29</datepublicationfinale>
    <montantfinal>414291.380000</montantfinal>
    <nomcontractant>STEDFAST INC.</nomcontractant>
    <neqcontractant>1164565427</neqcontractant>
  </contrat>
  <contrat>
    <numeroseao>1509605</numeroseao>
    <numero>879082-230821</numero>
    <datefinale>2022-09-23</datefinale>
    <datepublicationfinale>2022-06-15</datepublicationfinale>
    <montantfinal>755157.010000</montantfinal>
    <nomcontractant>LES CONSTRUCTIONS UNIC INC.</nomcontractant>
    <neqcontractant>1141811712</neqcontractant>
  </contrat>
  <contrat>
    <numeroseao>1519680</numeroseao>
    <numero>45001340</numero>
    <datefinale>2022-04-06</datefinale>
    <datepublicationfinale>2022-07-06</datepublicationfinale>
    <montantfinal>103949.670000</montantfinal>
    <nomcontractant>Centre de services partagés du Québec-CSPQ</nomcontractant>
    <neqcontractant />
  </contrat>
  <contrat>
    <numeroseao>1519844</numeroseao>
    <numero>45001262</numero>
    <datefinale>2022-03-25</datefinale>
    <datepublicationfinale>2022-07-05</datepublicationfinale>
    <montantfinal>38843.530000</montantfinal>
    <nomcontractant>Centre de services partagés du Québec-CSPQ</nomcontractant>
    <neqcontractant />
  </contrat>
  <contrat>
    <numeroseao>1523737</numeroseao>
    <numero>BON212200321</numero>
    <datefinale>2022-09-21</datefinale>
    <datepublicationfinale>2021-10-01</datepublicationfinale>
    <montantfinal>60488.710000</montantfinal>
    <nomcontractant>ECHO HEALTHCARE INC.</nomcontractant>
    <neqcontractant />
  </contrat>
  <contrat>
    <numeroseao>1567043</numeroseao>
    <numero>6008116</numero>
    <datefinale>2022-05-31</datefinale>
    <datepublicationfinale>2022-07-13</datepublicationfinale>
    <montantfinal>45122.030000</montantfinal>
    <nomcontractant>KINESSOR GROUPE-CONSEILS INC.</nomcontractant>
    <neqcontractant>1162858378</neqcontractant>
  </contrat>
  <contrat>
    <numeroseao>1567756</numeroseao>
    <numero>GRM-2090</numero>
    <datefinale>2022-06-30</datefinale>
    <datepublicationfinale>2022-07-14</datepublicationfinale>
    <montantfinal>24611.420000</montantfinal>
    <nomcontractant>Johanne Mongeau</nomcontractant>
    <neqcontractant />
  </contrat>
  <contrat>
    <numeroseao>1573645</numeroseao>
    <numero>38403201</numero>
    <datefinale>2021-12-31</datefinale>
    <datepublicationfinale>2022-02-18</datepublicationfinale>
    <montantfinal>36225.000000</montantfinal>
    <nomcontractant>SERVICE D'ENTRETIEN MÉNAGER VIMONT INC.</nomcontractant>
    <neqcontractant>1160040003</neqcontractant>
  </contrat>
  <contrat>
    <numeroseao>1594540</numeroseao>
    <numero>076 / 21-22-INV-1 </numero>
    <datefinale>2022-09-02</datefinale>
    <datepublicationfinale>2022-08-29</datepublicationfinale>
    <montantfinal>28320.000000</montantfinal>
    <nomcontractant>GROUPE D. DIONNE INC.</nomcontractant>
    <neqcontractant>1170221882</neqcontractant>
  </contrat>
  <contrat>
    <numeroseao>1595165</numeroseao>
    <numero>6808-22-AP04</numero>
    <datefinale>2022-09-12</datefinale>
    <datepublicationfinale>2022-08-26</datepublicationfinale>
    <montantfinal>10000.000000</montantfinal>
    <nomcontractant>9060-1766 Québec inc. (Location d'équipements Maximum)</nomcontractant>
    <neqcontractant>1170688155</neqcontractant>
  </contrat>
  <contrat>
    <numeroseao>1616303</numeroseao>
    <numero>202217DCSLGDD</numero>
    <datefinale>2022-09-16</datefinale>
    <datepublicationfinale>2022-08-18</datepublicationfinale>
    <montantfinal>25197.000000</montantfinal>
    <nomcontractant>PARTENARIAT DU QUARTIER DES SPECTACLES</nomcontractant>
    <neqcontractant>1161542460</neqcontractant>
  </contrat>
  <contrat>
    <numeroseao>1626041</numeroseao>
    <numero>9001-22-APA1</numero>
    <datefinale>2022-07-19</datefinale>
    <datepublicationfinale>2022-07-20</datepublicationfinale>
    <montantfinal>13548.080000</montantfinal>
    <nomcontractant>Saywell International</nomcontractant>
    <neqcontractant />
  </contrat>
  <contrat>
    <numeroseao>1631379</numeroseao>
    <numero>071/22RTB060</numero>
    <datefinale>2022-08-30</datefinale>
    <datepublicationfinale>2022-08-25</datepublicationfinale>
    <montantfinal>39375.000000</montantfinal>
    <nomcontractant>CONSTRUCTION ET PAVAGE MASKIMO LTÉE</nomcontractant>
    <neqcontractant>1142569756</neqcontractant>
  </contrat>
</export>