<?xml version="1.0" encoding="utf-8"?>
<export xmlns:xsi="http://www.w3.org/2001/XMLSchema-instance" xmlns:xsd="http://www.w3.org/2001/XMLSchema" datedebut="2022-01-01" datefin="2022-01-31">
  <contrat>
    <numeroseao>527891</numeroseao>
    <numero>C-1928</numero>
    <datefinale>2015-12-31</datefinale>
    <datepublicationfinale>2021-12-15</datepublicationfinale>
    <montantfinal>879697.700000</montantfinal>
    <nomcontractant>Centre communautaire Leonardo da Vinci</nomcontractant>
    <neqcontractant />
  </contrat>
  <contrat>
    <numeroseao>527909</numeroseao>
    <numero>C-1720</numero>
    <datefinale>2015-12-31</datefinale>
    <datepublicationfinale>2021-12-15</datepublicationfinale>
    <montantfinal>177999.130000</montantfinal>
    <nomcontractant>Centre communautaire Leonardo da Vinci</nomcontractant>
    <neqcontractant />
  </contrat>
  <contrat>
    <numeroseao>955520</numeroseao>
    <numero>30799800</numero>
    <datefinale>2021-08-31</datefinale>
    <datepublicationfinale>2021-11-26</datepublicationfinale>
    <montantfinal>378006.260000</montantfinal>
    <nomcontractant>MAINTENANCE TRANS-QUÉBEC INC.</nomcontractant>
    <neqcontractant>1142081786</neqcontractant>
  </contrat>
  <contrat>
    <numeroseao>1063147</numeroseao>
    <numero>APP-17-074 (2017-BAT-806)</numero>
    <datefinale>2018-09-12</datefinale>
    <datepublicationfinale>2020-02-18</datepublicationfinale>
    <montantfinal>320994.950000</montantfinal>
    <nomcontractant>CONSTRUCTION D.L.T. (2014) INC.</nomcontractant>
    <neqcontractant>1170196878</neqcontractant>
  </contrat>
  <contrat>
    <numeroseao>1067581</numeroseao>
    <numero>999108122</numero>
    <datefinale>2021-01-31</datefinale>
    <datepublicationfinale>2021-04-22</datepublicationfinale>
    <montantfinal>4930311.000000</montantfinal>
    <nomcontractant>LA SOCIÉTÉ CONSEIL LAMBDA INC.</nomcontractant>
    <neqcontractant>1146522942</neqcontractant>
  </contrat>
  <contrat>
    <numeroseao>1074838</numeroseao>
    <numero>999108127</numero>
    <datefinale>2020-11-30</datefinale>
    <datepublicationfinale>2020-12-14</datepublicationfinale>
    <montantfinal>1319570.000000</montantfinal>
    <nomcontractant>La Société conseil Lambda inc.</nomcontractant>
    <neqcontractant>1146522942</neqcontractant>
  </contrat>
  <contrat>
    <numeroseao>1099596</numeroseao>
    <numero>999108289</numero>
    <datefinale>2021-11-24</datefinale>
    <datepublicationfinale>2021-04-22</datepublicationfinale>
    <montantfinal>1872750.000000</montantfinal>
    <nomcontractant>SOCIÉTÉ CONSEIL GROUPE LGS</nomcontractant>
    <neqcontractant>1142691709</neqcontractant>
  </contrat>
  <contrat>
    <numeroseao>1128325</numeroseao>
    <numero>2018-0104A</numero>
    <datefinale>2021-12-01</datefinale>
    <datepublicationfinale>2021-12-07</datepublicationfinale>
    <montantfinal>2056000.000000</montantfinal>
    <nomcontractant>Alcon Canada Inc</nomcontractant>
    <neqcontractant />
  </contrat>
  <contrat>
    <numeroseao>1174812</numeroseao>
    <numero>18-19-06-040</numero>
    <datefinale />
    <datepublicationfinale>2021-05-31</datepublicationfinale>
    <montantfinal>0.000000</montantfinal>
    <nomcontractant>La Compagnie de Téléphone Bell du Canada ou Bell Canada</nomcontractant>
    <neqcontractant>1172462849</neqcontractant>
  </contrat>
  <contrat>
    <numeroseao>1198918</numeroseao>
    <numero>34756100</numero>
    <datefinale>2021-10-31</datefinale>
    <datepublicationfinale>2021-12-22</datepublicationfinale>
    <montantfinal>65828.920000</montantfinal>
    <nomcontractant>R.B. Services techniques</nomcontractant>
    <neqcontractant>2240999880</neqcontractant>
  </contrat>
  <contrat>
    <numeroseao>1220098</numeroseao>
    <numero>2019-2048</numero>
    <datefinale>2021-11-25</datefinale>
    <datepublicationfinale>2019-12-06</datepublicationfinale>
    <montantfinal>53228.000000</montantfinal>
    <nomcontractant>Micronostyx</nomcontractant>
    <neqcontractant />
  </contrat>
  <contrat>
    <numeroseao>1222165</numeroseao>
    <numero>34871400</numero>
    <datefinale>2022-01-11</datefinale>
    <datepublicationfinale>2021-12-20</datepublicationfinale>
    <montantfinal>2417900.000000</montantfinal>
    <nomcontractant>STRUCTURE SBL INC.</nomcontractant>
    <neqcontractant>1168050608</neqcontractant>
  </contrat>
  <contrat>
    <numeroseao>1252629</numeroseao>
    <numero>2019TH-RA41</numero>
    <datefinale>2020-09-30</datefinale>
    <datepublicationfinale>2021-01-27</datepublicationfinale>
    <montantfinal>1618080.490000</montantfinal>
    <nomcontractant>Les Constructions B.G.P.</nomcontractant>
    <neqcontractant>1172279631</neqcontractant>
  </contrat>
  <contrat>
    <numeroseao>1252709</numeroseao>
    <numero>2019TH-RA42</numero>
    <datefinale>2020-09-30</datefinale>
    <datepublicationfinale>2021-01-27</datepublicationfinale>
    <montantfinal>231840.980000</montantfinal>
    <nomcontractant>Les Constructions B.G.P.</nomcontractant>
    <neqcontractant>1172279631</neqcontractant>
  </contrat>
  <contrat>
    <numeroseao>1255838</numeroseao>
    <numero>1424-09-13</numero>
    <datefinale>2020-12-01</datefinale>
    <datepublicationfinale>2021-05-06</datepublicationfinale>
    <montantfinal>69807.010000</montantfinal>
    <nomcontractant>Discam Location auto/camions</nomcontractant>
    <neqcontractant>1143375468</neqcontractant>
  </contrat>
  <contrat>
    <numeroseao>1260242</numeroseao>
    <numero>BON181900439</numero>
    <datefinale>2021-12-31</datefinale>
    <datepublicationfinale>2021-06-30</datepublicationfinale>
    <montantfinal>32763.000000</montantfinal>
    <nomcontractant>Chubb</nomcontractant>
    <neqcontractant>1166501933</neqcontractant>
  </contrat>
  <contrat>
    <numeroseao>1262791</numeroseao>
    <numero>2019TP04-CGG</numero>
    <datefinale>2020-12-31</datefinale>
    <datepublicationfinale>2021-09-15</datepublicationfinale>
    <montantfinal>60231.980000</montantfinal>
    <nomcontractant>GDG Environnement ltée</nomcontractant>
    <neqcontractant>1172359391</neqcontractant>
  </contrat>
  <contrat>
    <numeroseao>1266176</numeroseao>
    <numero>3301-18-PZ04</numero>
    <datefinale>2022-01-17</datefinale>
    <datepublicationfinale>2021-11-17</datepublicationfinale>
    <montantfinal>127155.600000</montantfinal>
    <nomcontractant>Systèmes RailTerm inc., Les</nomcontractant>
    <neqcontractant>1148444251</neqcontractant>
  </contrat>
  <contrat>
    <numeroseao>1303496</numeroseao>
    <numero>700 312 013</numero>
    <datefinale>2021-10-14</datefinale>
    <datepublicationfinale>2021-12-09</datepublicationfinale>
    <montantfinal>6446.070000</montantfinal>
    <nomcontractant>SAIS INTERCONNEXION INC.</nomcontractant>
    <neqcontractant>1172377021</neqcontractant>
  </contrat>
  <contrat>
    <numeroseao>1330485</numeroseao>
    <numero>2020PISCINE</numero>
    <datefinale>2021-11-17</datefinale>
    <datepublicationfinale>2021-11-24</datepublicationfinale>
    <montantfinal>2118434.740000</montantfinal>
    <nomcontractant>9125-5455 QUÉBEC INC.</nomcontractant>
    <neqcontractant>1161282927</neqcontractant>
  </contrat>
  <contrat>
    <numeroseao>1333211</numeroseao>
    <numero>19-17783</numero>
    <datefinale>2021-11-25</datefinale>
    <datepublicationfinale>2021-02-02</datepublicationfinale>
    <montantfinal>69628.270000</montantfinal>
    <nomcontractant>Productions Jeun'Est / Prodigium</nomcontractant>
    <neqcontractant>1146181822</neqcontractant>
  </contrat>
  <contrat>
    <numeroseao>1372565</numeroseao>
    <numero>N20-72100000-002</numero>
    <datefinale>2021-07-01</datefinale>
    <datepublicationfinale>2021-12-17</datepublicationfinale>
    <montantfinal>95000.000000</montantfinal>
    <nomcontractant>JV MAINTENACE</nomcontractant>
    <neqcontractant>2247373840</neqcontractant>
  </contrat>
  <contrat>
    <numeroseao>1377459</numeroseao>
    <numero>04811/15965 (006-2020)</numero>
    <datefinale>2021-12-08</datefinale>
    <datepublicationfinale>2020-11-05</datepublicationfinale>
    <montantfinal>83169.750000</montantfinal>
    <nomcontractant>EXCAVATIONS J.F. TÉTREAULT INC.</nomcontractant>
    <neqcontractant>1148463533</neqcontractant>
  </contrat>
  <contrat>
    <numeroseao>1384776</numeroseao>
    <numero>Contrat 2020-03-TR</numero>
    <datefinale />
    <datepublicationfinale>2021-11-10</datepublicationfinale>
    <montantfinal>0.000000</montantfinal>
    <nomcontractant>LES TERRASSEMENTS MULTI-PAYSAGES INC.</nomcontractant>
    <neqcontractant>1140382590</neqcontractant>
  </contrat>
  <contrat>
    <numeroseao>1409730</numeroseao>
    <numero>AE4065</numero>
    <datefinale>2022-01-21</datefinale>
    <datepublicationfinale>2021-01-05</datepublicationfinale>
    <montantfinal>60675.000000</montantfinal>
    <nomcontractant>Gestion Aérotech inc</nomcontractant>
    <neqcontractant>1165559551</neqcontractant>
  </contrat>
  <contrat>
    <numeroseao>1417019</numeroseao>
    <numero>44518556</numero>
    <datefinale>2021-11-23</datefinale>
    <datepublicationfinale>2021-11-22</datepublicationfinale>
    <montantfinal>218447.110000</montantfinal>
    <nomcontractant>LES CLÔTURES DU LAC INC.</nomcontractant>
    <neqcontractant>1142560433</neqcontractant>
  </contrat>
  <contrat>
    <numeroseao>1427268</numeroseao>
    <numero>MA101241</numero>
    <datefinale>2021-02-26</datefinale>
    <datepublicationfinale>2021-03-26</datepublicationfinale>
    <montantfinal>26994.720000</montantfinal>
    <nomcontractant>Bell Canada</nomcontractant>
    <neqcontractant>1172462849</neqcontractant>
  </contrat>
  <contrat>
    <numeroseao>1437025</numeroseao>
    <numero>20-0338-GG</numero>
    <datefinale>2021-07-15</datefinale>
    <datepublicationfinale>2021-11-16</datepublicationfinale>
    <montantfinal>67200.000000</montantfinal>
    <nomcontractant>Cofomo Inc.</nomcontractant>
    <neqcontractant>1142126664</neqcontractant>
  </contrat>
  <contrat>
    <numeroseao>1438811</numeroseao>
    <numero>44520957</numero>
    <datefinale>2021-12-31</datefinale>
    <datepublicationfinale>2021-12-03</datepublicationfinale>
    <montantfinal>24353.990000</montantfinal>
    <nomcontractant>Prud'Homme, Mercier &amp; Associés</nomcontractant>
    <neqcontractant>1147057948</neqcontractant>
  </contrat>
  <contrat>
    <numeroseao>1445066</numeroseao>
    <numero>N20-72000000-007</numero>
    <datefinale>2021-06-30</datefinale>
    <datepublicationfinale>2021-12-17</datepublicationfinale>
    <montantfinal>225595.800000</montantfinal>
    <nomcontractant>Concept P.V.R. Inc.</nomcontractant>
    <neqcontractant>1168404920</neqcontractant>
  </contrat>
  <contrat>
    <numeroseao>1447398</numeroseao>
    <numero>1305208</numero>
    <datefinale>2022-01-12</datefinale>
    <datepublicationfinale>2021-02-02</datepublicationfinale>
    <montantfinal>57440.000000</montantfinal>
    <nomcontractant>Olivier Grunewald</nomcontractant>
    <neqcontractant />
  </contrat>
  <contrat>
    <numeroseao>1450666</numeroseao>
    <numero>AP-2020-4393-05</numero>
    <datefinale>2021-12-16</datefinale>
    <datepublicationfinale>2021-08-12</datepublicationfinale>
    <montantfinal>106000.000000</montantfinal>
    <nomcontractant>Recon Robotics</nomcontractant>
    <neqcontractant />
  </contrat>
  <contrat>
    <numeroseao>1470804</numeroseao>
    <numero>PRO-N-MER062</numero>
    <datefinale>2021-10-31</datefinale>
    <datepublicationfinale>2021-12-15</datepublicationfinale>
    <montantfinal>55543.910000</montantfinal>
    <nomcontractant>Entreprises Arseneault Inc.</nomcontractant>
    <neqcontractant>1143813146</neqcontractant>
  </contrat>
  <contrat>
    <numeroseao>1481514</numeroseao>
    <numero>44520158</numero>
    <datefinale>2021-12-20</datefinale>
    <datepublicationfinale>2021-12-17</datepublicationfinale>
    <montantfinal>92630.000000</montantfinal>
    <nomcontractant>91204008 Qc</nomcontractant>
    <neqcontractant>1161016507</neqcontractant>
  </contrat>
  <contrat>
    <numeroseao>1489596</numeroseao>
    <numero>BON202101495</numero>
    <datefinale>2021-06-30</datefinale>
    <datepublicationfinale>2021-10-13</datepublicationfinale>
    <montantfinal>81968.010000</montantfinal>
    <nomcontractant>Restauration Première Action</nomcontractant>
    <neqcontractant>1171858732</neqcontractant>
  </contrat>
  <contrat>
    <numeroseao>1491654</numeroseao>
    <numero>44523288</numero>
    <datefinale>2021-11-01</datefinale>
    <datepublicationfinale>2021-11-05</datepublicationfinale>
    <montantfinal>42807.620000</montantfinal>
    <nomcontractant>Couverture Montréal-Nord Ltée</nomcontractant>
    <neqcontractant>1168317445</neqcontractant>
  </contrat>
  <contrat>
    <numeroseao>1533334</numeroseao>
    <numero>1485216</numero>
    <datefinale>2021-12-11</datefinale>
    <datepublicationfinale>2021-12-23</datepublicationfinale>
    <montantfinal>57189.620000</montantfinal>
    <nomcontractant>Sango Inc.</nomcontractant>
    <neqcontractant>1172875263</neqcontractant>
  </contrat>
</export>