<PAMDataset>
  <PAMRasterBand band="1">
    <Histograms>
      <HistItem>
        <HistMin>-28</HistMin>
        <HistMax>12</HistMax>
        <BucketCount>256</BucketCount>
        <IncludeOutOfRange>1</IncludeOutOfRange>
        <Approximate>0</Approximate>
        <HistCounts>13|0|0|0|0|0|23|0|0|0|0|0|84|0|0|0|0|0|0|127|0|0|0|0|0|213|0|0|0|0|0|275|0|0|0|0|0|0|462|0|0|0|0|0|706|0|0|0|0|0|0|975|0|0|0|0|0|1088|0|0|0|0|0|1125|0|0|0|0|0|0|1133|0|0|0|0|0|1402|0|0|0|0|0|536|0|0|0|0|0|0|13|0|0|0|0|0|9|0|0|0|0|0|0|12|0|0|0|0|0|14|0|0|0|0|0|31|0|0|0|0|0|0|52|0|0|0|0|0|89|0|0|0|0|0|200|0|0|0|0|0|0|724|0|0|0|0|0|2033|0|0|0|0|0|0|5423|0|0|0|0|0|14788|0|0|0|0|0|41746|0|0|0|0|0|0|108966|0|0|0|0|0|220186|0|0|0|0|0|113042|0|0|0|0|0|0|28064|0|0|0|0|0|9063|0|0|0|0|0|0|2926|0|0|0|0|0|1074|0|0|0|0|0|396|0|0|0|0|0|0|151|0|0|0|0|0|37|0|0|0|0|0|10|0|0|0|0|0|0|5|0|0|0|0|0|6|0|0|0|0|0|0|1</HistCounts>
      </HistItem>
    </Histograms>
    <Metadata>
      <MDI key="RepresentationType">THEMATIC</MDI>
      <MDI key="STATISTICS_COVARIANCES">6.908349396349779</MDI>
      <MDI key="STATISTICS_EXCLUDEDVALUES"></MDI>
      <MDI key="STATISTICS_MAXIMUM">12</MDI>
      <MDI key="STATISTICS_MEAN">-0.38055859144364</MDI>
      <MDI key="STATISTICS_MINIMUM">-28</MDI>
      <MDI key="STATISTICS_SKIPFACTORX">1</MDI>
      <MDI key="STATISTICS_SKIPFACTORY">1</MDI>
      <MDI key="STATISTICS_STDDEV">2.6283739072571</MDI>
    </Metadata>
  </PAMRasterBand>
</PAMDataset>
