<?xml version="1.0" encoding="UTF-8"?>
<metadata xml:lang="fr"><Esri><CreaDate>20170130</CreaDate><CreaTime>11250200</CreaTime><ArcGISFormat>1.0</ArcGISFormat><SyncOnce>TRUE</SyncOnce><DataProperties><lineage><Process ToolSource="c:\program files (x86)\arcgis\desktop10.2\ArcToolbox\Toolboxes\Data Management Tools.tbx\Project" Date="20151015" Time="142000">Project S:\Cartographie\CarteReference\Donnees\Patrimoine\ParcoursRiverain_polyline.shp S:\Cartographie\CarteReference\Donnees\Patrimoine\ParcoursRiverain_polyline_Pr.shp PROJCS['NAD_1983_MTM_8',GEOGCS['GCS_North_American_1983',DATUM['D_North_American_1983',SPHEROID['GRS_1980',6378137.0,298.257222101]],PRIMEM['Greenwich',0.0],UNIT['Degree',0.0174532925199433]],PROJECTION['Transverse_Mercator'],PARAMETER['False_Easting',304800.0],PARAMETER['False_Northing',0.0],PARAMETER['Central_Meridian',-73.5],PARAMETER['Scale_Factor',0.9999],PARAMETER['Latitude_Of_Origin',0.0],UNIT['Meter',1.0]] # PROJCS['Ontario_MTM_Zone_8_east_of_75_degrees_W_NAD_83_datum',GEOGCS['GCS_North_American_1983',DATUM['D_North_American_1983',SPHEROID['Geodetic_Reference_System_of_1980',6378137.0,298.2572221008916]],PRIMEM['Greenwich',0.0],UNIT['Degree',0.0174532925199433]],PROJECTION['Transverse_Mercator'],PARAMETER['false_easting',304800.0],PARAMETER['false_northing',0.0],PARAMETER['central_meridian',-73.5],PARAMETER['scale_factor',0.9999],PARAMETER['latitude_of_origin',0.0],UNIT['Meter',1.0]]</Process></lineage><itemProps><itemLocation><linkage Sync="TRUE">file://\\ile.mtl.qc.ca\VDM$\12.UrbanismeHabitation\BureauDuPlan\08. Urbanisme\08.01 SIG\08.01.01 Donnees\_Info\DonneesOuvertes\Donnees\SAD_PatrimoinePaysage\ParcoursRiverain</linkage><protocol Sync="TRUE">Local Area Network</protocol></itemLocation></itemProps><copyHistory><copy source="S:\Cartographie\CarteReference\Donnees\Patrimoine\ParcoursRiverain" dest="\\ile.mtl.qc.ca\VDM$\12.UrbanismeHabitation\BureauDuPlan\08. Urbanisme\08.01 SIG\08.01.01 Donnees\_Info\DonneesOuvertes\Donnees\SAD_PatrimoinePaysage\ParcoursRiverain" date="20170130" time="11250200"></copy></copyHistory></DataProperties></Esri></metadata>
