<?xml version="1.0" encoding="UTF-8"?>
<office:document-content xmlns:office="urn:oasis:names:tc:opendocument:xmlns:office:1.0" xmlns:style="urn:oasis:names:tc:opendocument:xmlns:style:1.0" xmlns:text="urn:oasis:names:tc:opendocument:xmlns:text:1.0" xmlns:table="urn:oasis:names:tc:opendocument:xmlns:table:1.0" xmlns:draw="urn:oasis:names:tc:opendocument:xmlns:drawing:1.0" xmlns:fo="urn:oasis:names:tc:opendocument:xmlns:xsl-fo-compatible:1.0" xmlns:xlink="http://www.w3.org/1999/xlink" xmlns:dc="http://purl.org/dc/elements/1.1/" xmlns:meta="urn:oasis:names:tc:opendocument:xmlns:meta:1.0" xmlns:number="urn:oasis:names:tc:opendocument:xmlns:datastyle:1.0" xmlns:svg="urn:oasis:names:tc:opendocument:xmlns:svg-compatible:1.0" xmlns:chart="urn:oasis:names:tc:opendocument:xmlns:chart:1.0" xmlns:dr3d="urn:oasis:names:tc:opendocument:xmlns:dr3d:1.0" xmlns:math="http://www.w3.org/1998/Math/MathML" xmlns:form="urn:oasis:names:tc:opendocument:xmlns:form:1.0" xmlns:script="urn:oasis:names:tc:opendocument:xmlns:script:1.0" xmlns:ooo="http://openoffice.org/2004/office" xmlns:ooow="http://openoffice.org/2004/writer" xmlns:oooc="http://openoffice.org/2004/calc" xmlns:dom="http://www.w3.org/2001/xml-events" xmlns:xforms="http://www.w3.org/2002/xforms" xmlns:xsd="http://www.w3.org/2001/XMLSchema" xmlns:xsi="http://www.w3.org/2001/XMLSchema-instance" xmlns:rpt="http://openoffice.org/2005/report" xmlns:of="urn:oasis:names:tc:opendocument:xmlns:of:1.2" xmlns:xhtml="http://www.w3.org/1999/xhtml" xmlns:grddl="http://www.w3.org/2003/g/data-view#" xmlns:field="urn:openoffice:names:experimental:ooo-ms-interop:xmlns:field:1.0" office:version="1.2" grddl:transformation="http://docs.oasis-open.org/office/1.2/xslt/odf2rdf.xsl"><office:scripts/><office:font-face-decls><style:font-face style:name="Wingdings" svg:font-family="Wingdings" style:font-pitch="variable" style:font-charset="x-symbol"/><style:font-face style:name="Symbol" svg:font-family="Symbol" style:font-family-generic="roman" style:font-pitch="variable" style:font-charset="x-symbol"/><style:font-face style:name="Tahoma2" svg:font-family="Tahoma"/><style:font-face style:name="F" svg:font-family="" style:font-family-generic="roman"/><style:font-face style:name="Courier New" svg:font-family="&apos;Courier New&apos;" style:font-family-generic="modern" style:font-pitch="fixed"/><style:font-face style:name="Cambria" svg:font-family="Cambria" style:font-family-generic="roman" style:font-pitch="variable"/><style:font-face style:name="Times New Roman" svg:font-family="&apos;Times New Roman&apos;" style:font-family-generic="roman" style:font-pitch="variable"/><style:font-face style:name="Arial" svg:font-family="Arial" style:font-family-generic="swiss" style:font-pitch="variable"/><style:font-face style:name="Calibri" svg:font-family="Calibri" style:font-family-generic="swiss" style:font-pitch="variable"/><style:font-face style:name="Tahoma" svg:font-family="Tahoma" style:font-family-generic="swiss" style:font-pitch="variable"/><style:font-face style:name="Arial Unicode MS" svg:font-family="&apos;Arial Unicode MS&apos;" style:font-family-generic="system" style:font-pitch="variable"/><style:font-face style:name="Tahoma1" svg:font-family="Tahoma" style:font-family-generic="system" style:font-pitch="variable"/></office:font-face-decls><office:automatic-styles><style:style style:name="Tableau1" style:family="table"><style:table-properties style:width="18.503cm" fo:margin-left="-1.501cm" table:align="left" style:writing-mode="lr-tb"/></style:style><style:style style:name="Tableau1.A" style:family="table-column"><style:table-column-properties style:column-width="3.002cm"/></style:style><style:style style:name="Tableau1.B" style:family="table-column"><style:table-column-properties style:column-width="4.75cm"/></style:style><style:style style:name="Tableau1.C" style:family="table-column"><style:table-column-properties style:column-width="4.251cm"/></style:style><style:style style:name="Tableau1.D" style:family="table-column"><style:table-column-properties style:column-width="6.5cm"/></style:style><style:style style:name="Tableau1.1" style:family="table-row"><style:table-row-properties style:keep-together="true" fo:keep-together="auto"/></style:style><style:style style:name="Tableau1.A1" style:family="table-cell"><style:table-cell-properties fo:background-color="#bfbfbf" fo:padding-left="0.191cm" fo:padding-right="0.191cm" fo:padding-top="0cm" fo:padding-bottom="0cm" fo:border="0.002cm solid #000000"><style:background-image/></style:table-cell-properties></style:style><style:style style:name="Tableau1.2" style:family="table-row"><style:table-row-properties style:min-row-height="0.808cm" style:keep-together="true" fo:keep-together="auto"/></style:style><style:style style:name="Tableau1.A2" style:family="table-cell"><style:table-cell-properties fo:padding-left="0.191cm" fo:padding-right="0.191cm" fo:padding-top="0cm" fo:padding-bottom="0cm" fo:border="0.002cm solid #000000"/></style:style><style:style style:name="Tableau1.3" style:family="table-row"><style:table-row-properties style:min-row-height="0.806cm" style:keep-together="true" fo:keep-together="auto"/></style:style><style:style style:name="Tableau1.4" style:family="table-row"><style:table-row-properties style:min-row-height="2.365cm" style:keep-together="true" fo:keep-together="auto"/></style:style><style:style style:name="Tableau1.5" style:family="table-row"><style:table-row-properties style:min-row-height="1.305cm" style:keep-together="true" fo:keep-together="auto"/></style:style><style:style style:name="Tableau1.6" style:family="table-row"><style:table-row-properties style:min-row-height="0.198cm" style:keep-together="true" fo:keep-together="auto"/></style:style><style:style style:name="Tableau1.7" style:family="table-row"><style:table-row-properties style:min-row-height="1.281cm" style:keep-together="true" fo:keep-together="auto"/></style:style><style:style style:name="Tableau1.8" style:family="table-row"><style:table-row-properties style:min-row-height="2.312cm" style:keep-together="true" fo:keep-together="auto"/></style:style><style:style style:name="Tableau1.9" style:family="table-row"><style:table-row-properties style:min-row-height="0.303cm" style:keep-together="true" fo:keep-together="auto"/></style:style><style:style style:name="Tableau1.10" style:family="table-row"><style:table-row-properties style:min-row-height="0.056cm" style:keep-together="true" fo:keep-together="auto"/></style:style><style:style style:name="Tableau1.15" style:family="table-row"><style:table-row-properties style:min-row-height="0.506cm" style:keep-together="true" fo:keep-together="auto"/></style:style><style:style style:name="Tableau1.16" style:family="table-row"><style:table-row-properties style:min-row-height="0.079cm" style:keep-together="true" fo:keep-together="auto"/></style:style><style:style style:name="Tableau1.20" style:family="table-row"><style:table-row-properties style:min-row-height="0.609cm" style:keep-together="true" fo:keep-together="auto"/></style:style><style:style style:name="Tableau1.22" style:family="table-row"><style:table-row-properties style:min-row-height="0.035cm" style:keep-together="true" fo:keep-together="auto"/></style:style><style:style style:name="Tableau1.23" style:family="table-row"><style:table-row-properties style:min-row-height="0.243cm" style:keep-together="true" fo:keep-together="auto"/></style:style><style:style style:name="Tableau1.29" style:family="table-row"><style:table-row-properties style:min-row-height="0.132cm" style:keep-together="true" fo:keep-together="auto"/></style:style><style:style style:name="Tableau1.30" style:family="table-row"><style:table-row-properties style:min-row-height="0.199cm" style:keep-together="true" fo:keep-together="auto"/></style:style><style:style style:name="P1" style:family="paragraph" style:parent-style-name="Standard" style:list-style-name=""><style:paragraph-properties fo:break-before="page"/><style:text-properties fo:font-variant="small-caps" fo:font-weight="bold" style:font-weight-asian="bold" style:font-name-complex="Times New Roman" style:font-weight-complex="bold"/></style:style><style:style style:name="P2" style:family="paragraph" style:parent-style-name="Standard" style:list-style-name=""><style:paragraph-properties fo:break-before="page" style:writing-mode="lr-tb"/><style:text-properties style:font-name-complex="Times New Roman"/></style:style><style:style style:name="P3" style:family="paragraph" style:parent-style-name="Standard" style:list-style-name=""><style:paragraph-properties style:writing-mode="lr-tb"/><style:text-properties style:font-name-complex="Times New Roman"/></style:style><style:style style:name="P4" style:family="paragraph" style:parent-style-name="Standard" style:list-style-name=""><style:paragraph-properties fo:text-align="center" style:justify-single-word="false" style:writing-mode="lr-tb"/><style:text-properties fo:font-variant="small-caps" fo:color="#ff0000" fo:font-size="18pt" fo:font-weight="bold" style:font-size-asian="18pt" style:font-weight-asian="bold" style:font-name-complex="Times New Roman" style:font-size-complex="18pt" style:font-weight-complex="bold"/></style:style><style:style style:name="P5" style:family="paragraph" style:parent-style-name="Standard" style:list-style-name=""><style:paragraph-properties fo:text-align="center" style:justify-single-word="false" style:writing-mode="lr-tb"/><style:text-properties fo:language="none" fo:country="none" style:language-asian="none" style:country-asian="none" style:font-name-complex="Times New Roman"/></style:style><style:style style:name="P6" style:family="paragraph" style:parent-style-name="Standard" style:list-style-name=""><style:paragraph-properties fo:text-align="center" style:justify-single-word="false" style:writing-mode="lr-tb"/><style:text-properties fo:language="none" fo:country="none" style:letter-kerning="true" style:language-asian="none" style:country-asian="none" style:font-name-complex="Times New Roman"/></style:style><style:style style:name="P7" style:family="paragraph" style:parent-style-name="Standard" style:list-style-name=""><style:paragraph-properties style:writing-mode="lr-tb"/><style:text-properties style:language-asian="fr" style:country-asian="CA" style:font-name-complex="Times New Roman"/></style:style><style:style style:name="P8" style:family="paragraph" style:parent-style-name="Standard" style:list-style-name=""><style:paragraph-properties fo:text-align="center" style:justify-single-word="false" style:writing-mode="lr-tb"/><style:text-properties fo:font-size="10pt" fo:font-weight="bold" style:font-size-asian="10pt" style:font-weight-asian="bold" style:font-name-complex="Times New Roman" style:font-size-complex="10pt" style:font-weight-complex="bold"/></style:style><style:style style:name="P9" style:family="paragraph" style:parent-style-name="Standard" style:list-style-name=""><style:paragraph-properties style:writing-mode="lr-tb"/><style:text-properties fo:font-size="10pt" fo:font-style="italic" style:font-size-asian="10pt" style:font-style-asian="italic" style:font-name-complex="Times New Roman" style:font-size-complex="10pt" style:font-style-complex="italic"/></style:style><style:style style:name="P10" style:family="paragraph" style:parent-style-name="Standard" style:list-style-name=""><style:paragraph-properties style:writing-mode="lr-tb"/><style:text-properties fo:font-size="10pt" style:font-size-asian="10pt" style:font-name-complex="Times New Roman" style:font-size-complex="10pt"/></style:style><style:style style:name="P11" style:family="paragraph" style:parent-style-name="Standard" style:list-style-name=""><style:paragraph-properties style:writing-mode="lr-tb"/><style:text-properties fo:font-size="9pt" fo:font-weight="bold" style:font-size-asian="9pt" style:language-asian="fr" style:country-asian="CA" style:font-weight-asian="bold" style:font-name-complex="Times New Roman" style:font-size-complex="9pt" style:font-weight-complex="bold"/></style:style><style:style style:name="P12" style:family="paragraph" style:parent-style-name="Standard" style:list-style-name=""><style:paragraph-properties fo:margin-top="0cm" fo:margin-bottom="0.353cm" fo:line-height="115%" fo:break-before="page" style:writing-mode="lr-tb"/><style:text-properties style:font-name-complex="Times New Roman"/></style:style><style:style style:name="P13" style:family="paragraph" style:parent-style-name="Standard" style:list-style-name=""><style:paragraph-properties fo:margin-top="0cm" fo:margin-bottom="0.353cm" fo:line-height="115%" fo:break-before="page" style:writing-mode="lr-tb"/><style:text-properties style:language-asian="fr" style:country-asian="CA" style:font-name-complex="Times New Roman"/></style:style><style:style style:name="P14" style:family="paragraph" style:parent-style-name="Standard" style:list-style-name=""><style:paragraph-properties fo:margin-top="0cm" fo:margin-bottom="0.353cm" fo:line-height="115%" style:writing-mode="lr-tb"/><style:text-properties style:font-name="Arial" fo:font-size="10pt" style:font-name-asian="Arial" style:font-size-asian="10pt" style:font-name-complex="Arial" style:font-size-complex="10pt"/></style:style><style:style style:name="P15" style:family="paragraph" style:parent-style-name="Standard" style:list-style-name=""><style:paragraph-properties fo:margin-top="0.212cm" fo:margin-bottom="0.212cm" style:writing-mode="lr-tb"/><style:text-properties style:font-name-complex="Times New Roman"/></style:style><style:style style:name="P16" style:family="paragraph" style:parent-style-name="Graphikformatvorlage"><style:paragraph-properties fo:margin-left="0cm" fo:margin-right="0cm" fo:text-indent="0cm" style:auto-text-indent="false" style:writing-mode="lr-tb"/></style:style><style:style style:name="P17" style:family="paragraph" style:parent-style-name="Text_20_body"><style:text-properties fo:font-variant="small-caps" fo:color="#808080" fo:font-size="14pt" fo:font-weight="bold"/></style:style><style:style style:name="P18" style:family="paragraph" style:parent-style-name="Text_20_body" style:master-page-name="First_20_Page"><style:paragraph-properties style:page-number="auto"/><style:text-properties fo:font-size="14pt" style:font-size-asian="14pt" style:font-size-complex="14pt"/></style:style><style:style style:name="P19" style:family="paragraph" style:parent-style-name="AxureHeading1" style:list-style-name="RTF_5f_Num_20_2"><style:paragraph-properties fo:margin-left="-1cm" fo:margin-right="0cm" fo:text-indent="0cm" style:auto-text-indent="false" style:writing-mode="lr-tb"><style:tab-stops/></style:paragraph-properties><style:text-properties style:font-name-complex="Times New Roman"/></style:style><style:style style:name="P20" style:family="paragraph" style:parent-style-name="AxureHeading1" style:list-style-name="RTF_5f_Num_20_2"><style:paragraph-properties fo:margin-left="-1cm" fo:margin-right="0cm" fo:text-indent="0cm" style:auto-text-indent="false" style:writing-mode="lr-tb"><style:tab-stops/></style:paragraph-properties><style:text-properties style:font-name-complex="Times New Roman"/></style:style><style:style style:name="P21" style:family="paragraph" style:parent-style-name="AxureHeading1" style:list-style-name="RTF_5f_Num_20_2"><style:paragraph-properties fo:margin-left="-1cm" fo:margin-right="0cm" fo:text-indent="0cm" style:auto-text-indent="false" fo:break-before="page" style:writing-mode="lr-tb"><style:tab-stops/></style:paragraph-properties><style:text-properties style:font-name-complex="Times New Roman"/></style:style><style:style style:name="P22" style:family="paragraph" style:parent-style-name="AxureHeading2" style:list-style-name="RTF_5f_Num_20_2"><style:paragraph-properties fo:margin-left="0.231cm" fo:margin-right="0cm" fo:text-indent="0cm" style:auto-text-indent="false" style:writing-mode="lr-tb"><style:tab-stops/></style:paragraph-properties><style:text-properties style:font-name-complex="Times New Roman"/></style:style><style:style style:name="P23" style:family="paragraph" style:parent-style-name="toc_20_1" style:list-style-name=""><style:paragraph-properties style:writing-mode="lr-tb"/></style:style><style:style style:name="P24" style:family="paragraph" style:parent-style-name="toc_20_1" style:list-style-name="" style:master-page-name=""><style:paragraph-properties fo:margin-left="0cm" fo:margin-right="0cm" fo:margin-top="0.212cm" fo:margin-bottom="0.212cm" fo:line-height="100%" fo:text-align="justify" style:justify-single-word="false" fo:keep-together="auto" fo:hyphenation-ladder-count="no-limit" fo:text-indent="0cm" style:auto-text-indent="false" style:page-number="auto" fo:break-before="auto" fo:break-after="auto" fo:background-color="transparent" fo:padding="0cm" fo:border="none" style:shadow="none" fo:keep-with-next="auto" style:text-autospace="ideograph-alpha" style:punctuation-wrap="hanging" style:line-break="strict" style:vertical-align="auto" style:writing-mode="lr-tb"><style:tab-stops><style:tab-stop style:position="1cm"/><style:tab-stop style:position="15.002cm" style:type="right" style:leader-style="dotted" style:leader-text="."/></style:tab-stops><style:background-image/></style:paragraph-properties><style:text-properties fo:hyphenate="false" fo:hyphenation-remain-char-count="2" fo:hyphenation-push-char-count="2"/></style:style><style:style style:name="P25" style:family="paragraph" style:parent-style-name="toc_20_1" style:list-style-name="" style:master-page-name=""><style:paragraph-properties fo:margin-left="0cm" fo:margin-right="0cm" fo:margin-top="0.212cm" fo:margin-bottom="0.212cm" fo:line-height="100%" fo:text-align="justify" style:justify-single-word="false" fo:keep-together="auto" fo:hyphenation-ladder-count="no-limit" fo:text-indent="0cm" style:auto-text-indent="false" style:page-number="auto" fo:break-before="auto" fo:break-after="auto" fo:background-color="transparent" fo:padding="0cm" fo:border="none" style:shadow="none" fo:keep-with-next="auto" style:text-autospace="ideograph-alpha" style:punctuation-wrap="hanging" style:line-break="strict" style:vertical-align="auto" style:writing-mode="lr-tb"><style:tab-stops><style:tab-stop style:position="1cm"/><style:tab-stop style:position="15.002cm" style:type="right" style:leader-style="dotted" style:leader-text="."/></style:tab-stops><style:background-image/></style:paragraph-properties><style:text-properties fo:hyphenate="false" fo:hyphenation-remain-char-count="2" fo:hyphenation-push-char-count="2"/></style:style><style:style style:name="P26" style:family="paragraph" style:parent-style-name="toc_20_2" style:list-style-name="" style:master-page-name=""><style:paragraph-properties fo:margin-left="1cm" fo:margin-right="0cm" fo:margin-top="0cm" fo:margin-bottom="0cm" fo:line-height="100%" fo:text-align="justify" style:justify-single-word="false" fo:keep-together="auto" fo:hyphenation-ladder-count="no-limit" fo:text-indent="0cm" style:auto-text-indent="false" style:page-number="auto" fo:break-before="auto" fo:break-after="auto" fo:background-color="transparent" fo:padding="0cm" fo:border="none" style:shadow="none" fo:keep-with-next="auto" style:text-autospace="ideograph-alpha" style:punctuation-wrap="hanging" style:line-break="strict" style:vertical-align="auto" style:writing-mode="lr-tb"><style:tab-stops><style:tab-stop style:position="1cm"/><style:tab-stop style:position="14.002cm" style:type="right" style:leader-style="dotted" style:leader-text="."/></style:tab-stops><style:background-image/></style:paragraph-properties><style:text-properties fo:hyphenate="false" fo:hyphenation-remain-char-count="2" fo:hyphenation-push-char-count="2"/></style:style><style:style style:name="P27" style:family="paragraph" style:parent-style-name="toc_20_2" style:list-style-name="" style:master-page-name=""><style:paragraph-properties fo:margin-left="1cm" fo:margin-right="0cm" fo:margin-top="0cm" fo:margin-bottom="0cm" fo:line-height="100%" fo:text-align="justify" style:justify-single-word="false" fo:keep-together="auto" fo:hyphenation-ladder-count="no-limit" fo:text-indent="0cm" style:auto-text-indent="false" style:page-number="auto" fo:break-before="auto" fo:break-after="auto" fo:background-color="transparent" fo:padding="0cm" fo:border="none" style:shadow="none" fo:keep-with-next="auto" style:text-autospace="ideograph-alpha" style:punctuation-wrap="hanging" style:line-break="strict" style:vertical-align="auto" style:writing-mode="lr-tb"><style:tab-stops><style:tab-stop style:position="1cm"/><style:tab-stop style:position="14.002cm" style:type="right" style:leader-style="dotted" style:leader-text="."/></style:tab-stops><style:background-image/></style:paragraph-properties><style:text-properties fo:hyphenate="false" fo:hyphenation-remain-char-count="2" fo:hyphenation-push-char-count="2"/></style:style><style:style style:name="P28" style:family="paragraph" style:parent-style-name="toc_20_2" style:list-style-name=""><style:paragraph-properties fo:margin-left="1cm" fo:margin-right="0cm" fo:margin-top="0cm" fo:margin-bottom="0cm" fo:line-height="100%" fo:text-align="justify" style:justify-single-word="false" fo:keep-together="auto" fo:hyphenation-ladder-count="no-limit" fo:text-indent="0cm" style:auto-text-indent="false" fo:break-before="auto" fo:break-after="auto" fo:background-color="transparent" fo:padding="0cm" fo:border="none" style:shadow="none" fo:keep-with-next="auto" style:text-autospace="ideograph-alpha" style:punctuation-wrap="hanging" style:line-break="strict" style:vertical-align="auto" style:writing-mode="lr-tb"><style:tab-stops><style:tab-stop style:position="1cm"/><style:tab-stop style:position="14.002cm" style:type="right" style:leader-style="dotted" style:leader-text="."/></style:tab-stops><style:background-image/></style:paragraph-properties><style:text-properties fo:hyphenate="false" fo:hyphenation-remain-char-count="2" fo:hyphenation-push-char-count="2"/></style:style><style:style style:name="P29" style:family="paragraph" style:parent-style-name="toc_20_2" style:list-style-name="" style:master-page-name=""><style:paragraph-properties fo:margin-left="1cm" fo:margin-right="0cm" fo:margin-top="0cm" fo:margin-bottom="0cm" fo:line-height="100%" fo:text-align="justify" style:justify-single-word="false" fo:keep-together="auto" fo:hyphenation-ladder-count="no-limit" fo:text-indent="0cm" style:auto-text-indent="false" style:page-number="auto" fo:break-before="auto" fo:break-after="auto" fo:background-color="transparent" fo:padding="0cm" fo:border="none" style:shadow="none" fo:keep-with-next="auto" style:text-autospace="ideograph-alpha" style:punctuation-wrap="hanging" style:line-break="strict" style:vertical-align="auto" style:writing-mode="lr-tb"><style:tab-stops><style:tab-stop style:position="1cm"/><style:tab-stop style:position="14.002cm" style:type="right" style:leader-style="dotted" style:leader-text="."/></style:tab-stops><style:background-image/></style:paragraph-properties><style:text-properties fo:hyphenate="false" fo:hyphenation-remain-char-count="2" fo:hyphenation-push-char-count="2"/></style:style><style:style style:name="P30" style:family="paragraph" style:parent-style-name="caption" style:list-style-name=""><style:paragraph-properties style:writing-mode="lr-tb"/><style:text-properties style:font-name-complex="Times New Roman"/></style:style><style:style style:name="P31" style:family="paragraph" style:parent-style-name="Title" style:list-style-name=""><style:paragraph-properties fo:padding-left="0cm" fo:padding-right="0cm" fo:padding-top="0.035cm" fo:padding-bottom="0cm" fo:border-left="none" fo:border-right="none" fo:border-top="0.002cm solid #ff0000" fo:border-bottom="none" style:writing-mode="lr-tb"><style:tab-stops><style:tab-stop style:position="1cm"/><style:tab-stop style:position="15.252cm" style:type="right"/></style:tab-stops></style:paragraph-properties></style:style><style:style style:name="P32" style:family="paragraph" style:parent-style-name="footer" style:list-style-name=""><style:paragraph-properties style:writing-mode="lr-tb"/><style:text-properties style:font-name-complex="Times New Roman"/></style:style><style:style style:name="P33" style:family="paragraph"><style:paragraph-properties fo:text-align="end" style:text-autospace="none"/><style:text-properties fo:color="#000000" style:font-name="F" fo:font-size="8pt" fo:language="fr" fo:country="FR" fo:font-style="italic" style:font-name-asian="F" style:font-size-asian="8pt" style:language-asian="en" style:country-asian="US" style:font-style-asian="italic" style:font-name-complex="F" style:font-size-complex="8pt" style:language-complex="ar" style:country-complex="SA" style:font-style-complex="italic"/></style:style><style:style style:name="P34" style:family="paragraph"><style:paragraph-properties fo:text-align="center"/></style:style><style:style style:name="P35" style:family="paragraph"><style:paragraph-properties style:text-autospace="none"/><style:text-properties style:font-name="F" fo:font-size="11pt" style:font-name-asian="F" style:font-size-asian="11pt" style:language-asian="en" style:country-asian="US" style:font-name-complex="F" style:font-size-complex="11pt" style:language-complex="ar" style:country-complex="SA"/></style:style><style:style style:name="P36" style:family="paragraph"><style:paragraph-properties fo:margin-left="1cm" fo:margin-right="0cm" fo:text-indent="-0.999cm" style:text-autospace="none"><style:tab-stops><style:tab-stop style:position="0.567cm"/></style:tab-stops></style:paragraph-properties><style:text-properties fo:color="#000000" style:font-name="F" fo:font-size="16pt" fo:letter-spacing="-0.012cm" fo:font-weight="bold" style:font-name-asian="F" style:font-size-asian="16pt" style:font-weight-asian="bold" style:font-name-complex="F" style:font-size-complex="16pt" style:language-complex="ar" style:country-complex="SA" style:font-weight-complex="bold"/></style:style><style:style style:name="P37" style:family="paragraph"><style:paragraph-properties style:text-autospace="none"/><style:text-properties fo:color="#000000" style:font-name="F" fo:font-size="14pt" fo:font-weight="bold" style:font-name-asian="F" style:font-size-asian="14pt" style:language-asian="fr" style:country-asian="CA" style:font-weight-asian="bold" style:font-name-complex="F" style:font-size-complex="14pt" style:language-complex="ar" style:country-complex="SA" style:font-weight-complex="bold"/></style:style><style:style style:name="T1" style:family="text"><style:text-properties fo:font-size="8pt" fo:language="none" fo:country="none" style:font-size-asian="8pt" style:language-asian="none" style:country-asian="none" style:font-size-complex="8pt"/></style:style><style:style style:name="T2" style:family="text"><style:text-properties fo:font-size="8pt" style:font-size-asian="8pt" style:font-name-complex="Arial" style:font-size-complex="8pt"/></style:style><style:style style:name="T3" style:family="text"><style:text-properties fo:font-size="9pt" style:font-size-asian="9pt" style:font-name-complex="Arial" style:font-size-complex="9pt"/></style:style><style:style style:name="T4" style:family="text"><style:text-properties style:font-name-complex="Arial"/></style:style><style:style style:name="T5" style:family="text"><style:text-properties fo:color="#7f7f7f" fo:font-size="8pt" fo:language="fr" fo:country="FR" style:font-size-asian="8pt" style:language-asian="fr" style:country-asian="CA" style:font-name-complex="Arial" style:font-size-complex="8pt"/></style:style><style:style style:name="T6" style:family="text"><style:text-properties style:font-name-complex="Times New Roman"/></style:style><style:style style:name="T7" style:family="text"><style:text-properties fo:font-variant="normal" fo:text-transform="none" fo:color="#92c0e7" style:font-name="Calibri" fo:font-size="10pt" fo:language="none" fo:country="none" style:text-underline-style="solid" style:text-underline-width="auto" style:text-underline-color="font-color" fo:font-weight="normal" style:font-name-asian="Calibri" style:font-size-asian="10pt" style:language-asian="none" style:country-asian="none" style:font-weight-asian="normal" style:font-name-complex="Times New Roman" style:font-size-complex="10pt" style:font-weight-complex="normal"/></style:style><style:style style:name="T8" style:family="text"><style:text-properties fo:font-variant="normal" fo:text-transform="none" fo:color="#92c0e7" style:text-outline="false" style:text-line-through-style="none" style:text-position="0% 100%" style:font-name="Arial" fo:font-size="10pt" fo:letter-spacing="normal" fo:language="none" fo:country="none" fo:font-style="normal" fo:text-shadow="none" style:text-underline-style="solid" style:text-underline-width="auto" style:text-underline-color="font-color" fo:font-weight="normal" style:text-underline-mode="continuous" style:text-overline-mode="continuous" style:text-line-through-mode="continuous" style:letter-kerning="false" fo:background-color="transparent" style:font-name-asian="Arial" style:font-size-asian="10pt" style:language-asian="none" style:country-asian="none" style:font-style-asian="normal" style:font-weight-asian="normal" style:font-name-complex="Times New Roman" style:font-size-complex="10pt" style:language-complex="ar" style:country-complex="SA" style:font-style-complex="normal" style:font-weight-complex="normal" style:text-rotation-angle="0" style:text-rotation-scale="line-height" style:text-emphasize="none" style:text-combine="none" style:text-combine-start-char="" style:text-combine-end-char="" style:text-scale="100%" style:font-relief="none" text:display="true" style:text-overline-style="none" style:text-overline-color="font-color"/></style:style><style:style style:name="T9" style:family="text"><style:text-properties fo:font-variant="normal" fo:text-transform="none" fo:color="#92c0e7" style:text-outline="false" style:text-line-through-style="none" style:text-position="0% 100%" style:font-name="Calibri" fo:font-size="10pt" fo:letter-spacing="normal" fo:language="none" fo:country="none" fo:font-style="normal" fo:text-shadow="none" style:text-underline-style="solid" style:text-underline-width="auto" style:text-underline-color="font-color" fo:font-weight="normal" style:text-underline-mode="continuous" style:text-overline-mode="continuous" style:text-line-through-mode="continuous" style:letter-kerning="false" fo:background-color="transparent" style:font-name-asian="Calibri" style:font-size-asian="10pt" style:language-asian="none" style:country-asian="none" style:font-style-asian="normal" style:font-weight-asian="normal" style:font-name-complex="Times New Roman" style:font-size-complex="10pt" style:language-complex="ar" style:country-complex="SA" style:font-style-complex="normal" style:font-weight-complex="normal" style:text-rotation-angle="0" style:text-rotation-scale="line-height" style:text-emphasize="none" style:text-combine="none" style:text-combine-start-char="" style:text-combine-end-char="" style:text-scale="100%" style:font-relief="none" text:display="true" style:text-overline-style="none" style:text-overline-color="font-color"/></style:style><style:style style:name="T10" style:family="text"><style:text-properties style:font-name-complex="Calibri"/></style:style><style:style style:name="T11" style:family="text"><style:text-properties style:font-name-complex="Calibri" style:font-size-complex="11pt"/></style:style><style:style style:name="T12" style:family="text"><style:text-properties style:letter-kerning="true" style:language-asian="fr" style:country-asian="CA"/></style:style><style:style style:name="T13" style:family="text"><style:text-properties style:letter-kerning="true" style:language-asian="fr" style:country-asian="CA" style:font-name-complex="Times New Roman"/></style:style><style:style style:name="T14" style:family="text"><style:text-properties fo:font-size="10pt" style:font-size-asian="10pt" style:font-name-complex="Times New Roman" style:font-size-complex="10pt"/></style:style><style:style style:name="T15" style:family="text"><style:text-properties style:language-asian="fr" style:country-asian="CA"/></style:style><style:style style:name="T16" style:family="text"><style:text-properties fo:font-weight="bold" style:font-weight-asian="bold" style:font-weight-complex="bold"/></style:style><style:style style:name="T17" style:family="text"><style:text-properties style:text-underline-style="solid" style:text-underline-width="auto" style:text-underline-color="font-color"/></style:style><style:style style:name="T18" style:family="text"><style:text-properties style:font-name="F" fo:font-size="11pt" style:font-name-asian="F" style:font-size-asian="11pt" style:language-asian="en" style:country-asian="US" style:font-name-complex="F" style:font-size-complex="11pt" style:language-complex="ar" style:country-complex="SA"/></style:style><style:style style:name="fr1" style:family="graphic" style:parent-style-name="Graphics"><style:graphic-properties style:vertical-pos="top" style:vertical-rel="baseline" style:mirror="none" fo:clip="rect(0cm, 0cm, 0cm, 0cm)" draw:luminance="0%" draw:contrast="0%" draw:red="0%" draw:green="0%" draw:blue="0%" draw:gamma="100%" draw:color-inversion="false" draw:image-opacity="100%" draw:color-mode="standard"/></style:style><style:style style:name="fr2" style:family="graphic" style:parent-style-name="Graphics"><style:graphic-properties style:run-through="background" style:wrap="run-through" style:number-wrapped-paragraphs="no-limit" style:vertical-pos="top" style:vertical-rel="baseline" style:mirror="none" fo:clip="rect(0cm, 0cm, 0cm, 0cm)" draw:luminance="0%" draw:contrast="0%" draw:red="0%" draw:green="0%" draw:blue="0%" draw:gamma="100%" draw:color-inversion="false" draw:image-opacity="100%" draw:color-mode="standard"/></style:style><style:style style:name="fr3" style:family="graphic" style:parent-style-name="Frame"><style:graphic-properties fo:margin-left="0.318cm" fo:margin-right="0.318cm" fo:margin-top="0cm" fo:margin-bottom="0cm" style:vertical-pos="from-top" style:vertical-rel="paragraph" style:horizontal-pos="from-left" style:horizontal-rel="paragraph" fo:background-color="#ffffff" style:background-transparency="100%" style:mirror="none" fo:clip="rect(0cm, 0cm, 0cm, 0cm)" draw:luminance="0%" draw:contrast="0%" draw:red="0%" draw:green="0%" draw:blue="0%" draw:gamma="100%" draw:color-inversion="false" draw:image-opacity="100%" draw:color-mode="standard" style:flow-with-text="false" draw:wrap-influence-on-position="once-successive"><style:background-image/></style:graphic-properties></style:style><style:style style:name="gr1" style:family="graphic"><style:graphic-properties draw:stroke="none" draw:fill="solid" draw:fill-color="#ffffff" draw:textarea-horizontal-align="center" draw:textarea-vertical-align="middle" style:run-through="background" style:wrap="run-through" style:number-wrapped-paragraphs="no-limit" style:vertical-pos="from-top" style:vertical-rel="page" style:horizontal-pos="from-left" style:horizontal-rel="page" style:flow-with-text="false"/></style:style><style:style style:name="gr2" style:family="graphic"><style:graphic-properties draw:stroke="none" draw:fill="none" draw:textarea-horizontal-align="center" draw:textarea-vertical-align="middle" style:run-through="background" style:wrap="run-through" style:number-wrapped-paragraphs="no-limit" style:vertical-pos="from-top" style:vertical-rel="page" style:horizontal-pos="from-left" style:horizontal-rel="page" style:flow-with-text="false"/></style:style><style:style style:name="gr3" style:family="graphic"><style:graphic-properties draw:stroke="none" draw:fill="none" draw:textarea-horizontal-align="center" draw:textarea-vertical-align="middle" draw:color-mode="standard" draw:luminance="0%" draw:contrast="0%" draw:gamma="100%" draw:red="0%" draw:green="0%" draw:blue="0%" fo:clip="rect(0cm, 0cm, 0cm, 0cm)" draw:image-opacity="100%" style:mirror="none" style:run-through="background" style:wrap="run-through" style:number-wrapped-paragraphs="no-limit" style:vertical-pos="from-top" style:vertical-rel="page" style:horizontal-pos="from-left" style:horizontal-rel="page" style:flow-with-text="false"/></style:style></office:automatic-styles><office:body><office:text text:use-soft-page-breaks="true"><text:sequence-decls><text:sequence-decl text:display-outline-level="0" text:name="Illustration"/><text:sequence-decl text:display-outline-level="0" text:name="Table"/><text:sequence-decl text:display-outline-level="0" text:name="Text"/><text:sequence-decl text:display-outline-level="0" text:name="Drawing"/></text:sequence-decls><text:user-field-decls><text:user-field-decl office:value-type="string" office:string-value="1" text:name="SEQ Tableau \* ARABIC"/></text:user-field-decls><text:p text:style-name="P18"><draw:frame draw:style-name="fr3" draw:name="images5" text:anchor-type="paragraph" svg:x="-3.177cm" svg:y="-2.515cm" svg:width="7.144cm" svg:height="28.497cm" draw:z-index="0"><draw:image xlink:href="Pictures/2000001200001C0200006D3EB29D5CC7.wmf" xlink:type="simple" xlink:show="embed" xlink:actuate="onLoad"/></draw:frame>Ville de montréal</text:p><text:p text:style-name="P17">Fichier des résultats du vote - Spécifications</text:p><text:p text:style-name="Text_20_body"/><text:p text:style-name="Standard"/><text:p text:style-name="P1"/><text:p text:style-name="P4">Table des matières</text:p><text:p text:style-name="P3"/><text:p text:style-name="P3"/><text:h text:style-name="P23" text:outline-level="1"><text:a xlink:type="simple" xlink:href="#_Toc361297437"><text:span text:style-name="T7">1.<text:tab/>Introduction<text:tab/></text:span></text:a></text:h><text:h text:style-name="P26" text:outline-level="2"><text:a xlink:type="simple" xlink:href="#_Toc361297438"><text:span text:style-name="Zeichenformat"><text:span text:style-name="T8">1.1<text:tab/>Mandat<text:tab/></text:span></text:span></text:a></text:h><text:h text:style-name="P24" text:outline-level="1"><text:a xlink:type="simple" xlink:href="#_Toc361297439"><text:span text:style-name="Zeichenformat"><text:span text:style-name="T9">2.<text:tab/>Données transmises<text:tab/></text:span></text:span></text:a></text:h><text:h text:style-name="P26" text:outline-level="2"><text:a xlink:type="simple" xlink:href="#_Toc361297440"><text:span text:style-name="Zeichenformat"><text:span text:style-name="T8">2.1<text:tab/>Détails des données<text:tab/></text:span></text:span></text:a></text:h><text:h text:style-name="P28" text:outline-level="2"><text:a xlink:type="simple" xlink:href="#_Toc361297441"><text:span text:style-name="Zeichenformat"><text:span text:style-name="T8">2.2<text:tab/>Format des nombres<text:tab/></text:span></text:span></text:a></text:h><text:h text:style-name="P28" text:outline-level="2"><text:a xlink:type="simple" xlink:href="#_Toc361297442"><text:span text:style-name="Zeichenformat"><text:span text:style-name="T8">2.3<text:tab/>Règle d’arrondissement<text:tab/></text:span></text:span></text:a></text:h><text:h text:style-name="P24" text:outline-level="1"><text:a xlink:type="simple" xlink:href="#_Toc361297443"><text:span text:style-name="Zeichenformat"><text:span text:style-name="T9">3.<text:tab/>Règles de calcul<text:tab/></text:span></text:span></text:a></text:h><text:h text:style-name="P26" text:outline-level="2"><text:a xlink:type="simple" xlink:href="#_Toc361297444"><text:span text:style-name="Zeichenformat"><text:span text:style-name="T8">3.1<text:tab/>Majorité<text:tab/></text:span></text:span></text:a></text:h><text:p text:style-name="P3"/><text:p text:style-name="P2"/><text:list xml:id="list36161510" text:style-name="RTF_5f_Num_20_2"><text:list-item><text:h text:style-name="P19" text:outline-level="1"><text:bookmark-start text:name="_Toc360527745"/>Introduction<text:bookmark-end text:name="_Toc360527745"/></text:h><text:list><text:list-item><text:h text:style-name="P22" text:outline-level="2"><text:bookmark-start text:name="_Toc239133652"/>Mandat<text:bookmark-end text:name="_Toc239133652"/></text:h></text:list-item></text:list></text:list-item></text:list><text:p text:style-name="P3">Ce document présente le type et le format des données qui seront transmises au MAMROT et aux médias au cours de la soirée électorale.</text:p><text:list xml:id="list36204116" text:continue-numbering="true" text:style-name="RTF_5f_Num_20_2"><text:list-item><text:h text:style-name="P20" text:outline-level="1"><text:bookmark-start text:name="_Toc242081195"/>Données transmises<text:bookmark-end text:name="_Toc242081195"/></text:h><text:list><text:list-item><text:h text:style-name="P22" text:outline-level="2"><text:bookmark-start text:name="_Toc242081196"/>Détails des données<text:bookmark-end text:name="_Toc242081196"/></text:h></text:list-item></text:list></text:list-item></text:list><text:p text:style-name="P3">Les données transmises au MAMROT et aux médias auront la structure présentée dans les figures 2 à 4 ci-dessous. </text:p><text:p text:style-name="P3"/><text:p text:style-name="P3"/><text:p text:style-name="P3">Le fichier xml a deux nœuds principaux : résultats_postes et resultats_maire. Il contient aussi la date et l’heure à laquelle les résultats ont été générés. </text:p><text:p text:style-name="P3"/><text:p text:style-name="P3">Le premier nœud comporte les résultats des postes de chacun des 19 arrondissements alors que le second comporte les résultats sommaires et détaillés par arrondissement au poste de maire de la ville.</text:p><text:p text:style-name="P3"/><text:p text:style-name="P5"><draw:frame draw:style-name="fr1" draw:name="images1" text:anchor-type="as-char" svg:width="5.636cm" svg:height="4.022cm" draw:z-index="9"><draw:image xlink:href="Pictures/10000000000000D500000098EA751F04.png" xlink:type="simple" xlink:show="embed" xlink:actuate="onLoad"/></draw:frame></text:p><text:p text:style-name="P3"/><text:p text:style-name="P30">Figure 1 : <text:span text:style-name="T12">Structure des données du fichier XML.</text:span></text:p><text:p text:style-name="P3"/><text:p text:style-name="P3"/><text:p text:style-name="P12"/><text:p text:style-name="P3">La figure 2 de la page suivante détaille le contenu du nœud « resultats_postes ».</text:p><text:p text:style-name="P5"/><text:p text:style-name="P5"><draw:frame draw:style-name="fr1" draw:name="images2" text:anchor-type="as-char" svg:width="10.213cm" svg:height="18.283cm" draw:z-index="10"><draw:image xlink:href="Pictures/1000000000000182000002B33C3271EC.png" xlink:type="simple" xlink:show="embed" xlink:actuate="onLoad"/></draw:frame></text:p><text:p text:style-name="P30"/><text:p text:style-name="P30">Figure 2: <text:span text:style-name="T12">Détail du nœud « resultats_postes ».</text:span></text:p><text:p text:style-name="P7"/><text:p text:style-name="P7"/><text:p text:style-name="P12"/><text:p text:style-name="P3">La figure 3 de la page suivante détaille le contenu du nœud « resultats_maire ».</text:p><text:p text:style-name="P6"><draw:frame draw:style-name="fr1" draw:name="images3" text:anchor-type="as-char" svg:width="9.975cm" svg:height="20.592cm" draw:z-index="11"><draw:image xlink:href="Pictures/10000000000001790000033C4229A1AA.png" xlink:type="simple" xlink:show="embed" xlink:actuate="onLoad"/></draw:frame></text:p><text:p text:style-name="P30"/><text:p text:style-name="P30">Figure 3 : <text:span text:style-name="T12">Détail du nœud « resultats_maire.</text:span></text:p><text:p text:style-name="P13"/><text:p text:style-name="P7">Le tableau suivant décrit le contenu de chaque noeud.</text:p><text:p text:style-name="P7"/><table:table table:name="Tableau1" table:style-name="Tableau1"><table:table-column table:style-name="Tableau1.A"/><table:table-column table:style-name="Tableau1.B"/><table:table-column table:style-name="Tableau1.C"/><table:table-column table:style-name="Tableau1.D"/><table:table-row table:style-name="Tableau1.1"><table:table-cell table:style-name="Tableau1.A1" office:value-type="string"><text:p text:style-name="P8">Élément</text:p></table:table-cell><table:table-cell table:style-name="Tableau1.A1" office:value-type="string"><text:p text:style-name="P8">Description</text:p></table:table-cell><table:table-cell table:style-name="Tableau1.A1" office:value-type="string"><text:p text:style-name="P8">Contenu</text:p></table:table-cell><table:table-cell table:style-name="Tableau1.A1" office:value-type="string"><text:p text:style-name="P8">Description</text:p></table:table-cell></table:table-row><table:table-row table:style-name="Tableau1.2"><table:table-cell table:style-name="Tableau1.A2" office:value-type="string"><text:p text:style-name="P9">resultats</text:p></table:table-cell><table:table-cell table:style-name="Tableau1.A2" office:value-type="string"><text:p text:style-name="P10">Contient l’ensemble des résultats par poste électif et les résultats détaillés au poste de maire de la ville. Ce nœud est accompagné de la date et de l’heure auxquelles ont été générés les résultats (date_heure_generation).</text:p></table:table-cell><table:table-cell table:style-name="Tableau1.A2" office:value-type="string"><text:p text:style-name="P9">resultats_postes</text:p></table:table-cell><table:table-cell table:style-name="Tableau1.A2" office:value-type="string"><text:p text:style-name="P10">Contient les résultats pour chacun des 103 postes électifs de la ville de Montréal.</text:p></table:table-cell></table:table-row><table:table-row table:style-name="Tableau1.3"><table:table-cell table:style-name="Tableau1.A2" office:value-type="string"><text:p text:style-name="P9"/></table:table-cell><table:table-cell table:style-name="Tableau1.A2" office:value-type="string"><text:p text:style-name="P10"/></table:table-cell><table:table-cell table:style-name="Tableau1.A2" office:value-type="string"><text:p text:style-name="P9">resultats_maire</text:p></table:table-cell><table:table-cell table:style-name="Tableau1.A2" office:value-type="string"><text:p text:style-name="P10">Contient les résultats détaillés pour le poste de maire de la ville.</text:p></table:table-cell></table:table-row><table:table-row table:style-name="Tableau1.4"><table:table-cell table:style-name="Tableau1.A2" office:value-type="string"><text:p text:style-name="P9">resultats_postes</text:p></table:table-cell><table:table-cell table:style-name="Tableau1.A2" office:value-type="string"><text:p text:style-name="P10">Contient les résultats pour chacun des postes électifs de la ville de Montréal à l’exception du maire de la ville qui lui est présenté à la toute fin sous le nœud résultats_maire.</text:p></table:table-cell><table:table-cell table:style-name="Tableau1.A2" office:value-type="string"><text:p text:style-name="P9">poste</text:p></table:table-cell><table:table-cell table:style-name="Tableau1.A2" office:value-type="string"><text:p text:style-name="P10">Contient les données de vote d’un poste électif.</text:p></table:table-cell></table:table-row><table:table-row table:style-name="Tableau1.5"><table:table-cell table:style-name="Tableau1.A2" office:value-type="string"><text:p text:style-name="P9">poste</text:p></table:table-cell><table:table-cell table:style-name="Tableau1.A2" office:value-type="string"><text:p text:style-name="P10">Contient les données de vote d’un poste électif.</text:p><text:p text:style-name="P10"/><text:p text:style-name="P10">Chaque poste comporte une liste de candidats qui lui est propre.</text:p></table:table-cell><table:table-cell table:style-name="Tableau1.A2" office:value-type="string"><text:p text:style-name="P10">type</text:p></table:table-cell><table:table-cell table:style-name="Tableau1.A2" office:value-type="string"><text:p text:style-name="P10">Type du poste électif (MC :Maire d’arrondissement, CV : Conseiller de ville, CA : Conseiller d’arrondissement).</text:p></table:table-cell></table:table-row><table:table-row table:style-name="Tableau1.6"><table:table-cell table:style-name="Tableau1.A2" office:value-type="string"><text:p text:style-name="P9"/></table:table-cell><table:table-cell table:style-name="Tableau1.A2" office:value-type="string"><text:p text:style-name="P10"/></table:table-cell><table:table-cell table:style-name="Tableau1.A2" office:value-type="string"><text:p text:style-name="P10">nom</text:p></table:table-cell><table:table-cell table:style-name="Tableau1.A2" office:value-type="string"><text:p text:style-name="P10">Nom du poste électif.</text:p></table:table-cell></table:table-row><table:table-row table:style-name="Tableau1.7"><table:table-cell table:style-name="Tableau1.A2" office:value-type="string"><text:p text:style-name="P9"/></table:table-cell><table:table-cell table:style-name="Tableau1.A2" office:value-type="string"><text:p text:style-name="P10"/></table:table-cell><table:table-cell table:style-name="Tableau1.A2" office:value-type="string"><text:p text:style-name="P10">arrondissement</text:p></table:table-cell><table:table-cell table:style-name="Tableau1.A2" office:value-type="string"><text:p text:style-name="P10">Nom complet de l’arrondissement accompagné d’un identifiant numérique unique.</text:p></table:table-cell></table:table-row><table:table-row table:style-name="Tableau1.8"><table:table-cell table:style-name="Tableau1.A2" office:value-type="string"><text:p text:style-name="P9"/></table:table-cell><table:table-cell table:style-name="Tableau1.A2" office:value-type="string"><text:p text:style-name="P10"/></table:table-cell><table:table-cell table:style-name="Tableau1.A2" office:value-type="string"><text:p text:style-name="P10">district</text:p></table:table-cell><table:table-cell table:style-name="Tableau1.A2" office:value-type="string"><text:p text:style-name="P10">Nom complet du district accompagné d’un identifiant numérique unique. Le district pourra ou non contenir une valeur si le bassin électoral du poste est ou non le district.</text:p></table:table-cell></table:table-row><table:table-row table:style-name="Tableau1.9"><table:table-cell table:style-name="Tableau1.A2" office:value-type="string"><text:p text:style-name="P9"/></table:table-cell><table:table-cell table:style-name="Tableau1.A2" office:value-type="string"><text:p text:style-name="P10"/></table:table-cell><table:table-cell table:style-name="Tableau1.A2" office:value-type="string"><text:p text:style-name="P10">nb_electeurs_inscrits</text:p></table:table-cell><table:table-cell table:style-name="Tableau1.A2" office:value-type="string"><text:p text:style-name="P10">Nombre d’électeurs inscrits pouvant voter pour le poste électif.</text:p></table:table-cell></table:table-row><table:table-row table:style-name="Tableau1.10"><table:table-cell table:style-name="Tableau1.A2" office:value-type="string"><text:p text:style-name="P9"/></table:table-cell><table:table-cell table:style-name="Tableau1.A2" office:value-type="string"><text:p text:style-name="P10"/></table:table-cell><table:table-cell table:style-name="Tableau1.A2" office:value-type="string"><text:p text:style-name="P10">nb_total_voix_recueillies</text:p></table:table-cell><table:table-cell table:style-name="Tableau1.A2" office:value-type="string"><text:p text:style-name="P10">Nombre total de voix recueillies pour le poste électif.</text:p></table:table-cell></table:table-row><table:table-row table:style-name="Tableau1.10"><table:table-cell table:style-name="Tableau1.A2" office:value-type="string"><text:p text:style-name="P9"/></table:table-cell><table:table-cell table:style-name="Tableau1.A2" office:value-type="string"><text:p text:style-name="P10"/></table:table-cell><table:table-cell table:style-name="Tableau1.A2" office:value-type="string"><text:p text:style-name="P10">nb_bulletins_rejetes</text:p></table:table-cell><table:table-cell table:style-name="Tableau1.A2" office:value-type="string"><text:p text:style-name="P10">Nombre de bulletins de vote rejetés pour le poste électif.</text:p></table:table-cell></table:table-row><table:table-row table:style-name="Tableau1.10"><table:table-cell table:style-name="Tableau1.A2" office:value-type="string"><text:p text:style-name="P9"/></table:table-cell><table:table-cell table:style-name="Tableau1.A2" office:value-type="string"><text:p text:style-name="P10"/></table:table-cell><table:table-cell table:style-name="Tableau1.A2" office:value-type="string"><text:p text:style-name="P10">taux_participation</text:p></table:table-cell><table:table-cell table:style-name="Tableau1.A2" office:value-type="string"><text:p text:style-name="P10">Taux de participation pour le poste électif.</text:p></table:table-cell></table:table-row><table:table-row table:style-name="Tableau1.10"><table:table-cell table:style-name="Tableau1.A2" office:value-type="string"><text:p text:style-name="P9"/></table:table-cell><table:table-cell table:style-name="Tableau1.A2" office:value-type="string"><text:p text:style-name="P10"/></table:table-cell><table:table-cell table:style-name="Tableau1.A2" office:value-type="string"><text:p text:style-name="P10">nb_bureaux_depouilles</text:p></table:table-cell><table:table-cell table:style-name="Tableau1.A2" office:value-type="string"><text:p text:style-name="P10">Nombre de bureaux de vote dépouillés pour le poste électif.</text:p></table:table-cell></table:table-row><table:table-row table:style-name="Tableau1.10"><table:table-cell table:style-name="Tableau1.A2" office:value-type="string"><text:p text:style-name="P9"/></table:table-cell><table:table-cell table:style-name="Tableau1.A2" office:value-type="string"><text:p text:style-name="P10"/></table:table-cell><table:table-cell table:style-name="Tableau1.A2" office:value-type="string"><text:p text:style-name="P10">nb_bureaux_total</text:p></table:table-cell><table:table-cell table:style-name="Tableau1.A2" office:value-type="string"><text:p text:style-name="P10">Nombre de bureaux de vote total pour le poste électif.</text:p></table:table-cell></table:table-row><table:table-row table:style-name="Tableau1.15"><table:table-cell table:style-name="Tableau1.A2" office:value-type="string"><text:p text:style-name="P9">candidat</text:p></table:table-cell><table:table-cell table:style-name="Tableau1.A2" office:value-type="string"><text:p text:style-name="P10">Contient les résultats de vote d’un candidat. Chaque candidat sera accompagné d’un identifiant numérique <text:soft-page-break/>unique.</text:p></table:table-cell><table:table-cell table:style-name="Tableau1.A2" office:value-type="string"><text:p text:style-name="P10">prenom</text:p></table:table-cell><table:table-cell table:style-name="Tableau1.A2" office:value-type="string"><text:p text:style-name="P10">Prénom du candidat.</text:p></table:table-cell></table:table-row><table:table-row table:style-name="Tableau1.16"><table:table-cell table:style-name="Tableau1.A2" office:value-type="string"><text:p text:style-name="P9"/></table:table-cell><table:table-cell table:style-name="Tableau1.A2" office:value-type="string"><text:p text:style-name="P10"/></table:table-cell><table:table-cell table:style-name="Tableau1.A2" office:value-type="string"><text:p text:style-name="P10">nom</text:p></table:table-cell><table:table-cell table:style-name="Tableau1.A2" office:value-type="string"><text:p text:style-name="P10">Nom du candidat.</text:p></table:table-cell></table:table-row><table:table-row table:style-name="Tableau1.16"><table:table-cell table:style-name="Tableau1.A2" office:value-type="string"><text:p text:style-name="P9"/></table:table-cell><table:table-cell table:style-name="Tableau1.A2" office:value-type="string"><text:p text:style-name="P10"/></table:table-cell><table:table-cell table:style-name="Tableau1.A2" office:value-type="string"><text:p text:style-name="P10">parti</text:p></table:table-cell><table:table-cell table:style-name="Tableau1.A2" office:value-type="string"><text:p text:style-name="P10">Parti politique d’appartenance du candidat. Chaque parti sera accompagné d’un identifiant numérique unique.</text:p></table:table-cell></table:table-row><table:table-row table:style-name="Tableau1.16"><table:table-cell table:style-name="Tableau1.A2" office:value-type="string"><text:p text:style-name="P9"/></table:table-cell><table:table-cell table:style-name="Tableau1.A2" office:value-type="string"><text:p text:style-name="P10"/></table:table-cell><table:table-cell table:style-name="Tableau1.A2" office:value-type="string"><text:p text:style-name="P10">nb_voix_obtenues</text:p></table:table-cell><table:table-cell table:style-name="Tableau1.A2" office:value-type="string"><text:p text:style-name="P10">Nombre de voix obtenues par le candidat</text:p></table:table-cell></table:table-row><table:table-row table:style-name="Tableau1.16"><table:table-cell table:style-name="Tableau1.A2" office:value-type="string"><text:p text:style-name="P9"/></table:table-cell><table:table-cell table:style-name="Tableau1.A2" office:value-type="string"><text:p text:style-name="P10"/></table:table-cell><table:table-cell table:style-name="Tableau1.A2" office:value-type="string"><text:p text:style-name="P10">nb_voix_majorite</text:p></table:table-cell><table:table-cell table:style-name="Tableau1.A2" office:value-type="string"><text:p text:style-name="P10">Pour un candidat en tête, désigne le nombre de voix de majorité par rapport au candidat qui le suit.</text:p></table:table-cell></table:table-row><table:table-row table:style-name="Tableau1.20"><table:table-cell table:style-name="Tableau1.A2" office:value-type="string"><text:p text:style-name="P9">resultats_maire</text:p></table:table-cell><table:table-cell table:style-name="Tableau1.A2" office:value-type="string"><text:p text:style-name="P10">Contient les résultats détaillés pour le poste de maire de la ville.</text:p></table:table-cell><table:table-cell table:style-name="Tableau1.A2" office:value-type="string"><text:p text:style-name="P10">sommaire</text:p></table:table-cell><table:table-cell table:style-name="Tableau1.A2" office:value-type="string"><text:p text:style-name="P10">Contient les résultats de chacun des candidats au poste de maire de la ville.</text:p></table:table-cell></table:table-row><table:table-row table:style-name="Tableau1.20"><table:table-cell table:style-name="Tableau1.A2" office:value-type="string"><text:p text:style-name="P9"/></table:table-cell><table:table-cell table:style-name="Tableau1.A2" office:value-type="string"><text:p text:style-name="P10"/></table:table-cell><table:table-cell table:style-name="Tableau1.A2" office:value-type="string"><text:p text:style-name="P10">arrondissement</text:p></table:table-cell><table:table-cell table:style-name="Tableau1.A2" office:value-type="string"><text:p text:style-name="P10">Contient les résultats de chacun des candidats au poste de maire de la ville détaillés par arrondissement.</text:p></table:table-cell></table:table-row><table:table-row table:style-name="Tableau1.22"><table:table-cell table:style-name="Tableau1.A2" office:value-type="string"><text:p text:style-name="P9">sommaire</text:p></table:table-cell><table:table-cell table:style-name="Tableau1.A2" office:value-type="string"><text:p text:style-name="P10">Contient les résultats de chacun des candidats au poste de maire de la ville.</text:p></table:table-cell><table:table-cell table:style-name="Tableau1.A2" office:value-type="string"><text:p text:style-name="P10">candidat</text:p></table:table-cell><table:table-cell table:style-name="Tableau1.A2" office:value-type="string"><text:p text:style-name="P10">Voir description précédente</text:p></table:table-cell></table:table-row><table:table-row table:style-name="Tableau1.23"><table:table-cell table:style-name="Tableau1.A2" office:value-type="string"><text:p text:style-name="P9"/></table:table-cell><table:table-cell table:style-name="Tableau1.A2" office:value-type="string"><text:p text:style-name="P10"/></table:table-cell><table:table-cell table:style-name="Tableau1.A2" office:value-type="string"><text:p text:style-name="P10">nb_electeurs_inscrits</text:p></table:table-cell><table:table-cell table:style-name="Tableau1.A2" office:value-type="string"><text:p text:style-name="P10">Nombre d’électeurs inscrits pouvant voter pour le poste de maire de la ville.</text:p></table:table-cell></table:table-row><table:table-row table:style-name="Tableau1.23"><table:table-cell table:style-name="Tableau1.A2" office:value-type="string"><text:p text:style-name="P9"/></table:table-cell><table:table-cell table:style-name="Tableau1.A2" office:value-type="string"><text:p text:style-name="P10"/></table:table-cell><table:table-cell table:style-name="Tableau1.A2" office:value-type="string"><text:p text:style-name="P10">nb_total_voix_recueillies</text:p></table:table-cell><table:table-cell table:style-name="Tableau1.A2" office:value-type="string"><text:p text:style-name="P10">Nombre total de voix recueillies pour le poste de maire de la ville.</text:p></table:table-cell></table:table-row><table:table-row table:style-name="Tableau1.23"><table:table-cell table:style-name="Tableau1.A2" office:value-type="string"><text:p text:style-name="P9"/></table:table-cell><table:table-cell table:style-name="Tableau1.A2" office:value-type="string"><text:p text:style-name="P10"/></table:table-cell><table:table-cell table:style-name="Tableau1.A2" office:value-type="string"><text:p text:style-name="P10">nb_bulletins_rejetes</text:p></table:table-cell><table:table-cell table:style-name="Tableau1.A2" office:value-type="string"><text:p text:style-name="P10">Nombre de bulletins de vote rejetés pour le poste de maire de la ville.</text:p></table:table-cell></table:table-row><table:table-row table:style-name="Tableau1.23"><table:table-cell table:style-name="Tableau1.A2" office:value-type="string"><text:p text:style-name="P9"/></table:table-cell><table:table-cell table:style-name="Tableau1.A2" office:value-type="string"><text:p text:style-name="P10"/></table:table-cell><table:table-cell table:style-name="Tableau1.A2" office:value-type="string"><text:p text:style-name="P10">taux_participation</text:p></table:table-cell><table:table-cell table:style-name="Tableau1.A2" office:value-type="string"><text:p text:style-name="P10">Taux de participation pour le poste de maire de la ville.</text:p></table:table-cell></table:table-row><table:table-row table:style-name="Tableau1.23"><table:table-cell table:style-name="Tableau1.A2" office:value-type="string"><text:p text:style-name="P9"/></table:table-cell><table:table-cell table:style-name="Tableau1.A2" office:value-type="string"><text:p text:style-name="P10"/></table:table-cell><table:table-cell table:style-name="Tableau1.A2" office:value-type="string"><text:p text:style-name="P10">nb_bureaux_depouilles</text:p></table:table-cell><table:table-cell table:style-name="Tableau1.A2" office:value-type="string"><text:p text:style-name="P10">Nombre de bureaux de vote dépouillés pour le poste de maire de la ville.</text:p></table:table-cell></table:table-row><table:table-row table:style-name="Tableau1.6"><table:table-cell table:style-name="Tableau1.A2" office:value-type="string"><text:p text:style-name="P9"/></table:table-cell><table:table-cell table:style-name="Tableau1.A2" office:value-type="string"><text:p text:style-name="P10"/></table:table-cell><table:table-cell table:style-name="Tableau1.A2" office:value-type="string"><text:p text:style-name="P10">nb_bureaux_total</text:p></table:table-cell><table:table-cell table:style-name="Tableau1.A2" office:value-type="string"><text:p text:style-name="P10">Nombre de bureaux de vote total pour le poste de maire de la ville.</text:p></table:table-cell></table:table-row><table:table-row table:style-name="Tableau1.29"><table:table-cell table:style-name="Tableau1.A2" office:value-type="string"><text:p text:style-name="P9">arrondissement</text:p></table:table-cell><table:table-cell table:style-name="Tableau1.A2" office:value-type="string"><text:p text:style-name="P10">Contient les résultats de chacun des candidats au poste de maire de la ville détaillés par arrondissement.</text:p></table:table-cell><table:table-cell table:style-name="Tableau1.A2" office:value-type="string"><text:p text:style-name="P10">nom</text:p></table:table-cell><table:table-cell table:style-name="Tableau1.A2" office:value-type="string"><text:p text:style-name="P10">Nom complet de l’arrondissement accompagné d’un identifiant numérique unique.</text:p></table:table-cell></table:table-row><table:table-row table:style-name="Tableau1.30"><table:table-cell table:style-name="Tableau1.A2" office:value-type="string"><text:p text:style-name="P9"/></table:table-cell><table:table-cell table:style-name="Tableau1.A2" office:value-type="string"><text:p text:style-name="P10"/></table:table-cell><table:table-cell table:style-name="Tableau1.A2" office:value-type="string"><text:p text:style-name="P10">candidat</text:p></table:table-cell><table:table-cell table:style-name="Tableau1.A2" office:value-type="string"><text:p text:style-name="P10">Voir description précédente</text:p></table:table-cell></table:table-row><table:table-row table:style-name="Tableau1.6"><table:table-cell table:style-name="Tableau1.A2" office:value-type="string"><text:p text:style-name="P9"/></table:table-cell><table:table-cell table:style-name="Tableau1.A2" office:value-type="string"><text:p text:style-name="P10"/></table:table-cell><table:table-cell table:style-name="Tableau1.A2" office:value-type="string"><text:p text:style-name="P10">nb_bureaux_depouilles</text:p></table:table-cell><table:table-cell table:style-name="Tableau1.A2" office:value-type="string"><text:p text:style-name="P10">Nombre de bureaux de vote dépouillés de l’arrondissement.</text:p></table:table-cell></table:table-row><table:table-row table:style-name="Tableau1.29"><table:table-cell table:style-name="Tableau1.A2" office:value-type="string"><text:p text:style-name="P9"/></table:table-cell><table:table-cell table:style-name="Tableau1.A2" office:value-type="string"><text:p text:style-name="P10"/></table:table-cell><table:table-cell table:style-name="Tableau1.A2" office:value-type="string"><text:p text:style-name="P10">nb_bureaux_total</text:p></table:table-cell><table:table-cell table:style-name="Tableau1.A2" office:value-type="string"><text:p text:style-name="P10">Nombre de bureaux de vote total de l’arrondissement.</text:p></table:table-cell></table:table-row></table:table><text:p text:style-name="P11"/><text:p text:style-name="P30">Tableau <text:user-field-get text:name="SEQ Tableau \* ARABIC">1</text:user-field-get> <text:span text:style-name="T15">: Description de l’information transmise.</text:span></text:p><text:p text:style-name="P3"/><text:p text:style-name="P3"/><text:p text:style-name="P3">Les postes électifs sont triés en ordre croissant sur leur numéro respectif.</text:p><text:p text:style-name="P3"/><text:list xml:id="list36197477" text:continue-numbering="true" text:style-name="RTF_5f_Num_20_2"><text:list-item><text:list><text:list-item><text:h text:style-name="P22" text:outline-level="2"><text:bookmark-start text:name="_Toc238546653"/>Format des nombres<text:bookmark-end text:name="_Toc238546653"/></text:h></text:list-item></text:list></text:list-item></text:list><text:p text:style-name="P3">Aucune mise en forme ne sera appliquée pour les nombres. Il sera de la responsabilité des médias d’appliquer le format qu’ils jugeront appropriés. Par exemple, le nombre cent mille sera transmis au format 100000 et non au format 100 000. Pour les nombres décimaux, le séparateur sera le point.</text:p><text:p text:style-name="P3"><text:soft-page-break/></text:p><text:list xml:id="list36193240" text:continue-numbering="true" text:style-name="RTF_5f_Num_20_2"><text:list-item><text:list><text:list-item><text:h text:style-name="P22" text:outline-level="2"><text:bookmark-start text:name="_Toc238546654"/>Règle d’arrondissement<text:bookmark-end text:name="_Toc238546654"/></text:h></text:list-item></text:list></text:list-item></text:list><text:p text:style-name="P3">Pour les résultats de calcul qui produisent des décimales (taux de participation), l’arrondissement se fera sur la deuxième décimale. <text:s/>La règle d’arrondissement sera la suivante :</text:p><text:p text:style-name="P3"/><text:p text:style-name="P3">Si le chiffre suivant la deuxième décimale est inférieur à 5 alors l’arrondissement sera effectué sur la valeur courante de la deuxième décimale (Ex : 25.384 donnera 25.38).</text:p><text:p text:style-name="P3"/><text:p text:style-name="P3">Si le chiffre suivant la deuxième décimale est supérieur ou égal à 5 alors l’arrondissement sera effectué sur la valeur courante + 1 de la deuxième décimale (Ex : 25.386 donnera 25.39).</text:p><text:p text:style-name="P3"/><text:list xml:id="list36192037" text:continue-numbering="true" text:style-name="RTF_5f_Num_20_2"><text:list-item><text:h text:style-name="P21" text:outline-level="1"><text:bookmark-start text:name="_Toc238546655"/>Règles de calcul<text:bookmark-end text:name="_Toc238546655"/></text:h><text:list><text:list-item><text:h text:style-name="P22" text:outline-level="2"><text:bookmark-start text:name="_Toc238546656"/>Majorité<text:bookmark-end text:name="_Toc238546656"/></text:h></text:list-item></text:list></text:list-item></text:list><text:p text:style-name="P3">La formule de calcul de la majorité brute est la suivante :</text:p><text:p text:style-name="P15"><text:span text:style-name="T16">Majorité</text:span> = <text:s/>Nombre de votes du premier – Nombre de votes du second<text:span text:style-name="T17"> </text:span></text:p><text:p text:style-name="P15"/><text:p text:style-name="P15">Le pourcentage de majorité quant à lui est calculé de la façon suivante :</text:p><text:p text:style-name="P15"><text:span text:style-name="T16">% de majorité</text:span> = <text:s/><text:span text:style-name="T17">Nombre de votes du premier – Nombre de votes du second * 100</text:span></text:p><text:p text:style-name="P15"><text:s text:c="50"/>Nombre total de votes valides</text:p><text:p text:style-name="P15"/><text:p text:style-name="P15">Le premier désigne le candidat en tête suivant le nombre de voix qui lui sont accordées. Le second désigne le candidat qui le suit immédiatement en termes de nombre de voix reçues.</text:p><text:p text:style-name="P14"/></office:text></office:body></office:document-content>