<?xml version="1.0" encoding="UTF-8"?>
<office:document-meta xmlns:office="urn:oasis:names:tc:opendocument:xmlns:office:1.0" xmlns:xlink="http://www.w3.org/1999/xlink" xmlns:dc="http://purl.org/dc/elements/1.1/" xmlns:meta="urn:oasis:names:tc:opendocument:xmlns:meta:1.0" xmlns:ooo="http://openoffice.org/2004/office" xmlns:grddl="http://www.w3.org/2003/g/data-view#" office:version="1.2" grddl:transformation="http://docs.oasis-open.org/office/1.2/xslt/odf2rdf.xsl"><office:meta><dc:title> </dc:title><meta:initial-creator>jtrepanier</meta:initial-creator><dc:creator>Nicolas Bednarz</dc:creator><meta:creation-date>2013-11-07T16:02:00</meta:creation-date><dc:date>2013-11-07T16:04:25.53</dc:date><meta:print-date>2010-11-19T08:59:00</meta:print-date><meta:document-statistic meta:table-count="1" meta:image-count="5" meta:object-count="0" meta:page-count="9" meta:paragraph-count="126" meta:word-count="1001" meta:character-count="6331"/><meta:generator>OpenOffice.org/3.2$Win32 OpenOffice.org_project/320m12$Build-9483</meta:generator></office:meta></office:document-meta>