<metadata xml:lang="fr"><Esri><CreaDate>20180814</CreaDate><CreaTime>14033400</CreaTime><SyncOnce>FALSE</SyncOnce><SyncDate>20200129</SyncDate><SyncTime>07480000</SyncTime><ModDate>20200129</ModDate><ModTime>07480000</ModTime><DataProperties><lineage><Process ToolSource="C:\Program Files\ArcGIS\ArcToolbox\Toolboxes\Data Management Tools.tbx\CopyFeatures" Date="20090930" Time="143942">CopyFeatures M:\Carto\Donnee\Reseau\Centre_touristique\CT_Duchesnay\Historique\ski.shp M:\Carto\Donnee\Reseau\Centre_touristique\CT_Duchesnay\Etablissement\Activite.gdb\Sentier\ski # 0 0 0</Process><Process ToolSource="C:\Program Files\ArcGIS\Desktop10.0\ArcToolbox\Toolboxes\Data Management Tools.tbx\CalculateField" Date="20111107" Time="093504">CalculateField Sentier_hiver_l Usager "Autre" VB #</Process><Process ToolSource="C:\Program Files\ArcGIS\Desktop10.0\ArcToolbox\Toolboxes\Data Management Tools.tbx\CalculateField" Date="20111108" Time="104010">CalculateField Sentier_hiver_l No_etab 44 VB #</Process><Process ToolSource="C:\Program Files\ArcGIS\Desktop10.0\ArcToolbox\Toolboxes\Data Management Tools.tbx\CalculateField" Date="20111108" Time="104027">CalculateField Sentier_hiver_l Code_etab "DUC" VB #</Process><Process ToolSource="C:\Program Files\ArcGIS\Desktop10.0\ArcToolbox\Toolboxes\Data Management Tools.tbx\CalculateField" Date="20111108" Time="104040">CalculateField Sentier_hiver_l No_reseau 1 VB #</Process><Process ToolSource="C:\Program Files\ArcGIS\Desktop10.0\ArcToolbox\Toolboxes\Data Management Tools.tbx\CalculateField" Date="20111108" Time="104054">CalculateField Sentier_hiver_l Reseau "Centre touristique" VB #</Process><Process ToolSource="C:\Program Files\ArcGIS\Desktop10.0\ArcToolbox\Toolboxes\Data Management Tools.tbx\CalculateField" Date="20111108" Time="104126">CalculateField Sentier_hiver_l Nom_etab "Duchesnay" VB #</Process><Process ToolSource="C:\Program Files\ArcGIS\Desktop10.0\ArcToolbox\Toolboxes\Data Management Tools.tbx\CalculateField" Date="20111108" Time="104146">CalculateField Sentier_hiver_l Maj "2011-11" VB #</Process><Process ToolSource="C:\Program Files\ArcGIS\Desktop10.0\ArcToolbox\Toolboxes\Data Management Tools.tbx\CalculateField" Date="20111108" Time="104213">CalculateField Sentier_hiver_l Source "GPS" VB #</Process><Process ToolSource="C:\Program Files\ArcGIS\Desktop10.0\ArcToolbox\Toolboxes\Data Management Tools.tbx\CalculateField" Date="20111108" Time="104229">CalculateField Sentier_hiver_l Remarque "" VB #</Process><Process ToolSource="C:\Program Files\ArcGIS\Desktop10.0\ArcToolbox\Toolboxes\Data Management Tools.tbx\CalculateField" Date="20111108" Time="104236">CalculateField Sentier_hiver_l No_ident "" VB #</Process><Process ToolSource="C:\Program Files\ArcGIS\Desktop10.0\ArcToolbox\Toolboxes\Data Management Tools.tbx\CalculateField" Date="20111108" Time="104307">CalculateField Sentier_hiver_l Toponyme2 "" VB #</Process><Process ToolSource="C:\Program Files\ArcGIS\Desktop10.0\ArcToolbox\Toolboxes\Data Management Tools.tbx\CalculateField" Date="20111108" Time="104313">CalculateField Sentier_hiver_l Toponyme3 "" VB #</Process><Process ToolSource="C:\Program Files\ArcGIS\Desktop10.0\ArcToolbox\Toolboxes\Data Management Tools.tbx\CalculateField" Date="20111108" Time="104320">CalculateField Sentier_hiver_l Toponyme4 "" VB #</Process><Process ToolSource="C:\Program Files\ArcGIS\Desktop10.0\ArcToolbox\Toolboxes\Data Management Tools.tbx\CalculateField" Date="20111108" Time="104339">CalculateField Sentier_hiver_l Secteur "" VB #</Process><Process ToolSource="C:\Program Files\ArcGIS\Desktop10.0\ArcToolbox\Toolboxes\Data Management Tools.tbx\CalculateField" Date="20111108" Time="104355">CalculateField Sentier_hiver_l Code_res "CT" VB #</Process><Process ToolSource="C:\Program Files\ArcGIS\Desktop10.0\ArcToolbox\Toolboxes\Data Management Tools.tbx\CalculateField" Date="20111108" Time="105116">CalculateField Sentier_hiver_l Usager "Axe de liaison" VB #</Process><Process ToolSource="C:\Program Files\ArcGIS\Desktop10.0\ArcToolbox\Toolboxes\Data Management Tools.tbx\CalculateField" Date="20111108" Time="105128">CalculateField Sentier_hiver_l Etat "Existant" VB #</Process><Process ToolSource="C:\Program Files\ArcGIS\Desktop10.0\ArcToolbox\Toolboxes\Data Management Tools.tbx\CalculateField" Date="20111108" Time="125632">CalculateField Sentier_hiver_l Niv_diff "Familiale" VB #</Process><Process ToolSource="C:\Program Files\ArcGIS\Desktop10.0\ArcToolbox\Toolboxes\Data Management Tools.tbx\CalculateField" Date="20111108" Time="125704">CalculateField Sentier_hiver_l Toponyme1 1 VB #</Process><Process ToolSource="C:\Program Files\ArcGIS\Desktop10.0\ArcToolbox\Toolboxes\Data Management Tools.tbx\CalculateField" Date="20111108" Time="125718">CalculateField Sentier_hiver_l Usager "Ski classique" VB #</Process><Process ToolSource="C:\Program Files\ArcGIS\Desktop10.0\ArcToolbox\Toolboxes\Data Management Tools.tbx\CalculateField" Date="20111108" Time="125836">CalculateField Sentier_hiver_l Usager "Autre" VB #</Process><Process ToolSource="C:\Program Files\ArcGIS\Desktop10.0\ArcToolbox\Toolboxes\Data Management Tools.tbx\CalculateField" Date="20111108" Time="125846">CalculateField Sentier_hiver_l Etat "Fermé" VB #</Process><Process ToolSource="C:\Program Files\ArcGIS\Desktop10.0\ArcToolbox\Toolboxes\Data Management Tools.tbx\CalculateField" Date="20111108" Time="125911">CalculateField Sentier_hiver_l Niv_diff "Familiale" VB #</Process><Process ToolSource="C:\Program Files\ArcGIS\Desktop10.0\ArcToolbox\Toolboxes\Data Management Tools.tbx\CalculateField" Date="20111108" Time="125921">CalculateField Sentier_hiver_l Toponyme1 1 VB #</Process><Process ToolSource="C:\Program Files\ArcGIS\Desktop10.0\ArcToolbox\Toolboxes\Data Management Tools.tbx\CalculateField" Date="20111108" Time="125956">CalculateField Sentier_hiver_l Usager "Ski classique" VB #</Process><Process ToolSource="C:\Program Files\ArcGIS\Desktop10.0\ArcToolbox\Toolboxes\Data Management Tools.tbx\CalculateField" Date="20111108" Time="150918">CalculateField Sentier_hiver_l Niv_diff "Familiale" VB #</Process><Process ToolSource="C:\Program Files\ArcGIS\Desktop10.0\ArcToolbox\Toolboxes\Data Management Tools.tbx\CalculateField" Date="20111108" Time="150928">CalculateField Sentier_hiver_l Toponyme1 1 VB #</Process><Process ToolSource="C:\Program Files\ArcGIS\Desktop10.0\ArcToolbox\Toolboxes\Data Management Tools.tbx\CalculateField" Date="20111108" Time="150945">CalculateField Sentier_hiver_l Etat "Existant" VB #</Process><Process ToolSource="C:\Program Files\ArcGIS\Desktop10.0\ArcToolbox\Toolboxes\Data Management Tools.tbx\CalculateField" Date="20111108" Time="150959">CalculateField Sentier_hiver_l Usager "Ski classique" VB #</Process><Process ToolSource="C:\Program Files\ArcGIS\Desktop10.0\ArcToolbox\Toolboxes\Data Management Tools.tbx\CalculateField" Date="20111108" Time="155406">CalculateField Sentier_hiver_l Niv_diff "" VB #</Process><Process ToolSource="C:\Program Files\ArcGIS\Desktop10.0\ArcToolbox\Toolboxes\Data Management Tools.tbx\CalculateField" Date="20111108" Time="155412">CalculateField Sentier_hiver_l Toponyme1 "" VB #</Process><Process ToolSource="C:\Program Files\ArcGIS\Desktop10.0\ArcToolbox\Toolboxes\Data Management Tools.tbx\CalculateField" Date="20111108" Time="155420">CalculateField Sentier_hiver_l Etat "Fermé" VB #</Process><Process ToolSource="C:\Program Files\ArcGIS\Desktop10.0\ArcToolbox\Toolboxes\Data Management Tools.tbx\CalculateField" Date="20111108" Time="155430">CalculateField Sentier_hiver_l Usager "Autre" VB #</Process><Process ToolSource="C:\Program Files\ArcGIS\Desktop10.0\ArcToolbox\Toolboxes\Data Management Tools.tbx\CalculateField" Date="20111108" Time="155720">CalculateField Sentier_hiver_l Toponyme1 13 VB #</Process><Process ToolSource="C:\Program Files\ArcGIS\Desktop10.0\ArcToolbox\Toolboxes\Data Management Tools.tbx\CalculateField" Date="20111117" Time="091035">CalculateField Sentier_hiver_l Usager "Vieux sentier" VB #</Process><Process ToolSource="c:\program files (x86)\arcgis\desktop10.1\ArcToolbox\Toolboxes\Data Management Tools.tbx\CalculateField" Date="20121004" Time="135540">CalculateField Sentier_hiver_l Niv_diff "Intermédiaire" VB #</Process><Process ToolSource="c:\program files (x86)\arcgis\desktop10.1\ArcToolbox\Toolboxes\Data Management Tools.tbx\CalculateField" Date="20121004" Time="135553">CalculateField Sentier_hiver_l Toponyme1 10 VB #</Process><Process ToolSource="c:\program files (x86)\arcgis\desktop10.1\ArcToolbox\Toolboxes\Data Management Tools.tbx\CalculateField" Date="20121004" Time="135604">CalculateField Sentier_hiver_l Etat "Existant" VB #</Process><Process ToolSource="c:\program files (x86)\arcgis\desktop10.1\ArcToolbox\Toolboxes\Data Management Tools.tbx\CalculateField" Date="20121004" Time="135620">CalculateField Sentier_hiver_l Usager "Ski classique" VB #</Process><Process ToolSource="c:\program files (x86)\arcgis\desktop10.1\ArcToolbox\Toolboxes\Data Management Tools.tbx\CalculateField" Date="20121004" Time="140851">CalculateField Sentier_hiver_l Niv_diff "Familiale" VB #</Process><Process ToolSource="c:\program files (x86)\arcgis\desktop10.1\ArcToolbox\Toolboxes\Data Management Tools.tbx\CalculateField" Date="20121004" Time="140903">CalculateField Sentier_hiver_l Etat "Existant" VB #</Process><Process ToolSource="c:\program files (x86)\arcgis\desktop10.1\ArcToolbox\Toolboxes\Data Management Tools.tbx\CalculateField" Date="20121004" Time="140913">CalculateField Sentier_hiver_l Usager "Ski classique" VB #</Process><Process ToolSource="c:\program files (x86)\arcgis\desktop10.1\ArcToolbox\Toolboxes\Data Management Tools.tbx\CalculateField" Date="20121004" Time="140926">CalculateField Sentier_hiver_l Toponyme1 4 VB #</Process><Process ToolSource="c:\program files (x86)\arcgis\desktop10.1\ArcToolbox\Toolboxes\Data Management Tools.tbx\CalculateField" Date="20121018" Time="083911">CalculateField Sentier_hiver_l Remarque "Ce sentier est parralèle a la 6 et est non-existant" VB #</Process><Process ToolSource="c:\program files (x86)\arcgis\desktop10.1\ArcToolbox\Toolboxes\Data Management Tools.tbx\CalculateField" Date="20121018" Time="084613">CalculateField Sentier_hiver_l Niv_diff "Familiale" VB #</Process><Process ToolSource="c:\program files (x86)\arcgis\desktop10.1\ArcToolbox\Toolboxes\Data Management Tools.tbx\CalculateField" Date="20121018" Time="090019">CalculateField Sentier_hiver_l Niv_diff "Intermédiaire" VB #</Process><Process ToolSource="c:\program files (x86)\arcgis\desktop10.1\ArcToolbox\Toolboxes\Data Management Tools.tbx\CalculateField" Date="20121018" Time="090359">CalculateField Sentier_hiver_l Niv_diff "Familiale" VB #</Process><Process ToolSource="c:\program files (x86)\arcgis\desktop10.1\ArcToolbox\Toolboxes\Data Management Tools.tbx\CalculateField" Date="20121019" Time="083359">CalculateField Sentier_hiver_l Niv_diff "Familiale" VB #</Process><Process ToolSource="c:\program files (x86)\arcgis\desktop10.1\ArcToolbox\Toolboxes\Data Management Tools.tbx\CalculateField" Date="20121019" Time="083929">CalculateField Sentier_hiver_l Niv_diff "Intermédiaire" VB #</Process><Process ToolSource="c:\program files (x86)\arcgis\desktop10.1\ArcToolbox\Toolboxes\Data Management Tools.tbx\CalculateField" Date="20121019" Time="101916">CalculateField Sentier_hiver_l Niv_diff "Familiale" VB #</Process><Process ToolSource="c:\program files (x86)\arcgis\desktop10.1\ArcToolbox\Toolboxes\Data Management Tools.tbx\CalculateField" Date="20121019" Time="131812">CalculateField Sentier_hiver_l Toponyme1 4 VB #</Process><Process ToolSource="c:\program files (x86)\arcgis\desktop10.2\ArcToolbox\Toolboxes\Data Management Tools.tbx\CalculateField" Date="20131007" Time="144134">CalculateField Sentier_hiver_l Toponyme2 "" VB #</Process><Process ToolSource="c:\program files (x86)\arcgis\desktop10.2\ArcToolbox\Toolboxes\Data Management Tools.tbx\CalculateField" Date="20131007" Time="144142">CalculateField Sentier_hiver_l Toponyme3 "" VB #</Process><Process ToolSource="c:\program files (x86)\arcgis\desktop10.2\ArcToolbox\Toolboxes\Data Management Tools.tbx\CalculateField" Date="20131007" Time="144153">CalculateField Sentier_hiver_l Toponyme4 "" VB #</Process><Process ToolSource="c:\program files (x86)\arcgis\desktop10.2\ArcToolbox\Toolboxes\Data Management Tools.tbx\CalculateField" Date="20131007" Time="144158">CalculateField Sentier_hiver_l Secteur "" VB #</Process><Process ToolSource="c:\program files (x86)\arcgis\desktop10.2\ArcToolbox\Toolboxes\Data Management Tools.tbx\CalculateField" Date="20140818" Time="143001">CalculateField Sentier_hiver_l Toponyme1 "Trajet 1" VB #</Process><Process ToolSource="c:\program files (x86)\arcgis\desktop10.2\ArcToolbox\Toolboxes\Data Management Tools.tbx\CalculateField" Date="20140818" Time="143017">CalculateField Sentier_hiver_l Usager "Traîneau à chien" VB #</Process><Process ToolSource="c:\program files (x86)\arcgis\desktop10.2\ArcToolbox\Toolboxes\Data Management Tools.tbx\CalculateField" Date="20140818" Time="144140">CalculateField Sentier_hiver_l Toponyme2 "Trajet 2" VB #</Process><Process ToolSource="c:\program files (x86)\arcgis\desktop10.2\ArcToolbox\Toolboxes\Data Management Tools.tbx\CalculateField" Date="20140818" Time="144204">CalculateField Sentier_hiver_l Toponyme1 "Trajet 2" VB #</Process><Process ToolSource="c:\program files (x86)\arcgis\desktop10.2\ArcToolbox\Toolboxes\Data Management Tools.tbx\CalculateField" Date="20140818" Time="144210">CalculateField Sentier_hiver_l Toponyme2 "" VB #</Process><Process ToolSource="c:\program files (x86)\arcgis\desktop10.2\ArcToolbox\Toolboxes\Data Management Tools.tbx\CalculateField" Date="20140818" Time="144302">CalculateField Sentier_hiver_l Usager "Traîneau à chien" VB #</Process><Process ToolSource="c:\program files (x86)\arcgis\desktop10.2\ArcToolbox\Toolboxes\Data Management Tools.tbx\CalculateField" Date="20140818" Time="150739">CalculateField Sentier_hiver_l Toponyme4 "Trajet 4" VB #</Process><Process ToolSource="c:\program files (x86)\arcgis\desktop10.2\ArcToolbox\Toolboxes\Data Management Tools.tbx\CalculateField" Date="20140818" Time="151533">CalculateField Sentier_hiver_l Secteur "Trajet 5" VB #</Process><Process ToolSource="c:\program files (x86)\arcgis\desktop10.2\ArcToolbox\Toolboxes\Data Management Tools.tbx\CalculateField" Date="20140818" Time="152621">CalculateField Sentier_hiver_l Remarque "Trajet 6" VB #</Process><Process ToolSource="c:\program files (x86)\arcgis\desktop10.2\ArcToolbox\Toolboxes\Data Management Tools.tbx\CalculateField" Date="20140818" Time="153005">CalculateField Sentier_hiver_l No_etab 44 VB #</Process><Process ToolSource="c:\program files (x86)\arcgis\desktop10.2\ArcToolbox\Toolboxes\Data Management Tools.tbx\CalculateField" Date="20140818" Time="153015">CalculateField Sentier_hiver_l No_reseau 1 VB #</Process><Process ToolSource="c:\program files (x86)\arcgis\desktop10.2\ArcToolbox\Toolboxes\Data Management Tools.tbx\CalculateField" Date="20140818" Time="153028">CalculateField Sentier_hiver_l Code_etab "DUC" VB #</Process><Process ToolSource="c:\program files (x86)\arcgis\desktop10.2\ArcToolbox\Toolboxes\Data Management Tools.tbx\CalculateField" Date="20140818" Time="153039">CalculateField Sentier_hiver_l Reseau "Centre touristique" VB #</Process><Process ToolSource="c:\program files (x86)\arcgis\desktop10.2\ArcToolbox\Toolboxes\Data Management Tools.tbx\CalculateField" Date="20140818" Time="153053">CalculateField Sentier_hiver_l Nom_etab "Duchesnay" VB #</Process><Process ToolSource="c:\program files (x86)\arcgis\desktop10.2\ArcToolbox\Toolboxes\Data Management Tools.tbx\CalculateField" Date="20140818" Time="153106">CalculateField Sentier_hiver_l Remarque "" VB #</Process><Process ToolSource="c:\program files (x86)\arcgis\desktop10.2\ArcToolbox\Toolboxes\Data Management Tools.tbx\CalculateField" Date="20140818" Time="153110">CalculateField Sentier_hiver_l No_ident "" VB #</Process><Process ToolSource="c:\program files (x86)\arcgis\desktop10.2\ArcToolbox\Toolboxes\Data Management Tools.tbx\CalculateField" Date="20140818" Time="153126">CalculateField Sentier_hiver_l Code_res "CT" VB #</Process><Process ToolSource="c:\program files (x86)\arcgis\desktop10.2\ArcToolbox\Toolboxes\Data Management Tools.tbx\CalculateField" Date="20140818" Time="153133">CalculateField Sentier_hiver_l Secteur "" VB #</Process><Process ToolSource="c:\program files (x86)\arcgis\desktop10.2\ArcToolbox\Toolboxes\Data Management Tools.tbx\CalculateField" Date="20140818" Time="153147">CalculateField Sentier_hiver_l Niv_diff "" VB #</Process><Process ToolSource="c:\program files (x86)\arcgis\desktop10.2\ArcToolbox\Toolboxes\Data Management Tools.tbx\CalculateField" Date="20140818" Time="153159">CalculateField Sentier_hiver_l Source "n/a" VB #</Process><Process ToolSource="c:\program files (x86)\arcgis\desktop10.2\ArcToolbox\Toolboxes\Data Management Tools.tbx\CalculateField" Date="20140818" Time="153208">CalculateField Sentier_hiver_l Maj "2014-08" VB #</Process><Process ToolSource="c:\program files (x86)\arcgis\desktop10.2\ArcToolbox\Toolboxes\Data Management Tools.tbx\CalculateField" Date="20140818" Time="153247">CalculateField Sentier_hiver_l Maj "2014-08" VB #</Process><Process ToolSource="c:\program files (x86)\arcgis\desktop10.2\ArcToolbox\Toolboxes\Data Management Tools.tbx\CalculateField" Date="20140818" Time="153300">CalculateField Sentier_hiver_l Source "n/a" VB #</Process><Process ToolSource="c:\program files (x86)\arcgis\desktop10.2\ArcToolbox\Toolboxes\Data Management Tools.tbx\CalculateField" Date="20140818" Time="153307">CalculateField Sentier_hiver_l No_ident "" VB #</Process><Process ToolSource="c:\program files (x86)\arcgis\desktop10.2\ArcToolbox\Toolboxes\Data Management Tools.tbx\CalculateField" Date="20140818" Time="153314">CalculateField Sentier_hiver_l Niv_diff "" VB #</Process><Process ToolSource="c:\program files (x86)\arcgis\desktop10.2\ArcToolbox\Toolboxes\Data Management Tools.tbx\CalculateField" Date="20140818" Time="153327">CalculateField Sentier_hiver_l Code_res "CT" VB #</Process><Process ToolSource="c:\program files (x86)\arcgis\desktop10.2\ArcToolbox\Toolboxes\Data Management Tools.tbx\CalculateField" Date="20140818" Time="153532">CalculateField Sentier_hiver_l Etat "Projeté" VB #</Process><Process ToolSource="c:\program files (x86)\arcgis\desktop10.2\ArcToolbox\Toolboxes\Data Management Tools.tbx\CalculateField" Date="20140818" Time="153949">CalculateField Sentier_hiver_l Toponyme5 [Secteur] VB #</Process><Process ToolSource="c:\program files (x86)\arcgis\desktop10.2\ArcToolbox\Toolboxes\Data Management Tools.tbx\CalculateField" Date="20140818" Time="153957">CalculateField Sentier_hiver_l Secteur "" VB #</Process><Process ToolSource="c:\program files (x86)\arcgis\desktop10.2\ArcToolbox\Toolboxes\Data Management Tools.tbx\CalculateField" Date="20140818" Time="154012">CalculateField Sentier_hiver_l Toponyme6 [Remarque] VB #</Process><Process ToolSource="c:\program files (x86)\arcgis\desktop10.2\ArcToolbox\Toolboxes\Data Management Tools.tbx\CalculateField" Date="20140818" Time="154029">CalculateField Sentier_hiver_l Remarque "" VB #</Process><Process ToolSource="c:\program files (x86)\arcgis\desktop10.2\ArcToolbox\Toolboxes\Data Management Tools.tbx\CalculateField" Date="20140818" Time="154047">CalculateField Sentier_hiver_l Toponyme6 "" VB #</Process><Process ToolSource="c:\program files (x86)\arcgis\desktop10.2\ArcToolbox\Toolboxes\Data Management Tools.tbx\CalculateField" Date="20140818" Time="154113">CalculateField Sentier_hiver_l Toponyme2 "" VB #</Process><Process ToolSource="c:\program files (x86)\arcgis\desktop10.2\ArcToolbox\Toolboxes\Data Management Tools.tbx\CalculateField" Date="20140818" Time="154124">CalculateField Sentier_hiver_l Toponyme3 "" VB #</Process><Process ToolSource="c:\program files (x86)\arcgis\desktop10.2\ArcToolbox\Toolboxes\Data Management Tools.tbx\CalculateField" Date="20140818" Time="154136">CalculateField Sentier_hiver_l Toponyme4 "" VB #</Process><Process ToolSource="c:\program files (x86)\arcgis\desktop10.2\ArcToolbox\Toolboxes\Data Management Tools.tbx\CalculateField" Date="20140818" Time="154156">CalculateField Sentier_hiver_l Toponyme5 "" VB #</Process><Process ToolSource="c:\program files (x86)\arcgis\desktop10.2\ArcToolbox\Toolboxes\Data Management Tools.tbx\CalculateField" Date="20140818" Time="154211">CalculateField Sentier_hiver_l Toponyme6 "" VB #</Process><Process ToolSource="c:\program files (x86)\arcgis\desktop10.2\ArcToolbox\Toolboxes\Data Management Tools.tbx\CalculateField" Date="20141114" Time="100313">CalculateField Sentier_hiver_l Usager_2 "" VB #</Process><Process ToolSource="c:\program files (x86)\arcgis\desktop10.2\ArcToolbox\Toolboxes\Data Management Tools.tbx\CalculateField" Date="20141114" Time="100423">CalculateField Sentier_hiver_l Usager_2 "Ski classique" VB #</Process><Process ToolSource="c:\program files (x86)\arcgis\desktop10.2\ArcToolbox\Toolboxes\Data Management Tools.tbx\CalculateField" Date="20141114" Time="100438">CalculateField Sentier_hiver_l Toponyme2 "14" VB #</Process><Process ToolSource="c:\program files (x86)\arcgis\desktop10.2\ArcToolbox\Toolboxes\Data Management Tools.tbx\CalculateField" Date="20141114" Time="110753">CalculateField Sentier_hiver_l Toponyme1 "Départ" VB #</Process><Process ToolSource="c:\program files (x86)\arcgis\desktop10.2\ArcToolbox\Toolboxes\Data Management Tools.tbx\CalculateField" Date="20141114" Time="112116">CalculateField Sentier_hiver_l Usager_2 "" VB #</Process><Process ToolSource="c:\program files (x86)\arcgis\desktop10.2\ArcToolbox\Toolboxes\Data Management Tools.tbx\CalculateField" Date="20141114" Time="112209">CalculateField Sentier_hiver_l Niv_diff "Très difficile" VB #</Process><Process ToolSource="c:\program files (x86)\arcgis\desktop10.2\ArcToolbox\Toolboxes\Data Management Tools.tbx\CalculateField" Date="20141114" Time="112258">CalculateField Sentier_hiver_l Niv_diff "Difficile" VB #</Process><Process ToolSource="c:\program files (x86)\arcgis\desktop10.2\ArcToolbox\Toolboxes\Data Management Tools.tbx\CalculateField" Date="20141114" Time="112310">CalculateField Sentier_hiver_l Niv_diff "Difficile" VB #</Process><Process ToolSource="c:\program files (x86)\arcgis\desktop10.2\ArcToolbox\Toolboxes\Data Management Tools.tbx\CalculateField" Date="20141114" Time="112321">CalculateField Sentier_hiver_l Niv_diff "Facile" VB #</Process><Process ToolSource="c:\program files (x86)\arcgis\desktop10.2\ArcToolbox\Toolboxes\Data Management Tools.tbx\CalculateField" Date="20141114" Time="112346">CalculateField Sentier_hiver_l Niv_diff "" VB #</Process><Process ToolSource="c:\program files (x86)\arcgis\desktop10.2\ArcToolbox\Toolboxes\Data Management Tools.tbx\CalculateField" Date="20141114" Time="112402">CalculateField Sentier_hiver_l Niv_diff "" VB #</Process><Process ToolSource="c:\program files (x86)\arcgis\desktop10.2\ArcToolbox\Toolboxes\Data Management Tools.tbx\CalculateField" Date="20141114" Time="112750">CalculateField Sentier_hiver_l Usager_2 "" VB #</Process><Process ToolSource="c:\program files (x86)\arcgis\desktop10.2\ArcToolbox\Toolboxes\Data Management Tools.tbx\CalculateField" Date="20141121" Time="095926">CalculateField Sentier_hiver_l Toponyme1 6 VB #</Process><Process ToolSource="c:\program files (x86)\arcgis\desktop10.2\ArcToolbox\Toolboxes\Data Management Tools.tbx\CalculateField" Date="20141121" Time="095944">CalculateField Sentier_hiver_l Toponyme1 12 VB #</Process><Process ToolSource="c:\program files (x86)\arcgis\desktop10.2\ArcToolbox\Toolboxes\Data Management Tools.tbx\CalculateField" Date="20141121" Time="100859">CalculateField Sentier_hiver_l Toponyme2 6 VB #</Process><Process ToolSource="c:\program files (x86)\arcgis\desktop10.2\ArcToolbox\Toolboxes\Data Management Tools.tbx\CalculateField" Date="20141125" Time="130429">CalculateField Sentier_hiver_l Toponyme1 4 VB #</Process><Process ToolSource="c:\program files (x86)\arcgis\desktop10.2\ArcToolbox\Toolboxes\Data Management Tools.tbx\CalculateField" Date="20141125" Time="130441">CalculateField Sentier_hiver_l Niv_diff "Facile" VB #</Process><Process ToolSource="c:\program files (x86)\arcgis\desktop10.2\ArcToolbox\Toolboxes\Data Management Tools.tbx\CalculateField" Date="20141125" Time="130658">CalculateField Sentier_hiver_l Toponyme1 "Départ" VB #</Process><Process ToolSource="c:\program files (x86)\arcgis\desktop10.3\ArcToolbox\Toolboxes\Data Management Tools.tbx\CalculateField" Date="20151117" Time="082105">CalculateField "Ski de fond" Label "[Long_m] &amp;" m"" VB #</Process><Process ToolSource="c:\program files (x86)\arcgis\desktop10.3\ArcToolbox\Toolboxes\Data Management Tools.tbx\CalculateField" Date="20151117" Time="082133">CalculateField "Ski de fond" Label "[Long_m] &amp;" m"" VB #</Process><Process ToolSource="c:\program files (x86)\arcgis\desktop10.4\ArcToolbox\Toolboxes\Data Management Tools.tbx\CalculateField" Date="20161003" Time="112148">CalculateField Sentier_hiver_l Usager "Vieux sentier" VB #</Process><Process ToolSource="c:\program files (x86)\arcgis\desktop10.4\ArcToolbox\Toolboxes\Data Management Tools.tbx\CalculateField" Date="20161004" Time="082724">CalculateField Sentier_hiver_l Label "1900 m" VB #</Process><Process ToolSource="c:\program files (x86)\arcgis\desktop10.4\ArcToolbox\Toolboxes\Data Management Tools.tbx\CalculateField" Date="20161004" Time="083850">CalculateField Sentier_hiver_l Usager_2 "Ski classique" VB #</Process><Process ToolSource="c:\program files (x86)\arcgis\desktop10.4\ArcToolbox\Toolboxes\Data Management Tools.tbx\CalculateField" Date="20161004" Time="083901">CalculateField Sentier_hiver_l Usager "Pas de patin" VB #</Process><Process ToolSource="c:\program files (x86)\arcgis\desktop10.4\ArcToolbox\Toolboxes\Data Management Tools.tbx\CalculateField" Date="20161004" Time="151406">CalculateField Sentier_hiver_l Toponyme1 "" VB #</Process><Process ToolSource="c:\program files (x86)\arcgis\desktop10.4\ArcToolbox\Toolboxes\Data Management Tools.tbx\CalculateField" Date="20161004" Time="151417">CalculateField Sentier_hiver_l Etat "Fermé" VB #</Process><Process ToolSource="c:\program files (x86)\arcgis\desktop10.4\ArcToolbox\Toolboxes\Data Management Tools.tbx\CalculateField" Date="20161004" Time="151435">CalculateField Sentier_hiver_l Usager "Vieux sentier" VB #</Process><Process ToolSource="c:\program files (x86)\arcgis\desktop10.4\ArcToolbox\Toolboxes\Data Management Tools.tbx\CalculateField" Date="20161013" Time="091844">CalculateField Sentier_hiver_l Usager "Pas de patin" VB #</Process><Process ToolSource="c:\program files (x86)\arcgis\desktop10.4\ArcToolbox\Toolboxes\Data Management Tools.tbx\CalculateField" Date="20161013" Time="091857">CalculateField Sentier_hiver_l Usager_2 "Ski classique" VB #</Process><Process ToolSource="c:\program files (x86)\arcgis\desktop10.4\ArcToolbox\Toolboxes\Data Management Tools.tbx\CalculateField" Date="20161013" Time="091910">CalculateField Sentier_hiver_l Niv_diff "Facile" VB #</Process><Process ToolSource="c:\program files (x86)\arcgis\desktop10.5\ArcToolbox\Toolboxes\Data Management Tools.tbx\CalculateField" Date="20171013" Time="132248">CalculateField Sentier_hiver_l Usager_2 "Ski classique" VB #</Process><Process ToolSource="c:\program files (x86)\arcgis\desktop10.6\ArcToolbox\Toolboxes\Data Management Tools.tbx\CalculateField" Date="20180807" Time="114155">CalculateField Sentier_hiver_l Code_res "ET" VB #</Process><Process ToolSource="c:\program files (x86)\arcgis\desktop10.6\ArcToolbox\Toolboxes\Data Management Tools.tbx\CalculateField" Date="20180807" Time="114201">CalculateField Sentier_hiver_l Reseau "Établissement touristique" VB #</Process><Process Name="Merge (8)" ToolSource="c:\program files (x86)\arcgis\desktop10.6\ArcToolbox\Toolboxes\Data Management Tools.tbx\Merge" Date="20180814" Time="103508">Merge M:\Carto\Donnee\Reseau\Etablissement_touristique\DUC\Etablissement\Activite.gdb\Sentier\Sentier_hiver_l M:\Carto\Donnee\Global\Sepaq\Donnee_Sepaq_A_Jour\Donnee_Etablissement_touristique.gdb\Etablissement_touristique\Sentier_hiver_l "No_etab "No_etab" true true false 5 Text 0 0 ,First,#,M:\Carto\Donnee\Reseau\Etablissement_touristique\DUC\Etablissement\Activite.gdb\Sentier\Sentier_hiver_l,No_etab,-1,-1;Code_etab "Code_etab" true true false 20 Text 0 0 ,First,#,M:\Carto\Donnee\Reseau\Etablissement_touristique\DUC\Etablissement\Activite.gdb\Sentier\Sentier_hiver_l,Code_etab,-1,-1;No_reseau "No_reseau" true true false 5 Text 0 0 ,First,#,M:\Carto\Donnee\Reseau\Etablissement_touristique\DUC\Etablissement\Activite.gdb\Sentier\Sentier_hiver_l,No_reseau,-1,-1;Reseau "Reseau" true true false 50 Text 0 0 ,First,#,M:\Carto\Donnee\Reseau\Etablissement_touristique\DUC\Etablissement\Activite.gdb\Sentier\Sentier_hiver_l,Reseau,-1,-1;Nom_etab "Nom_etab" true true false 100 Text 0 0 ,First,#,M:\Carto\Donnee\Reseau\Etablissement_touristique\DUC\Etablissement\Activite.gdb\Sentier\Sentier_hiver_l,Nom_etab,-1,-1;Maj "Maj" true true false 20 Text 0 0 ,First,#,M:\Carto\Donnee\Reseau\Etablissement_touristique\DUC\Etablissement\Activite.gdb\Sentier\Sentier_hiver_l,Maj,-1,-1;Source "Source" true true false 20 Text 0 0 ,First,#,M:\Carto\Donnee\Reseau\Etablissement_touristique\DUC\Etablissement\Activite.gdb\Sentier\Sentier_hiver_l,Source,-1,-1;Remarque "Remarque" true true false 150 Text 0 0 ,First,#,M:\Carto\Donnee\Reseau\Etablissement_touristique\DUC\Etablissement\Activite.gdb\Sentier\Sentier_hiver_l,Remarque,-1,-1;No_ident "No_ident" true true false 25 Text 0 0 ,First,#,M:\Carto\Donnee\Reseau\Etablissement_touristique\DUC\Etablissement\Activite.gdb\Sentier\Sentier_hiver_l,No_ident,-1,-1;Usager "Usager" true true false 50 Text 0 0 ,First,#,M:\Carto\Donnee\Reseau\Etablissement_touristique\DUC\Etablissement\Activite.gdb\Sentier\Sentier_hiver_l,Usager,-1,-1;Etat "Etat" true true false 50 Text 0 0 ,First,#,M:\Carto\Donnee\Reseau\Etablissement_touristique\DUC\Etablissement\Activite.gdb\Sentier\Sentier_hiver_l,Etat,-1,-1;Toponyme1 "Toponyme1" true true false 100 Text 0 0 ,First,#,M:\Carto\Donnee\Reseau\Etablissement_touristique\DUC\Etablissement\Activite.gdb\Sentier\Sentier_hiver_l,Toponyme1,-1,-1;Toponyme2 "Toponyme2" true true false 100 Text 0 0 ,First,#,M:\Carto\Donnee\Reseau\Etablissement_touristique\DUC\Etablissement\Activite.gdb\Sentier\Sentier_hiver_l,Toponyme2,-1,-1;Toponyme3 "Toponyme3" true true false 100 Text 0 0 ,First,#,M:\Carto\Donnee\Reseau\Etablissement_touristique\DUC\Etablissement\Activite.gdb\Sentier\Sentier_hiver_l,Toponyme3,-1,-1;Toponyme4 "Toponyme4" true true false 100 Text 0 0 ,First,#,M:\Carto\Donnee\Reseau\Etablissement_touristique\DUC\Etablissement\Activite.gdb\Sentier\Sentier_hiver_l,Toponyme4,-1,-1;Niv_diff "Niv_diff" true true false 20 Text 0 0 ,First,#,M:\Carto\Donnee\Reseau\Etablissement_touristique\DUC\Etablissement\Activite.gdb\Sentier\Sentier_hiver_l,Niv_diff,-1,-1;Secteur "Secteur" true true false 50 Text 0 0 ,First,#,M:\Carto\Donnee\Reseau\Etablissement_touristique\DUC\Etablissement\Activite.gdb\Sentier\Sentier_hiver_l,Secteur,-1,-1;Long_m "Long_m" true true false 8 Double 0 0 ,First,#,M:\Carto\Donnee\Reseau\Etablissement_touristique\DUC\Etablissement\Activite.gdb\Sentier\Sentier_hiver_l,Long_m,-1,-1;Code_res "Code_res" true true false 5 Text 0 0 ,First,#,M:\Carto\Donnee\Reseau\Etablissement_touristique\DUC\Etablissement\Activite.gdb\Sentier\Sentier_hiver_l,Code_res,-1,-1;Toponyme5 "Toponyme5" true true false 100 Text 0 0 ,First,#,M:\Carto\Donnee\Reseau\Etablissement_touristique\DUC\Etablissement\Activite.gdb\Sentier\Sentier_hiver_l,Toponyme5,-1,-1;Toponyme6 "Toponyme6" true true false 100 Text 0 0 ,First,#,M:\Carto\Donnee\Reseau\Etablissement_touristique\DUC\Etablissement\Activite.gdb\Sentier\Sentier_hiver_l,Toponyme6,-1,-1;Usager_2 "Usager_2" true true false 50 Text 0 0 ,First,#,M:\Carto\Donnee\Reseau\Etablissement_touristique\DUC\Etablissement\Activite.gdb\Sentier\Sentier_hiver_l,Usager_2,-1,-1;Label "Label" true true false 50 Text 0 0 ,First,#,M:\Carto\Donnee\Reseau\Etablissement_touristique\DUC\Etablissement\Activite.gdb\Sentier\Sentier_hiver_l,Label,-1,-1;Shape_Length "Shape_Length" false true true 8 Double 0 0 ,First,#,M:\Carto\Donnee\Reseau\Etablissement_touristique\DUC\Etablissement\Activite.gdb\Sentier\Sentier_hiver_l,Shape_Length,-1,-1"</Process><Process Name="Delete Field (2)" ToolSource="c:\program files (x86)\arcgis\desktop10.6\ArcToolbox\Toolboxes\Data Management Tools.tbx\DeleteField" Date="20180814" Time="103510">DeleteField M:\Carto\Donnee\Global\Sepaq\Donnee_Sepaq_A_Jour\Donnee_Etablissement_touristique.gdb\Etablissement_touristique\Sentier_hiver_l Long_m</Process><Process ToolSource="c:\program files (x86)\arcgis\desktop10.6\ArcToolbox\Toolboxes\Data Management Tools.tbx\CalculateField" Date="20180814" Time="143217">CalculateField Sentier_hiver_l Label "" VB #</Process><Process ToolSource="c:\program files (x86)\arcgis\desktop10.6\ArcToolbox\Toolboxes\Data Management Tools.tbx\CalculateField" Date="20181220" Time="091527">CalculateField Sentier_hiver_l Remarque "Sentier hiver-été" VB #</Process><Process Name="Merge (8)" ToolSource="c:\program files (x86)\arcgis\desktop10.7\ArcToolbox\Toolboxes\Data Management Tools.tbx\Merge" Date="20191205" Time="075338">Merge M:\Carto\Donnee\Reseau\Etablissement_touristique\DUC\Etablissement\Activite.gdb\Sentier\Sentier_hiver_l;M:\Carto\Donnee\Reseau\Etablissement_touristique\SIM\Etablissement\Activite.gdb\Sentier\Sentier_hiver_l M:\Carto\Donnee\Global\Sepaq\Donnee_Sepaq_A_Jour\Donnee_Etablissement_touristique.gdb\Etablissement_touristique\Sentier_hiver_l "No_etab "No_etab" true true false 5 Text 0 0 ,First,#,M:\Carto\Donnee\Reseau\Etablissement_touristique\DUC\Etablissement\Activite.gdb\Sentier\Sentier_hiver_l,No_etab,-1,-1,M:\Carto\Donnee\Reseau\Etablissement_touristique\SIM\Etablissement\Activite.gdb\Sentier\Sentier_hiver_l,No_etab,-1,-1;Code_etab "Code_etab" true true false 20 Text 0 0 ,First,#,M:\Carto\Donnee\Reseau\Etablissement_touristique\DUC\Etablissement\Activite.gdb\Sentier\Sentier_hiver_l,Code_etab,-1,-1,M:\Carto\Donnee\Reseau\Etablissement_touristique\SIM\Etablissement\Activite.gdb\Sentier\Sentier_hiver_l,Code_etab,-1,-1;No_reseau "No_reseau" true true false 5 Text 0 0 ,First,#,M:\Carto\Donnee\Reseau\Etablissement_touristique\DUC\Etablissement\Activite.gdb\Sentier\Sentier_hiver_l,No_reseau,-1,-1,M:\Carto\Donnee\Reseau\Etablissement_touristique\SIM\Etablissement\Activite.gdb\Sentier\Sentier_hiver_l,No_reseau,-1,-1;Reseau "Reseau" true true false 50 Text 0 0 ,First,#,M:\Carto\Donnee\Reseau\Etablissement_touristique\DUC\Etablissement\Activite.gdb\Sentier\Sentier_hiver_l,Reseau,-1,-1,M:\Carto\Donnee\Reseau\Etablissement_touristique\SIM\Etablissement\Activite.gdb\Sentier\Sentier_hiver_l,Reseau,-1,-1;Nom_etab "Nom_etab" true true false 100 Text 0 0 ,First,#,M:\Carto\Donnee\Reseau\Etablissement_touristique\DUC\Etablissement\Activite.gdb\Sentier\Sentier_hiver_l,Nom_etab,-1,-1,M:\Carto\Donnee\Reseau\Etablissement_touristique\SIM\Etablissement\Activite.gdb\Sentier\Sentier_hiver_l,Nom_etab,-1,-1;Maj "Maj" true true false 20 Text 0 0 ,First,#,M:\Carto\Donnee\Reseau\Etablissement_touristique\DUC\Etablissement\Activite.gdb\Sentier\Sentier_hiver_l,Maj,-1,-1,M:\Carto\Donnee\Reseau\Etablissement_touristique\SIM\Etablissement\Activite.gdb\Sentier\Sentier_hiver_l,Maj,-1,-1;Source "Source" true true false 20 Text 0 0 ,First,#,M:\Carto\Donnee\Reseau\Etablissement_touristique\DUC\Etablissement\Activite.gdb\Sentier\Sentier_hiver_l,Source,-1,-1,M:\Carto\Donnee\Reseau\Etablissement_touristique\SIM\Etablissement\Activite.gdb\Sentier\Sentier_hiver_l,Source,-1,-1;Remarque "Remarque" true true false 150 Text 0 0 ,First,#,M:\Carto\Donnee\Reseau\Etablissement_touristique\DUC\Etablissement\Activite.gdb\Sentier\Sentier_hiver_l,Remarque,-1,-1,M:\Carto\Donnee\Reseau\Etablissement_touristique\SIM\Etablissement\Activite.gdb\Sentier\Sentier_hiver_l,Remarque,-1,-1;No_ident "No_ident" true true false 25 Text 0 0 ,First,#,M:\Carto\Donnee\Reseau\Etablissement_touristique\DUC\Etablissement\Activite.gdb\Sentier\Sentier_hiver_l,No_ident,-1,-1,M:\Carto\Donnee\Reseau\Etablissement_touristique\SIM\Etablissement\Activite.gdb\Sentier\Sentier_hiver_l,No_ident,-1,-1;Usager "Usager" true true false 50 Text 0 0 ,First,#,M:\Carto\Donnee\Reseau\Etablissement_touristique\DUC\Etablissement\Activite.gdb\Sentier\Sentier_hiver_l,Usager,-1,-1,M:\Carto\Donnee\Reseau\Etablissement_touristique\SIM\Etablissement\Activite.gdb\Sentier\Sentier_hiver_l,Usager,-1,-1;Etat "Etat" true true false 50 Text 0 0 ,First,#,M:\Carto\Donnee\Reseau\Etablissement_touristique\DUC\Etablissement\Activite.gdb\Sentier\Sentier_hiver_l,Etat,-1,-1,M:\Carto\Donnee\Reseau\Etablissement_touristique\SIM\Etablissement\Activite.gdb\Sentier\Sentier_hiver_l,Etat,-1,-1;Toponyme1 "Toponyme1" true true false 100 Text 0 0 ,First,#,M:\Carto\Donnee\Reseau\Etablissement_touristique\DUC\Etablissement\Activite.gdb\Sentier\Sentier_hiver_l,Toponyme1,-1,-1,M:\Carto\Donnee\Reseau\Etablissement_touristique\SIM\Etablissement\Activite.gdb\Sentier\Sentier_hiver_l,Toponyme1,-1,-1;Toponyme2 "Toponyme2" true true false 100 Text 0 0 ,First,#,M:\Carto\Donnee\Reseau\Etablissement_touristique\DUC\Etablissement\Activite.gdb\Sentier\Sentier_hiver_l,Toponyme2,-1,-1,M:\Carto\Donnee\Reseau\Etablissement_touristique\SIM\Etablissement\Activite.gdb\Sentier\Sentier_hiver_l,Toponyme2,-1,-1;Toponyme3 "Toponyme3" true true false 100 Text 0 0 ,First,#,M:\Carto\Donnee\Reseau\Etablissement_touristique\DUC\Etablissement\Activite.gdb\Sentier\Sentier_hiver_l,Toponyme3,-1,-1,M:\Carto\Donnee\Reseau\Etablissement_touristique\SIM\Etablissement\Activite.gdb\Sentier\Sentier_hiver_l,Toponyme3,-1,-1;Toponyme4 "Toponyme4" true true false 100 Text 0 0 ,First,#,M:\Carto\Donnee\Reseau\Etablissement_touristique\DUC\Etablissement\Activite.gdb\Sentier\Sentier_hiver_l,Toponyme4,-1,-1,M:\Carto\Donnee\Reseau\Etablissement_touristique\SIM\Etablissement\Activite.gdb\Sentier\Sentier_hiver_l,Toponyme4,-1,-1;Niv_diff "Niv_diff" true true false 20 Text 0 0 ,First,#,M:\Carto\Donnee\Reseau\Etablissement_touristique\DUC\Etablissement\Activite.gdb\Sentier\Sentier_hiver_l,Niv_diff,-1,-1,M:\Carto\Donnee\Reseau\Etablissement_touristique\SIM\Etablissement\Activite.gdb\Sentier\Sentier_hiver_l,Niv_diff,-1,-1;Secteur "Secteur" true true false 50 Text 0 0 ,First,#,M:\Carto\Donnee\Reseau\Etablissement_touristique\DUC\Etablissement\Activite.gdb\Sentier\Sentier_hiver_l,Secteur,-1,-1,M:\Carto\Donnee\Reseau\Etablissement_touristique\SIM\Etablissement\Activite.gdb\Sentier\Sentier_hiver_l,Secteur,-1,-1;Long_m "Long_m" true true false 8 Double 0 0 ,First,#,M:\Carto\Donnee\Reseau\Etablissement_touristique\DUC\Etablissement\Activite.gdb\Sentier\Sentier_hiver_l,Long_m,-1,-1,M:\Carto\Donnee\Reseau\Etablissement_touristique\SIM\Etablissement\Activite.gdb\Sentier\Sentier_hiver_l,Long_m,-1,-1;Code_res "Code_res" true true false 5 Text 0 0 ,First,#,M:\Carto\Donnee\Reseau\Etablissement_touristique\DUC\Etablissement\Activite.gdb\Sentier\Sentier_hiver_l,Code_res,-1,-1,M:\Carto\Donnee\Reseau\Etablissement_touristique\SIM\Etablissement\Activite.gdb\Sentier\Sentier_hiver_l,Code_res,-1,-1;Toponyme5 "Toponyme5" true true false 100 Text 0 0 ,First,#,M:\Carto\Donnee\Reseau\Etablissement_touristique\DUC\Etablissement\Activite.gdb\Sentier\Sentier_hiver_l,Toponyme5,-1,-1;Toponyme6 "Toponyme6" true true false 100 Text 0 0 ,First,#,M:\Carto\Donnee\Reseau\Etablissement_touristique\DUC\Etablissement\Activite.gdb\Sentier\Sentier_hiver_l,Toponyme6,-1,-1;Usager_2 "Usager_2" true true false 50 Text 0 0 ,First,#,M:\Carto\Donnee\Reseau\Etablissement_touristique\DUC\Etablissement\Activite.gdb\Sentier\Sentier_hiver_l,Usager_2,-1,-1,M:\Carto\Donnee\Reseau\Etablissement_touristique\SIM\Etablissement\Activite.gdb\Sentier\Sentier_hiver_l,Usager_2,-1,-1;Label "Label" true true false 50 Text 0 0 ,First,#,M:\Carto\Donnee\Reseau\Etablissement_touristique\DUC\Etablissement\Activite.gdb\Sentier\Sentier_hiver_l,Label,-1,-1;Shape_Length "Shape_Length" false true true 8 Double 0 0 ,First,#,M:\Carto\Donnee\Reseau\Etablissement_touristique\DUC\Etablissement\Activite.gdb\Sentier\Sentier_hiver_l,Shape_Length,-1,-1,M:\Carto\Donnee\Reseau\Etablissement_touristique\SIM\Etablissement\Activite.gdb\Sentier\Sentier_hiver_l,Shape_Length,-1,-1"</Process><Process Name="Delete Field (2)" ToolSource="c:\program files (x86)\arcgis\desktop10.7\ArcToolbox\Toolboxes\Data Management Tools.tbx\DeleteField" Date="20191205" Time="075341">DeleteField M:\Carto\Donnee\Global\Sepaq\Donnee_Sepaq_A_Jour\Donnee_Etablissement_touristique.gdb\Etablissement_touristique\Sentier_hiver_l Long_m</Process><Process Name="Merge (5)" ToolSource="c:\program files (x86)\arcgis\desktop10.7\ArcToolbox\Toolboxes\Data Management Tools.tbx\Merge" Date="20191205" Time="091211">Merge M:\Carto\Donnee\Global\Sepaq\Donnee_Sepaq_A_Jour\Donnee_Etablissement_touristique.gdb\Etablissement_touristique\Sentier_hiver_l;M:\Carto\Donnee\Global\Sepaq\Donnee_Sepaq_A_Jour\Donnee_Parc_national.gdb\Parc_national\Sentier_hiver_l;M:\Carto\Donnee\Global\Sepaq\Donnee_Sepaq_A_Jour\Donnee_Reserve_faunique.gdb\Reserve_faunique\Sentier_hiver_l M:\Carto\Donnee\Global\Sepaq\Donnee_Sepaq_A_Jour\Donnee_SEPAQ.gdb\Total\Sentier_hiver_l "No_etab "No_etab" true true false 5 Text 0 0 ,First,#,M:\Carto\Donnee\Global\Sepaq\Donnee_Sepaq_2015\Donnee_Centre_touristique_2015.gdb\Centre_touristique\Sentier_hiver_l,No_etab,-1,-1,M:\Carto\Donnee\Global\Sepaq\Donnee_Sepaq_2015\Donnee_Parc_national_2015.gdb\Parc_national\Sentier_hiver_l,No_etab,-1,-1,M:\Carto\Donnee\Global\Sepaq\Donnee_Sepaq_2015\Donnee_Reserve_faunique_2015.gdb\Reserve_faunique\Sentier_hiver_l,No_etab,-1,-1;Code_etab "Code_etab" true true false 20 Text 0 0 ,First,#,M:\Carto\Donnee\Global\Sepaq\Donnee_Sepaq_2015\Donnee_Centre_touristique_2015.gdb\Centre_touristique\Sentier_hiver_l,Code_etab,-1,-1,M:\Carto\Donnee\Global\Sepaq\Donnee_Sepaq_2015\Donnee_Parc_national_2015.gdb\Parc_national\Sentier_hiver_l,Code_etab,-1,-1,M:\Carto\Donnee\Global\Sepaq\Donnee_Sepaq_2015\Donnee_Reserve_faunique_2015.gdb\Reserve_faunique\Sentier_hiver_l,Code_etab,-1,-1;No_reseau "No_reseau" true true false 5 Text 0 0 ,First,#,M:\Carto\Donnee\Global\Sepaq\Donnee_Sepaq_2015\Donnee_Centre_touristique_2015.gdb\Centre_touristique\Sentier_hiver_l,No_reseau,-1,-1,M:\Carto\Donnee\Global\Sepaq\Donnee_Sepaq_2015\Donnee_Parc_national_2015.gdb\Parc_national\Sentier_hiver_l,No_reseau,-1,-1,M:\Carto\Donnee\Global\Sepaq\Donnee_Sepaq_2015\Donnee_Reserve_faunique_2015.gdb\Reserve_faunique\Sentier_hiver_l,No_reseau,-1,-1;Reseau "Reseau" true true false 50 Text 0 0 ,First,#,M:\Carto\Donnee\Global\Sepaq\Donnee_Sepaq_2015\Donnee_Centre_touristique_2015.gdb\Centre_touristique\Sentier_hiver_l,Reseau,-1,-1,M:\Carto\Donnee\Global\Sepaq\Donnee_Sepaq_2015\Donnee_Parc_national_2015.gdb\Parc_national\Sentier_hiver_l,Reseau,-1,-1,M:\Carto\Donnee\Global\Sepaq\Donnee_Sepaq_2015\Donnee_Reserve_faunique_2015.gdb\Reserve_faunique\Sentier_hiver_l,Reseau,-1,-1;Nom_etab "Nom_etab" true true false 100 Text 0 0 ,First,#,M:\Carto\Donnee\Global\Sepaq\Donnee_Sepaq_2015\Donnee_Centre_touristique_2015.gdb\Centre_touristique\Sentier_hiver_l,Nom_etab,-1,-1,M:\Carto\Donnee\Global\Sepaq\Donnee_Sepaq_2015\Donnee_Parc_national_2015.gdb\Parc_national\Sentier_hiver_l,Nom_etab,-1,-1,M:\Carto\Donnee\Global\Sepaq\Donnee_Sepaq_2015\Donnee_Reserve_faunique_2015.gdb\Reserve_faunique\Sentier_hiver_l,Nom_etab,-1,-1;Maj "Maj" true true false 20 Text 0 0 ,First,#,M:\Carto\Donnee\Global\Sepaq\Donnee_Sepaq_2015\Donnee_Centre_touristique_2015.gdb\Centre_touristique\Sentier_hiver_l,Maj,-1,-1,M:\Carto\Donnee\Global\Sepaq\Donnee_Sepaq_2015\Donnee_Parc_national_2015.gdb\Parc_national\Sentier_hiver_l,Maj,-1,-1,M:\Carto\Donnee\Global\Sepaq\Donnee_Sepaq_2015\Donnee_Reserve_faunique_2015.gdb\Reserve_faunique\Sentier_hiver_l,Maj,-1,-1;Source "Source" true true false 20 Text 0 0 ,First,#,M:\Carto\Donnee\Global\Sepaq\Donnee_Sepaq_2015\Donnee_Centre_touristique_2015.gdb\Centre_touristique\Sentier_hiver_l,Source,-1,-1,M:\Carto\Donnee\Global\Sepaq\Donnee_Sepaq_2015\Donnee_Parc_national_2015.gdb\Parc_national\Sentier_hiver_l,Source,-1,-1,M:\Carto\Donnee\Global\Sepaq\Donnee_Sepaq_2015\Donnee_Reserve_faunique_2015.gdb\Reserve_faunique\Sentier_hiver_l,Source,-1,-1;Remarque "Remarque" true true false 150 Text 0 0 ,First,#,M:\Carto\Donnee\Global\Sepaq\Donnee_Sepaq_2015\Donnee_Centre_touristique_2015.gdb\Centre_touristique\Sentier_hiver_l,Remarque,-1,-1,M:\Carto\Donnee\Global\Sepaq\Donnee_Sepaq_2015\Donnee_Parc_national_2015.gdb\Parc_national\Sentier_hiver_l,Remarque,-1,-1,M:\Carto\Donnee\Global\Sepaq\Donnee_Sepaq_2015\Donnee_Reserve_faunique_2015.gdb\Reserve_faunique\Sentier_hiver_l,Remarque,-1,-1;No_ident "No_ident" true true false 25 Text 0 0 ,First,#,M:\Carto\Donnee\Global\Sepaq\Donnee_Sepaq_2015\Donnee_Centre_touristique_2015.gdb\Centre_touristique\Sentier_hiver_l,No_ident,-1,-1;Usager "Usager" true true false 50 Text 0 0 ,First,#,M:\Carto\Donnee\Global\Sepaq\Donnee_Sepaq_2015\Donnee_Centre_touristique_2015.gdb\Centre_touristique\Sentier_hiver_l,Usager,-1,-1,M:\Carto\Donnee\Global\Sepaq\Donnee_Sepaq_2015\Donnee_Parc_national_2015.gdb\Parc_national\Sentier_hiver_l,Usager,-1,-1,M:\Carto\Donnee\Global\Sepaq\Donnee_Sepaq_2015\Donnee_Reserve_faunique_2015.gdb\Reserve_faunique\Sentier_hiver_l,Usager,-1,-1;Etat "Etat" true true false 50 Text 0 0 ,First,#,M:\Carto\Donnee\Global\Sepaq\Donnee_Sepaq_2015\Donnee_Centre_touristique_2015.gdb\Centre_touristique\Sentier_hiver_l,Etat,-1,-1,M:\Carto\Donnee\Global\Sepaq\Donnee_Sepaq_2015\Donnee_Parc_national_2015.gdb\Parc_national\Sentier_hiver_l,Etat,-1,-1,M:\Carto\Donnee\Global\Sepaq\Donnee_Sepaq_2015\Donnee_Reserve_faunique_2015.gdb\Reserve_faunique\Sentier_hiver_l,Etat,-1,-1;Toponyme1 "Toponyme1" true true false 100 Text 0 0 ,First,#,M:\Carto\Donnee\Global\Sepaq\Donnee_Sepaq_2015\Donnee_Centre_touristique_2015.gdb\Centre_touristique\Sentier_hiver_l,Toponyme1,-1,-1,M:\Carto\Donnee\Global\Sepaq\Donnee_Sepaq_2015\Donnee_Parc_national_2015.gdb\Parc_national\Sentier_hiver_l,Toponyme1,-1,-1,M:\Carto\Donnee\Global\Sepaq\Donnee_Sepaq_2015\Donnee_Reserve_faunique_2015.gdb\Reserve_faunique\Sentier_hiver_l,Toponyme1,-1,-1;Toponyme2 "Toponyme2" true true false 100 Text 0 0 ,First,#,M:\Carto\Donnee\Global\Sepaq\Donnee_Sepaq_2015\Donnee_Centre_touristique_2015.gdb\Centre_touristique\Sentier_hiver_l,Toponyme2,-1,-1,M:\Carto\Donnee\Global\Sepaq\Donnee_Sepaq_2015\Donnee_Parc_national_2015.gdb\Parc_national\Sentier_hiver_l,Toponyme2,-1,-1,M:\Carto\Donnee\Global\Sepaq\Donnee_Sepaq_2015\Donnee_Reserve_faunique_2015.gdb\Reserve_faunique\Sentier_hiver_l,Toponyme2,-1,-1;Toponyme3 "Toponyme3" true true false 100 Text 0 0 ,First,#,M:\Carto\Donnee\Global\Sepaq\Donnee_Sepaq_2015\Donnee_Centre_touristique_2015.gdb\Centre_touristique\Sentier_hiver_l,Toponyme3,-1,-1,M:\Carto\Donnee\Global\Sepaq\Donnee_Sepaq_2015\Donnee_Parc_national_2015.gdb\Parc_national\Sentier_hiver_l,Toponyme3,-1,-1,M:\Carto\Donnee\Global\Sepaq\Donnee_Sepaq_2015\Donnee_Reserve_faunique_2015.gdb\Reserve_faunique\Sentier_hiver_l,Toponyme3,-1,-1;Toponyme4 "Toponyme4" true true false 100 Text 0 0 ,First,#,M:\Carto\Donnee\Global\Sepaq\Donnee_Sepaq_2015\Donnee_Centre_touristique_2015.gdb\Centre_touristique\Sentier_hiver_l,Toponyme4,-1,-1,M:\Carto\Donnee\Global\Sepaq\Donnee_Sepaq_2015\Donnee_Parc_national_2015.gdb\Parc_national\Sentier_hiver_l,Toponyme4,-1,-1,M:\Carto\Donnee\Global\Sepaq\Donnee_Sepaq_2015\Donnee_Reserve_faunique_2015.gdb\Reserve_faunique\Sentier_hiver_l,Toponyme4,-1,-1;Niv_diff "Niv_diff" true true false 20 Text 0 0 ,First,#,M:\Carto\Donnee\Global\Sepaq\Donnee_Sepaq_2015\Donnee_Centre_touristique_2015.gdb\Centre_touristique\Sentier_hiver_l,Niv_diff,-1,-1,M:\Carto\Donnee\Global\Sepaq\Donnee_Sepaq_2015\Donnee_Parc_national_2015.gdb\Parc_national\Sentier_hiver_l,Niv_diff,-1,-1,M:\Carto\Donnee\Global\Sepaq\Donnee_Sepaq_2015\Donnee_Reserve_faunique_2015.gdb\Reserve_faunique\Sentier_hiver_l,Niv_diff,-1,-1;Secteur "Secteur" true true false 50 Text 0 0 ,First,#,M:\Carto\Donnee\Global\Sepaq\Donnee_Sepaq_2015\Donnee_Centre_touristique_2015.gdb\Centre_touristique\Sentier_hiver_l,Secteur,-1,-1,M:\Carto\Donnee\Global\Sepaq\Donnee_Sepaq_2015\Donnee_Parc_national_2015.gdb\Parc_national\Sentier_hiver_l,Secteur,-1,-1,M:\Carto\Donnee\Global\Sepaq\Donnee_Sepaq_2015\Donnee_Reserve_faunique_2015.gdb\Reserve_faunique\Sentier_hiver_l,Secteur,-1,-1;Code_res "Code_res" true true false 5 Text 0 0 ,First,#,M:\Carto\Donnee\Global\Sepaq\Donnee_Sepaq_2015\Donnee_Centre_touristique_2015.gdb\Centre_touristique\Sentier_hiver_l,Code_res,-1,-1,M:\Carto\Donnee\Global\Sepaq\Donnee_Sepaq_2015\Donnee_Parc_national_2015.gdb\Parc_national\Sentier_hiver_l,Code_res,-1,-1,M:\Carto\Donnee\Global\Sepaq\Donnee_Sepaq_2015\Donnee_Reserve_faunique_2015.gdb\Reserve_faunique\Sentier_hiver_l,Code_res,-1,-1;Toponyme5 "Toponyme5" true true false 100 Text 0 0 ,First,#,M:\Carto\Donnee\Global\Sepaq\Donnee_Sepaq_2015\Donnee_Centre_touristique_2015.gdb\Centre_touristique\Sentier_hiver_l,Toponyme5,-1,-1,M:\Carto\Donnee\Global\Sepaq\Donnee_Sepaq_2015\Donnee_Parc_national_2015.gdb\Parc_national\Sentier_hiver_l,Toponyme5,-1,-1;Toponyme6 "Toponyme6" true true false 100 Text 0 0 ,First,#,M:\Carto\Donnee\Global\Sepaq\Donnee_Sepaq_2015\Donnee_Centre_touristique_2015.gdb\Centre_touristique\Sentier_hiver_l,Toponyme6,-1,-1,M:\Carto\Donnee\Global\Sepaq\Donnee_Sepaq_2015\Donnee_Parc_national_2015.gdb\Parc_national\Sentier_hiver_l,Toponyme6,-1,-1;Usager_2 "Usager_2" true true false 50 Text 0 0 ,First,#,M:\Carto\Donnee\Global\Sepaq\Donnee_Sepaq_2015\Donnee_Centre_touristique_2015.gdb\Centre_touristique\Sentier_hiver_l,Usager_2,-1,-1,M:\Carto\Donnee\Global\Sepaq\Donnee_Sepaq_2015\Donnee_Parc_national_2015.gdb\Parc_national\Sentier_hiver_l,Usager_2,-1,-1,M:\Carto\Donnee\Global\Sepaq\Donnee_Sepaq_2015\Donnee_Reserve_faunique_2015.gdb\Reserve_faunique\Sentier_hiver_l,Usager_2,-1,-1;Shape_Length "Shape_Length" false true true 8 Double 0 0 ,First,#,M:\Carto\Donnee\Global\Sepaq\Donnee_Sepaq_2015\Donnee_Centre_touristique_2015.gdb\Centre_touristique\Sentier_hiver_l,Shape_Length,-1,-1,M:\Carto\Donnee\Global\Sepaq\Donnee_Sepaq_2015\Donnee_Parc_national_2015.gdb\Parc_national\Sentier_hiver_l,Shape_Length,-1,-1,M:\Carto\Donnee\Global\Sepaq\Donnee_Sepaq_2015\Donnee_Reserve_faunique_2015.gdb\Reserve_faunique\Sentier_hiver_l,Shape_Length,-1,-1;Toponyme7 "Toponyme7" true true false 100 Text 0 0 ,First,#,M:\Carto\Donnee\Global\Sepaq\Donnee_Sepaq_2015\Donnee_Parc_national_2015.gdb\Parc_national\Sentier_hiver_l,Toponyme7,-1,-1;Toponyme8 "Toponyme8" true true false 100 Text 0 0 ,First,#,M:\Carto\Donnee\Global\Sepaq\Donnee_Sepaq_2015\Donnee_Parc_national_2015.gdb\Parc_national\Sentier_hiver_l,Toponyme8,-1,-1;Toponyme9 "Toponyme9" true true false 100 Text 0 0 ,First,#,M:\Carto\Donnee\Global\Sepaq\Donnee_Sepaq_2015\Donnee_Parc_national_2015.gdb\Parc_national\Sentier_hiver_l,Toponyme9,-1,-1;Toponyme10 "Toponyme10" true true false 100 Text 0 0 ,First,#,M:\Carto\Donnee\Global\Sepaq\Donnee_Sepaq_2015\Donnee_Parc_national_2015.gdb\Parc_national\Sentier_hiver_l,Toponyme10,-1,-1;Toponyme11 "Toponyme11" true true false 100 Text 0 0 ,First,#,M:\Carto\Donnee\Global\Sepaq\Donnee_Sepaq_2015\Donnee_Parc_national_2015.gdb\Parc_national\Sentier_hiver_l,Toponyme11,-1,-1;Toponyme12 "Toponyme12" true true false 100 Text 0 0 ,First,#,M:\Carto\Donnee\Global\Sepaq\Donnee_Sepaq_2015\Donnee_Parc_national_2015.gdb\Parc_national\Sentier_hiver_l,Toponyme12,-1,-1;Usager_3 "Usager_3" true true false 50 Text 0 0 ,First,#,M:\Carto\Donnee\Global\Sepaq\Donnee_Sepaq_2015\Donnee_Parc_national_2015.gdb\Parc_national\Sentier_hiver_l,Usager_3,-1,-1;Usager_4 "Usager_4" true true false 50 Text 0 0 ,First,#,M:\Carto\Donnee\Global\Sepaq\Donnee_Sepaq_2015\Donnee_Parc_national_2015.gdb\Parc_national\Sentier_hiver_l,Usager_4,-1,-1"</Process><Process Name="Feature Class to Feature Class (2)" ToolSource="c:\program files (x86)\arcgis\desktop10.7\ArcToolbox\Toolboxes\Conversion Tools.tbx\FeatureClassToFeatureClass" Date="20200129" Time="074801">FeatureClassToFeatureClass Sentier_hiver_l M:\Carto\Donnee\Global\Sepaq\Donnee_Quebec\SHP Sentier_hiver_l.shp # "No_etab "No_etab" true true false 5 Text 0 0 ,First,#,Sentier_hiver_l,No_etab,-1,-1;Code_etab "Code_etab" true true false 20 Text 0 0 ,First,#,Sentier_hiver_l,Code_etab,-1,-1;No_reseau "No_reseau" true true false 5 Text 0 0 ,First,#,Sentier_hiver_l,No_reseau,-1,-1;Reseau "Reseau" true true false 50 Text 0 0 ,First,#,Sentier_hiver_l,Reseau,-1,-1;Nom_etab "Nom_etab" true true false 100 Text 0 0 ,First,#,Sentier_hiver_l,Nom_etab,-1,-1;Maj "Maj" true true false 20 Text 0 0 ,First,#,Sentier_hiver_l,Maj,-1,-1;Source "Source" true true false 20 Text 0 0 ,First,#,Sentier_hiver_l,Source,-1,-1;Remarque "Remarque" true true false 150 Text 0 0 ,First,#,Sentier_hiver_l,Remarque,-1,-1;No_ident "No_ident" true true false 25 Text 0 0 ,First,#,Sentier_hiver_l,No_ident,-1,-1;Usager "Usager" true true false 50 Text 0 0 ,First,#,Sentier_hiver_l,Usager,-1,-1;Etat "Etat" true true false 50 Text 0 0 ,First,#,Sentier_hiver_l,Etat,-1,-1;Toponyme1 "Toponyme1" true true false 100 Text 0 0 ,First,#,Sentier_hiver_l,Toponyme1,-1,-1;Toponyme2 "Toponyme2" true true false 100 Text 0 0 ,First,#,Sentier_hiver_l,Toponyme2,-1,-1;Toponyme3 "Toponyme3" true true false 100 Text 0 0 ,First,#,Sentier_hiver_l,Toponyme3,-1,-1;Toponyme4 "Toponyme4" true true false 100 Text 0 0 ,First,#,Sentier_hiver_l,Toponyme4,-1,-1;Niv_diff "Niv_diff" true true false 20 Text 0 0 ,First,#,Sentier_hiver_l,Niv_diff,-1,-1;Secteur "Secteur" true true false 50 Text 0 0 ,First,#,Sentier_hiver_l,Secteur,-1,-1;Code_res "Code_res" true true false 5 Text 0 0 ,First,#,Sentier_hiver_l,Code_res,-1,-1;Toponyme5 "Toponyme5" true true false 100 Text 0 0 ,First,#,Sentier_hiver_l,Toponyme5,-1,-1;Toponyme6 "Toponyme6" true true false 100 Text 0 0 ,First,#,Sentier_hiver_l,Toponyme6,-1,-1;Usager_2 "Usager_2" true true false 50 Text 0 0 ,First,#,Sentier_hiver_l,Usager_2,-1,-1;Toponyme7 "Toponyme7" true true false 100 Text 0 0 ,First,#,Sentier_hiver_l,Toponyme7,-1,-1;Toponyme8 "Toponyme8" true true false 100 Text 0 0 ,First,#,Sentier_hiver_l,Toponyme8,-1,-1;Toponyme9 "Toponyme9" true true false 100 Text 0 0 ,First,#,Sentier_hiver_l,Toponyme9,-1,-1;Toponyme10 "Toponyme10" true true false 100 Text 0 0 ,First,#,Sentier_hiver_l,Toponyme10,-1,-1;Toponyme11 "Toponyme11" true true false 100 Text 0 0 ,First,#,Sentier_hiver_l,Toponyme11,-1,-1;Toponyme12 "Toponyme12" true true false 100 Text 0 0 ,First,#,Sentier_hiver_l,Toponyme12,-1,-1;Usager_3 "Usager_3" true true false 50 Text 0 0 ,First,#,Sentier_hiver_l,Usager_3,-1,-1;Usager_4 "Usager_4" true true false 50 Text 0 0 ,First,#,Sentier_hiver_l,Usager_4,-1,-1;Shape_Leng "Shape_Leng" false true true 8 Double 0 0 ,First,#,Sentier_hiver_l,Shape_Length,-1,-1" #</Process><Process Name="Delete Field (2)" ToolSource="c:\program files (x86)\arcgis\desktop10.7\ArcToolbox\Toolboxes\Data Management Tools.tbx\DeleteField" Date="20200129" Time="074801">DeleteField M:\Carto\Donnee\Global\Sepaq\Donnee_Quebec\SHP\Sentier_hiver_l.shp Remarque</Process></lineage><itemProps><itemName Sync="TRUE">Sentier_hiver_l</itemName><imsContentType Sync="TRUE">002</imsContentType><itemLocation><linkage Sync="TRUE">file://\\smbarcgis01.reseausepaq.local\geo\Carto\Donnee\Global\Sepaq\Donnee_Quebec\SHP\Sentier_hiver_l.shp</linkage><protocol Sync="TRUE">Local Area Network</protocol></itemLocation><itemSize Sync="TRUE">0.000</itemSize></itemProps><coordRef><type Sync="TRUE">Projected</type><geogcsn Sync="TRUE">GCS_North_American_1983</geogcsn><csUnits Sync="TRUE">Linear Unit: Meter (1.000000)</csUnits><projcsn Sync="TRUE">NAD_1983_Quebec_Lambert</projcsn><peXml Sync="TRUE">&lt;ProjectedCoordinateSystem xsi:type='typens:ProjectedCoordinateSystem' xmlns:xsi='http://www.w3.org/2001/XMLSchema-instance' xmlns:xs='http://www.w3.org/2001/XMLSchema' xmlns:typens='http://www.esri.com/schemas/ArcGIS/10.7'&gt;&lt;WKT&gt;PROJCS[&amp;quot;NAD_1983_Quebec_Lambert&amp;quot;,GEOGCS[&amp;quot;GCS_North_American_1983&amp;quot;,DATUM[&amp;quot;D_North_American_1983&amp;quot;,SPHEROID[&amp;quot;GRS_1980&amp;quot;,6378137.0,298.257222101]],PRIMEM[&amp;quot;Greenwich&amp;quot;,0.0],UNIT[&amp;quot;Degree&amp;quot;,0.0174532925199433]],PROJECTION[&amp;quot;Lambert_Conformal_Conic&amp;quot;],PARAMETER[&amp;quot;False_Easting&amp;quot;,0.0],PARAMETER[&amp;quot;False_Northing&amp;quot;,0.0],PARAMETER[&amp;quot;Central_Meridian&amp;quot;,-68.5],PARAMETER[&amp;quot;Standard_Parallel_1&amp;quot;,46.0],PARAMETER[&amp;quot;Standard_Parallel_2&amp;quot;,60.0],PARAMETER[&amp;quot;Latitude_Of_Origin&amp;quot;,44.0],UNIT[&amp;quot;Meter&amp;quot;,1.0],AUTHORITY[&amp;quot;EPSG&amp;quot;,32198]]&lt;/WKT&gt;&lt;XOrigin&gt;-35683500&lt;/XOrigin&gt;&lt;YOrigin&gt;-29917500&lt;/YOrigin&gt;&lt;XYScale&gt;126209582.22625288&lt;/XYScale&gt;&lt;ZOrigin&gt;-100000&lt;/ZOrigin&gt;&lt;ZScale&gt;10000&lt;/ZScale&gt;&lt;MOrigin&gt;-100000&lt;/MOrigin&gt;&lt;MScale&gt;10000&lt;/MScale&gt;&lt;XYTolerance&gt;0.001&lt;/XYTolerance&gt;&lt;ZTolerance&gt;0.001&lt;/ZTolerance&gt;&lt;MTolerance&gt;0.001&lt;/MTolerance&gt;&lt;HighPrecision&gt;true&lt;/HighPrecision&gt;&lt;WKID&gt;32198&lt;/WKID&gt;&lt;LatestWKID&gt;32198&lt;/LatestWKID&gt;&lt;/ProjectedCoordinateSystem&gt;</peXml></coordRef></DataProperties><ArcGISFormat>1.0</ArcGISFormat></Esri><idinfo><citation><citeinfo><onlink Sync="TRUE">\\Atlas\geo-maitre\Carto\Donnee\Reseau\Centre_touristique\CT_Duchesnay\Etablissement\Activite.gdb</onlink><origin>REQUIRED: The name of an organization or individual that developed the data set.</origin><pubdate>REQUIRED: The date when the data set is published or otherwise made available for release.</pubdate><title Sync="TRUE">ski</title><ftname Sync="TRUE">ski</ftname><geoform Sync="TRUE">vector digital data</geoform></citeinfo></citation><native Sync="TRUE">Microsoft Windows XP Version 5.1 (Build 2600) Service Pack 3; ESRI ArcCatalog 9.3.1.3000</native><descript><langdata Sync="TRUE">fr</langdata><abstract>REQUIRED: A brief narrative summary of the data set.</abstract><purpose>REQUIRED: A summary of the intentions with which the data set was developed.</purpose></descript><timeperd><current>REQUIRED: The basis on which the time period of content information is determined.</current><timeinfo><sngdate><caldate>REQUIRED: The year (and optionally month, or month and day) for which the data set corresponds to the ground.</caldate></sngdate></timeinfo></timeperd><status><progress>REQUIRED: The state of the data set.</progress><update>REQUIRED: The frequency with which changes and additions are made to the data set after the initial data set is completed.</update></status><spdom><bounding><westbc Sync="TRUE">REQUIRED: Western-most coordinate of the limit of coverage expressed in longitude.</westbc><eastbc Sync="TRUE">REQUIRED: Eastern-most coordinate of the limit of coverage expressed in longitude.</eastbc><northbc Sync="TRUE">REQUIRED: Northern-most coordinate of the limit of coverage expressed in latitude.</northbc><southbc Sync="TRUE">REQUIRED: Southern-most coordinate of the limit of coverage expressed in latitude.</southbc></bounding></spdom><keywords><theme><themekt>REQUIRED: Reference to a formally registered thesaurus or a similar authoritative source of theme keywords.</themekt><themekey>REQUIRED: Common-use word or phrase used to describe the subject of the data set.</themekey></theme></keywords><accconst>REQUIRED: Restrictions and legal prerequisites for accessing the data set.</accconst><useconst>REQUIRED: Restrictions and legal prerequisites for using the data set after access is granted.</useconst><natvform Sync="TRUE">File Geodatabase Feature Class</natvform></idinfo><distInfo><distributor><distorTran><onLineSrc><linkage Sync="TRUE">file://\\Atlas\geo-maitre\Carto\Donnee\Reseau\Centre_touristique\CT_Duchesnay\Etablissement\Activite.gdb</linkage><protocol Sync="TRUE">Local Area Network</protocol><orDesc Sync="TRUE">002</orDesc></onLineSrc></distorTran><distorFormat><formatName Sync="TRUE">File Geodatabase Feature Class</formatName></distorFormat></distributor><distFormat><formatName Sync="TRUE">Shapefile</formatName></distFormat><distTranOps><transSize Sync="TRUE">0.000</transSize></distTranOps></distInfo><dataqual><lineage><procstep><procdesc Sync="TRUE">Dataset moved.</procdesc><srcused Sync="TRUE">M:\Carto\Donnee\Reseau\Centre_touristique\CT_Duchesnay\ski</srcused><procdate Sync="TRUE">20090915</procdate><proctime Sync="TRUE">10442400</proctime></procstep><procstep><procdesc Sync="TRUE">Dataset copied.</procdesc><srcused Sync="TRUE">\\Atlas\geo-maitre\Carto\Donnee\Reseau\Centre_touristique\CT_Duchesnay\Etablissement\Activite.gdb</srcused><procdate Sync="TRUE">20101111</procdate><proctime Sync="TRUE">10224700</proctime></procstep></lineage></dataqual><dataIdInfo><envirDesc Sync="TRUE"> Version 6.2 (Build 9200) ; Esri ArcGIS 10.7.0.10450</envirDesc><dataLang><languageCode Sync="TRUE" value="fra"></languageCode><countryCode value="CAN" Sync="TRUE"></countryCode></dataLang><idCitation><resTitle Sync="TRUE">Sentier_hiver_l</resTitle><presForm><PresFormCd value="005" Sync="TRUE"></PresFormCd></presForm></idCitation><spatRpType><SpatRepTypCd value="001" Sync="TRUE"></SpatRepTypCd></spatRpType></dataIdInfo><metainfo><langmeta Sync="TRUE">fr</langmeta><metstdn Sync="TRUE">FGDC Content Standards for Digital Geospatial Metadata</metstdn><metstdv Sync="TRUE">FGDC-STD-001-1998</metstdv><mettc Sync="TRUE">local time</mettc><metc><cntinfo><cntorgp><cntper>REQUIRED: The person responsible for the metadata information.</cntper><cntorg>REQUIRED: The organization responsible for the metadata information.</cntorg></cntorgp><cntaddr><addrtype>REQUIRED: The mailing and/or physical address for the organization or individual.</addrtype><city>REQUIRED: The city of the address.</city><state>REQUIRED: The state or province of the address.</state><postal>REQUIRED: The ZIP or other postal code of the address.</postal></cntaddr><cntvoice>REQUIRED: The telephone number by which individuals can speak to the organization or individual.</cntvoice></cntinfo></metc><metd Sync="TRUE">20090930</metd></metainfo><mdLang><languageCode Sync="TRUE" value="fra"></languageCode><countryCode value="CAN" Sync="TRUE"></countryCode></mdLang><mdStanName Sync="TRUE">ISO 19115 Geographic Information - Metadata</mdStanName><mdStanVer Sync="TRUE">DIS_ESRI1.0</mdStanVer><mdChar><CharSetCd Sync="TRUE" value="004"></CharSetCd></mdChar><mdHrLv><ScopeCd Sync="TRUE" value="005"></ScopeCd></mdHrLv><mdHrLvName Sync="TRUE">dataset</mdHrLvName><distinfo><resdesc Sync="TRUE">Downloadable Data</resdesc></distinfo><spdoinfo><direct Sync="TRUE">Vector</direct><ptvctinf><esriterm Name="Sentier_hiver_l"><efeatyp Sync="TRUE">Simple</efeatyp><efeageom code="3" Sync="TRUE"></efeageom><esritopo Sync="TRUE">FALSE</esritopo><efeacnt Sync="TRUE">0</efeacnt><spindex Sync="TRUE">FALSE</spindex><linrefer Sync="TRUE">FALSE</linrefer></esriterm></ptvctinf></spdoinfo><spref><horizsys><cordsysn><geogcsn Sync="TRUE">GCS_North_American_1983</geogcsn><projcsn Sync="TRUE">NAD_1983_MTM_7</projcsn></cordsysn><planar><planci><plance Sync="TRUE">coordinate pair</plance><plandu Sync="TRUE">meters</plandu><coordrep><absres Sync="TRUE">0.000100</absres><ordres Sync="TRUE">0.000100</ordres></coordrep></planci></planar><geodetic><horizdn Sync="TRUE">North American Datum of 1983</horizdn><ellips Sync="TRUE">Geodetic Reference System 80</ellips><semiaxis Sync="TRUE">6378137.000000</semiaxis><denflat Sync="TRUE">298.257222</denflat></geodetic></horizsys><vertdef><altsys><altenc Sync="TRUE">Explicit elevation coordinate included with horizontal coordinates</altenc><altres Sync="TRUE">0.000100</altres></altsys></vertdef></spref><refSysInfo><RefSystem><refSysID><identCode Sync="TRUE" code="32198">NAD_1983_MTM_7</identCode><idCodeSpace Sync="TRUE">EPSG</idCodeSpace><idVersion Sync="TRUE">8.3.1(8.1.0)</idVersion></refSysID></RefSystem></refSysInfo><spatRepInfo><VectSpatRep><geometObjs Name="Sentier_hiver_l"><geoObjTyp><GeoObjTypCd value="002" Sync="TRUE"></GeoObjTypCd></geoObjTyp><geoObjCnt Sync="TRUE">0</geoObjCnt></geometObjs><topLvl><TopoLevCd value="001" Sync="TRUE"></TopoLevCd></topLvl></VectSpatRep></spatRepInfo><eainfo><detailed Name="Sentier_hiver_l"><enttyp><enttypl Sync="TRUE">Sentier_hiver_l</enttypl><enttypt Sync="TRUE">Feature Class</enttypt><enttypc Sync="TRUE">0</enttypc></enttyp><attr><attrlabl Sync="TRUE">FID</attrlabl><attalias Sync="TRUE">FID</attalias><attrtype Sync="TRUE">OID</attrtype><attwidth Sync="TRUE">4</attwidth><atprecis Sync="TRUE">0</atprecis><attscale Sync="TRUE">0</attscale><attrdef Sync="TRUE">Internal feature number.</attrdef><attrdefs Sync="TRUE">Esri</attrdefs><attrdomv><udom Sync="TRUE">Sequential unique whole numbers that are automatically generated.</udom></attrdomv></attr><attr><attrlabl Sync="TRUE">Shape</attrlabl><attalias Sync="TRUE">Shape</attalias><attrtype Sync="TRUE">Geometry</attrtype><attwidth Sync="TRUE">0</attwidth><atprecis Sync="TRUE">0</atprecis><attscale Sync="TRUE">0</attscale><attrdef Sync="TRUE">Feature geometry.</attrdef><attrdefs Sync="TRUE">ESRI</attrdefs><attrdomv><udom Sync="TRUE">Coordinates defining the features.</udom></attrdomv></attr><attr><attrlabl Sync="TRUE">No_etab</attrlabl><attalias Sync="TRUE">No_etab</attalias><attrtype Sync="TRUE">String</attrtype><attwidth Sync="TRUE">5</attwidth><atprecis Sync="TRUE">0</atprecis><attscale Sync="TRUE">0</attscale></attr><attr><attrlabl Sync="TRUE">Code_etab</attrlabl><attalias Sync="TRUE">Code_etab</attalias><attrtype Sync="TRUE">String</attrtype><attwidth Sync="TRUE">20</attwidth><atprecis Sync="TRUE">0</atprecis><attscale Sync="TRUE">0</attscale></attr><attr><attrlabl Sync="TRUE">No_reseau</attrlabl><attalias Sync="TRUE">No_reseau</attalias><attrtype Sync="TRUE">String</attrtype><attwidth Sync="TRUE">5</attwidth><atprecis Sync="TRUE">0</atprecis><attscale Sync="TRUE">0</attscale></attr><attr><attrlabl Sync="TRUE">Reseau</attrlabl><attalias Sync="TRUE">Reseau</attalias><attrtype Sync="TRUE">String</attrtype><attwidth Sync="TRUE">50</attwidth><atprecis Sync="TRUE">0</atprecis><attscale Sync="TRUE">0</attscale></attr><attr><attrlabl Sync="TRUE">Nom_etab</attrlabl><attalias Sync="TRUE">Nom_etab</attalias><attrtype Sync="TRUE">String</attrtype><attwidth Sync="TRUE">100</attwidth><atprecis Sync="TRUE">0</atprecis><attscale Sync="TRUE">0</attscale></attr><attr><attrlabl Sync="TRUE">Maj</attrlabl><attalias Sync="TRUE">Maj</attalias><attrtype Sync="TRUE">String</attrtype><attwidth Sync="TRUE">20</attwidth><atprecis Sync="TRUE">0</atprecis><attscale Sync="TRUE">0</attscale></attr><attr><attrlabl Sync="TRUE">Source</attrlabl><attalias Sync="TRUE">Source</attalias><attrtype Sync="TRUE">String</attrtype><attwidth Sync="TRUE">20</attwidth><atprecis Sync="TRUE">0</atprecis><attscale Sync="TRUE">0</attscale></attr><attr><attrlabl Sync="TRUE">Remarque</attrlabl><attalias Sync="TRUE">Remarque</attalias><attrtype Sync="TRUE">String</attrtype><attwidth Sync="TRUE">150</attwidth><atprecis Sync="TRUE">0</atprecis><attscale Sync="TRUE">0</attscale></attr><attr><attrlabl Sync="TRUE">No_ident</attrlabl><attalias Sync="TRUE">No_ident</attalias><attrtype Sync="TRUE">String</attrtype><attwidth Sync="TRUE">25</attwidth><atprecis Sync="TRUE">0</atprecis><attscale Sync="TRUE">0</attscale></attr><attr><attrlabl Sync="TRUE">Usager</attrlabl><attalias Sync="TRUE">Usager</attalias><attrtype Sync="TRUE">String</attrtype><attwidth Sync="TRUE">50</attwidth><atprecis Sync="TRUE">0</atprecis><attscale Sync="TRUE">0</attscale></attr><attr><attrlabl Sync="TRUE">Etat</attrlabl><attalias Sync="TRUE">Etat</attalias><attrtype Sync="TRUE">String</attrtype><attwidth Sync="TRUE">50</attwidth><atprecis Sync="TRUE">0</atprecis><attscale Sync="TRUE">0</attscale></attr><attr><attrlabl Sync="TRUE">Toponyme1</attrlabl><attalias Sync="TRUE">Toponyme1</attalias><attrtype Sync="TRUE">String</attrtype><attwidth Sync="TRUE">100</attwidth><atprecis Sync="TRUE">0</atprecis><attscale Sync="TRUE">0</attscale></attr><attr><attrlabl Sync="TRUE">Toponyme2</attrlabl><attalias Sync="TRUE">Toponyme2</attalias><attrtype Sync="TRUE">String</attrtype><attwidth Sync="TRUE">100</attwidth><atprecis Sync="TRUE">0</atprecis><attscale Sync="TRUE">0</attscale></attr><attr><attrlabl Sync="TRUE">Toponyme3</attrlabl><attalias Sync="TRUE">Toponyme3</attalias><attrtype Sync="TRUE">String</attrtype><attwidth Sync="TRUE">100</attwidth><atprecis Sync="TRUE">0</atprecis><attscale Sync="TRUE">0</attscale></attr><attr><attrlabl Sync="TRUE">Toponyme4</attrlabl><attalias Sync="TRUE">Toponyme4</attalias><attrtype Sync="TRUE">String</attrtype><attwidth Sync="TRUE">100</attwidth><atprecis Sync="TRUE">0</atprecis><attscale Sync="TRUE">0</attscale></attr><attr><attrlabl Sync="TRUE">Niv_diff</attrlabl><attalias Sync="TRUE">Niv_diff</attalias><attrtype Sync="TRUE">String</attrtype><attwidth Sync="TRUE">20</attwidth><atprecis Sync="TRUE">0</atprecis><attscale Sync="TRUE">0</attscale></attr><attr><attrlabl Sync="TRUE">Secteur</attrlabl><attalias Sync="TRUE">Secteur</attalias><attrtype Sync="TRUE">String</attrtype><attwidth Sync="TRUE">50</attwidth><atprecis Sync="TRUE">0</atprecis><attscale Sync="TRUE">0</attscale></attr><attr><attrlabl Sync="TRUE">Code_res</attrlabl><attalias Sync="TRUE">Code_res</attalias><attrtype Sync="TRUE">String</attrtype><attwidth Sync="TRUE">5</attwidth><atprecis Sync="TRUE">0</atprecis><attscale Sync="TRUE">0</attscale></attr><attr><attrlabl Sync="TRUE">Toponyme5</attrlabl><attalias Sync="TRUE">Toponyme5</attalias><attrtype Sync="TRUE">String</attrtype><attwidth Sync="TRUE">100</attwidth><atprecis Sync="TRUE">0</atprecis><attscale Sync="TRUE">0</attscale></attr><attr><attrlabl Sync="TRUE">Toponyme6</attrlabl><attalias Sync="TRUE">Toponyme6</attalias><attrtype Sync="TRUE">String</attrtype><attwidth Sync="TRUE">100</attwidth><atprecis Sync="TRUE">0</atprecis><attscale Sync="TRUE">0</attscale></attr><attr><attrlabl Sync="TRUE">Usager_2</attrlabl><attalias Sync="TRUE">Usager_2</attalias><attrtype Sync="TRUE">String</attrtype><attwidth Sync="TRUE">50</attwidth><atprecis Sync="TRUE">0</atprecis><attscale Sync="TRUE">0</attscale></attr><attr><attrlabl Sync="TRUE">Toponyme7</attrlabl><attalias Sync="TRUE">Toponyme7</attalias><attrtype Sync="TRUE">String</attrtype><attwidth Sync="TRUE">100</attwidth><atprecis Sync="TRUE">0</atprecis><attscale Sync="TRUE">0</attscale></attr><attr><attrlabl Sync="TRUE">Toponyme8</attrlabl><attalias Sync="TRUE">Toponyme8</attalias><attrtype Sync="TRUE">String</attrtype><attwidth Sync="TRUE">100</attwidth><atprecis Sync="TRUE">0</atprecis><attscale Sync="TRUE">0</attscale></attr><attr><attrlabl Sync="TRUE">Toponyme9</attrlabl><attalias Sync="TRUE">Toponyme9</attalias><attrtype Sync="TRUE">String</attrtype><attwidth Sync="TRUE">100</attwidth><atprecis Sync="TRUE">0</atprecis><attscale Sync="TRUE">0</attscale></attr><attr><attrlabl Sync="TRUE">Toponyme10</attrlabl><attalias Sync="TRUE">Toponyme10</attalias><attrtype Sync="TRUE">String</attrtype><attwidth Sync="TRUE">100</attwidth><atprecis Sync="TRUE">0</atprecis><attscale Sync="TRUE">0</attscale></attr><attr><attrlabl Sync="TRUE">Toponyme11</attrlabl><attalias Sync="TRUE">Toponyme11</attalias><attrtype Sync="TRUE">String</attrtype><attwidth Sync="TRUE">100</attwidth><atprecis Sync="TRUE">0</atprecis><attscale Sync="TRUE">0</attscale></attr><attr><attrlabl Sync="TRUE">Toponyme12</attrlabl><attalias Sync="TRUE">Toponyme12</attalias><attrtype Sync="TRUE">String</attrtype><attwidth Sync="TRUE">100</attwidth><atprecis Sync="TRUE">0</atprecis><attscale Sync="TRUE">0</attscale></attr><attr><attrlabl Sync="TRUE">Usager_3</attrlabl><attalias Sync="TRUE">Usager_3</attalias><attrtype Sync="TRUE">String</attrtype><attwidth Sync="TRUE">50</attwidth><atprecis Sync="TRUE">0</atprecis><attscale Sync="TRUE">0</attscale></attr><attr><attrlabl Sync="TRUE">Usager_4</attrlabl><attalias Sync="TRUE">Usager_4</attalias><attrtype Sync="TRUE">String</attrtype><attwidth Sync="TRUE">50</attwidth><atprecis Sync="TRUE">0</atprecis><attscale Sync="TRUE">0</attscale></attr><attr><attrlabl Sync="TRUE">Shape_Leng</attrlabl><attalias Sync="TRUE">Shape_Leng</attalias><attrtype Sync="TRUE">Double</attrtype><attwidth Sync="TRUE">19</attwidth><atprecis Sync="TRUE">0</atprecis><attscale Sync="TRUE">0</attscale></attr></detailed></eainfo><mdDateSt Sync="TRUE">20200129</mdDateSt></metadata>
