<?xml version="1.0" encoding="utf-8"?>
<export xmlns:xsi="http://www.w3.org/2001/XMLSchema-instance" xmlns:xsd="http://www.w3.org/2001/XMLSchema" datedebut="2023-03-01" datefin="2023-03-31">
  <contrat>
    <numeroseao>125815</numeroseao>
    <numero>3910-06-MA01 &amp; MA02</numero>
    <datefinale>2023-03-07</datefinale>
    <datepublicationfinale>2019-06-26</datepublicationfinale>
    <montantfinal>234026.750000</montantfinal>
    <nomcontractant>Paris, Ladouceur &amp; Associés Inc.</nomcontractant>
    <neqcontractant>1144030724</neqcontractant>
  </contrat>
  <contrat>
    <numeroseao>577026</numeroseao>
    <numero>7101-12-NM02</numero>
    <datefinale>2015-10-22</datefinale>
    <datepublicationfinale>2014-04-29</datepublicationfinale>
    <montantfinal>92301.250000</montantfinal>
    <nomcontractant>9150-0124 QUÉBEC INC.</nomcontractant>
    <neqcontractant>1162666482</neqcontractant>
  </contrat>
  <contrat>
    <numeroseao>577580</numeroseao>
    <numero>9001-12-0225</numero>
    <datefinale>2015-01-22</datefinale>
    <datepublicationfinale>2014-11-24</datepublicationfinale>
    <montantfinal>721854.420000</montantfinal>
    <nomcontractant>LE GROUPE POIRIER INC.</nomcontractant>
    <neqcontractant>1141726050</neqcontractant>
  </contrat>
  <contrat>
    <numeroseao>578880</numeroseao>
    <numero>6301-12-0002</numero>
    <datefinale>2015-02-03</datefinale>
    <datepublicationfinale>2014-07-25</datepublicationfinale>
    <montantfinal>316309.630000</montantfinal>
    <nomcontractant>Lafontaine Leclerc inc.</nomcontractant>
    <neqcontractant>1167111138</neqcontractant>
  </contrat>
  <contrat>
    <numeroseao>579336</numeroseao>
    <numero>9001-12-0915</numero>
    <datefinale>2015-07-31</datefinale>
    <datepublicationfinale>2013-12-17</datepublicationfinale>
    <montantfinal>1066674.900000</montantfinal>
    <nomcontractant>SINTRA INC. - RÉGION ESTRIE</nomcontractant>
    <neqcontractant>1145755295</neqcontractant>
  </contrat>
  <contrat>
    <numeroseao>580470</numeroseao>
    <numero>6603-12-0936</numero>
    <datefinale>2015-02-27</datefinale>
    <datepublicationfinale>2014-10-21</datepublicationfinale>
    <montantfinal>671880.310000</montantfinal>
    <nomcontractant>SINTRA INC.</nomcontractant>
    <neqcontractant>1145755295</neqcontractant>
  </contrat>
  <contrat>
    <numeroseao>581919</numeroseao>
    <numero>8801-12-0226</numero>
    <datefinale>2015-08-26</datefinale>
    <datepublicationfinale>2014-09-08</datepublicationfinale>
    <montantfinal>645003.860000</montantfinal>
    <nomcontractant>CONSTRUCTION MICHEL LACROIX INC. / MICHEL LACROIX CONSTRUCTION INC.</nomcontractant>
    <neqcontractant>1143916089</neqcontractant>
  </contrat>
  <contrat>
    <numeroseao>584195</numeroseao>
    <numero>8801-12-0305</numero>
    <datefinale>2015-02-04</datefinale>
    <datepublicationfinale>2015-01-09</datepublicationfinale>
    <montantfinal>1168291.150000</montantfinal>
    <nomcontractant>BRUNEAU ELECTRIQUE INC.</nomcontractant>
    <neqcontractant>1142851337</neqcontractant>
  </contrat>
  <contrat>
    <numeroseao>584666</numeroseao>
    <numero>8701-12-0005</numero>
    <datefinale>2015-02-12</datefinale>
    <datepublicationfinale>2013-12-11</datepublicationfinale>
    <montantfinal>393221.330000</montantfinal>
    <nomcontractant>IPR 360 INC.</nomcontractant>
    <neqcontractant>1166303256</neqcontractant>
  </contrat>
  <contrat>
    <numeroseao>587478</numeroseao>
    <numero>8901-12-0004</numero>
    <datefinale>2015-05-08</datefinale>
    <datepublicationfinale>2013-11-27</datepublicationfinale>
    <montantfinal>434212.440000</montantfinal>
    <nomcontractant>CARRIÈRES EDELWEISS INC.</nomcontractant>
    <neqcontractant>1162595558</neqcontractant>
  </contrat>
  <contrat>
    <numeroseao>589191</numeroseao>
    <numero>8603-12-0227</numero>
    <datefinale>2015-02-11</datefinale>
    <datepublicationfinale>2013-12-12</datepublicationfinale>
    <montantfinal>181859.710000</montantfinal>
    <nomcontractant>LES CONSTRUCTIONS HYDROSPEC INC.</nomcontractant>
    <neqcontractant>1162364278</neqcontractant>
  </contrat>
  <contrat>
    <numeroseao>590262</numeroseao>
    <numero>4174-12-QZ01/QZ02/QZ03</numero>
    <datefinale>2016-02-24</datefinale>
    <datepublicationfinale>2016-04-20</datepublicationfinale>
    <montantfinal>412744.770000</montantfinal>
    <nomcontractant>Groupe Qualitas inc.</nomcontractant>
    <neqcontractant>1166291337</neqcontractant>
  </contrat>
  <contrat>
    <numeroseao>590661</numeroseao>
    <numero>8701-12-0304</numero>
    <datefinale>2015-02-12</datefinale>
    <datepublicationfinale>2014-04-29</datepublicationfinale>
    <montantfinal>1360462.350000</montantfinal>
    <nomcontractant>NÉOLECT INC.</nomcontractant>
    <neqcontractant>1166302126</neqcontractant>
  </contrat>
  <contrat>
    <numeroseao>592236</numeroseao>
    <numero>8503-12-QE04</numero>
    <datefinale>2015-03-11</datefinale>
    <datepublicationfinale>2014-12-15</datepublicationfinale>
    <montantfinal>149985.410000</montantfinal>
    <nomcontractant>Fleury, Léger &amp; Associés ltée</nomcontractant>
    <neqcontractant />
  </contrat>
  <contrat>
    <numeroseao>599465</numeroseao>
    <numero>6705-12-0208</numero>
    <datefinale>2015-03-03</datefinale>
    <datepublicationfinale>2014-04-29</datepublicationfinale>
    <montantfinal>1028017.440000</montantfinal>
    <nomcontractant>J. Euclide Perron ltée</nomcontractant>
    <neqcontractant />
  </contrat>
  <contrat>
    <numeroseao>601462</numeroseao>
    <numero>9110-12-0201</numero>
    <datefinale>2015-06-03</datefinale>
    <datepublicationfinale>2014-10-21</datepublicationfinale>
    <montantfinal>742659.310000</montantfinal>
    <nomcontractant>TNT2 INC.</nomcontractant>
    <neqcontractant />
  </contrat>
  <contrat>
    <numeroseao>608264</numeroseao>
    <numero>7101-13-0201</numero>
    <datefinale>2015-09-04</datefinale>
    <datepublicationfinale>2014-11-20</datepublicationfinale>
    <montantfinal>565283.390000</montantfinal>
    <nomcontractant>Groupe Macadam Inc .</nomcontractant>
    <neqcontractant>1148076111</neqcontractant>
  </contrat>
  <contrat>
    <numeroseao>612694</numeroseao>
    <numero>9109-11-0204</numero>
    <datefinale>2015-02-10</datefinale>
    <datepublicationfinale>2014-02-03</datepublicationfinale>
    <montantfinal>249018.990000</montantfinal>
    <nomcontractant>LES CONSTRUCTIONS HYDROSPEC INC.</nomcontractant>
    <neqcontractant>1162364278</neqcontractant>
  </contrat>
  <contrat>
    <numeroseao>616124</numeroseao>
    <numero>8808-13-SB01</numero>
    <datefinale>2015-08-03</datefinale>
    <datepublicationfinale>2015-01-09</datepublicationfinale>
    <montantfinal>207449.400000</montantfinal>
    <nomcontractant>emr-inc</nomcontractant>
    <neqcontractant>1163753131</neqcontractant>
  </contrat>
  <contrat>
    <numeroseao>616137</numeroseao>
    <numero>8808-13-PZ01</numero>
    <datefinale>2015-11-19</datefinale>
    <datepublicationfinale>2015-01-09</datepublicationfinale>
    <montantfinal>24529.600000</montantfinal>
    <nomcontractant>Béton Brunet ltée</nomcontractant>
    <neqcontractant />
  </contrat>
  <contrat>
    <numeroseao>618723</numeroseao>
    <numero>7108-12-1103</numero>
    <datefinale>2015-03-18</datefinale>
    <datepublicationfinale>2015-01-09</datepublicationfinale>
    <montantfinal>463532.250000</montantfinal>
    <nomcontractant>STELLAIRE CONSTRUCTION INC.</nomcontractant>
    <neqcontractant>1149238835</neqcontractant>
  </contrat>
  <contrat>
    <numeroseao>663998</numeroseao>
    <numero>6407-13-PZ01</numero>
    <datefinale>2015-08-03</datefinale>
    <datepublicationfinale>2015-03-05</datepublicationfinale>
    <montantfinal>55844.000000</montantfinal>
    <nomcontractant>EMR inc. (9169-9843 Québec inc.)</nomcontractant>
    <neqcontractant />
  </contrat>
  <contrat>
    <numeroseao>746449</numeroseao>
    <numero>8801-14-0918</numero>
    <datefinale>2015-02-03</datefinale>
    <datepublicationfinale>2015-01-29</datepublicationfinale>
    <montantfinal>1471422.180000</montantfinal>
    <nomcontractant>CONSTRUCTION &amp; PAVAGE GÉNÉREUX INC.</nomcontractant>
    <neqcontractant>1171815427</neqcontractant>
  </contrat>
  <contrat>
    <numeroseao>759788</numeroseao>
    <numero>P01037  (374419)</numero>
    <datefinale>2018-09-20</datefinale>
    <datepublicationfinale>2020-03-11</datepublicationfinale>
    <montantfinal>445506.930000</montantfinal>
    <nomcontractant>Inspec-Sol Ingénierie et Solutions</nomcontractant>
    <neqcontractant />
  </contrat>
  <contrat>
    <numeroseao>784295</numeroseao>
    <numero>8806-14-0202</numero>
    <datefinale>2015-11-09</datefinale>
    <datepublicationfinale>2015-01-09</datepublicationfinale>
    <montantfinal>96883.100000</montantfinal>
    <nomcontractant>LES GLISSIÈRES DESBIENS INC.</nomcontractant>
    <neqcontractant>1149179088</neqcontractant>
  </contrat>
  <contrat>
    <numeroseao>785068</numeroseao>
    <numero>7108-14-0101</numero>
    <datefinale>2015-11-09</datefinale>
    <datepublicationfinale>2015-01-09</datepublicationfinale>
    <montantfinal>90154.000000</montantfinal>
    <nomcontractant>LES GLISSIÈRES DESBIENS INC.</nomcontractant>
    <neqcontractant>1149179088</neqcontractant>
  </contrat>
  <contrat>
    <numeroseao>790939</numeroseao>
    <numero>8707-14-0101</numero>
    <datefinale>2015-11-09</datefinale>
    <datepublicationfinale>2015-01-09</datepublicationfinale>
    <montantfinal>125170.000000</montantfinal>
    <nomcontractant>LES GLISSIÈRES DESBIENS INC.</nomcontractant>
    <neqcontractant>1149179088</neqcontractant>
  </contrat>
  <contrat>
    <numeroseao>793857</numeroseao>
    <numero>7107-14-1008</numero>
    <datefinale>2015-03-11</datefinale>
    <datepublicationfinale>2014-12-15</datepublicationfinale>
    <montantfinal>2660220.360000</montantfinal>
    <nomcontractant>INTER-CITÉ CONSTRUCTION LTÉE</nomcontractant>
    <neqcontractant>1143991546</neqcontractant>
  </contrat>
  <contrat>
    <numeroseao>799093</numeroseao>
    <numero>7202-14-NB02</numero>
    <datefinale>2015-05-05</datefinale>
    <datepublicationfinale>2014-11-24</datepublicationfinale>
    <montantfinal>37515.000000</montantfinal>
    <nomcontractant>Chrono Aviation inc.</nomcontractant>
    <neqcontractant>1168213602</neqcontractant>
  </contrat>
  <contrat>
    <numeroseao>799117</numeroseao>
    <numero>8801-13-0230</numero>
    <datefinale>2015-06-03</datefinale>
    <datepublicationfinale>2014-10-21</datepublicationfinale>
    <montantfinal>171149.770000</montantfinal>
    <nomcontractant>TNT2 inc.</nomcontractant>
    <neqcontractant>1160480704</neqcontractant>
  </contrat>
  <contrat>
    <numeroseao>819129</numeroseao>
    <numero>6308-14-0101</numero>
    <datefinale>2015-05-11</datefinale>
    <datepublicationfinale>2014-12-15</datepublicationfinale>
    <montantfinal>34242.350000</montantfinal>
    <nomcontractant>Construction Jean &amp; Robert ltée</nomcontractant>
    <neqcontractant>1148068316</neqcontractant>
  </contrat>
  <contrat>
    <numeroseao>845307</numeroseao>
    <numero>8901-14-0006</numero>
    <datefinale>2015-05-08</datefinale>
    <datepublicationfinale>2014-12-15</datepublicationfinale>
    <montantfinal>435916.800000</montantfinal>
    <nomcontractant>Construction Edelweiss inc.</nomcontractant>
    <neqcontractant>1162595558</neqcontractant>
  </contrat>
  <contrat>
    <numeroseao>895623</numeroseao>
    <numero>8801-15-1103</numero>
    <datefinale>2023-03-03</datefinale>
    <datepublicationfinale>2020-02-27</datepublicationfinale>
    <montantfinal>4542181.200000</montantfinal>
    <nomcontractant>CONSTRUCTIONS VALRIVE INC.</nomcontractant>
    <neqcontractant>1144099760</neqcontractant>
  </contrat>
  <contrat>
    <numeroseao>902373</numeroseao>
    <numero>8903-14-FE03</numero>
    <datefinale>2023-02-24</datefinale>
    <datepublicationfinale>2020-12-14</datepublicationfinale>
    <montantfinal>492567.670000</montantfinal>
    <nomcontractant>Cima + S.E.N.C</nomcontractant>
    <neqcontractant>3340563140</neqcontractant>
  </contrat>
  <contrat>
    <numeroseao>920477</numeroseao>
    <numero>8801-15-MA01</numero>
    <datefinale>2023-03-16</datefinale>
    <datepublicationfinale>2022-10-17</datepublicationfinale>
    <montantfinal>205469.150000</montantfinal>
    <nomcontractant>Paris, Ladouceur &amp; Associés Inc.</nomcontractant>
    <neqcontractant>1144030724</neqcontractant>
  </contrat>
  <contrat>
    <numeroseao>928644</numeroseao>
    <numero>30204200</numero>
    <datefinale>2021-11-09</datefinale>
    <datepublicationfinale>2020-07-17</datepublicationfinale>
    <montantfinal>41795338.180000</montantfinal>
    <nomcontractant>POMERLEAU INC.</nomcontractant>
    <neqcontractant>1173674830</neqcontractant>
  </contrat>
  <contrat>
    <numeroseao>1015793</numeroseao>
    <numero>31483800</numero>
    <datefinale>2022-04-12</datefinale>
    <datepublicationfinale>2022-06-27</datepublicationfinale>
    <montantfinal>51143527.310000</montantfinal>
    <nomcontractant>POMERLEAU inc.</nomcontractant>
    <neqcontractant>1142005934</neqcontractant>
  </contrat>
  <contrat>
    <numeroseao>1048585</numeroseao>
    <numero>16-04-34-77</numero>
    <datefinale>2021-09-30</datefinale>
    <datepublicationfinale>2021-09-30</datepublicationfinale>
    <montantfinal>40000.000000</montantfinal>
    <nomcontractant>KPMG, S.E.N.C.R.L./s.r.l.</nomcontractant>
    <neqcontractant>3342276048</neqcontractant>
  </contrat>
  <contrat>
    <numeroseao>1050567</numeroseao>
    <numero>OS-28967</numero>
    <datefinale>2022-10-31</datefinale>
    <datepublicationfinale>2023-01-23</datepublicationfinale>
    <montantfinal>421362.500000</montantfinal>
    <nomcontractant>Edgenda Leadership inc.</nomcontractant>
    <neqcontractant>1170787726</neqcontractant>
  </contrat>
  <contrat>
    <numeroseao>1115741</numeroseao>
    <numero>8903-17-KA10</numero>
    <datefinale>2020-03-03</datefinale>
    <datepublicationfinale>2020-04-20</datepublicationfinale>
    <montantfinal>100841.070000</montantfinal>
    <nomcontractant>GHD Consultants Ltée</nomcontractant>
    <neqcontractant>1171077796</neqcontractant>
  </contrat>
  <contrat>
    <numeroseao>1121706</numeroseao>
    <numero>33079700</numero>
    <datefinale>2022-12-31</datefinale>
    <datepublicationfinale>2023-02-24</datepublicationfinale>
    <montantfinal>1064162.280000</montantfinal>
    <nomcontractant>Kone inc.</nomcontractant>
    <neqcontractant>1172439623</neqcontractant>
  </contrat>
  <contrat>
    <numeroseao>1127190</numeroseao>
    <numero>33243000</numero>
    <datefinale>2022-08-29</datefinale>
    <datepublicationfinale>2022-12-01</datepublicationfinale>
    <montantfinal>281961.500000</montantfinal>
    <nomcontractant>Bouthillette Parizeau / Bernard</nomcontractant>
    <neqcontractant>1142591438</neqcontractant>
  </contrat>
  <contrat>
    <numeroseao>1137244</numeroseao>
    <numero>2403-18-AP05</numero>
    <datefinale />
    <datepublicationfinale>2020-04-20</datepublicationfinale>
    <montantfinal>0.000000</montantfinal>
    <nomcontractant>LES INDUSTRIES DE CIMENT LA GUADELOUPE INC.</nomcontractant>
    <neqcontractant>1141730136</neqcontractant>
  </contrat>
  <contrat>
    <numeroseao>1165845</numeroseao>
    <numero>SA-180516-PB</numero>
    <datefinale />
    <datepublicationfinale>2022-12-21</datepublicationfinale>
    <montantfinal>0.000000</montantfinal>
    <nomcontractant>Vincent Leclerc architecte inc.</nomcontractant>
    <neqcontractant>1164249667</neqcontractant>
  </contrat>
  <contrat>
    <numeroseao>1204218</numeroseao>
    <numero>9276-1</numero>
    <datefinale>2023-03-01</datefinale>
    <datepublicationfinale>2022-03-16</datepublicationfinale>
    <montantfinal>176419.000000</montantfinal>
    <nomcontractant>Genome Quebec 2</nomcontractant>
    <neqcontractant>1149523236</neqcontractant>
  </contrat>
  <contrat>
    <numeroseao>1228927</numeroseao>
    <numero>6301-18-FA03</numero>
    <datefinale>2023-01-30</datefinale>
    <datepublicationfinale>2023-01-31</datepublicationfinale>
    <montantfinal>150156.020000</montantfinal>
    <nomcontractant>WSP Canada inc.</nomcontractant>
    <neqcontractant>1148357057</neqcontractant>
  </contrat>
  <contrat>
    <numeroseao>1236377</numeroseao>
    <numero>LOI-2019-01-02</numero>
    <datefinale>2022-12-13</datefinale>
    <datepublicationfinale>2022-11-24</datepublicationfinale>
    <montantfinal>798731.880000</montantfinal>
    <nomcontractant>Alfred Pelletier,architecte</nomcontractant>
    <neqcontractant>2249867567</neqcontractant>
  </contrat>
  <contrat>
    <numeroseao>1265266</numeroseao>
    <numero>6401-19-0102</numero>
    <datefinale>2020-09-16</datefinale>
    <datepublicationfinale>2022-04-05</datepublicationfinale>
    <montantfinal>349796.630000</montantfinal>
    <nomcontractant>PAVAGE LAGACÉ 2020 INC.</nomcontractant>
    <neqcontractant>1162327622</neqcontractant>
  </contrat>
  <contrat>
    <numeroseao>1272247</numeroseao>
    <numero>44512723</numero>
    <datefinale>2023-01-30</datefinale>
    <datepublicationfinale>2023-01-30</datepublicationfinale>
    <montantfinal>46007.170000</montantfinal>
    <nomcontractant>AV-TECH INC.</nomcontractant>
    <neqcontractant>1174192535</neqcontractant>
  </contrat>
  <contrat>
    <numeroseao>1275531</numeroseao>
    <numero>44514186</numero>
    <datefinale>2020-02-19</datefinale>
    <datepublicationfinale>2020-04-15</datepublicationfinale>
    <montantfinal>277430.800000</montantfinal>
    <nomcontractant>Édifice 500 René-Lévesque Ouest Inc.-A/S Alfid Services Immobiliers Ltée</nomcontractant>
    <neqcontractant>3365639221</neqcontractant>
  </contrat>
  <contrat>
    <numeroseao>1278097</numeroseao>
    <numero>44512420</numero>
    <datefinale>2020-02-19</datefinale>
    <datepublicationfinale>2020-04-15</datepublicationfinale>
    <montantfinal>76114.080000</montantfinal>
    <nomcontractant>MÉCANICACTION INC.</nomcontractant>
    <neqcontractant>1166046475</neqcontractant>
  </contrat>
  <contrat>
    <numeroseao>1278120</numeroseao>
    <numero>6406-18-0903</numero>
    <datefinale>2021-10-15</datefinale>
    <datepublicationfinale>2021-10-07</datepublicationfinale>
    <montantfinal>2613147.750000</montantfinal>
    <nomcontractant>SINTRA INC.</nomcontractant>
    <neqcontractant>1145755295</neqcontractant>
  </contrat>
  <contrat>
    <numeroseao>1278224</numeroseao>
    <numero>6407-19-0902</numero>
    <datefinale />
    <datepublicationfinale>2021-02-23</datepublicationfinale>
    <montantfinal>0.000000</montantfinal>
    <nomcontractant>PAVAGE CENTRE SUD DU QUÉBEC INC.</nomcontractant>
    <neqcontractant>1163867907</neqcontractant>
  </contrat>
  <contrat>
    <numeroseao>1293315</numeroseao>
    <numero>6705-18-HE04</numero>
    <datefinale>2023-02-28</datefinale>
    <datepublicationfinale>2022-05-30</datepublicationfinale>
    <montantfinal>228219.410000</montantfinal>
    <nomcontractant>Groupe-Conseil TDA</nomcontractant>
    <neqcontractant>1142634014</neqcontractant>
  </contrat>
  <contrat>
    <numeroseao>1298719</numeroseao>
    <numero>35829800</numero>
    <datefinale>2022-09-30</datefinale>
    <datepublicationfinale>2022-10-07</datepublicationfinale>
    <montantfinal>153961.490000</montantfinal>
    <nomcontractant>9141-6636 QUÉBEC INC.</nomcontractant>
    <neqcontractant>1162197843</neqcontractant>
  </contrat>
  <contrat>
    <numeroseao>1304598</numeroseao>
    <numero>8903-19-FE03</numero>
    <datefinale>2023-02-23</datefinale>
    <datepublicationfinale>2021-01-14</datepublicationfinale>
    <montantfinal>148210.430000</montantfinal>
    <nomcontractant>Quadrivium conseil inc.</nomcontractant>
    <neqcontractant>1164357023</neqcontractant>
  </contrat>
  <contrat>
    <numeroseao>1310935</numeroseao>
    <numero>QC-RAMQ-20195039</numero>
    <datefinale>2022-12-31</datefinale>
    <datepublicationfinale>2023-01-20</datepublicationfinale>
    <montantfinal>779504.570000</montantfinal>
    <nomcontractant>IBM CANADA LIMITÉE</nomcontractant>
    <neqcontractant>1165702128</neqcontractant>
  </contrat>
  <contrat>
    <numeroseao>1313351</numeroseao>
    <numero>35838200</numero>
    <datefinale>2022-09-30</datefinale>
    <datepublicationfinale>2023-01-27</datepublicationfinale>
    <montantfinal>19517.770000</montantfinal>
    <nomcontractant>Plomberie Martine inc.</nomcontractant>
    <neqcontractant>1161471231</neqcontractant>
  </contrat>
  <contrat>
    <numeroseao>1313520</numeroseao>
    <numero>DMA00014162</numero>
    <datefinale>2022-09-30</datefinale>
    <datepublicationfinale>2022-10-07</datepublicationfinale>
    <montantfinal>119105.000000</montantfinal>
    <nomcontractant>CRESS PAE</nomcontractant>
    <neqcontractant>1167551192</neqcontractant>
  </contrat>
  <contrat>
    <numeroseao>1313734</numeroseao>
    <numero>2019-008-PB</numero>
    <datefinale>2022-08-01</datefinale>
    <datepublicationfinale>2020-10-07</datepublicationfinale>
    <montantfinal>56750.760000</montantfinal>
    <nomcontractant>Les Industries Garanties</nomcontractant>
    <neqcontractant>1143315159</neqcontractant>
  </contrat>
  <contrat>
    <numeroseao>1313757</numeroseao>
    <numero>2019-018-PB</numero>
    <datefinale>2022-08-01</datefinale>
    <datepublicationfinale>2020-10-14</datepublicationfinale>
    <montantfinal>86071.970000</montantfinal>
    <nomcontractant>144920 CANADA INC.</nomcontractant>
    <neqcontractant>1144138865</neqcontractant>
  </contrat>
  <contrat>
    <numeroseao>1313935</numeroseao>
    <numero>2019-039-PB</numero>
    <datefinale>2020-08-01</datefinale>
    <datepublicationfinale>2020-09-02</datepublicationfinale>
    <montantfinal>63365.000000</montantfinal>
    <nomcontractant>Michel Lavoie Inc.</nomcontractant>
    <neqcontractant>1143791961</neqcontractant>
  </contrat>
  <contrat>
    <numeroseao>1314049</numeroseao>
    <numero>2019-077-PB</numero>
    <datefinale>2020-08-01</datefinale>
    <datepublicationfinale>2020-09-02</datepublicationfinale>
    <montantfinal>86114.080000</montantfinal>
    <nomcontractant>Élévapro Services inc.</nomcontractant>
    <neqcontractant>1169810364</neqcontractant>
  </contrat>
  <contrat>
    <numeroseao>1314466</numeroseao>
    <numero>19-3652</numero>
    <datefinale>2023-03-14</datefinale>
    <datepublicationfinale>2020-05-22</datepublicationfinale>
    <montantfinal>43914.930000</montantfinal>
    <nomcontractant>BBC architectes inc.</nomcontractant>
    <neqcontractant>1141933664</neqcontractant>
  </contrat>
  <contrat>
    <numeroseao>1326915</numeroseao>
    <numero>2019-096-PB</numero>
    <datefinale>2020-09-01</datefinale>
    <datepublicationfinale>2020-09-02</datepublicationfinale>
    <montantfinal>53000.000000</montantfinal>
    <nomcontractant>Siemens Canada Limitée.</nomcontractant>
    <neqcontractant>1161355988</neqcontractant>
  </contrat>
  <contrat>
    <numeroseao>1333211</numeroseao>
    <numero>19-17783</numero>
    <datefinale>2022-01-20</datefinale>
    <datepublicationfinale>2021-02-02</datepublicationfinale>
    <montantfinal>97913.470000</montantfinal>
    <nomcontractant>PRODUCTIONS JEUN'EST</nomcontractant>
    <neqcontractant>1146181822</neqcontractant>
  </contrat>
  <contrat>
    <numeroseao>1373583</numeroseao>
    <numero>8601-20-0101</numero>
    <datefinale>2022-01-21</datefinale>
    <datepublicationfinale>2022-01-27</datepublicationfinale>
    <montantfinal>488209.140000</montantfinal>
    <nomcontractant>LES GLISSIÈRES DE SÉCURITÉ J.T.D. INC.</nomcontractant>
    <neqcontractant>1140429052</neqcontractant>
  </contrat>
  <contrat>
    <numeroseao>1378146</numeroseao>
    <numero>36506400</numero>
    <datefinale>2023-01-31</datefinale>
    <datepublicationfinale>2022-04-07</datepublicationfinale>
    <montantfinal>3842926.060000</montantfinal>
    <nomcontractant>REVENCO (1991) INC.</nomcontractant>
    <neqcontractant>1142073841</neqcontractant>
  </contrat>
  <contrat>
    <numeroseao>1381427</numeroseao>
    <numero>44518983</numero>
    <datefinale>2022-02-15</datefinale>
    <datepublicationfinale>2022-03-09</datepublicationfinale>
    <montantfinal>6006736.060000</montantfinal>
    <nomcontractant>Lotim</nomcontractant>
    <neqcontractant>1144343796</neqcontractant>
  </contrat>
  <contrat>
    <numeroseao>1384565</numeroseao>
    <numero>44518522</numero>
    <datefinale>2021-03-23</datefinale>
    <datepublicationfinale>2021-11-05</datepublicationfinale>
    <montantfinal>74824.810000</montantfinal>
    <nomcontractant>Asbex Ltée .</nomcontractant>
    <neqcontractant>1143485432</neqcontractant>
  </contrat>
  <contrat>
    <numeroseao>1386603</numeroseao>
    <numero>44519090</numero>
    <datefinale>2021-02-15</datefinale>
    <datepublicationfinale>2021-03-05</datepublicationfinale>
    <montantfinal>350637.850000</montantfinal>
    <nomcontractant>9121-5319 Québec Inc.</nomcontractant>
    <neqcontractant>1161071536</neqcontractant>
  </contrat>
  <contrat>
    <numeroseao>1415474</numeroseao>
    <numero>1086</numero>
    <datefinale>2022-01-11</datefinale>
    <datepublicationfinale>2022-01-18</datepublicationfinale>
    <montantfinal>54677.790000</montantfinal>
    <nomcontractant>Amarande Riviere</nomcontractant>
    <neqcontractant>2273056418</neqcontractant>
  </contrat>
  <contrat>
    <numeroseao>1423647</numeroseao>
    <numero>2020-146-2189-CS-GG</numero>
    <datefinale>2023-02-24</datefinale>
    <datepublicationfinale>2023-02-09</datepublicationfinale>
    <montantfinal>103511.230000</montantfinal>
    <nomcontractant>9418-5543 Québec inc</nomcontractant>
    <neqcontractant>1175464503</neqcontractant>
  </contrat>
  <contrat>
    <numeroseao>1426853</numeroseao>
    <numero> 44520870 </numero>
    <datefinale>2021-01-11</datefinale>
    <datepublicationfinale>2021-01-18</datepublicationfinale>
    <montantfinal>100042.840000</montantfinal>
    <nomcontractant>Les Gestions Château d'Or Ltée</nomcontractant>
    <neqcontractant>1143784677</neqcontractant>
  </contrat>
  <contrat>
    <numeroseao>1432732</numeroseao>
    <numero>2020-155-2189-CS-GG</numero>
    <datefinale>2023-02-24</datefinale>
    <datepublicationfinale>2023-01-30</datepublicationfinale>
    <montantfinal>40699.740000</montantfinal>
    <nomcontractant>Lemo-Santé inc.</nomcontractant>
    <neqcontractant>1175777409</neqcontractant>
  </contrat>
  <contrat>
    <numeroseao>1436227</numeroseao>
    <numero>20-1170-GG-A</numero>
    <datefinale>2022-12-27</datefinale>
    <datepublicationfinale>2022-01-14</datepublicationfinale>
    <montantfinal>71809.340000</montantfinal>
    <nomcontractant>Les Produits Énergétiques GAL inc.</nomcontractant>
    <neqcontractant>1146046280</neqcontractant>
  </contrat>
  <contrat>
    <numeroseao>1438338</numeroseao>
    <numero>975-20</numero>
    <datefinale />
    <datepublicationfinale>2021-07-07</datepublicationfinale>
    <montantfinal>0.000000</montantfinal>
    <nomcontractant>LES ENTREPRISES JEROCA INC.</nomcontractant>
    <neqcontractant>1169199602</neqcontractant>
  </contrat>
  <contrat>
    <numeroseao>1439180</numeroseao>
    <numero>976-21</numero>
    <datefinale />
    <datepublicationfinale>2021-08-11</datepublicationfinale>
    <montantfinal>0.000000</montantfinal>
    <nomcontractant>9254-8783 QUÉBEC INC.</nomcontractant>
    <neqcontractant>1167834648</neqcontractant>
  </contrat>
  <contrat>
    <numeroseao>1439290</numeroseao>
    <numero>DMA00014411</numero>
    <datefinale>2022-12-20</datefinale>
    <datepublicationfinale>2022-12-20</datepublicationfinale>
    <montantfinal>106325.000000</montantfinal>
    <nomcontractant>COMMUNICATIONS RCL</nomcontractant>
    <neqcontractant>1142299511</neqcontractant>
  </contrat>
  <contrat>
    <numeroseao>1475111</numeroseao>
    <numero>6608-21-NL03</numero>
    <datefinale>2022-06-28</datefinale>
    <datepublicationfinale>2022-10-07</datepublicationfinale>
    <montantfinal>207532.300000</montantfinal>
    <nomcontractant>LES CONCASSÉS DU CAP INC.</nomcontractant>
    <neqcontractant>1143435981</neqcontractant>
  </contrat>
  <contrat>
    <numeroseao>1481881</numeroseao>
    <numero>DP-21-031</numero>
    <datefinale>2022-03-07</datefinale>
    <datepublicationfinale>2022-12-14</datepublicationfinale>
    <montantfinal>119195.110000</montantfinal>
    <nomcontractant>GFL Environmental Inc..</nomcontractant>
    <neqcontractant>1175311910</neqcontractant>
  </contrat>
  <contrat>
    <numeroseao>1498174</numeroseao>
    <numero>SP-30339</numero>
    <datefinale>2022-05-31</datefinale>
    <datepublicationfinale>2022-10-19</datepublicationfinale>
    <montantfinal>177627.430000</montantfinal>
    <nomcontractant>SERVICE D'ENTRETIEN JEAN CÔTÉ INC.</nomcontractant>
    <neqcontractant>1175127704</neqcontractant>
  </contrat>
  <contrat>
    <numeroseao>1507704</numeroseao>
    <numero>1479362</numero>
    <datefinale>2022-05-31</datefinale>
    <datepublicationfinale>2021-10-15</datepublicationfinale>
    <montantfinal>25093.290000</montantfinal>
    <nomcontractant>WAJAX LIMITÉE</nomcontractant>
    <neqcontractant>3363000947</neqcontractant>
  </contrat>
  <contrat>
    <numeroseao>1525997</numeroseao>
    <numero>2561451</numero>
    <datefinale>2023-02-13</datefinale>
    <datepublicationfinale>2022-01-24</datepublicationfinale>
    <montantfinal>511854.000000</montantfinal>
    <nomcontractant>DIAPASON-JEUNESSE</nomcontractant>
    <neqcontractant>1146942355</neqcontractant>
  </contrat>
  <contrat>
    <numeroseao>1529793</numeroseao>
    <numero>BON212201004</numero>
    <datefinale>2023-02-27</datefinale>
    <datepublicationfinale>2022-06-16</datepublicationfinale>
    <montantfinal>65560.970000</montantfinal>
    <nomcontractant>STANTEC EXPERTS-CONSEILS LTÉE</nomcontractant>
    <neqcontractant>1170241336</neqcontractant>
  </contrat>
  <contrat>
    <numeroseao>1533273</numeroseao>
    <numero>2564945</numero>
    <datefinale>2023-02-13</datefinale>
    <datepublicationfinale>2022-01-25</datepublicationfinale>
    <montantfinal>835056.000000</montantfinal>
    <nomcontractant>PLAISIR D'ENFANTS INC.</nomcontractant>
    <neqcontractant>1167009746</neqcontractant>
  </contrat>
  <contrat>
    <numeroseao>1541209</numeroseao>
    <numero>2021-085-CP-GI</numero>
    <datefinale>2022-11-22</datefinale>
    <datepublicationfinale>2023-02-23</datepublicationfinale>
    <montantfinal>373000.000000</montantfinal>
    <nomcontractant>CANMAX CONSTRUCTION INC.</nomcontractant>
    <neqcontractant>1143673649</neqcontractant>
  </contrat>
  <contrat>
    <numeroseao>1543176</numeroseao>
    <numero>2021-082-CP-GI</numero>
    <datefinale />
    <datepublicationfinale>2023-02-23</datepublicationfinale>
    <montantfinal>0.000000</montantfinal>
    <nomcontractant>LAMCOM TECHNOLOGIES INC.</nomcontractant>
    <neqcontractant>1142694422</neqcontractant>
  </contrat>
  <contrat>
    <numeroseao>1561483</numeroseao>
    <numero>ODIM- 6063/BC722961</numero>
    <datefinale>2022-06-22</datefinale>
    <datepublicationfinale>2023-02-20</datepublicationfinale>
    <montantfinal>274770.000000</montantfinal>
    <nomcontractant>9211-2077 QUÉBEC INC.</nomcontractant>
    <neqcontractant>1165958274</neqcontractant>
  </contrat>
  <contrat>
    <numeroseao>1568403</numeroseao>
    <numero>CS-70022-3395</numero>
    <datefinale>2022-09-30</datefinale>
    <datepublicationfinale>2022-11-17</datepublicationfinale>
    <montantfinal>74400.000000</montantfinal>
    <nomcontractant>GMF-R-AZUR</nomcontractant>
    <neqcontractant>3371429211</neqcontractant>
  </contrat>
  <contrat>
    <numeroseao>1572146</numeroseao>
    <numero>45001693</numero>
    <datefinale>2022-09-16</datefinale>
    <datepublicationfinale>2022-10-05</datepublicationfinale>
    <montantfinal>28940.050000</montantfinal>
    <nomcontractant>Cossette média inc.</nomcontractant>
    <neqcontractant>1174211624</neqcontractant>
  </contrat>
  <contrat>
    <numeroseao>1581628</numeroseao>
    <numero>45001756</numero>
    <datefinale>2023-03-07</datefinale>
    <datepublicationfinale>2023-01-04</datepublicationfinale>
    <montantfinal>82437.080000</montantfinal>
    <nomcontractant>José Mathieu</nomcontractant>
    <neqcontractant />
  </contrat>
  <contrat>
    <numeroseao>1587627</numeroseao>
    <numero>GDD: 1204988002 BC1465818</numero>
    <datefinale>2022-02-15</datefinale>
    <datepublicationfinale>2022-03-29</datepublicationfinale>
    <montantfinal>37536.820000</montantfinal>
    <nomcontractant>FONDATION DE LA VISITE</nomcontractant>
    <neqcontractant>1142063313</neqcontractant>
  </contrat>
  <contrat>
    <numeroseao>1589750</numeroseao>
    <numero>GDD1204988003 BC1463521</numero>
    <datefinale>2022-12-15</datefinale>
    <datepublicationfinale>2022-03-31</datepublicationfinale>
    <montantfinal>35000.000000</montantfinal>
    <nomcontractant>ENTRE PARENTS DE MONTREAL-NORD INC.</nomcontractant>
    <neqcontractant>1143862978</neqcontractant>
  </contrat>
  <contrat>
    <numeroseao>1589751</numeroseao>
    <numero>GDD1204988002 BC1465583</numero>
    <datefinale>2022-02-17</datefinale>
    <datepublicationfinale>2022-03-31</datepublicationfinale>
    <montantfinal>74668.000000</montantfinal>
    <nomcontractant>ENTRE PARENTS DE MONTREAL-NORD INC.</nomcontractant>
    <neqcontractant>1143862978</neqcontractant>
  </contrat>
  <contrat>
    <numeroseao>1589921</numeroseao>
    <numero>GDD1204988003 BC 1458981</numero>
    <datefinale>2022-02-10</datefinale>
    <datepublicationfinale>2022-04-01</datepublicationfinale>
    <montantfinal>52000.000000</montantfinal>
    <nomcontractant>COUP DE POUCE JEUNESSE DE MONTREAL-NORD INC.</nomcontractant>
    <neqcontractant>1143488956</neqcontractant>
  </contrat>
  <contrat>
    <numeroseao>1591085</numeroseao>
    <numero>6809-21-0001</numero>
    <datefinale>2022-12-15</datefinale>
    <datepublicationfinale>2022-12-16</datepublicationfinale>
    <montantfinal>540504.960000</montantfinal>
    <nomcontractant>LES EQUIPEMENTS J.V.C. INC.</nomcontractant>
    <neqcontractant>1143285303</neqcontractant>
  </contrat>
  <contrat>
    <numeroseao>1600401</numeroseao>
    <numero>2022-02-051</numero>
    <datefinale>2022-10-20</datefinale>
    <datepublicationfinale>2022-12-12</datepublicationfinale>
    <montantfinal>152749.270000</montantfinal>
    <nomcontractant>Solutions Hydriques QWATRO Inc.</nomcontractant>
    <neqcontractant>1174174749</neqcontractant>
  </contrat>
  <contrat>
    <numeroseao>1600787</numeroseao>
    <numero>GRM-2451</numero>
    <datefinale>2022-12-09</datefinale>
    <datepublicationfinale>2023-01-25</datepublicationfinale>
    <montantfinal>97650.000000</montantfinal>
    <nomcontractant>ACCENTURE INC.</nomcontractant>
    <neqcontractant>1160211034</neqcontractant>
  </contrat>
  <contrat>
    <numeroseao>1616134</numeroseao>
    <numero>7001285</numero>
    <datefinale>2022-12-30</datefinale>
    <datepublicationfinale>2023-02-07</datepublicationfinale>
    <montantfinal>50325.000000</montantfinal>
    <nomcontractant>DESNOYERS RESSOURCES ET CONSEILS INC.</nomcontractant>
    <neqcontractant>1149285596</neqcontractant>
  </contrat>
  <contrat>
    <numeroseao>1617665</numeroseao>
    <numero>BC1477945</numero>
    <datefinale>2021-08-06</datefinale>
    <datepublicationfinale>2022-06-21</datepublicationfinale>
    <montantfinal>42302.760000</montantfinal>
    <nomcontractant>AQUATECHNO SPÉCIALISTES AQUATIQUES INC.</nomcontractant>
    <neqcontractant>1143564731</neqcontractant>
  </contrat>
  <contrat>
    <numeroseao>1618224</numeroseao>
    <numero>5301-22-AP08</numero>
    <datefinale>2023-03-17</datefinale>
    <datepublicationfinale>2022-08-24</datepublicationfinale>
    <montantfinal>14745.000000</montantfinal>
    <nomcontractant>ITI inc.</nomcontractant>
    <neqcontractant>1173638405</neqcontractant>
  </contrat>
  <contrat>
    <numeroseao>1619510</numeroseao>
    <numero>2021-124-9759-CS-GG</numero>
    <datefinale>2022-09-23</datefinale>
    <datepublicationfinale>2022-09-23</datepublicationfinale>
    <montantfinal>195643.330000</montantfinal>
    <nomcontractant>CLINIQUE CHIRURGICALE D'ORTHOPÉDIE DE LAVAL INC.</nomcontractant>
    <neqcontractant>1163946297</neqcontractant>
  </contrat>
  <contrat>
    <numeroseao>1623671</numeroseao>
    <numero>CS-5884</numero>
    <datefinale>2022-12-31</datefinale>
    <datepublicationfinale>2023-01-03</datepublicationfinale>
    <montantfinal>54700.000000</montantfinal>
    <nomcontractant>Boucher, Sophie</nomcontractant>
    <neqcontractant>2272000730</neqcontractant>
  </contrat>
  <contrat>
    <numeroseao>1636384</numeroseao>
    <numero>SP1194</numero>
    <datefinale>2022-12-31</datefinale>
    <datepublicationfinale>2023-01-19</datepublicationfinale>
    <montantfinal>75000.000000</montantfinal>
    <nomcontractant>LOGIC-CONTRÔLE INC.</nomcontractant>
    <neqcontractant>1143212984</neqcontractant>
  </contrat>
  <contrat>
    <numeroseao>1636841</numeroseao>
    <numero>CG-220819-PB</numero>
    <datefinale>2022-11-23</datefinale>
    <datepublicationfinale>2022-12-01</datepublicationfinale>
    <montantfinal>34945.000000</montantfinal>
    <nomcontractant>INDUSCO ISOLATION INC.</nomcontractant>
    <neqcontractant>1144214823</neqcontractant>
  </contrat>
  <contrat>
    <numeroseao>1637315</numeroseao>
    <numero>45001986</numero>
    <datefinale>2022-11-30</datefinale>
    <datepublicationfinale>2023-01-04</datepublicationfinale>
    <montantfinal>56957.350000</montantfinal>
    <nomcontractant>Cossette média inc.</nomcontractant>
    <neqcontractant>1174211624</neqcontractant>
  </contrat>
  <contrat>
    <numeroseao>1641844</numeroseao>
    <numero>22-23-06</numero>
    <datefinale>2023-03-14</datefinale>
    <datepublicationfinale>2023-02-16</datepublicationfinale>
    <montantfinal>145816.000000</montantfinal>
    <nomcontractant>UNIQUE MOBILIER DE BUREAU</nomcontractant>
    <neqcontractant>1141850421</neqcontractant>
  </contrat>
  <contrat>
    <numeroseao>1643037</numeroseao>
    <numero>49828</numero>
    <datefinale />
    <datepublicationfinale>2022-11-25</datepublicationfinale>
    <montantfinal>0.000000</montantfinal>
    <nomcontractant>Studio Mirari</nomcontractant>
    <neqcontractant>1172921612</neqcontractant>
  </contrat>
  <contrat>
    <numeroseao>1648073</numeroseao>
    <numero>2223MCQ513</numero>
    <datefinale>2022-12-22</datefinale>
    <datepublicationfinale>2022-12-22</datepublicationfinale>
    <montantfinal>4554.570000</montantfinal>
    <nomcontractant>DUFORT ET LAVIGNE</nomcontractant>
    <neqcontractant>1161996294</neqcontractant>
  </contrat>
  <contrat>
    <numeroseao>1648771</numeroseao>
    <numero>5301-22-AP37</numero>
    <datefinale>2022-11-08</datefinale>
    <datepublicationfinale>2022-11-09</datepublicationfinale>
    <montantfinal>24171.810000</montantfinal>
    <nomcontractant>CDW Canada corp.</nomcontractant>
    <neqcontractant>1175178434</neqcontractant>
  </contrat>
  <contrat>
    <numeroseao>1661243</numeroseao>
    <numero>CS103756 (206803-220701)</numero>
    <datefinale>2022-12-31</datefinale>
    <datepublicationfinale>2022-11-11</datepublicationfinale>
    <montantfinal>52645.600000</montantfinal>
    <nomcontractant>Julie Bédard</nomcontractant>
    <neqcontractant />
  </contrat>
  <contrat>
    <numeroseao>1667734</numeroseao>
    <numero>5301-22-AP46</numero>
    <datefinale>2023-03-07</datefinale>
    <datepublicationfinale>2023-02-28</datepublicationfinale>
    <montantfinal>15694.000000</montantfinal>
    <nomcontractant>ITI</nomcontractant>
    <neqcontractant>1174694340</neqcontractant>
  </contrat>
  <contrat>
    <numeroseao>1680333</numeroseao>
    <numero>G21-22.15</numero>
    <datefinale>2022-12-21</datefinale>
    <datepublicationfinale>2023-01-17</datepublicationfinale>
    <montantfinal>26176.060000</montantfinal>
    <nomcontractant>St-Pierre Architecture inc.</nomcontractant>
    <neqcontractant>1172351760</neqcontractant>
  </contrat>
  <contrat>
    <numeroseao>1685523</numeroseao>
    <numero>4203-22-AP02</numero>
    <datefinale>2023-03-14</datefinale>
    <datepublicationfinale>2023-01-30</datepublicationfinale>
    <montantfinal>20213.700000</montantfinal>
    <nomcontractant>Consultants GKM inc.</nomcontractant>
    <neqcontractant>1168207901</neqcontractant>
  </contrat>
  <contrat>
    <numeroseao>1694898</numeroseao>
    <numero>504028361</numero>
    <datefinale>2023-02-04</datefinale>
    <datepublicationfinale>2023-02-23</datepublicationfinale>
    <montantfinal>78100.000000</montantfinal>
    <nomcontractant>ESRI CANADA LIMITED</nomcontractant>
    <neqcontractant>1160463304</neqcontractant>
  </contrat>
</export>