﻿NO_STATION;DESCRIPT;LATITUDE;LONGITUDE;ANNEE;NB_ECHANT;UNITE;MIN_;MAX_;VCOTE;COTE;NOM_STAT_AGOL;NOM_ZGIESL
00001030;SAINT-LAURENT À VARENNES (PARC DE LA COMMUNE);45.6787483218699;-73.4426500875861;2003;10;UFC/100 ml;26;4200;283;D;Varennes (parc de la Commune);Haut-Saint-Laurent et Grand Montréal
00001030;SAINT-LAURENT À VARENNES (PARC DE LA COMMUNE);45.6787483218699;-73.4426500875861;2004;10;UFC/100 ml;54;932;131;C;Varennes (parc de la Commune);Haut-Saint-Laurent et Grand Montréal
00001030;SAINT-LAURENT À VARENNES (PARC DE LA COMMUNE);45.6787483218699;-73.4426500875861;2005;10;UFC/100 ml;18;415;68;B;Varennes (parc de la Commune);Haut-Saint-Laurent et Grand Montréal
00001030;SAINT-LAURENT À VARENNES (PARC DE LA COMMUNE);45.6787483218699;-73.4426500875861;2006;10;UFC/100 ml;42;1800;422;D;Varennes (parc de la Commune);Haut-Saint-Laurent et Grand Montréal
00001030;SAINT-LAURENT À VARENNES (PARC DE LA COMMUNE);45.6787483218699;-73.4426500875861;2007;10;UFC/100 ml;2;3108;59;B;Varennes (parc de la Commune);Haut-Saint-Laurent et Grand Montréal
00001030;SAINT-LAURENT À VARENNES (PARC DE LA COMMUNE);45.6787483218699;-73.4426500875861;2008;10;UFC/100 ml;42;2125;171;C;Varennes (parc de la Commune);Haut-Saint-Laurent et Grand Montréal
00001030;SAINT-LAURENT À VARENNES (PARC DE LA COMMUNE);45.6787483218699;-73.4426500875861;2009;10;UFC/100 ml;44;1562;369;D;Varennes (parc de la Commune);Haut-Saint-Laurent et Grand Montréal
00001030;SAINT-LAURENT À VARENNES (PARC DE LA COMMUNE);45.6787483218699;-73.4426500875861;2017;10;UFC/100 ml;18;1050;108;C;Varennes (parc de la Commune);Haut-Saint-Laurent et Grand Montréal
00001030;SAINT-LAURENT À VARENNES (PARC DE LA COMMUNE);45.6787483218699;-73.4426500875861;2018;10;UFC/100 ml;40;4290;102;C;Varennes (parc de la Commune);Haut-Saint-Laurent et Grand Montréal
00001030;SAINT-LAURENT À VARENNES (PARC DE LA COMMUNE);45.6787483218699;-73.4426500875861;2019;10;UFC/100 ml;19;820;110;C;Varennes (parc de la Commune);Haut-Saint-Laurent et Grand Montréal
00001030;SAINT-LAURENT À VARENNES (PARC DE LA COMMUNE);45.6787483218699;-73.4426500875861;2020;10;UFC/100 ml;22;2700;212;D;Varennes (parc de la Commune);Haut-Saint-Laurent et Grand Montréal
00001030;SAINT-LAURENT À VARENNES (PARC DE LA COMMUNE);45.6787483218699;-73.4426500875861;2021;10;UFC/100 ml;47;1000;198;C;Varennes (parc de la Commune);Haut-Saint-Laurent et Grand Montréal
00001030;SAINT-LAURENT À VARENNES (PARC DE LA COMMUNE);45.6787483218699;-73.4426500875861;2022;10;UFC/100 ml;34;3100;208;D;Varennes (parc de la Commune);Haut-Saint-Laurent et Grand Montréal
00001030;SAINT-LAURENT À VARENNES (PARC DE LA COMMUNE);45.6787483218699;-73.4426500875861;2023;10;UFC/100 ml;44;2855;555;D;Varennes (parc de la Commune);Haut-Saint-Laurent et Grand Montréal
00001050;SAINT-LAURENT À TRACY ( PARC MUNICIPAL MAISUNA);46.005015102146;-73.1688129286847;2003;10;UFC/100 ml;25;562;69;B;Tracy (parc municipal Maisuna);Lac Saint-Pierre
00001050;SAINT-LAURENT À TRACY ( PARC MUNICIPAL MAISUNA);46.005015102146;-73.1688129286847;2004;10;UFC/100 ml;15;361;86;B;Tracy (parc municipal Maisuna);Lac Saint-Pierre
00001050;SAINT-LAURENT À TRACY ( PARC MUNICIPAL MAISUNA);46.005015102146;-73.1688129286847;2005;10;UFC/100 ml;6;246;68;B;Tracy (parc municipal Maisuna);Lac Saint-Pierre
00001050;SAINT-LAURENT À TRACY ( PARC MUNICIPAL MAISUNA);46.005015102146;-73.1688129286847;2006;10;UFC/100 ml;7;369;102;C;Tracy (parc municipal Maisuna);Lac Saint-Pierre
00001050;SAINT-LAURENT À TRACY ( PARC MUNICIPAL MAISUNA);46.005015102146;-73.1688129286847;2007;10;UFC/100 ml;7;88;26;B;Tracy (parc municipal Maisuna);Lac Saint-Pierre
00001050;SAINT-LAURENT À TRACY ( PARC MUNICIPAL MAISUNA);46.005015102146;-73.1688129286847;2008;10;UFC/100 ml;12;162;98;B;Tracy (parc municipal Maisuna);Lac Saint-Pierre
00001050;SAINT-LAURENT À TRACY ( PARC MUNICIPAL MAISUNA);46.005015102146;-73.1688129286847;2009;10;UFC/100 ml;4;124;56;B;Tracy (parc municipal Maisuna);Lac Saint-Pierre
00001050;SAINT-LAURENT À TRACY ( PARC MUNICIPAL MAISUNA);46.005015102146;-73.1688129286847;2017;9;UFC/100 ml;17;98;40;B;Tracy (parc municipal Maisuna);Lac Saint-Pierre
00001050;SAINT-LAURENT À TRACY ( PARC MUNICIPAL MAISUNA);46.005015102146;-73.1688129286847;2018;10;UFC/100 ml;2;248;30;B;Tracy (parc municipal Maisuna);Lac Saint-Pierre
00001050;SAINT-LAURENT À TRACY ( PARC MUNICIPAL MAISUNA);46.005015102146;-73.1688129286847;2019;10;UFC/100 ml;6;1050;32;B;Tracy (parc municipal Maisuna);Lac Saint-Pierre
00001050;SAINT-LAURENT À TRACY ( PARC MUNICIPAL MAISUNA);46.005015102146;-73.1688129286847;2020;10;UFC/100 ml;2;605;59;B;Tracy (parc municipal Maisuna);Lac Saint-Pierre
00001050;SAINT-LAURENT À TRACY ( PARC MUNICIPAL MAISUNA);46.005015102146;-73.1688129286847;2021;10;UFC/100 ml;2;170;55;B;Tracy (parc municipal Maisuna);Lac Saint-Pierre
00001050;SAINT-LAURENT À TRACY ( PARC MUNICIPAL MAISUNA);46.005015102146;-73.1688129286847;2022;10;UFC/100 ml;6;325;66;B;Tracy (parc municipal Maisuna);Lac Saint-Pierre
00001050;SAINT-LAURENT À TRACY ( PARC MUNICIPAL MAISUNA);46.005015102146;-73.1688129286847;2023;10;UFC/100 ml;36;140;59;B;Tracy (parc municipal Maisuna);Lac Saint-Pierre
00001060;SAINT-LAURENT À SAINTE-ANNE-DE-SOREL (ÎLE LAPIERRE);46.0781303773547;-73.0304166932107;2003;10;UFC/100 ml;302;5567;2192;D;Sillery (Anse au Foulon, ouest de la marina);Lac Saint-Pierre
00001060;SAINT-LAURENT À SAINTE-ANNE-DE-SOREL (ÎLE LAPIERRE);46.0781303773547;-73.0304166932107;2004;10;UFC/100 ml;242;3583;2075;D;Sillery (Anse au Foulon, ouest de la marina);Lac Saint-Pierre
00001060;SAINT-LAURENT À SAINTE-ANNE-DE-SOREL (ÎLE LAPIERRE);46.0781303773547;-73.0304166932107;2005;10;UFC/100 ml;740;6000;4062;D;Sillery (Anse au Foulon, ouest de la marina);Lac Saint-Pierre
00001060;SAINT-LAURENT À SAINTE-ANNE-DE-SOREL (ÎLE LAPIERRE);46.0781303773547;-73.0304166932107;2006;10;UFC/100 ml;548;5600;1712;D;Sillery (Anse au Foulon, ouest de la marina);Lac Saint-Pierre
00001060;SAINT-LAURENT À SAINTE-ANNE-DE-SOREL (ÎLE LAPIERRE);46.0781303773547;-73.0304166932107;2007;10;UFC/100 ml;985;3750;1900;D;Sillery (Anse au Foulon, ouest de la marina);Lac Saint-Pierre
00001060;SAINT-LAURENT À SAINTE-ANNE-DE-SOREL (ÎLE LAPIERRE);46.0781303773547;-73.0304166932107;2008;10;UFC/100 ml;610;3225;1496;D;Sillery (Anse au Foulon, ouest de la marina);Lac Saint-Pierre
00001060;SAINT-LAURENT À SAINTE-ANNE-DE-SOREL (ÎLE LAPIERRE);46.0781303773547;-73.0304166932107;2009;10;UFC/100 ml;512;2700;1188;D;Sillery (Anse au Foulon, ouest de la marina);Lac Saint-Pierre
00001060;SAINT-LAURENT À SAINTE-ANNE-DE-SOREL (ÎLE LAPIERRE);46.0781303773547;-73.0304166932107;2017;9;UFC/100 ml;1195;4200;3450;D;Sillery (Anse au Foulon, ouest de la marina);Lac Saint-Pierre
00001060;SAINT-LAURENT À SAINTE-ANNE-DE-SOREL (ÎLE LAPIERRE);46.0781303773547;-73.0304166932107;2018;10;UFC/100 ml;765;3850;2125;D;Sillery (Anse au Foulon, ouest de la marina);Lac Saint-Pierre
00001060;SAINT-LAURENT À SAINTE-ANNE-DE-SOREL (ÎLE LAPIERRE);46.0781303773547;-73.0304166932107;2019;8;UFC/100 ml;68;2500;1575;D;Sillery (Anse au Foulon, ouest de la marina);Lac Saint-Pierre
00001060;SAINT-LAURENT À SAINTE-ANNE-DE-SOREL (ÎLE LAPIERRE);46.0781303773547;-73.0304166932107;2020;7;UFC/100 ml;500;3300;1200;D;Sillery (Anse au Foulon, ouest de la marina);Lac Saint-Pierre
00001060;SAINT-LAURENT À SAINTE-ANNE-DE-SOREL (ÎLE LAPIERRE);46.0781303773547;-73.0304166932107;2021;6;UFC/100 ml;895;2400;1625;D;Sillery (Anse au Foulon, ouest de la marina);Lac Saint-Pierre
00001060;SAINT-LAURENT À SAINTE-ANNE-DE-SOREL (ÎLE LAPIERRE);46.0781303773547;-73.0304166932107;2022;3;UFC/100 ml;1300;2050;1950;D;Sillery (Anse au Foulon, ouest de la marina);Lac Saint-Pierre
00001060;SAINT-LAURENT À SAINTE-ANNE-DE-SOREL (ÎLE LAPIERRE);46.0781303773547;-73.0304166932107;2023;9;UFC/100 ml;675;5700;2950;D;Sillery (Anse au Foulon, ouest de la marina);Lac Saint-Pierre
00001070;SAINT-LAURENT À NICOLET (OUEST DU QUAI DE PORT-SAINT-FRANÇOIS);46.2711224888568;-72.6207078468792;2003;10;UFC/100 ml;47;2650;578;D;Nicolet (ouest du quai de Port-Saint-François);Lac Saint-Pierre
00001070;SAINT-LAURENT À NICOLET (OUEST DU QUAI DE PORT-SAINT-FRANÇOIS);46.2711224888568;-72.6207078468792;2004;10;UFC/100 ml;75;12550;328;D;Nicolet (ouest du quai de Port-Saint-François);Lac Saint-Pierre
00001070;SAINT-LAURENT À NICOLET (OUEST DU QUAI DE PORT-SAINT-FRANÇOIS);46.2711224888568;-72.6207078468792;2005;10;UFC/100 ml;19;1348;171;C;Nicolet (ouest du quai de Port-Saint-François);Lac Saint-Pierre
00001070;SAINT-LAURENT À NICOLET (OUEST DU QUAI DE PORT-SAINT-FRANÇOIS);46.2711224888568;-72.6207078468792;2006;10;UFC/100 ml;43;3029;412;D;Nicolet (ouest du quai de Port-Saint-François);Lac Saint-Pierre
00001070;SAINT-LAURENT À NICOLET (OUEST DU QUAI DE PORT-SAINT-FRANÇOIS);46.2711224888568;-72.6207078468792;2007;10;UFC/100 ml;23;965;82;B;Nicolet (ouest du quai de Port-Saint-François);Lac Saint-Pierre
00001070;SAINT-LAURENT À NICOLET (OUEST DU QUAI DE PORT-SAINT-FRANÇOIS);46.2711224888568;-72.6207078468792;2008;10;UFC/100 ml;69;458;290;D;Nicolet (ouest du quai de Port-Saint-François);Lac Saint-Pierre
00001070;SAINT-LAURENT À NICOLET (OUEST DU QUAI DE PORT-SAINT-FRANÇOIS);46.2711224888568;-72.6207078468792;2009;10;UFC/100 ml;34;1650;401;D;Nicolet (ouest du quai de Port-Saint-François);Lac Saint-Pierre
00001070;SAINT-LAURENT À NICOLET (OUEST DU QUAI DE PORT-SAINT-FRANÇOIS);46.2711224888568;-72.6207078468792;2017;10;UFC/100 ml;42;505;96;B;Nicolet (ouest du quai de Port-Saint-François);Lac Saint-Pierre
00001070;SAINT-LAURENT À NICOLET (OUEST DU QUAI DE PORT-SAINT-FRANÇOIS);46.2711224888568;-72.6207078468792;2018;10;UFC/100 ml;17;5350;430;D;Nicolet (ouest du quai de Port-Saint-François);Lac Saint-Pierre
00001070;SAINT-LAURENT À NICOLET (OUEST DU QUAI DE PORT-SAINT-FRANÇOIS);46.2711224888568;-72.6207078468792;2019;10;UFC/100 ml;7;198;72;B;Nicolet (ouest du quai de Port-Saint-François);Lac Saint-Pierre
00001070;SAINT-LAURENT À NICOLET (OUEST DU QUAI DE PORT-SAINT-FRANÇOIS);46.2711224888568;-72.6207078468792;2020;10;UFC/100 ml;15;4650;210;D;Nicolet (ouest du quai de Port-Saint-François);Lac Saint-Pierre
00001070;SAINT-LAURENT À NICOLET (OUEST DU QUAI DE PORT-SAINT-FRANÇOIS);46.2711224888568;-72.6207078468792;2021;10;UFC/100 ml;14;1000;170;C;Nicolet (ouest du quai de Port-Saint-François);Lac Saint-Pierre
00001070;SAINT-LAURENT À NICOLET (OUEST DU QUAI DE PORT-SAINT-FRANÇOIS);46.2711224888568;-72.6207078468792;2022;10;UFC/100 ml;34;445;80;B;Nicolet (ouest du quai de Port-Saint-François);Lac Saint-Pierre
00001070;SAINT-LAURENT À NICOLET (OUEST DU QUAI DE PORT-SAINT-FRANÇOIS);46.2711224888568;-72.6207078468792;2023;10;UFC/100 ml;69;3065;265;D;Nicolet (ouest du quai de Port-Saint-François);Lac Saint-Pierre
00001110;SAINT-LAURENT À BATISCAN (EST DU QUAI);46.5007263046484;-72.2444689549397;2003;10;UFC/100 ml;180;2950;357;D;Batiscan (est du quai);Estuaire fluvial
00001110;SAINT-LAURENT À BATISCAN (EST DU QUAI);46.5007263046484;-72.2444689549397;2004;10;UFC/100 ml;135;1424;302;D;Batiscan (est du quai);Estuaire fluvial
00001110;SAINT-LAURENT À BATISCAN (EST DU QUAI);46.5007263046484;-72.2444689549397;2005;9;UFC/100 ml;202;2175;725;D;Batiscan (est du quai);Estuaire fluvial
00001110;SAINT-LAURENT À BATISCAN (EST DU QUAI);46.5007263046484;-72.2444689549397;2006;10;UFC/100 ml;78;1075;389;D;Batiscan (est du quai);Estuaire fluvial
00001110;SAINT-LAURENT À BATISCAN (EST DU QUAI);46.5007263046484;-72.2444689549397;2007;10;UFC/100 ml;38;1172;352;D;Batiscan (est du quai);Estuaire fluvial
00001110;SAINT-LAURENT À BATISCAN (EST DU QUAI);46.5007263046484;-72.2444689549397;2008;10;UFC/100 ml;110;2960;568;D;Batiscan (est du quai);Estuaire fluvial
00001110;SAINT-LAURENT À BATISCAN (EST DU QUAI);46.5007263046484;-72.2444689549397;2009;10;UFC/100 ml;95;915;298;D;Batiscan (est du quai);Estuaire fluvial
00001110;SAINT-LAURENT À BATISCAN (EST DU QUAI);46.5007263046484;-72.2444689549397;2017;9;UFC/100 ml;175;615;220;D;Batiscan (est du quai);Estuaire fluvial
00001110;SAINT-LAURENT À BATISCAN (EST DU QUAI);46.5007263046484;-72.2444689549397;2018;10;UFC/100 ml;145;4235;268;D;Batiscan (est du quai);Estuaire fluvial
00001110;SAINT-LAURENT À BATISCAN (EST DU QUAI);46.5007263046484;-72.2444689549397;2019;10;UFC/100 ml;125;1560;248;D;Batiscan (est du quai);Estuaire fluvial
00001110;SAINT-LAURENT À BATISCAN (EST DU QUAI);46.5007263046484;-72.2444689549397;2020;10;UFC/100 ml;130;1600;298;D;Batiscan (est du quai);Estuaire fluvial
00001110;SAINT-LAURENT À BATISCAN (EST DU QUAI);46.5007263046484;-72.2444689549397;2021;10;UFC/100 ml;101;840;255;D;Batiscan (est du quai);Estuaire fluvial
00001110;SAINT-LAURENT À BATISCAN (EST DU QUAI);46.5007263046484;-72.2444689549397;2022;10;UFC/100 ml;58;1020;168;C;Batiscan (est du quai);Estuaire fluvial
00001110;SAINT-LAURENT À BATISCAN (EST DU QUAI);46.5007263046484;-72.2444689549397;2023;10;UFC/100 ml;76;735;322;D;Batiscan (est du quai);Estuaire fluvial
00001180;SAINT-LAURENT À LÉVIS (PARC SAINT-LAURENT, EN AMONT DE L'ANSE TIBBITS);46.7950064317165;-71.1936122548116;2003;10;UFC/100 ml;23;2750;156;C;Lévis (parc Saint-Laurent, en amont de l'Anse Tibbits);Québec
00001180;SAINT-LAURENT À LÉVIS (PARC SAINT-LAURENT, EN AMONT DE L'ANSE TIBBITS);46.7950064317165;-71.1936122548116;2004;10;UFC/100 ml;49;681;188;C;Lévis (parc Saint-Laurent, en amont de l'Anse Tibbits);Québec
00001180;SAINT-LAURENT À LÉVIS (PARC SAINT-LAURENT, EN AMONT DE L'ANSE TIBBITS);46.7950064317165;-71.1936122548116;2005;9;UFC/100 ml;12;396;109;C;Lévis (parc Saint-Laurent, en amont de l'Anse Tibbits);Québec
00001180;SAINT-LAURENT À LÉVIS (PARC SAINT-LAURENT, EN AMONT DE L'ANSE TIBBITS);46.7950064317165;-71.1936122548116;2006;10;UFC/100 ml;150;2125;409;D;Lévis (parc Saint-Laurent, en amont de l'Anse Tibbits);Québec
00001180;SAINT-LAURENT À LÉVIS (PARC SAINT-LAURENT, EN AMONT DE L'ANSE TIBBITS);46.7950064317165;-71.1936122548116;2007;10;UFC/100 ml;15;970;76;B;Lévis (parc Saint-Laurent, en amont de l'Anse Tibbits);Québec
00001180;SAINT-LAURENT À LÉVIS (PARC SAINT-LAURENT, EN AMONT DE L'ANSE TIBBITS);46.7950064317165;-71.1936122548116;2008;10;UFC/100 ml;112;2500;191;C;Lévis (parc Saint-Laurent, en amont de l'Anse Tibbits);Québec
00001180;SAINT-LAURENT À LÉVIS (PARC SAINT-LAURENT, EN AMONT DE L'ANSE TIBBITS);46.7950064317165;-71.1936122548116;2009;10;UFC/100 ml;46;480;186;C;Lévis (parc Saint-Laurent, en amont de l'Anse Tibbits);Québec
00001180;SAINT-LAURENT À LÉVIS (PARC SAINT-LAURENT, EN AMONT DE L'ANSE TIBBITS);46.7950064317165;-71.1936122548116;2017;10;UFC/100 ml;42;1500;412;D;Lévis (parc Saint-Laurent, en amont de l'Anse Tibbits);Québec
00001180;SAINT-LAURENT À LÉVIS (PARC SAINT-LAURENT, EN AMONT DE L'ANSE TIBBITS);46.7950064317165;-71.1936122548116;2018;10;UFC/100 ml;26;280;80;B;Lévis (parc Saint-Laurent, en amont de l'Anse Tibbits);Québec
00001180;SAINT-LAURENT À LÉVIS (PARC SAINT-LAURENT, EN AMONT DE L'ANSE TIBBITS);46.7950064317165;-71.1936122548116;2019;10;UFC/100 ml;29;525;151;C;Lévis (parc Saint-Laurent, en amont de l'Anse Tibbits);Québec
00001180;SAINT-LAURENT À LÉVIS (PARC SAINT-LAURENT, EN AMONT DE L'ANSE TIBBITS);46.7950064317165;-71.1936122548116;2020;10;UFC/100 ml;45;455;146;C;Lévis (parc Saint-Laurent, en amont de l'Anse Tibbits);Québec
00001180;SAINT-LAURENT À LÉVIS (PARC SAINT-LAURENT, EN AMONT DE L'ANSE TIBBITS);46.7950064317165;-71.1936122548116;2021;10;UFC/100 ml;31;900;123;C;Lévis (parc Saint-Laurent, en amont de l'Anse Tibbits);Québec
00001180;SAINT-LAURENT À LÉVIS (PARC SAINT-LAURENT, EN AMONT DE L'ANSE TIBBITS);46.7950064317165;-71.1936122548116;2022;10;UFC/100 ml;49;245;145;C;Lévis (parc Saint-Laurent, en amont de l'Anse Tibbits);Québec
00001180;SAINT-LAURENT À LÉVIS (PARC SAINT-LAURENT, EN AMONT DE L'ANSE TIBBITS);46.7950064317165;-71.1936122548116;2023;10;UFC/100 ml;82;765;200;C;Lévis (parc Saint-Laurent, en amont de l'Anse Tibbits);Québec
00002010;SAINT-LAURENT À LONGUEUIL À LA POINTE AMONT DE L'ÎLE CHARRON, À CÔTÉ DE LA RAMPE DE MISE À L'EAU;45.5784356937806;-73.4905316542565;2003;10;UFC/100 ml;5;142;17;A;Longueuil (pointe amont de l'Île Charron);Haut-Saint-Laurent et Grand Montréal
00002010;SAINT-LAURENT À LONGUEUIL À LA POINTE AMONT DE L'ÎLE CHARRON, À CÔTÉ DE LA RAMPE DE MISE À L'EAU;45.5784356937806;-73.4905316542565;2004;10;UFC/100 ml;4;369;9;A;Longueuil (pointe amont de l'Île Charron);Haut-Saint-Laurent et Grand Montréal
00002010;SAINT-LAURENT À LONGUEUIL À LA POINTE AMONT DE L'ÎLE CHARRON, À CÔTÉ DE LA RAMPE DE MISE À L'EAU;45.5784356937806;-73.4905316542565;2005;10;UFC/100 ml;3;174;8;A;Longueuil (pointe amont de l'Île Charron);Haut-Saint-Laurent et Grand Montréal
00002010;SAINT-LAURENT À LONGUEUIL À LA POINTE AMONT DE L'ÎLE CHARRON, À CÔTÉ DE LA RAMPE DE MISE À L'EAU;45.5784356937806;-73.4905316542565;2006;10;UFC/100 ml;2;778;16;A;Longueuil (pointe amont de l'Île Charron);Haut-Saint-Laurent et Grand Montréal
00002010;SAINT-LAURENT À LONGUEUIL À LA POINTE AMONT DE L'ÎLE CHARRON, À CÔTÉ DE LA RAMPE DE MISE À L'EAU;45.5784356937806;-73.4905316542565;2007;10;UFC/100 ml;2;78;11;A;Longueuil (pointe amont de l'Île Charron);Haut-Saint-Laurent et Grand Montréal
00002010;SAINT-LAURENT À LONGUEUIL À LA POINTE AMONT DE L'ÎLE CHARRON, À CÔTÉ DE LA RAMPE DE MISE À L'EAU;45.5784356937806;-73.4905316542565;2008;10;UFC/100 ml;4;2935;46;B;Longueuil (pointe amont de l'Île Charron);Haut-Saint-Laurent et Grand Montréal
00002010;SAINT-LAURENT À LONGUEUIL À LA POINTE AMONT DE L'ÎLE CHARRON, À CÔTÉ DE LA RAMPE DE MISE À L'EAU;45.5784356937806;-73.4905316542565;2009;10;UFC/100 ml;4;3052;71;B;Longueuil (pointe amont de l'Île Charron);Haut-Saint-Laurent et Grand Montréal
00002010;SAINT-LAURENT À LONGUEUIL À LA POINTE AMONT DE L'ÎLE CHARRON, À CÔTÉ DE LA RAMPE DE MISE À L'EAU;45.5784356937806;-73.4905316542565;2017;10;UFC/100 ml;4;103;17;A;Longueuil (pointe amont de l'Île Charron);Haut-Saint-Laurent et Grand Montréal
00002010;SAINT-LAURENT À LONGUEUIL À LA POINTE AMONT DE L'ÎLE CHARRON, À CÔTÉ DE LA RAMPE DE MISE À L'EAU;45.5784356937806;-73.4905316542565;2018;10;UFC/100 ml;6;183;12;A;Longueuil (pointe amont de l'Île Charron);Haut-Saint-Laurent et Grand Montréal
00002010;SAINT-LAURENT À LONGUEUIL À LA POINTE AMONT DE L'ÎLE CHARRON, À CÔTÉ DE LA RAMPE DE MISE À L'EAU;45.5784356937806;-73.4905316542565;2019;10;UFC/100 ml;6;29;14;A;Longueuil (pointe amont de l'Île Charron);Haut-Saint-Laurent et Grand Montréal
00002010;SAINT-LAURENT À LONGUEUIL À LA POINTE AMONT DE L'ÎLE CHARRON, À CÔTÉ DE LA RAMPE DE MISE À L'EAU;45.5784356937806;-73.4905316542565;2020;10;UFC/100 ml;2;382;37;B;Longueuil (pointe amont de l'Île Charron);Haut-Saint-Laurent et Grand Montréal
00002010;SAINT-LAURENT À LONGUEUIL À LA POINTE AMONT DE L'ÎLE CHARRON, À CÔTÉ DE LA RAMPE DE MISE À L'EAU;45.5784356937806;-73.4905316542565;2021;10;UFC/100 ml;6;513;38;B;Longueuil (pointe amont de l'Île Charron);Haut-Saint-Laurent et Grand Montréal
00002010;SAINT-LAURENT À LONGUEUIL À LA POINTE AMONT DE L'ÎLE CHARRON, À CÔTÉ DE LA RAMPE DE MISE À L'EAU;45.5784356937806;-73.4905316542565;2022;10;UFC/100 ml;2;140;21;B;Longueuil (pointe amont de l'Île Charron);Haut-Saint-Laurent et Grand Montréal
00002010;SAINT-LAURENT À LONGUEUIL À LA POINTE AMONT DE L'ÎLE CHARRON, À CÔTÉ DE LA RAMPE DE MISE À L'EAU;45.5784356937806;-73.4905316542565;2023;9;UFC/100 ml;12;600;38;B;Longueuil (pointe amont de l'Île Charron);Haut-Saint-Laurent et Grand Montréal
00002050;SAINT-LAURENT À SAINTE-ANNE-DE-SOREL DU CÔTÉ OUEST DE L'ÎLE DES BARQUES;46.0865352227913;-73.0007546759518;2003;10;UFC/100 ml;84;1567;291;D;Sainte-Anne-De-Sorel (ouest de l'Île des Barques);Lac Saint-Pierre
00002050;SAINT-LAURENT À SAINTE-ANNE-DE-SOREL DU CÔTÉ OUEST DE L'ÎLE DES BARQUES;46.0865352227913;-73.0007546759518;2004;10;UFC/100 ml;36;793;100;B;Sainte-Anne-De-Sorel (ouest de l'Île des Barques);Lac Saint-Pierre
00002050;SAINT-LAURENT À SAINTE-ANNE-DE-SOREL DU CÔTÉ OUEST DE L'ÎLE DES BARQUES;46.0865352227913;-73.0007546759518;2005;10;UFC/100 ml;30;1352;249;D;Sainte-Anne-De-Sorel (ouest de l'Île des Barques);Lac Saint-Pierre
00002050;SAINT-LAURENT À SAINTE-ANNE-DE-SOREL DU CÔTÉ OUEST DE L'ÎLE DES BARQUES;46.0865352227913;-73.0007546759518;2006;10;UFC/100 ml;55;3475;157;C;Sainte-Anne-De-Sorel (ouest de l'Île des Barques);Lac Saint-Pierre
00002050;SAINT-LAURENT À SAINTE-ANNE-DE-SOREL DU CÔTÉ OUEST DE L'ÎLE DES BARQUES;46.0865352227913;-73.0007546759518;2007;10;UFC/100 ml;30;1035;61;B;Sainte-Anne-De-Sorel (ouest de l'Île des Barques);Lac Saint-Pierre
00002050;SAINT-LAURENT À SAINTE-ANNE-DE-SOREL DU CÔTÉ OUEST DE L'ÎLE DES BARQUES;46.0865352227913;-73.0007546759518;2008;10;UFC/100 ml;7;86;53;B;Sainte-Anne-De-Sorel (ouest de l'Île des Barques);Lac Saint-Pierre
00002050;SAINT-LAURENT À SAINTE-ANNE-DE-SOREL DU CÔTÉ OUEST DE L'ÎLE DES BARQUES;46.0865352227913;-73.0007546759518;2009;10;UFC/100 ml;9;300;62;B;Sainte-Anne-De-Sorel (ouest de l'Île des Barques);Lac Saint-Pierre
00002050;SAINT-LAURENT À SAINTE-ANNE-DE-SOREL DU CÔTÉ OUEST DE L'ÎLE DES BARQUES;46.0865352227913;-73.0007546759518;2017;9;UFC/100 ml;15;485;69;B;Sainte-Anne-De-Sorel (ouest de l'Île des Barques);Lac Saint-Pierre
00002050;SAINT-LAURENT À SAINTE-ANNE-DE-SOREL DU CÔTÉ OUEST DE L'ÎLE DES BARQUES;46.0865352227913;-73.0007546759518;2018;10;UFC/100 ml;16;320;188;C;Sainte-Anne-De-Sorel (ouest de l'Île des Barques);Lac Saint-Pierre
00002050;SAINT-LAURENT À SAINTE-ANNE-DE-SOREL DU CÔTÉ OUEST DE L'ÎLE DES BARQUES;46.0865352227913;-73.0007546759518;2019;9;UFC/100 ml;26;1100;50;B;Sainte-Anne-De-Sorel (ouest de l'Île des Barques);Lac Saint-Pierre
00002050;SAINT-LAURENT À SAINTE-ANNE-DE-SOREL DU CÔTÉ OUEST DE L'ÎLE DES BARQUES;46.0865352227913;-73.0007546759518;2020;7;UFC/100 ml;16;136;87;B;Sainte-Anne-De-Sorel (ouest de l'Île des Barques);Lac Saint-Pierre
00002050;SAINT-LAURENT À SAINTE-ANNE-DE-SOREL DU CÔTÉ OUEST DE L'ÎLE DES BARQUES;46.0865352227913;-73.0007546759518;2021;6;UFC/100 ml;82;345;143;C;Sainte-Anne-De-Sorel (ouest de l'Île des Barques);Lac Saint-Pierre
00002050;SAINT-LAURENT À SAINTE-ANNE-DE-SOREL DU CÔTÉ OUEST DE L'ÎLE DES BARQUES;46.0865352227913;-73.0007546759518;2022;3;UFC/100 ml;30;90;32;B;Sainte-Anne-De-Sorel (ouest de l'Île des Barques);Lac Saint-Pierre
00002050;SAINT-LAURENT À SAINTE-ANNE-DE-SOREL DU CÔTÉ OUEST DE L'ÎLE DES BARQUES;46.0865352227913;-73.0007546759518;2023;9;UFC/100 ml;32;3050;120;C;Sainte-Anne-De-Sorel (ouest de l'Île des Barques);Lac Saint-Pierre
00002060;SAINT-LAURENT À POINTE-DU-LAC AU CENTRE NAUTIQUE DE FRANCHEVILLE;46.2905373889312;-72.713333415474;2003;10;UFC/100 ml;12;250;89;B;Pointe-Du-Lac (centre nautique de Francheville);Lac Saint-Pierre
00002060;SAINT-LAURENT À POINTE-DU-LAC AU CENTRE NAUTIQUE DE FRANCHEVILLE;46.2905373889312;-72.713333415474;2004;10;UFC/100 ml;15;1577;51;B;Pointe-Du-Lac (centre nautique de Francheville);Lac Saint-Pierre
00002060;SAINT-LAURENT À POINTE-DU-LAC AU CENTRE NAUTIQUE DE FRANCHEVILLE;46.2905373889312;-72.713333415474;2005;10;UFC/100 ml;4;1100;70;B;Pointe-Du-Lac (centre nautique de Francheville);Lac Saint-Pierre
00002060;SAINT-LAURENT À POINTE-DU-LAC AU CENTRE NAUTIQUE DE FRANCHEVILLE;46.2905373889312;-72.713333415474;2006;10;UFC/100 ml;34;2460;421;D;Pointe-Du-Lac (centre nautique de Francheville);Lac Saint-Pierre
00002060;SAINT-LAURENT À POINTE-DU-LAC AU CENTRE NAUTIQUE DE FRANCHEVILLE;46.2905373889312;-72.713333415474;2007;10;UFC/100 ml;2;1292;243;D;Pointe-Du-Lac (centre nautique de Francheville);Lac Saint-Pierre
00002060;SAINT-LAURENT À POINTE-DU-LAC AU CENTRE NAUTIQUE DE FRANCHEVILLE;46.2905373889312;-72.713333415474;2008;10;UFC/100 ml;86;1045;190;C;Pointe-Du-Lac (centre nautique de Francheville);Lac Saint-Pierre
00002060;SAINT-LAURENT À POINTE-DU-LAC AU CENTRE NAUTIQUE DE FRANCHEVILLE;46.2905373889312;-72.713333415474;2009;10;UFC/100 ml;78;2190;227;D;Pointe-Du-Lac (centre nautique de Francheville);Lac Saint-Pierre
00002060;SAINT-LAURENT À POINTE-DU-LAC AU CENTRE NAUTIQUE DE FRANCHEVILLE;46.2905373889312;-72.713333415474;2017;10;UFC/100 ml;30;900;122;C;Pointe-Du-Lac (centre nautique de Francheville);Lac Saint-Pierre
00002060;SAINT-LAURENT À POINTE-DU-LAC AU CENTRE NAUTIQUE DE FRANCHEVILLE;46.2905373889312;-72.713333415474;2018;10;UFC/100 ml;22;1235;165;C;Pointe-Du-Lac (centre nautique de Francheville);Lac Saint-Pierre
00002060;SAINT-LAURENT À POINTE-DU-LAC AU CENTRE NAUTIQUE DE FRANCHEVILLE;46.2905373889312;-72.713333415474;2019;10;UFC/100 ml;20;1060;115;C;Pointe-Du-Lac (centre nautique de Francheville);Lac Saint-Pierre
00002060;SAINT-LAURENT À POINTE-DU-LAC AU CENTRE NAUTIQUE DE FRANCHEVILLE;46.2905373889312;-72.713333415474;2020;10;UFC/100 ml;12;933;268;D;Pointe-Du-Lac (centre nautique de Francheville);Lac Saint-Pierre
00002060;SAINT-LAURENT À POINTE-DU-LAC AU CENTRE NAUTIQUE DE FRANCHEVILLE;46.2905373889312;-72.713333415474;2021;9;UFC/100 ml;21;600;78;B;Pointe-Du-Lac (centre nautique de Francheville);Lac Saint-Pierre
00002060;SAINT-LAURENT À POINTE-DU-LAC AU CENTRE NAUTIQUE DE FRANCHEVILLE;46.2905373889312;-72.713333415474;2022;10;UFC/100 ml;14;450;54;B;Pointe-Du-Lac (centre nautique de Francheville);Lac Saint-Pierre
00002060;SAINT-LAURENT À POINTE-DU-LAC AU CENTRE NAUTIQUE DE FRANCHEVILLE;46.2905373889312;-72.713333415474;2023;10;UFC/100 ml;32;460;125;C;Pointe-Du-Lac (centre nautique de Francheville);Lac Saint-Pierre
00002100;SAINT-LAURENT À L'EMBOUCHURE DE LA RIVIÈRE CHAUDIÈRE À SAINT-ROMUALD;46.7443795574385;-71.2744806771107;2003;10;UFC/100 ml;24;5333;86;B;Saint-Romuald (Embouchure de la rivière Chaudière);Québec
00002100;SAINT-LAURENT À L'EMBOUCHURE DE LA RIVIÈRE CHAUDIÈRE À SAINT-ROMUALD;46.7443795574385;-71.2744806771107;2004;10;UFC/100 ml;30;762;76;B;Saint-Romuald (Embouchure de la rivière Chaudière);Québec
00002100;SAINT-LAURENT À L'EMBOUCHURE DE LA RIVIÈRE CHAUDIÈRE À SAINT-ROMUALD;46.7443795574385;-71.2744806771107;2005;9;UFC/100 ml;32;201;63;B;Saint-Romuald (Embouchure de la rivière Chaudière);Québec
00002100;SAINT-LAURENT À L'EMBOUCHURE DE LA RIVIÈRE CHAUDIÈRE À SAINT-ROMUALD;46.7443795574385;-71.2744806771107;2006;10;UFC/100 ml;20;280;118;C;Saint-Romuald (Embouchure de la rivière Chaudière);Québec
00002100;SAINT-LAURENT À L'EMBOUCHURE DE LA RIVIÈRE CHAUDIÈRE À SAINT-ROMUALD;46.7443795574385;-71.2744806771107;2007;10;UFC/100 ml;6;342;46;B;Saint-Romuald (Embouchure de la rivière Chaudière);Québec
00002100;SAINT-LAURENT À L'EMBOUCHURE DE LA RIVIÈRE CHAUDIÈRE À SAINT-ROMUALD;46.7443795574385;-71.2744806771107;2008;10;UFC/100 ml;94;385;200;C;Saint-Romuald (Embouchure de la rivière Chaudière);Québec
00002100;SAINT-LAURENT À L'EMBOUCHURE DE LA RIVIÈRE CHAUDIÈRE À SAINT-ROMUALD;46.7443795574385;-71.2744806771107;2009;10;UFC/100 ml;68;930;150;C;Saint-Romuald (Embouchure de la rivière Chaudière);Québec
00002100;SAINT-LAURENT À L'EMBOUCHURE DE LA RIVIÈRE CHAUDIÈRE À SAINT-ROMUALD;46.7443795574385;-71.2744806771107;2017;10;UFC/100 ml;32;1180;88;B;Saint-Romuald (Embouchure de la rivière Chaudière);Québec
00002100;SAINT-LAURENT À L'EMBOUCHURE DE LA RIVIÈRE CHAUDIÈRE À SAINT-ROMUALD;46.7443795574385;-71.2744806771107;2018;8;UFC/100 ml;28;265;56;B;Saint-Romuald (Embouchure de la rivière Chaudière);Québec
00002100;SAINT-LAURENT À L'EMBOUCHURE DE LA RIVIÈRE CHAUDIÈRE À SAINT-ROMUALD;46.7443795574385;-71.2744806771107;2019;9;UFC/100 ml;22;385;44;B;Saint-Romuald (Embouchure de la rivière Chaudière);Québec
00002100;SAINT-LAURENT À L'EMBOUCHURE DE LA RIVIÈRE CHAUDIÈRE À SAINT-ROMUALD;46.7443795574385;-71.2744806771107;2020;10;UFC/100 ml;28;1550;190;C;Saint-Romuald (Embouchure de la rivière Chaudière);Québec
00002100;SAINT-LAURENT À L'EMBOUCHURE DE LA RIVIÈRE CHAUDIÈRE À SAINT-ROMUALD;46.7443795574385;-71.2744806771107;2021;10;UFC/100 ml;30;120;40;B;Saint-Romuald (Embouchure de la rivière Chaudière);Québec
00002100;SAINT-LAURENT À L'EMBOUCHURE DE LA RIVIÈRE CHAUDIÈRE À SAINT-ROMUALD;46.7443795574385;-71.2744806771107;2022;10;UFC/100 ml;58;2750;240;D;Saint-Romuald (Embouchure de la rivière Chaudière);Québec
00002100;SAINT-LAURENT À L'EMBOUCHURE DE LA RIVIÈRE CHAUDIÈRE À SAINT-ROMUALD;46.7443795574385;-71.2744806771107;2023;10;UFC/100 ml;79;1250;238;D;Saint-Romuald (Embouchure de la rivière Chaudière);Québec
00003060;SAINT-LAURENT À LA MARINA DE DESCHAILLONS;46.5607155787013;-72.1044285757381;2003;10;UFC/100 ml;26;1600;99;B;Deschaillons (Marina);Estuaire fluvial
00003060;SAINT-LAURENT À LA MARINA DE DESCHAILLONS;46.5607155787013;-72.1044285757381;2004;10;UFC/100 ml;22;100;78;B;Deschaillons (Marina);Estuaire fluvial
00003060;SAINT-LAURENT À LA MARINA DE DESCHAILLONS;46.5607155787013;-72.1044285757381;2005;9;UFC/100 ml;10;452;52;B;Deschaillons (Marina);Estuaire fluvial
00003060;SAINT-LAURENT À LA MARINA DE DESCHAILLONS;46.5607155787013;-72.1044285757381;2006;10;UFC/100 ml;11;262;77;B;Deschaillons (Marina);Estuaire fluvial
00003060;SAINT-LAURENT À LA MARINA DE DESCHAILLONS;46.5607155787013;-72.1044285757381;2007;10;UFC/100 ml;8;89;33;B;Deschaillons (Marina);Estuaire fluvial
00003060;SAINT-LAURENT À LA MARINA DE DESCHAILLONS;46.5607155787013;-72.1044285757381;2008;10;UFC/100 ml;20;718;205;D;Deschaillons (Marina);Estuaire fluvial
00003060;SAINT-LAURENT À LA MARINA DE DESCHAILLONS;46.5607155787013;-72.1044285757381;2009;10;UFC/100 ml;26;1742;127;C;Deschaillons (Marina);Estuaire fluvial
00003060;SAINT-LAURENT À LA MARINA DE DESCHAILLONS;46.5607155787013;-72.1044285757381;2017;10;UFC/100 ml;16;73;45;B;Deschaillons (Marina);Estuaire fluvial
00003060;SAINT-LAURENT À LA MARINA DE DESCHAILLONS;46.5607155787013;-72.1044285757381;2018;10;UFC/100 ml;30;965;54;B;Deschaillons (Marina);Estuaire fluvial
00003060;SAINT-LAURENT À LA MARINA DE DESCHAILLONS;46.5607155787013;-72.1044285757381;2019;10;UFC/100 ml;26;270;107;C;Deschaillons (Marina);Estuaire fluvial
00003060;SAINT-LAURENT À LA MARINA DE DESCHAILLONS;46.5607155787013;-72.1044285757381;2020;10;UFC/100 ml;20;215;34;B;Deschaillons (Marina);Estuaire fluvial
00003060;SAINT-LAURENT À LA MARINA DE DESCHAILLONS;46.5607155787013;-72.1044285757381;2021;10;UFC/100 ml;14;239;64;B;Deschaillons (Marina);Estuaire fluvial
00003060;SAINT-LAURENT À LA MARINA DE DESCHAILLONS;46.5607155787013;-72.1044285757381;2022;10;UFC/100 ml;18;179;62;B;Deschaillons (Marina);Estuaire fluvial
00003060;SAINT-LAURENT À LA MARINA DE DESCHAILLONS;46.5607155787013;-72.1044285757381;2023;10;UFC/100 ml;18;480;145;C;Deschaillons (Marina);Estuaire fluvial
00003080;SAINT-LAURENT À SAINTE-FOY (PARC DE LA PLAGE JACQUES-CARTIER FACE AU STATIONNEMENT);46.7489836251188;-71.3141627732196;2003;10;UFC/100 ml;28;1955;116;C;Québec (parc de la plage Jacques-Cartier);Québec
00003080;SAINT-LAURENT À SAINTE-FOY (PARC DE LA PLAGE JACQUES-CARTIER FACE AU STATIONNEMENT);46.7489836251188;-71.3141627732196;2004;10;UFC/100 ml;38;146;75;B;Québec (parc de la plage Jacques-Cartier);Québec
00003080;SAINT-LAURENT À SAINTE-FOY (PARC DE LA PLAGE JACQUES-CARTIER FACE AU STATIONNEMENT);46.7489836251188;-71.3141627732196;2005;9;UFC/100 ml;56;215;105;C;Québec (parc de la plage Jacques-Cartier);Québec
00003080;SAINT-LAURENT À SAINTE-FOY (PARC DE LA PLAGE JACQUES-CARTIER FACE AU STATIONNEMENT);46.7489836251188;-71.3141627732196;2006;10;UFC/100 ml;48;255;91;B;Québec (parc de la plage Jacques-Cartier);Québec
00003080;SAINT-LAURENT À SAINTE-FOY (PARC DE LA PLAGE JACQUES-CARTIER FACE AU STATIONNEMENT);46.7489836251188;-71.3141627732196;2007;9;UFC/100 ml;28;522;46;B;Québec (parc de la plage Jacques-Cartier);Québec
00003080;SAINT-LAURENT À SAINTE-FOY (PARC DE LA PLAGE JACQUES-CARTIER FACE AU STATIONNEMENT);46.7489836251188;-71.3141627732196;2008;10;UFC/100 ml;100;338;156;C;Québec (parc de la plage Jacques-Cartier);Québec
00003080;SAINT-LAURENT À SAINTE-FOY (PARC DE LA PLAGE JACQUES-CARTIER FACE AU STATIONNEMENT);46.7489836251188;-71.3141627732196;2009;10;UFC/100 ml;82;580;164;C;Québec (parc de la plage Jacques-Cartier);Québec
00003080;SAINT-LAURENT À SAINTE-FOY (PARC DE LA PLAGE JACQUES-CARTIER FACE AU STATIONNEMENT);46.7489836251188;-71.3141627732196;2017;10;UFC/100 ml;38;525;130;C;Québec (parc de la plage Jacques-Cartier);Québec
00003080;SAINT-LAURENT À SAINTE-FOY (PARC DE LA PLAGE JACQUES-CARTIER FACE AU STATIONNEMENT);46.7489836251188;-71.3141627732196;2018;10;UFC/100 ml;44;154;102;C;Québec (parc de la plage Jacques-Cartier);Québec
00003080;SAINT-LAURENT À SAINTE-FOY (PARC DE LA PLAGE JACQUES-CARTIER FACE AU STATIONNEMENT);46.7489836251188;-71.3141627732196;2019;10;UFC/100 ml;47;765;62;B;Québec (parc de la plage Jacques-Cartier);Québec
00003080;SAINT-LAURENT À SAINTE-FOY (PARC DE LA PLAGE JACQUES-CARTIER FACE AU STATIONNEMENT);46.7489836251188;-71.3141627732196;2020;10;UFC/100 ml;70;3550;292;D;Québec (parc de la plage Jacques-Cartier);Québec
00003080;SAINT-LAURENT À SAINTE-FOY (PARC DE LA PLAGE JACQUES-CARTIER FACE AU STATIONNEMENT);46.7489836251188;-71.3141627732196;2021;10;UFC/100 ml;50;515;98;B;Québec (parc de la plage Jacques-Cartier);Québec
00003080;SAINT-LAURENT À SAINTE-FOY (PARC DE LA PLAGE JACQUES-CARTIER FACE AU STATIONNEMENT);46.7489836251188;-71.3141627732196;2022;10;UFC/100 ml;78;4400;178;C;Québec (parc de la plage Jacques-Cartier);Québec
00003080;SAINT-LAURENT À SAINTE-FOY (PARC DE LA PLAGE JACQUES-CARTIER FACE AU STATIONNEMENT);46.7489836251188;-71.3141627732196;2023;10;UFC/100 ml;96;8000;188;C;Québec (parc de la plage Jacques-Cartier);Québec
00004010;SAINT-LAURENT EN AMONT DU QUAI DE LANORAIE;45.9588426676404;-73.2155046686977;2003;10;UFC/100 ml;1433;5583;3242;D;Lanoraie (En amont du quai);Haut-Saint-Laurent et Grand Montréal
00004010;SAINT-LAURENT EN AMONT DU QUAI DE LANORAIE;45.9588426676404;-73.2155046686977;2004;10;UFC/100 ml;735;2417;1692;D;Lanoraie (En amont du quai);Haut-Saint-Laurent et Grand Montréal
00004010;SAINT-LAURENT EN AMONT DU QUAI DE LANORAIE;45.9588426676404;-73.2155046686977;2005;10;UFC/100 ml;342;6000;1938;D;Lanoraie (En amont du quai);Haut-Saint-Laurent et Grand Montréal
00004010;SAINT-LAURENT EN AMONT DU QUAI DE LANORAIE;45.9588426676404;-73.2155046686977;2006;10;UFC/100 ml;330;3900;1099;D;Lanoraie (En amont du quai);Haut-Saint-Laurent et Grand Montréal
00004010;SAINT-LAURENT EN AMONT DU QUAI DE LANORAIE;45.9588426676404;-73.2155046686977;2007;10;UFC/100 ml;655;3125;1550;D;Lanoraie (En amont du quai);Haut-Saint-Laurent et Grand Montréal
00004010;SAINT-LAURENT EN AMONT DU QUAI DE LANORAIE;45.9588426676404;-73.2155046686977;2008;10;UFC/100 ml;298;1340;682;D;Lanoraie (En amont du quai);Haut-Saint-Laurent et Grand Montréal
00004010;SAINT-LAURENT EN AMONT DU QUAI DE LANORAIE;45.9588426676404;-73.2155046686977;2009;10;UFC/100 ml;310;2200;614;D;Lanoraie (En amont du quai);Haut-Saint-Laurent et Grand Montréal
00004010;SAINT-LAURENT EN AMONT DU QUAI DE LANORAIE;45.9588426676404;-73.2155046686977;2017;10;UFC/100 ml;310;1900;692;D;Lanoraie (En amont du quai);Haut-Saint-Laurent et Grand Montréal
00004010;SAINT-LAURENT EN AMONT DU QUAI DE LANORAIE;45.9588426676404;-73.2155046686977;2018;10;UFC/100 ml;840;3600;2150;D;Lanoraie (En amont du quai);Haut-Saint-Laurent et Grand Montréal
00004010;SAINT-LAURENT EN AMONT DU QUAI DE LANORAIE;45.9588426676404;-73.2155046686977;2019;10;UFC/100 ml;435;3000;880;D;Lanoraie (En amont du quai);Haut-Saint-Laurent et Grand Montréal
00004010;SAINT-LAURENT EN AMONT DU QUAI DE LANORAIE;45.9588426676404;-73.2155046686977;2020;10;UFC/100 ml;340;4300;1300;D;Lanoraie (En amont du quai);Haut-Saint-Laurent et Grand Montréal
00004010;SAINT-LAURENT EN AMONT DU QUAI DE LANORAIE;45.9588426676404;-73.2155046686977;2021;10;UFC/100 ml;1100;6750;2475;D;Lanoraie (En amont du quai);Haut-Saint-Laurent et Grand Montréal
00004010;SAINT-LAURENT EN AMONT DU QUAI DE LANORAIE;45.9588426676404;-73.2155046686977;2022;10;UFC/100 ml;375;2300;738;D;Lanoraie (En amont du quai);Haut-Saint-Laurent et Grand Montréal
00004010;SAINT-LAURENT EN AMONT DU QUAI DE LANORAIE;45.9588426676404;-73.2155046686977;2023;10;UFC/100 ml;560;3350;1400;D;Lanoraie (En amont du quai);Haut-Saint-Laurent et Grand Montréal
00005010;SAINT-LAURENT À MONTRÉAL À L'INTERSECTION DES RUES BELLERIVE ET PAULINE-DONALDA, DE PART ET D'AUTRE DE LA RAMPE DE MISE À L'EAU;45.692178;-73.482165;2003;10;UFC/100 ml;107;707;258;D;Montréal (Intersection des rues Bellerive et Pauline-Donalda);Haut-Saint-Laurent et Grand Montréal
00005010;SAINT-LAURENT À MONTRÉAL À L'INTERSECTION DES RUES BELLERIVE ET PAULINE-DONALDA, DE PART ET D'AUTRE DE LA RAMPE DE MISE À L'EAU;45.692178;-73.482165;2004;10;UFC/100 ml;142;328;225;D;Montréal (Intersection des rues Bellerive et Pauline-Donalda);Haut-Saint-Laurent et Grand Montréal
00005010;SAINT-LAURENT À MONTRÉAL À L'INTERSECTION DES RUES BELLERIVE ET PAULINE-DONALDA, DE PART ET D'AUTRE DE LA RAMPE DE MISE À L'EAU;45.692178;-73.482165;2005;10;UFC/100 ml;48;278;195;C;Montréal (Intersection des rues Bellerive et Pauline-Donalda);Haut-Saint-Laurent et Grand Montréal
00005010;SAINT-LAURENT À MONTRÉAL À L'INTERSECTION DES RUES BELLERIVE ET PAULINE-DONALDA, DE PART ET D'AUTRE DE LA RAMPE DE MISE À L'EAU;45.692178;-73.482165;2006;10;UFC/100 ml;99;1635;189;C;Montréal (Intersection des rues Bellerive et Pauline-Donalda);Haut-Saint-Laurent et Grand Montréal
00005010;SAINT-LAURENT À MONTRÉAL À L'INTERSECTION DES RUES BELLERIVE ET PAULINE-DONALDA, DE PART ET D'AUTRE DE LA RAMPE DE MISE À L'EAU;45.692178;-73.482165;2007;10;UFC/100 ml;82;1175;171;C;Montréal (Intersection des rues Bellerive et Pauline-Donalda);Haut-Saint-Laurent et Grand Montréal
00005010;SAINT-LAURENT À MONTRÉAL À L'INTERSECTION DES RUES BELLERIVE ET PAULINE-DONALDA, DE PART ET D'AUTRE DE LA RAMPE DE MISE À L'EAU;45.692178;-73.482165;2008;10;UFC/100 ml;180;900;265;D;Montréal (Intersection des rues Bellerive et Pauline-Donalda);Haut-Saint-Laurent et Grand Montréal
00005010;SAINT-LAURENT À MONTRÉAL À L'INTERSECTION DES RUES BELLERIVE ET PAULINE-DONALDA, DE PART ET D'AUTRE DE LA RAMPE DE MISE À L'EAU;45.692178;-73.482165;2009;10;UFC/100 ml;148;1595;350;D;Montréal (Intersection des rues Bellerive et Pauline-Donalda);Haut-Saint-Laurent et Grand Montréal
00005010;SAINT-LAURENT À MONTRÉAL À L'INTERSECTION DES RUES BELLERIVE ET PAULINE-DONALDA, DE PART ET D'AUTRE DE LA RAMPE DE MISE À L'EAU;45.692178;-73.482165;2017;10;UFC/100 ml;115;625;170;C;Montréal (Intersection des rues Bellerive et Pauline-Donalda);Haut-Saint-Laurent et Grand Montréal
00005010;SAINT-LAURENT À MONTRÉAL À L'INTERSECTION DES RUES BELLERIVE ET PAULINE-DONALDA, DE PART ET D'AUTRE DE LA RAMPE DE MISE À L'EAU;45.692178;-73.482165;2018;10;UFC/100 ml;80;650;132;C;Montréal (Intersection des rues Bellerive et Pauline-Donalda);Haut-Saint-Laurent et Grand Montréal
00005010;SAINT-LAURENT À MONTRÉAL À L'INTERSECTION DES RUES BELLERIVE ET PAULINE-DONALDA, DE PART ET D'AUTRE DE LA RAMPE DE MISE À L'EAU;45.692178;-73.482165;2019;10;UFC/100 ml;52;400;100;C;Montréal (Intersection des rues Bellerive et Pauline-Donalda);Haut-Saint-Laurent et Grand Montréal
00005010;SAINT-LAURENT À MONTRÉAL À L'INTERSECTION DES RUES BELLERIVE ET PAULINE-DONALDA, DE PART ET D'AUTRE DE LA RAMPE DE MISE À L'EAU;45.692178;-73.482165;2020;10;UFC/100 ml;70;1850;170;C;Montréal (Intersection des rues Bellerive et Pauline-Donalda);Haut-Saint-Laurent et Grand Montréal
00005010;SAINT-LAURENT À MONTRÉAL À L'INTERSECTION DES RUES BELLERIVE ET PAULINE-DONALDA, DE PART ET D'AUTRE DE LA RAMPE DE MISE À L'EAU;45.692178;-73.482165;2021;10;UFC/100 ml;78;600;117;C;Montréal (Intersection des rues Bellerive et Pauline-Donalda);Haut-Saint-Laurent et Grand Montréal
00005010;SAINT-LAURENT À MONTRÉAL À L'INTERSECTION DES RUES BELLERIVE ET PAULINE-DONALDA, DE PART ET D'AUTRE DE LA RAMPE DE MISE À L'EAU;45.692178;-73.482165;2022;10;UFC/100 ml;59;475;132;C;Montréal (Intersection des rues Bellerive et Pauline-Donalda);Haut-Saint-Laurent et Grand Montréal
00005010;SAINT-LAURENT À MONTRÉAL À L'INTERSECTION DES RUES BELLERIVE ET PAULINE-DONALDA, DE PART ET D'AUTRE DE LA RAMPE DE MISE À L'EAU;45.692178;-73.482165;2023;10;UFC/100 ml;80;1150;385;D;Montréal (Intersection des rues Bellerive et Pauline-Donalda);Haut-Saint-Laurent et Grand Montréal
00005020;SAINT-LAURENT AUX BATTURES DE BEAUPORT, EN AMONT DU QUAI FLOTTANT;46.837711;-71.203608;2003;10;UFC/100 ml;37;685;155;C;Québec (Aux battures de la baie de Beauport);Québec
00005020;SAINT-LAURENT AUX BATTURES DE BEAUPORT, EN AMONT DU QUAI FLOTTANT;46.837711;-71.203608;2004;10;UFC/100 ml;52;274;94;B;Québec (Aux battures de la baie de Beauport);Québec
00005020;SAINT-LAURENT AUX BATTURES DE BEAUPORT, EN AMONT DU QUAI FLOTTANT;46.837711;-71.203608;2005;9;UFC/100 ml;52;1625;125;C;Québec (Aux battures de la baie de Beauport);Québec
00005020;SAINT-LAURENT AUX BATTURES DE BEAUPORT, EN AMONT DU QUAI FLOTTANT;46.837711;-71.203608;2006;10;UFC/100 ml;38;564;114;C;Québec (Aux battures de la baie de Beauport);Québec
00005020;SAINT-LAURENT AUX BATTURES DE BEAUPORT, EN AMONT DU QUAI FLOTTANT;46.837711;-71.203608;2007;10;UFC/100 ml;33;304;178;C;Québec (Aux battures de la baie de Beauport);Québec
00005020;SAINT-LAURENT AUX BATTURES DE BEAUPORT, EN AMONT DU QUAI FLOTTANT;46.837711;-71.203608;2008;10;UFC/100 ml;80;614;128;C;Québec (Aux battures de la baie de Beauport);Québec
00005020;SAINT-LAURENT AUX BATTURES DE BEAUPORT, EN AMONT DU QUAI FLOTTANT;46.837711;-71.203608;2009;10;UFC/100 ml;56;890;117;C;Québec (Aux battures de la baie de Beauport);Québec
00005020;SAINT-LAURENT AUX BATTURES DE BEAUPORT, EN AMONT DU QUAI FLOTTANT;46.837711;-71.203608;2017;10;UFC/100 ml;46;335;112;C;Québec (Aux battures de la baie de Beauport);Québec
00005020;SAINT-LAURENT AUX BATTURES DE BEAUPORT, EN AMONT DU QUAI FLOTTANT;46.837711;-71.203608;2018;10;UFC/100 ml;36;515;90;B;Québec (Aux battures de la baie de Beauport);Québec
00005020;SAINT-LAURENT AUX BATTURES DE BEAUPORT, EN AMONT DU QUAI FLOTTANT;46.837711;-71.203608;2019;10;UFC/100 ml;30;745;142;C;Québec (Aux battures de la baie de Beauport);Québec
00005020;SAINT-LAURENT AUX BATTURES DE BEAUPORT, EN AMONT DU QUAI FLOTTANT;46.837711;-71.203608;2020;10;UFC/100 ml;37;260;102;C;Québec (Aux battures de la baie de Beauport);Québec
00005020;SAINT-LAURENT AUX BATTURES DE BEAUPORT, EN AMONT DU QUAI FLOTTANT;46.837711;-71.203608;2021;10;UFC/100 ml;34;645;84;B;Québec (Aux battures de la baie de Beauport);Québec
00005020;SAINT-LAURENT AUX BATTURES DE BEAUPORT, EN AMONT DU QUAI FLOTTANT;46.837711;-71.203608;2022;10;UFC/100 ml;77;950;258;D;Québec (Aux battures de la baie de Beauport);Québec
00005020;SAINT-LAURENT AUX BATTURES DE BEAUPORT, EN AMONT DU QUAI FLOTTANT;46.837711;-71.203608;2023;10;UFC/100 ml;50;1560;338;D;Québec (Aux battures de la baie de Beauport);Québec
00001160;SAINT-LAURENT À SILLERY (ANSE AU FOULON, OUEST DE LA MARINA);46.7819790159985;-71.2389361812323;2003;10;UFC/100 ml;29;1783;183;C;Sainte-Anne-De-Sorel (Île Lapierre);Québec
00001160;SAINT-LAURENT À SILLERY (ANSE AU FOULON, OUEST DE LA MARINA);46.7819790159985;-71.2389361812323;2004;10;UFC/100 ml;68;492;85;B;Sainte-Anne-De-Sorel (Île Lapierre);Québec
00001160;SAINT-LAURENT À SILLERY (ANSE AU FOULON, OUEST DE LA MARINA);46.7819790159985;-71.2389361812323;2005;9;UFC/100 ml;31;1161;106;C;Sainte-Anne-De-Sorel (Île Lapierre);Québec
00001160;SAINT-LAURENT À SILLERY (ANSE AU FOULON, OUEST DE LA MARINA);46.7819790159985;-71.2389361812323;2006;10;UFC/100 ml;22;1681;105;C;Sainte-Anne-De-Sorel (Île Lapierre);Québec
00001160;SAINT-LAURENT À SILLERY (ANSE AU FOULON, OUEST DE LA MARINA);46.7819790159985;-71.2389361812323;2007;9;UFC/100 ml;18;960;92;B;Sainte-Anne-De-Sorel (Île Lapierre);Québec
00001160;SAINT-LAURENT À SILLERY (ANSE AU FOULON, OUEST DE LA MARINA);46.7819790159985;-71.2389361812323;2008;10;UFC/100 ml;80;610;132;C;Sainte-Anne-De-Sorel (Île Lapierre);Québec
00001160;SAINT-LAURENT À SILLERY (ANSE AU FOULON, OUEST DE LA MARINA);46.7819790159985;-71.2389361812323;2009;10;UFC/100 ml;48;228;98;B;Sainte-Anne-De-Sorel (Île Lapierre);Québec
00001160;SAINT-LAURENT À SILLERY (ANSE AU FOULON, OUEST DE LA MARINA);46.7819790159985;-71.2389361812323;2017;10;UFC/100 ml;79;6450;398;D;Sainte-Anne-De-Sorel (Île Lapierre);Québec
00001160;SAINT-LAURENT À SILLERY (ANSE AU FOULON, OUEST DE LA MARINA);46.7819790159985;-71.2389361812323;2018;10;UFC/100 ml;26;430;92;B;Sainte-Anne-De-Sorel (Île Lapierre);Québec
00001160;SAINT-LAURENT À SILLERY (ANSE AU FOULON, OUEST DE LA MARINA);46.7819790159985;-71.2389361812323;2019;9;UFC/100 ml;40;465;78;B;Sainte-Anne-De-Sorel (Île Lapierre);Québec
00001160;SAINT-LAURENT À SILLERY (ANSE AU FOULON, OUEST DE LA MARINA);46.7819790159985;-71.2389361812323;2020;10;UFC/100 ml;55;2000;181;C;Sainte-Anne-De-Sorel (Île Lapierre);Québec
00001160;SAINT-LAURENT À SILLERY (ANSE AU FOULON, OUEST DE LA MARINA);46.7819790159985;-71.2389361812323;2021;10;UFC/100 ml;27;735;250;D;Sainte-Anne-De-Sorel (Île Lapierre);Québec
00001160;SAINT-LAURENT À SILLERY (ANSE AU FOULON, OUEST DE LA MARINA);46.7819790159985;-71.2389361812323;2022;10;UFC/100 ml;115;600;202;D;Sainte-Anne-De-Sorel (Île Lapierre);Québec
00001160;SAINT-LAURENT À SILLERY (ANSE AU FOULON, OUEST DE LA MARINA);46.7819790159985;-71.2389361812323;2023;10;UFC/100 ml;90;1800;205;D;Sainte-Anne-De-Sorel (Île Lapierre);Québec
