<?xml version="1.0" encoding="utf-8"?>
<export xmlns:xsi="http://www.w3.org/2001/XMLSchema-instance" xmlns:xsd="http://www.w3.org/2001/XMLSchema" datedebut="2021-07-01" datefin="2021-07-31">
  <contrat>
    <numeroseao>641798</numeroseao>
    <numero>6000000684</numero>
    <datefinale>2013-07-01</datefinale>
    <datepublicationfinale>2015-10-19</datepublicationfinale>
    <montantfinal>519732.140000</montantfinal>
    <nomcontractant>SAP CANADA INC. </nomcontractant>
    <neqcontractant>1145004181</neqcontractant>
  </contrat>
  <contrat>
    <numeroseao>795531</numeroseao>
    <numero>2014-010</numero>
    <datefinale>2017-08-31</datefinale>
    <datepublicationfinale>2018-08-23</datepublicationfinale>
    <montantfinal>63141.020000</montantfinal>
    <nomcontractant>CGI Payroll Services Center Inc.</nomcontractant>
    <neqcontractant />
  </contrat>
  <contrat>
    <numeroseao>1080139</numeroseao>
    <numero>ADJ-11-072</numero>
    <datefinale>2018-07-18</datefinale>
    <datepublicationfinale>2020-05-15</datepublicationfinale>
    <montantfinal>71518.950000</montantfinal>
    <nomcontractant>Construction GALIPEAU Inc.</nomcontractant>
    <neqcontractant>1166065723</neqcontractant>
  </contrat>
  <contrat>
    <numeroseao>1114302</numeroseao>
    <numero>999108253</numero>
    <datefinale>2020-01-04</datefinale>
    <datepublicationfinale>2020-08-27</datepublicationfinale>
    <montantfinal>1099119.550000</montantfinal>
    <nomcontractant>Les services de santé Alternacare Inc.</nomcontractant>
    <neqcontractant>1142409631</neqcontractant>
  </contrat>
  <contrat>
    <numeroseao>1119224</numeroseao>
    <numero>AP2288DA17257</numero>
    <datefinale>2021-04-02</datefinale>
    <datepublicationfinale>2021-06-22</datepublicationfinale>
    <montantfinal>547457.500000</montantfinal>
    <nomcontractant>IT Chapter</nomcontractant>
    <neqcontractant>1161882072</neqcontractant>
  </contrat>
  <contrat>
    <numeroseao>1158966</numeroseao>
    <numero>8807-18-4545</numero>
    <datefinale>2021-05-31</datefinale>
    <datepublicationfinale>2019-08-27</datepublicationfinale>
    <montantfinal>1492927.330000</montantfinal>
    <nomcontractant>Gilbert P. Miller et Fils Ltée.</nomcontractant>
    <neqcontractant>1142723379</neqcontractant>
  </contrat>
  <contrat>
    <numeroseao>1165273</numeroseao>
    <numero>33954400</numero>
    <datefinale>2021-05-31</datefinale>
    <datepublicationfinale>2021-06-23</datepublicationfinale>
    <montantfinal>240203.260000</montantfinal>
    <nomcontractant>CHAP Alliance Inc.</nomcontractant>
    <neqcontractant>1142302315</neqcontractant>
  </contrat>
  <contrat>
    <numeroseao>1207293</numeroseao>
    <numero>SA-181016-RY</numero>
    <datefinale>2019-09-30</datefinale>
    <datepublicationfinale>2021-02-04</datepublicationfinale>
    <montantfinal>57019.490000</montantfinal>
    <nomcontractant>ESPACE VITAL architecture</nomcontractant>
    <neqcontractant>1161556189</neqcontractant>
  </contrat>
  <contrat>
    <numeroseao>1259219</numeroseao>
    <numero>445782900</numero>
    <datefinale>2020-04-09</datefinale>
    <datepublicationfinale>2021-06-14</datepublicationfinale>
    <montantfinal>986635.260000</montantfinal>
    <nomcontractant>Desjardins sécurité financière, compagnie d'assurance vie</nomcontractant>
    <neqcontractant>1160506722</neqcontractant>
  </contrat>
  <contrat>
    <numeroseao>1281342</numeroseao>
    <numero>04811-15440 (007-2019)</numero>
    <datefinale>2020-10-14</datefinale>
    <datepublicationfinale>2020-11-05</datepublicationfinale>
    <montantfinal>117449.720000</montantfinal>
    <nomcontractant>EXCAVATIONS J.F. TÉTREAULT INC.</nomcontractant>
    <neqcontractant>1148463533</neqcontractant>
  </contrat>
  <contrat>
    <numeroseao>1344009</numeroseao>
    <numero>2020-112-19134</numero>
    <datefinale>2021-02-09</datefinale>
    <datepublicationfinale>2021-03-03</datepublicationfinale>
    <montantfinal>473093.580000</montantfinal>
    <nomcontractant>Construction Côté &amp; Fils Inc</nomcontractant>
    <neqcontractant>1141975285</neqcontractant>
  </contrat>
  <contrat>
    <numeroseao>1356596</numeroseao>
    <numero>CS-3958</numero>
    <datefinale>2021-02-06</datefinale>
    <datepublicationfinale>2021-02-11</datepublicationfinale>
    <montantfinal>28600.000000</montantfinal>
    <nomcontractant>Francis Paquette M.D. Inc. </nomcontractant>
    <neqcontractant>1169544955</neqcontractant>
  </contrat>
  <contrat>
    <numeroseao>1362835</numeroseao>
    <numero>CS- 2606-01</numero>
    <datefinale>2021-03-31</datefinale>
    <datepublicationfinale>2021-04-09</datepublicationfinale>
    <montantfinal>34840.000000</montantfinal>
    <nomcontractant>Vigilance Santé</nomcontractant>
    <neqcontractant>1141978040</neqcontractant>
  </contrat>
  <contrat>
    <numeroseao>1366884</numeroseao>
    <numero>18-01-34391</numero>
    <datefinale>2018-03-31</datefinale>
    <datepublicationfinale>2020-05-01</datepublicationfinale>
    <montantfinal>37000.000000</montantfinal>
    <nomcontractant>RESTAURATION MGM</nomcontractant>
    <neqcontractant>2263604490</neqcontractant>
  </contrat>
  <contrat>
    <numeroseao>1417052</numeroseao>
    <numero>CS-4632</numero>
    <datefinale>2021-03-31</datefinale>
    <datepublicationfinale>2021-04-26</datepublicationfinale>
    <montantfinal>6042.000000</montantfinal>
    <nomcontractant>SERVICE DENTAIRE MOBILE MDC INC.</nomcontractant>
    <neqcontractant>1165348013</neqcontractant>
  </contrat>
  <contrat>
    <numeroseao>1444402</numeroseao>
    <numero>016-AI2021 </numero>
    <datefinale>2021-06-23</datefinale>
    <datepublicationfinale>2021-03-23</datepublicationfinale>
    <montantfinal>45185.000000</montantfinal>
    <nomcontractant>Hypertec Systèmes inc.</nomcontractant>
    <neqcontractant>1142971879</neqcontractant>
  </contrat>
  <contrat>
    <numeroseao>1452531</numeroseao>
    <numero>2020-DAI-001</numero>
    <datefinale>2021-06-23</datefinale>
    <datepublicationfinale>2021-06-30</datepublicationfinale>
    <montantfinal>85094.960000</montantfinal>
    <nomcontractant>Aviseo</nomcontractant>
    <neqcontractant>1170876008</neqcontractant>
  </contrat>
  <contrat>
    <numeroseao>1454211</numeroseao>
    <numero>BON202100195</numero>
    <datefinale>2021-04-12</datefinale>
    <datepublicationfinale>2021-06-21</datepublicationfinale>
    <montantfinal>33312.000000</montantfinal>
    <nomcontractant>COPIBEC</nomcontractant>
    <neqcontractant>1147278783</neqcontractant>
  </contrat>
  <contrat>
    <numeroseao>1467003</numeroseao>
    <numero>BZ3843</numero>
    <datefinale>2020-06-24</datefinale>
    <datepublicationfinale>2021-03-22</datepublicationfinale>
    <montantfinal>59998.000000</montantfinal>
    <nomcontractant>Laplante Construction (2006) inc.</nomcontractant>
    <neqcontractant>1142390633</neqcontractant>
  </contrat>
  <contrat>
    <numeroseao>1467005</numeroseao>
    <numero>OC20-CO-20-001</numero>
    <datefinale>2021-06-30</datefinale>
    <datepublicationfinale>2021-03-25</datepublicationfinale>
    <montantfinal>53718.240000</montantfinal>
    <nomcontractant>Les services ménagers Roy ltée.</nomcontractant>
    <neqcontractant>1142147900</neqcontractant>
  </contrat>
  <contrat>
    <numeroseao>1493554</numeroseao>
    <numero>44521635</numero>
    <datefinale>2021-05-21</datefinale>
    <datepublicationfinale>2021-05-27</datepublicationfinale>
    <montantfinal>37174.000000</montantfinal>
    <nomcontractant>Les Constructions Ultra enr.</nomcontractant>
    <neqcontractant>1140044877</neqcontractant>
  </contrat>
</export>