<?xml version="1.0" encoding="utf-8"?>
<export xmlns:xsi="http://www.w3.org/2001/XMLSchema-instance" xmlns:xsd="http://www.w3.org/2001/XMLSchema" datedebut="2021-07-01" datefin="2021-07-31">
  <avis>
    <numeroseao>941921</numeroseao>
    <numero>30396500</numero>
    <depenses>
      <depense>
        <datedepense>2019-11-12</datedepense>
        <datepublicationdepense>2019-11-13</datepublicationdepense>
        <montantdepense>147002.500000</montantdepense>
        <description>Modification significative de la SQI</description>
        <nomcontractant>Bouthillette Parizeau Inc.</nomcontractant>
        <neqcontractant>1142591438</neqcontractant>
      </depense>
      <depense>
        <datedepense>2020-04-11</datedepense>
        <datepublicationdepense>2020-06-25</datepublicationdepense>
        <montantdepense>3200.000000</montantdepense>
        <description>Modification significative de la SQI</description>
        <nomcontractant>Bouthillette Parizeau Inc.</nomcontractant>
        <neqcontractant>1142591438</neqcontractant>
      </depense>
      <depense>
        <datedepense>2021-07-21</datedepense>
        <datepublicationdepense>2021-07-22</datepublicationdepense>
        <montantdepense>0.000000</montantdepense>
        <description>Ajout de surveillance accrue et réduction des services additionnels antérieurs</description>
        <nomcontractant>Bouthillette Parizeau Inc.</nomcontractant>
        <neqcontractant>1142591438</neqcontractant>
      </depense>
    </depenses>
  </avis>
  <avis>
    <numeroseao>1043767</numeroseao>
    <numero>30935700</numero>
    <depenses>
      <depense>
        <datedepense>2020-02-07</datedepense>
        <datepublicationdepense>2020-02-13</datepublicationdepense>
        <montantdepense>57160568.360000</montantdepense>
        <description>Modifications au contrat</description>
        <nomcontractant>Pomerleau Inc.</nomcontractant>
        <neqcontractant>1142005934</neqcontractant>
      </depense>
      <depense>
        <datedepense>2020-12-17</datedepense>
        <datepublicationdepense>2021-01-26</datepublicationdepense>
        <montantdepense>11189110.530000</montantdepense>
        <description>Travaux supplémentaires</description>
        <nomcontractant>Pomerleau Inc.</nomcontractant>
        <neqcontractant>1142005934</neqcontractant>
      </depense>
      <depense>
        <datedepense>2021-04-15</datedepense>
        <datepublicationdepense>2021-04-16</datepublicationdepense>
        <montantdepense>3128651.640000</montantdepense>
        <description>ODC</description>
        <nomcontractant>Pomerleau Inc.</nomcontractant>
        <neqcontractant>1142005934</neqcontractant>
      </depense>
      <depense>
        <datedepense>2021-05-31</datedepense>
        <datepublicationdepense>2021-06-18</datepublicationdepense>
        <montantdepense>964276.420000</montantdepense>
        <description>Travaux supplémentaires</description>
        <nomcontractant>Pomerleau Inc.</nomcontractant>
        <neqcontractant>1142005934</neqcontractant>
      </depense>
      <depense>
        <datedepense>2021-06-17</datedepense>
        <datepublicationdepense>2021-07-15</datepublicationdepense>
        <montantdepense>246638.350000</montantdepense>
        <description>Travaux supplémentaires</description>
        <nomcontractant>Pomerleau Inc.</nomcontractant>
        <neqcontractant>1142005934</neqcontractant>
      </depense>
    </depenses>
  </avis>
  <avis>
    <numeroseao>1137256</numeroseao>
    <numero>15-253P</numero>
    <depenses>
      <depense>
        <datedepense>2021-06-29</datedepense>
        <datepublicationdepense>2021-07-05</datepublicationdepense>
        <montantdepense>29420.000000</montantdepense>
        <description>048 006 090 - AJOUT - Travaux de réhabilitation de murs et plafonds en plâtre-ciment -  Comité social Centre-Sud </description>
        <nomcontractant>Construction Caruso</nomcontractant>
        <neqcontractant>1163062921</neqcontractant>
      </depense>
      <depense>
        <datedepense>2020-03-26</datedepense>
        <datepublicationdepense>2020-04-02</datepublicationdepense>
        <montantdepense>0.000000</montantdepense>
        <description>SRM030407 (130 022 970)</description>
        <nomcontractant>Les Constructions Serbec Inc</nomcontractant>
        <neqcontractant>1167832824</neqcontractant>
      </depense>
      <depense>
        <datedepense>2021-03-03</datedepense>
        <datepublicationdepense>2021-03-24</datepublicationdepense>
        <montantdepense>273000.000000</montantdepense>
        <description>Prolongation extracontractuelle - rapport A-31-4430</description>
        <nomcontractant>Les Constructions Serbec Inc</nomcontractant>
        <neqcontractant>1167832824</neqcontractant>
      </depense>
      <depense>
        <datedepense>2021-01-19</datedepense>
        <datepublicationdepense>2021-01-27</datepublicationdepense>
        <montantdepense>0.000000</montantdepense>
        <description>SRM033908 (037 071 180)</description>
        <nomcontractant>Roland Grenier Construction</nomcontractant>
        <neqcontractant>1142915231</neqcontractant>
      </depense>
    </depenses>
  </avis>
  <avis>
    <numeroseao>1140190</numeroseao>
    <numero>A201836002</numero>
    <depenses>
      <depense>
        <datedepense>2021-06-11</datedepense>
        <datepublicationdepense>2021-06-16</datepublicationdepense>
        <montantdepense>16530.590000</montantdepense>
        <description>Forfaits spéciaux pour la période du 1er juillet 2019 au 31 mai 2021</description>
        <nomcontractant>conciergerie Pierre Gaudet</nomcontractant>
        <neqcontractant>2246077020</neqcontractant>
      </depense>
    </depenses>
  </avis>
  <avis>
    <numeroseao>1163240</numeroseao>
    <numero>CHUSJ-628</numero>
    <depenses>
      <depense>
        <datedepense>2019-01-25</datedepense>
        <datepublicationdepense>2020-09-28</datepublicationdepense>
        <montantdepense>29664.590000</montantdepense>
        <description>Diverses demandes de changement (DC-3, DC-4)</description>
        <nomcontractant>Pincor</nomcontractant>
        <neqcontractant>1142579144</neqcontractant>
      </depense>
      <depense>
        <datedepense>2019-03-13</datedepense>
        <datepublicationdepense>2020-09-28</datepublicationdepense>
        <montantdepense>8802.610000</montantdepense>
        <description>Modification parcours artère électrique niveau D (DC-7)</description>
        <nomcontractant>Pincor</nomcontractant>
        <neqcontractant>1142579144</neqcontractant>
      </depense>
      <depense>
        <datedepense>2019-04-26</datedepense>
        <datepublicationdepense>2020-09-28</datepublicationdepense>
        <montantdepense>81400.330000</montantdepense>
        <description>Demande de changement DC-6 (A-05, M-6 et S-002)</description>
        <nomcontractant>Pincor</nomcontractant>
        <neqcontractant>1142579144</neqcontractant>
      </depense>
      <depense>
        <datedepense>2019-05-31</datedepense>
        <datepublicationdepense>2020-09-28</datepublicationdepense>
        <montantdepense>4461.230000</montantdepense>
        <description>Demande de changement DC-02 (A-01, M-2), DC-10 (M-9, M-10), DC-12 (E-6, M-15), DC-19 (D-S005)</description>
        <nomcontractant>Pincor</nomcontractant>
        <neqcontractant>1142579144</neqcontractant>
      </depense>
      <depense>
        <datedepense>2019-06-07</datedepense>
        <datepublicationdepense>2020-09-28</datepublicationdepense>
        <montantdepense>10729.690000</montantdepense>
        <description>Modification variateurs de fréquence (DC-08 - M-8)</description>
        <nomcontractant>Pincor</nomcontractant>
        <neqcontractant>1142579144</neqcontractant>
      </depense>
      <depense>
        <datedepense>2019-08-12</datedepense>
        <datepublicationdepense>2020-09-28</datepublicationdepense>
        <montantdepense>9509.440000</montantdepense>
        <description>Demande de changement DC-17 (M-13 R1) et GP01. Justificatif : autre (coordination inter projets)</description>
        <nomcontractant>Pincor</nomcontractant>
        <neqcontractant>1142579144</neqcontractant>
      </depense>
      <depense>
        <datedepense>2019-10-21</datedepense>
        <datepublicationdepense>2020-09-28</datepublicationdepense>
        <montantdepense>24557.660000</montantdepense>
        <description>Demande de changement DC-24 R1 (M-18R1). Justificatif : autre (coordination)</description>
        <nomcontractant>Pincor</nomcontractant>
        <neqcontractant>1142579144</neqcontractant>
      </depense>
      <depense>
        <datedepense>2019-10-31</datedepense>
        <datepublicationdepense>2020-09-28</datepublicationdepense>
        <montantdepense>52555.270000</montantdepense>
        <description>Demande de changement DC-29 R1</description>
        <nomcontractant>Pincor</nomcontractant>
        <neqcontractant>1142579144</neqcontractant>
      </depense>
      <depense>
        <datedepense>2019-11-01</datedepense>
        <datepublicationdepense>2020-09-28</datepublicationdepense>
        <montantdepense>174214.300000</montantdepense>
        <description>Demande de changement DC-29 R1.</description>
        <nomcontractant>Pincor</nomcontractant>
        <neqcontractant>1142579144</neqcontractant>
      </depense>
      <depense>
        <datedepense>2019-11-04</datedepense>
        <datepublicationdepense>2020-09-28</datepublicationdepense>
        <montantdepense>69242.500000</montantdepense>
        <description>Demande de changement DC-30</description>
        <nomcontractant>Pincor</nomcontractant>
        <neqcontractant>1142579144</neqcontractant>
      </depense>
      <depense>
        <datedepense>2019-11-14</datedepense>
        <datepublicationdepense>2020-09-28</datepublicationdepense>
        <montantdepense>15315.990000</montantdepense>
        <description>Ajout de contrepentex au toit du 9e étage</description>
        <nomcontractant>Pincor</nomcontractant>
        <neqcontractant>1142579144</neqcontractant>
      </depense>
      <depense>
        <datedepense>2019-12-09</datedepense>
        <datepublicationdepense>2020-09-28</datepublicationdepense>
        <montantdepense>97215.980000</montantdepense>
        <description>Ajustements aux quantités de réparation de béton (DC-15 (S-004))</description>
        <nomcontractant>Pincor</nomcontractant>
        <neqcontractant>1142579144</neqcontractant>
      </depense>
      <depense>
        <datedepense>2020-03-06</datedepense>
        <datepublicationdepense>2020-09-28</datepublicationdepense>
        <montantdepense>80178.220000</montantdepense>
        <description>Demande de changement DC-29 R2</description>
        <nomcontractant>Pincor</nomcontractant>
        <neqcontractant>1142579144</neqcontractant>
      </depense>
      <depense>
        <datedepense>2020-03-06</datedepense>
        <datepublicationdepense>2020-09-28</datepublicationdepense>
        <montantdepense>28103.090000</montantdepense>
        <description>Diverses demandes de changement (DC-22, DC-27, DC-39, DC-47, DC-48, 44-PIN, 45-PIN, 47-PIN)</description>
        <nomcontractant>Pincor</nomcontractant>
        <neqcontractant>1142579144</neqcontractant>
      </depense>
      <depense>
        <datedepense>2020-04-29</datedepense>
        <datepublicationdepense>2020-09-28</datepublicationdepense>
        <montantdepense>55464.020000</montantdepense>
        <description>Diverses demandes de changement (DC-43, DC-49, 78-PIN-S006)</description>
        <nomcontractant>Pincor</nomcontractant>
        <neqcontractant>1142579144</neqcontractant>
      </depense>
      <depense>
        <datedepense>2020-07-20</datedepense>
        <datepublicationdepense>2020-09-28</datepublicationdepense>
        <montantdepense>16200.100000</montantdepense>
        <description>Demande de changement 81-PIN</description>
        <nomcontractant>Pincor</nomcontractant>
        <neqcontractant>1142579144</neqcontractant>
      </depense>
      <depense>
        <datedepense>2020-06-17</datedepense>
        <datepublicationdepense>2020-09-28</datepublicationdepense>
        <montantdepense>61761.610000</montantdepense>
        <description>Réclamations étaiements et autres réparations de bétons (100-PIN- AC-S rev2, 103-PIN-AC-S)</description>
        <nomcontractant>Pincor</nomcontractant>
        <neqcontractant>1142579144</neqcontractant>
      </depense>
      <depense>
        <datedepense>2020-05-11</datedepense>
        <datepublicationdepense>2020-09-28</datepublicationdepense>
        <montantdepense>112489.740000</montantdepense>
        <description>Diverses demandes de changement (DC-32, DC-38, DC-41, DC-42, DC-46, DC-48, DC-50, DC-52, DC-55, 33-PIN, 41 PIN, 54-PIN, 79-PIN et 80-PIN)</description>
        <nomcontractant>Pincor</nomcontractant>
        <neqcontractant>1142579144</neqcontractant>
      </depense>
      <depense>
        <datedepense>2021-01-06</datedepense>
        <datepublicationdepense>2021-07-09</datepublicationdepense>
        <montantdepense>42373.540000</montantdepense>
        <description>DC-21 (E-7), DC-35r1 (A-16r1), DC-40r2 (A-20r2), DC-48r1 (A-24r1), 74-PIN et 82-PIN</description>
        <nomcontractant>Pincor</nomcontractant>
        <neqcontractant>1142579144</neqcontractant>
      </depense>
      <depense>
        <datedepense>2021-02-10</datedepense>
        <datepublicationdepense>2021-07-09</datepublicationdepense>
        <montantdepense>17453.210000</montantdepense>
        <description>DC-23 (M-16R1), DC-40 (E-11), DC45 (E-16), DC-51 (M-34), DC-52 (M-26), DC-53 (A-25), DC-54 (M-35), DC-57 (M-38) et 121-PIN</description>
        <nomcontractant>Pincor</nomcontractant>
        <neqcontractant>1142579144</neqcontractant>
      </depense>
      <depense>
        <datedepense>2021-01-06</datedepense>
        <datepublicationdepense>2021-07-09</datepublicationdepense>
        <montantdepense>19154.850000</montantdepense>
        <description>DC-58 (A-26), 38-PIN, 117-PIN, 118-PIN, 122-PIN, 124-PIN, 125-PIN et 131-PIN</description>
        <nomcontractant>Pincor</nomcontractant>
        <neqcontractant>1142579144</neqcontractant>
      </depense>
      <depense>
        <datedepense>2021-04-26</datedepense>
        <datepublicationdepense>2021-07-09</datepublicationdepense>
        <montantdepense>54927.310000</montantdepense>
        <description>DC-40 (M-22), DC-49 (M-30), DC-61 (M-41), DC-62 (A-27), DC-63 (E-17), DC-65 (E-18 et M-43), 132-PIN et 134-PIN</description>
        <nomcontractant>Pincor</nomcontractant>
        <neqcontractant>1142579144</neqcontractant>
      </depense>
    </depenses>
  </avis>
  <avis>
    <numeroseao>1179323</numeroseao>
    <numero>6611-18-NL01</numero>
    <depenses>
      <depense>
        <datedepense>2021-03-04</datedepense>
        <datepublicationdepense>2021-04-26</datepublicationdepense>
        <montantdepense>33636.980000</montantdepense>
        <description>Dépassement relié à des variations de quantité et/ou des modifications au contrat de construction ou de services de nature technique</description>
        <nomcontractant>Les Excavations Paul Labrie inc.</nomcontractant>
        <neqcontractant>1167257600</neqcontractant>
      </depense>
      <depense>
        <datedepense>2020-05-18</datedepense>
        <datepublicationdepense>2021-07-28</datepublicationdepense>
        <montantdepense>3604.880000</montantdepense>
        <description>Avenant pour travaux exécutés hors-saison les 22 et 23 avril 2021</description>
        <nomcontractant>Les Excavations Paul Labrie inc.</nomcontractant>
        <neqcontractant>1167257600</neqcontractant>
      </depense>
      <depense>
        <datedepense>2020-08-28</datedepense>
        <datepublicationdepense>2021-07-28</datepublicationdepense>
        <montantdepense>96.600000</montantdepense>
        <description>Avenant clause de télémétrie véhiculaire</description>
        <nomcontractant>Les Excavations Paul Labrie inc.</nomcontractant>
        <neqcontractant>1167257600</neqcontractant>
      </depense>
      <depense>
        <datedepense>2019-03-05</datedepense>
        <datepublicationdepense>2021-07-28</datepublicationdepense>
        <montantdepense>9122.460000</montantdepense>
        <description>Dépassement relié à des variations de quantité</description>
        <nomcontractant>Les Excavations Paul Labrie inc.</nomcontractant>
        <neqcontractant>1167257600</neqcontractant>
      </depense>
    </depenses>
  </avis>
  <avis>
    <numeroseao>1182111</numeroseao>
    <numero>ODIM-2019-0014</numero>
    <depenses>
      <depense>
        <datedepense>2020-08-26</datedepense>
        <datepublicationdepense>2020-08-26</datepublicationdepense>
        <montantdepense>68106.200000</montantdepense>
        <description>Ajout de l'avenant no AV-01</description>
        <nomcontractant>STOA ARCHITECTURE.</nomcontractant>
        <neqcontractant>2267394551</neqcontractant>
      </depense>
      <depense>
        <datedepense>2021-04-19</datedepense>
        <datepublicationdepense>2021-04-28</datepublicationdepense>
        <montantdepense>29156.000000</montantdepense>
        <description>Ajout de l'avenent no AV-02</description>
        <nomcontractant>STOA ARCHITECTURE.</nomcontractant>
        <neqcontractant>2267394551</neqcontractant>
      </depense>
      <depense>
        <datedepense>2021-05-11</datedepense>
        <datepublicationdepense>2021-06-01</datepublicationdepense>
        <montantdepense>9800.000000</montantdepense>
        <description>Ajout de l'avenant no AV-03</description>
        <nomcontractant>STOA ARCHITECTURE.</nomcontractant>
        <neqcontractant>2267394551</neqcontractant>
      </depense>
      <depense>
        <datedepense>2021-07-05</datedepense>
        <datepublicationdepense>2021-07-05</datepublicationdepense>
        <montantdepense>8500.000000</montantdepense>
        <description>Ajout de l'avenant no AV-04</description>
        <nomcontractant>STOA ARCHITECTURE.</nomcontractant>
        <neqcontractant>2267394551</neqcontractant>
      </depense>
    </depenses>
  </avis>
  <avis>
    <numeroseao>1187542</numeroseao>
    <numero>6611-18-NO01</numero>
    <depenses>
      <depense>
        <datedepense>2021-04-08</datedepense>
        <datepublicationdepense>2021-04-26</datepublicationdepense>
        <montantdepense>21143.750000</montantdepense>
        <description>Dépassement relié à des variations de quantité et/ou des modifications au contrat de construction ou de services de nature technique</description>
        <nomcontractant>9203-9304 QC Inc. </nomcontractant>
        <neqcontractant>1165549206</neqcontractant>
      </depense>
    </depenses>
  </avis>
  <avis>
    <numeroseao>1198481</numeroseao>
    <numero>34274300</numero>
    <depenses>
      <depense>
        <datedepense>2019-04-11</datedepense>
        <datepublicationdepense>2021-07-22</datepublicationdepense>
        <montantdepense>544448.780000</montantdepense>
        <description>Condition imprévisible de chantier</description>
        <nomcontractant>Réfrigération Noel Inc.</nomcontractant>
        <neqcontractant>1142729764</neqcontractant>
      </depense>
    </depenses>
  </avis>
  <avis>
    <numeroseao>1216896</numeroseao>
    <numero>220</numero>
    <depenses>
      <depense>
        <datedepense>2020-02-25</datedepense>
        <datepublicationdepense>2020-04-23</datepublicationdepense>
        <montantdepense>7827.930000</montantdepense>
        <description>Modication-01 et 02</description>
        <nomcontractant>Tetra Tech QI inc - Est</nomcontractant>
        <neqcontractant>1169411510</neqcontractant>
      </depense>
      <depense>
        <datedepense>2020-12-11</datedepense>
        <datepublicationdepense>2021-02-04</datepublicationdepense>
        <montantdepense>7845.490000</montantdepense>
        <description>Modification-03</description>
        <nomcontractant>Tetra Tech QI inc - Est</nomcontractant>
        <neqcontractant>1169411510</neqcontractant>
      </depense>
    </depenses>
  </avis>
  <avis>
    <numeroseao>1237000</numeroseao>
    <numero>APL181900218</numero>
    <depenses>
      <depense>
        <datedepense>2021-02-17</datedepense>
        <datepublicationdepense>2021-02-18</datepublicationdepense>
        <montantdepense>6595.560000</montantdepense>
        <description>Heures supplémentaires (service de gardiennage) (mois de décembre 2020)</description>
        <nomcontractant>Neptune Security Services Inc</nomcontractant>
        <neqcontractant>1168627108</neqcontractant>
      </depense>
      <depense>
        <datedepense>2021-02-17</datedepense>
        <datepublicationdepense>2021-02-18</datepublicationdepense>
        <montantdepense>7799.590000</montantdepense>
        <description>Heures supplémentaires (service de gardiennage) (mois de janvier 2021)</description>
        <nomcontractant>Neptune Security Services Inc</nomcontractant>
        <neqcontractant>1168627108</neqcontractant>
      </depense>
      <depense>
        <datedepense>2021-02-17</datedepense>
        <datepublicationdepense>2021-03-24</datepublicationdepense>
        <montantdepense>7986.440000</montantdepense>
        <description>Heures supplémentaires (service de gardiennage) (mois de février 2021)</description>
        <nomcontractant>Neptune Security Services Inc</nomcontractant>
        <neqcontractant>1168627108</neqcontractant>
      </depense>
      <depense>
        <datedepense>2021-02-17</datedepense>
        <datepublicationdepense>2021-04-13</datepublicationdepense>
        <montantdepense>8999.060000</montantdepense>
        <description>Heures supplémentaires (service de gardiennage) (mois de mars 2021)</description>
        <nomcontractant>Neptune Security Services Inc</nomcontractant>
        <neqcontractant>1168627108</neqcontractant>
      </depense>
      <depense>
        <datedepense>2021-02-17</datedepense>
        <datepublicationdepense>2021-07-08</datepublicationdepense>
        <montantdepense>7968.360000</montantdepense>
        <description>Heures supplémentaires (service de gardiennage) (mois de avril 2021)</description>
        <nomcontractant>Neptune Security Services Inc</nomcontractant>
        <neqcontractant>1168627108</neqcontractant>
      </depense>
      <depense>
        <datedepense>2021-02-17</datedepense>
        <datepublicationdepense>2021-07-08</datepublicationdepense>
        <montantdepense>8010.550000</montantdepense>
        <description>Heures supplémentaires (service de gardiennage) (mois de mai 2021)</description>
        <nomcontractant>Neptune Security Services Inc</nomcontractant>
        <neqcontractant>1168627108</neqcontractant>
      </depense>
      <depense>
        <datedepense>2021-02-17</datedepense>
        <datepublicationdepense>2021-07-08</datepublicationdepense>
        <montantdepense>8323.970000</montantdepense>
        <description>Heures supplémentaires (service de gardiennage) (mois de juin 2021)</description>
        <nomcontractant>Neptune Security Services Inc</nomcontractant>
        <neqcontractant>1168627108</neqcontractant>
      </depense>
    </depenses>
  </avis>
  <avis>
    <numeroseao>1254231</numeroseao>
    <numero>EA-0473-2019-01 - 02</numero>
    <depenses>
      <depense>
        <datedepense>2021-06-21</datedepense>
        <datepublicationdepense>2021-07-06</datepublicationdepense>
        <montantdepense>128725.000000</montantdepense>
        <description>Dépenses supplémentaires 1, 2 et 3 : Remplacement des équipements Myosure du contrat initial pour les équipements ONMI. – Ajout deux (2) items/consommables à l'entente initiale – Ajout six (6) items/consommables à l'entente initiale.</description>
        <nomcontractant>Hologic Canada Limitée</nomcontractant>
        <neqcontractant />
      </depense>
    </depenses>
  </avis>
  <avis>
    <numeroseao>1293619</numeroseao>
    <numero>44512606</numero>
    <depenses>
      <depense>
        <datedepense>2021-02-03</datedepense>
        <datepublicationdepense>2021-02-26</datepublicationdepense>
        <montantdepense>12480.000000</montantdepense>
        <description>Entretien ménager supplémentaire en raison de la Covid-19</description>
        <nomcontractant>IMV Entretien commercial inc</nomcontractant>
        <neqcontractant>1170878046</neqcontractant>
      </depense>
      <depense>
        <datedepense>2021-06-01</datedepense>
        <datepublicationdepense>2021-07-14</datepublicationdepense>
        <montantdepense>39520.000000</montantdepense>
        <description>Ajout de services temporaires liés à la covid 19</description>
        <nomcontractant>IMV Entretien commercial inc</nomcontractant>
        <neqcontractant>1170878046</neqcontractant>
      </depense>
    </depenses>
  </avis>
  <avis>
    <numeroseao>1344180</numeroseao>
    <numero>19-129</numero>
    <depenses>
      <depense>
        <datedepense>2020-09-03</datedepense>
        <datepublicationdepense>2021-07-08</datepublicationdepense>
        <montantdepense>73629.630000</montantdepense>
        <description>Avenant de modification </description>
        <nomcontractant>Paradis Aménagement Urbain Inc.</nomcontractant>
        <neqcontractant>1141283516</neqcontractant>
      </depense>
    </depenses>
  </avis>
  <avis>
    <numeroseao>1345826</numeroseao>
    <numero>19-012-1</numero>
    <depenses>
      <depense>
        <datedepense>2021-02-02</datedepense>
        <datepublicationdepense>2021-03-01</datepublicationdepense>
        <montantdepense>84526.340000</montantdepense>
        <description>Les modifications ont été jugées nécessaires afin de préciser, notamment, certaines instructions à l'entrepreneur, de corriger certaines déficiences du bâtiment, de s'adapter à l'environnement et d'ériger une tour de télécommunication.</description>
        <nomcontractant>construction jbr inc</nomcontractant>
        <neqcontractant>1163387187</neqcontractant>
      </depense>
    </depenses>
  </avis>
  <avis>
    <numeroseao>1361770</numeroseao>
    <numero>1920MCQ835</numero>
    <depenses>
      <depense>
        <datedepense>2020-10-09</datedepense>
        <datepublicationdepense>2021-07-15</datepublicationdepense>
        <montantdepense>156400.680000</montantdepense>
        <description>Prolongation de 4 mois supplémentaires en dépassement de coûts au contrat initial</description>
        <nomcontractant>Hôpitel Inc.</nomcontractant>
        <neqcontractant>1142710566</neqcontractant>
      </depense>
    </depenses>
  </avis>
  <avis>
    <numeroseao>1363735</numeroseao>
    <numero>BC# 125079</numero>
    <depenses>
      <depense>
        <datedepense>2020-09-15</datedepense>
        <datepublicationdepense>2020-09-25</datepublicationdepense>
        <montantdepense>4500.000000</montantdepense>
        <description>Ajustement en fonction des coûts réels des travaux</description>
        <nomcontractant>Gécyco Inc.</nomcontractant>
        <neqcontractant>1143114636</neqcontractant>
      </depense>
      <depense>
        <datedepense>2020-09-23</datedepense>
        <datepublicationdepense>2020-09-25</datepublicationdepense>
        <montantdepense>1200.000000</montantdepense>
        <description>Pour des relevés supplémentaires pour remplacement du système</description>
        <nomcontractant>Gécyco Inc.</nomcontractant>
        <neqcontractant>1143114636</neqcontractant>
      </depense>
      <depense>
        <datedepense>2020-03-09</datedepense>
        <datepublicationdepense>2020-09-25</datepublicationdepense>
        <montantdepense>6500.000000</montantdepense>
        <description>Rehaussement</description>
        <nomcontractant>Gécyco Inc.</nomcontractant>
        <neqcontractant>1143114636</neqcontractant>
      </depense>
      <depense>
        <datedepense>2021-06-15</datedepense>
        <datepublicationdepense>2021-07-22</datepublicationdepense>
        <montantdepense>2462.070000</montantdepense>
        <description>Surveillance au bureau et visites additionnelles</description>
        <nomcontractant>Gécyco Inc.</nomcontractant>
        <neqcontractant>1143114636</neqcontractant>
      </depense>
    </depenses>
  </avis>
  <avis>
    <numeroseao>1376742</numeroseao>
    <numero>GRM-1772</numero>
    <depenses>
      <depense>
        <datedepense>2020-05-13</datedepense>
        <datepublicationdepense>2020-05-28</datepublicationdepense>
        <montantdepense>19512.000000</montantdepense>
        <description>PROLONGEMENT DE CONTRAT</description>
        <nomcontractant>ENTREPRISE BURAK INC</nomcontractant>
        <neqcontractant>1171508949</neqcontractant>
      </depense>
      <depense>
        <datedepense>2020-06-30</datedepense>
        <datepublicationdepense>2021-05-04</datepublicationdepense>
        <montantdepense>18000.000000</montantdepense>
        <description>rehaussement</description>
        <nomcontractant>ENTREPRISE BURAK INC</nomcontractant>
        <neqcontractant>1171508949</neqcontractant>
      </depense>
      <depense>
        <datedepense>2021-04-29</datedepense>
        <datepublicationdepense>2021-05-04</datepublicationdepense>
        <montantdepense>108976.000000</montantdepense>
        <description>ajout de services d'hygiène et salubrité pour respecter les recommandations de I'INSPQ et de la CNESST, augmentation des fréquences de désinfections requises pour diminuer les risques de contamination en période de pandémie</description>
        <nomcontractant>ENTREPRISE BURAK INC</nomcontractant>
        <neqcontractant>1171508949</neqcontractant>
      </depense>
      <depense>
        <datedepense>2021-07-08</datedepense>
        <datepublicationdepense>2021-07-15</datepublicationdepense>
        <montantdepense>41100.000000</montantdepense>
        <description>Réhaussement</description>
        <nomcontractant>ENTREPRISE BURAK INC</nomcontractant>
        <neqcontractant>1171508949</neqcontractant>
      </depense>
    </depenses>
  </avis>
  <avis>
    <numeroseao>1383703</numeroseao>
    <numero> 20-0104-COVID</numero>
    <depenses>
      <depense>
        <datedepense>2021-02-17</datedepense>
        <datepublicationdepense>2021-04-08</datepublicationdepense>
        <montantdepense>125000.000000</montantdepense>
        <description>Prolongation de date de fin et ajout de montant supplémentaire pour réaliser le mandat décrit au contrat</description>
        <nomcontractant>Carole Duhamel</nomcontractant>
        <neqcontractant>2263702583</neqcontractant>
      </depense>
    </depenses>
  </avis>
  <avis>
    <numeroseao>1387879</numeroseao>
    <numero>44518508</numero>
    <depenses>
      <depense>
        <datedepense>2020-12-11</datedepense>
        <datepublicationdepense>2020-12-11</datepublicationdepense>
        <montantdepense>13279.000000</montantdepense>
        <description>Réalisation d’une étude géotechnique et environnementale complémentaire sur le site de l’école Louis-Philippe-Paré à Chateauguay</description>
        <nomcontractant>Géninovation</nomcontractant>
        <neqcontractant>1162801865</neqcontractant>
      </depense>
    </depenses>
  </avis>
  <avis>
    <numeroseao>1390697</numeroseao>
    <numero>BC 291976</numero>
    <depenses>
      <depense>
        <datedepense>2020-07-09</datedepense>
        <datepublicationdepense>2020-07-13</datepublicationdepense>
        <montantdepense>166000.000000</montantdepense>
        <description>Rehaussement à un contrat de service, qui passe le seuil des appels d'offres mais une situation d'urgence donc pas d'annexe 2.</description>
        <nomcontractant>Les services ménagers Roy ltée.</nomcontractant>
        <neqcontractant>1142147900</neqcontractant>
      </depense>
      <depense>
        <datedepense>2021-04-29</datedepense>
        <datepublicationdepense>2021-05-25</datepublicationdepense>
        <montantdepense>194000.000000</montantdepense>
        <description>ajout de services d'hygiène et salubrité pour respecter les recommandations de I'INSPQ et de la CNESST, augmentation des fréquences de désinfections requises pour diminuer les risques de contamination en période de pandémie</description>
        <nomcontractant>Les services ménagers Roy ltée.</nomcontractant>
        <neqcontractant>1142147900</neqcontractant>
      </depense>
      <depense>
        <datedepense>2021-07-13</datedepense>
        <datepublicationdepense>2021-07-15</datepublicationdepense>
        <montantdepense>45000.000000</montantdepense>
        <description>Rehaussement à un contrat de service</description>
        <nomcontractant>Les services ménagers Roy ltée.</nomcontractant>
        <neqcontractant>1142147900</neqcontractant>
      </depense>
    </depenses>
  </avis>
  <avis>
    <numeroseao>1397320</numeroseao>
    <numero>34A1902</numero>
    <depenses>
      <depense>
        <datedepense>2021-01-14</datedepense>
        <datepublicationdepense>2021-01-19</datepublicationdepense>
        <montantdepense>27940.900000</montantdepense>
        <description>Imprévus rencontrés durant les travaux d'excavation du muret de béton qui était beaucoup plus creux que prévu. Le muret, à l'intérieur du sol, ne suivait pas la pente montante du terrain. Nous avons du faire une surexcavation à l'endroit le pus haut de la pente et de petits ajustements suite à ça.</description>
        <nomcontractant>TC3 Construction Inc.</nomcontractant>
        <neqcontractant>1173876088</neqcontractant>
      </depense>
      <depense>
        <datedepense>2021-06-30</datedepense>
        <datepublicationdepense>2021-07-13</datepublicationdepense>
        <montantdepense>11294.060000</montantdepense>
        <description>Imprévus rencontrés au chantier,  notamment en ce qui concerne à retravailler le terrain de la partie au chainage sonotubes. Ajout de terre et gazon. Abaisser terrain entre maison et avenu Humphrey du côté école.</description>
        <nomcontractant>TC3 Construction Inc.</nomcontractant>
        <neqcontractant>1173876088</neqcontractant>
      </depense>
    </depenses>
  </avis>
  <avis>
    <numeroseao>1398609</numeroseao>
    <numero>2020-0252-GG</numero>
    <depenses>
      <depense>
        <datedepense>2021-05-13</datedepense>
        <datepublicationdepense>2021-05-13</datepublicationdepense>
        <montantdepense>0.000000</montantdepense>
        <description>erreur sur le contrat - voir 2020-0254-GG</description>
        <nomcontractant>Provost, André (consultant)</nomcontractant>
        <neqcontractant />
      </depense>
      <depense>
        <datedepense>2021-06-07</datedepense>
        <datepublicationdepense>2021-06-29</datepublicationdepense>
        <montantdepense>36500.000000</montantdepense>
        <description>Afin de terminer le projet de  l'implantation de l'extranet au CISSS de Logibec RH/Paie et l'harmonisation des processus reliés au traitement de la paie</description>
        <nomcontractant>Provost, André (consultant)</nomcontractant>
        <neqcontractant />
      </depense>
    </depenses>
  </avis>
  <avis>
    <numeroseao>1398837</numeroseao>
    <numero>20-612-AO-C</numero>
    <depenses>
      <depense>
        <datedepense>2020-11-05</datedepense>
        <datepublicationdepense>2021-07-09</datepublicationdepense>
        <montantdepense>5270.760000</montantdepense>
        <description>ODC 01 :  Ajustement des travaux- 2e, 3e et 4e étages – Ajout de contrôle de portes ( 0.83%)</description>
        <nomcontractant>BAC (9154-1995 Qb inc)</nomcontractant>
        <neqcontractant>1162899273</neqcontractant>
      </depense>
      <depense>
        <datedepense>2021-07-08</datedepense>
        <datepublicationdepense>2021-07-09</datepublicationdepense>
        <montantdepense>62762.000000</montantdepense>
        <description>ODC 02 :  Ajustement travaux et matériaux COVID-19 ( 10.65% cumulé) </description>
        <nomcontractant>BAC (9154-1995 Qb inc)</nomcontractant>
        <neqcontractant>1162899273</neqcontractant>
      </depense>
    </depenses>
  </avis>
  <avis>
    <numeroseao>1399737</numeroseao>
    <numero>P0097844</numero>
    <depenses>
      <depense>
        <datedepense>2021-07-23</datedepense>
        <datepublicationdepense>2021-07-23</datepublicationdepense>
        <montantdepense>96432.870000</montantdepense>
        <description>Ajout année supplémentaire</description>
        <nomcontractant>Udemy Inc.</nomcontractant>
        <neqcontractant />
      </depense>
    </depenses>
  </avis>
  <avis>
    <numeroseao>1422434</numeroseao>
    <numero>DSTI-ServiceNow-2021</numero>
    <depenses>
      <depense>
        <datedepense>2021-04-17</datedepense>
        <datepublicationdepense>2021-05-14</datepublicationdepense>
        <montantdepense>6284.590000</montantdepense>
        <description>Prolongation de 2 mois afin de respecter les délais de l'appel d'intérêt et analyse</description>
        <nomcontractant>ServiceNow Inc.</nomcontractant>
        <neqcontractant />
      </depense>
    </depenses>
  </avis>
  <avis>
    <numeroseao>1426866</numeroseao>
    <numero>33562900</numero>
    <depenses>
      <depense>
        <datedepense>2020-12-15</datedepense>
        <datepublicationdepense>2021-01-26</datepublicationdepense>
        <montantdepense>5661850.960000</montantdepense>
        <description>Imprévus de chantier</description>
        <nomcontractant>Groupe Decarel Inc..</nomcontractant>
        <neqcontractant>1146738910</neqcontractant>
      </depense>
      <depense>
        <datedepense>2021-07-21</datedepense>
        <datepublicationdepense>2021-07-21</datepublicationdepense>
        <montantdepense>2905086.480000</montantdepense>
        <description>Modification du 21 juillet 2021 comprend la valeur des ajouts antérieurs à l'atteinte du 10 % du montant initial du contrat. Ce montant représente la valeur nette de la dépense de la valeur des crédits (279 179,61 $))</description>
        <nomcontractant>Groupe Decarel Inc..</nomcontractant>
        <neqcontractant>1146738910</neqcontractant>
      </depense>
    </depenses>
  </avis>
  <avis>
    <numeroseao>1438083</numeroseao>
    <numero>CS19705</numero>
    <depenses>
      <depense>
        <datedepense>2021-04-16</datedepense>
        <datepublicationdepense>2021-04-16</datepublicationdepense>
        <montantdepense>9800.000000</montantdepense>
        <description>augmentation du nombre d'heures pour reliée à l'investigation pour résoudre un problème de réseau</description>
        <nomcontractant>Prime Staff inc</nomcontractant>
        <neqcontractant>1173473183</neqcontractant>
      </depense>
      <depense>
        <datedepense>2021-04-20</datedepense>
        <datepublicationdepense>2021-07-15</datepublicationdepense>
        <montantdepense>5600.000000</montantdepense>
        <description>Nombre d'heures additionnels et frais d'embauche</description>
        <nomcontractant>Prime Staff inc</nomcontractant>
        <neqcontractant>1173473183</neqcontractant>
      </depense>
    </depenses>
  </avis>
  <avis>
    <numeroseao>1444516</numeroseao>
    <numero>44522045</numero>
    <depenses>
      <depense>
        <datedepense>2021-07-24</datedepense>
        <datepublicationdepense>2021-07-26</datepublicationdepense>
        <montantdepense>38676.940000</montantdepense>
        <description>Lavage de toutes les fenêtres et portes supplémentaires;Prolongation des services pour 3 mois supplémentaires</description>
        <nomcontractant>Conciergerie Speico inc.</nomcontractant>
        <neqcontractant>1172627250</neqcontractant>
      </depense>
    </depenses>
  </avis>
  <avis>
    <numeroseao>1445074</numeroseao>
    <numero>CA-0108472</numero>
    <depenses>
      <depense>
        <datedepense>2020-09-18</datedepense>
        <datepublicationdepense>2021-07-05</datepublicationdepense>
        <montantdepense>0.000000</montantdepense>
        <description>Changement de l'emplacement des échangeurs</description>
        <nomcontractant>FNX-INNOV inc.</nomcontractant>
        <neqcontractant>1174002437</neqcontractant>
      </depense>
      <depense>
        <datedepense>2021-01-29</datedepense>
        <datepublicationdepense>2021-07-05</datepublicationdepense>
        <montantdepense>6310.000000</montantdepense>
        <description>Vérification structurale du bâtiment</description>
        <nomcontractant>FNX-INNOV inc.</nomcontractant>
        <neqcontractant>1174002437</neqcontractant>
      </depense>
      <depense>
        <datedepense>2021-06-08</datedepense>
        <datepublicationdepense>2021-07-05</datepublicationdepense>
        <montantdepense>3610.000000</montantdepense>
        <description>Analyse avancée de soumission et augmentation du nombre de visites de chantier</description>
        <nomcontractant>FNX-INNOV inc.</nomcontractant>
        <neqcontractant>1174002437</neqcontractant>
      </depense>
    </depenses>
  </avis>
  <avis>
    <numeroseao>1446785</numeroseao>
    <numero>ETS-CP21-007</numero>
    <depenses>
      <depense>
        <datedepense>2021-05-31</datedepense>
        <datepublicationdepense>2021-05-31</datepublicationdepense>
        <montantdepense>836.920000</montantdepense>
        <description>Soufflage de gypse et modification de cloisons</description>
        <nomcontractant>Construction Gesmo Inc.</nomcontractant>
        <neqcontractant>1143399724</neqcontractant>
      </depense>
      <depense>
        <datedepense>2021-06-23</datedepense>
        <datepublicationdepense>2021-07-05</datepublicationdepense>
        <montantdepense>1346.800000</montantdepense>
        <description>Modification du modèle des boîtes VAV par modèle des boîtes de Titus</description>
        <nomcontractant>Construction Gesmo Inc.</nomcontractant>
        <neqcontractant>1143399724</neqcontractant>
      </depense>
      <depense>
        <datedepense>2021-06-23</datedepense>
        <datepublicationdepense>2021-07-05</datepublicationdepense>
        <montantdepense>608.060000</montantdepense>
        <description>Positionnement du bras de captation</description>
        <nomcontractant>Construction Gesmo Inc.</nomcontractant>
        <neqcontractant>1143399724</neqcontractant>
      </depense>
    </depenses>
  </avis>
  <avis>
    <numeroseao>1449301</numeroseao>
    <numero>202000505</numero>
    <depenses>
      <depense>
        <datedepense>2021-05-31</datedepense>
        <datepublicationdepense>2021-07-19</datepublicationdepense>
        <montantdepense>5405.910000</montantdepense>
        <description>Ajout au contrat suite à des conditions de chantier non prévues dans les plans et devis </description>
        <nomcontractant>Construction Côté &amp; Fils Inc</nomcontractant>
        <neqcontractant>1141975285</neqcontractant>
      </depense>
      <depense>
        <datedepense>2021-06-23</datedepense>
        <datepublicationdepense>2021-07-19</datepublicationdepense>
        <montantdepense>30796.560000</montantdepense>
        <description>Ajout au contrat suite à des conditions de chantier non prévues dans les plans et devis </description>
        <nomcontractant>Construction Côté &amp; Fils Inc</nomcontractant>
        <neqcontractant>1141975285</neqcontractant>
      </depense>
      <depense>
        <datedepense>2021-07-08</datedepense>
        <datepublicationdepense>2021-07-19</datepublicationdepense>
        <montantdepense>14518.920000</montantdepense>
        <description>Ajout au contrat suite à des conditions de chantier non prévues dans les plans et devis </description>
        <nomcontractant>Construction Côté &amp; Fils Inc</nomcontractant>
        <neqcontractant>1141975285</neqcontractant>
      </depense>
      <depense>
        <datedepense>2021-06-21</datedepense>
        <datepublicationdepense>2021-07-19</datepublicationdepense>
        <montantdepense>5274.520000</montantdepense>
        <description>Ajout au contrat suite à des conditions de chantier non prévues dans les plans et devis </description>
        <nomcontractant>Construction Côté &amp; Fils Inc</nomcontractant>
        <neqcontractant>1141975285</neqcontractant>
      </depense>
      <depense>
        <datedepense>2021-06-21</datedepense>
        <datepublicationdepense>2021-07-19</datepublicationdepense>
        <montantdepense>42456.390000</montantdepense>
        <description>Ajout au contrat suite à des conditions de chantier non prévues dans les plans et devis </description>
        <nomcontractant>Construction Côté &amp; Fils Inc</nomcontractant>
        <neqcontractant>1141975285</neqcontractant>
      </depense>
      <depense>
        <datedepense>2021-06-23</datedepense>
        <datepublicationdepense>2021-07-19</datepublicationdepense>
        <montantdepense>18760.500000</montantdepense>
        <description>Ajout au contrat suite à des conditions de chantier non prévues dans les plans et devis </description>
        <nomcontractant>Construction Côté &amp; Fils Inc</nomcontractant>
        <neqcontractant>1141975285</neqcontractant>
      </depense>
      <depense>
        <datedepense>2021-07-08</datedepense>
        <datepublicationdepense>2021-07-19</datepublicationdepense>
        <montantdepense>2040.590000</montantdepense>
        <description>Ajout au contrat suite à des conditions de chantier non prévues dans les plans et devis </description>
        <nomcontractant>Construction Côté &amp; Fils Inc</nomcontractant>
        <neqcontractant>1141975285</neqcontractant>
      </depense>
      <depense>
        <datedepense>2021-07-07</datedepense>
        <datepublicationdepense>2021-07-19</datepublicationdepense>
        <montantdepense>3687.800000</montantdepense>
        <description>Ajout au contrat suite à des conditions de chantier non prévues dans les plans et devis </description>
        <nomcontractant>Construction Côté &amp; Fils Inc</nomcontractant>
        <neqcontractant>1141975285</neqcontractant>
      </depense>
      <depense>
        <datedepense>2021-07-07</datedepense>
        <datepublicationdepense>2021-07-19</datepublicationdepense>
        <montantdepense>3145.700000</montantdepense>
        <description>Ajout au contrat suite à des conditions de chantier non prévues dans les plans et devis </description>
        <nomcontractant>Construction Côté &amp; Fils Inc</nomcontractant>
        <neqcontractant>1141975285</neqcontractant>
      </depense>
    </depenses>
  </avis>
  <avis>
    <numeroseao>1453082</numeroseao>
    <numero>2021-19117</numero>
    <depenses>
      <depense>
        <datedepense>2021-06-30</datedepense>
        <datepublicationdepense>2021-07-06</datepublicationdepense>
        <montantdepense>0.000000</montantdepense>
        <description>N'a pas été entré dans le bon contrat</description>
        <nomcontractant>TMR3 Couvreur inc.</nomcontractant>
        <neqcontractant>1168350487</neqcontractant>
      </depense>
    </depenses>
  </avis>
  <avis>
    <numeroseao>1500904</numeroseao>
    <numero>400387258</numero>
    <depenses>
      <depense>
        <datedepense>2021-05-26</datedepense>
        <datepublicationdepense>2021-06-16</datepublicationdepense>
        <montantdepense>13000.000000</montantdepense>
        <description>Nombre de présences à la cour et du nombre d'heures de travaux supplémentaires.</description>
        <nomcontractant>William Pothier</nomcontractant>
        <neqcontractant />
      </depense>
    </depenses>
  </avis>
  <avis>
    <numeroseao>1504599</numeroseao>
    <numero>44515366</numero>
    <depenses>
      <depense>
        <datedepense>2021-05-05</datedepense>
        <datepublicationdepense>2021-07-27</datepublicationdepense>
        <montantdepense>47023.000000</montantdepense>
        <description>Condition imprévisible de chantier</description>
        <nomcontractant>WSP Canada Inc.</nomcontractant>
        <neqcontractant>1148357057</neqcontractant>
      </depense>
    </depenses>
  </avis>
  <avis>
    <numeroseao>1505691</numeroseao>
    <numero>SRM028721</numero>
    <depenses>
      <depense>
        <datedepense>2021-04-18</datedepense>
        <datepublicationdepense>2021-07-02</datepublicationdepense>
        <montantdepense>4700.000000</montantdepense>
        <description>SRM030693 - 166 013 980</description>
        <nomcontractant>Bouthillette Parizeau Inc</nomcontractant>
        <neqcontractant>1142591438</neqcontractant>
      </depense>
      <depense>
        <datedepense>2021-06-17</datedepense>
        <datepublicationdepense>2021-07-02</datepublicationdepense>
        <montantdepense>8803.000000</montantdepense>
        <description>SRM035740 - 166 013 980</description>
        <nomcontractant>Bouthillette Parizeau Inc</nomcontractant>
        <neqcontractant>1142591438</neqcontractant>
      </depense>
    </depenses>
  </avis>
  <avis>
    <numeroseao>1506759</numeroseao>
    <numero>CHUSJ-665.2</numero>
    <depenses>
      <depense>
        <datedepense>2021-06-23</datedepense>
        <datepublicationdepense>2021-07-05</datepublicationdepense>
        <montantdepense>12500.000000</montantdepense>
        <description>Prolongation HP de surveillance des travaux dans le cadre du projet Enseignement pour les périodes suivantes : 15 mars au 4 juin 2021 et 6 juin au 1er septembre 2021. La facturation sera réalisée sous la base horaire, selon le taux au décret 1235-87.</description>
        <nomcontractant>Stantec Experts-conseils ltée</nomcontractant>
        <neqcontractant>1170241336</neqcontractant>
      </depense>
    </depenses>
  </avis>
  <avis>
    <numeroseao>1513947</numeroseao>
    <numero>44511240</numero>
    <depenses>
      <depense>
        <datedepense>2019-05-15</datedepense>
        <datepublicationdepense>2021-07-28</datepublicationdepense>
        <montantdepense>1569.700000</montantdepense>
        <description>Avenant 1 - Nouvelle visite afin de compléter les relevés du nouvel emplacement de la salle de bain.</description>
        <nomcontractant>GESTION L'OEUF INC.</nomcontractant>
        <neqcontractant>1165564106</neqcontractant>
      </depense>
      <depense>
        <datedepense>2019-07-09</datedepense>
        <datepublicationdepense>2021-07-28</datepublicationdepense>
        <montantdepense>3013.400000</montantdepense>
        <description>Avenant 2 - Trouver une solution pour l'amélioration acoustique des cloisons de la suite 9.70 ainsi que 9.96A</description>
        <nomcontractant>GESTION L'OEUF INC.</nomcontractant>
        <neqcontractant>1165564106</neqcontractant>
      </depense>
      <depense>
        <datedepense>2019-09-27</datedepense>
        <datepublicationdepense>2021-07-28</datepublicationdepense>
        <montantdepense>4152.000000</montantdepense>
        <description>Avenant 3 - Modification aux cloisons, mise à jour de l'estimation et accompagnement pour nouvel appel d'offres </description>
        <nomcontractant>GESTION L'OEUF INC.</nomcontractant>
        <neqcontractant>1165564106</neqcontractant>
      </depense>
      <depense>
        <datedepense>2020-11-24</datedepense>
        <datepublicationdepense>2021-07-28</datepublicationdepense>
        <montantdepense>8803.300000</montantdepense>
        <description>Avenant 4 - Honoraires supplémentaires pour services de préparation des demandes de changement et surveillance des travaux</description>
        <nomcontractant>GESTION L'OEUF INC.</nomcontractant>
        <neqcontractant>1165564106</neqcontractant>
      </depense>
    </depenses>
  </avis>
</export>