<?xml version="1.0" encoding="utf-8"?>
<export xmlns:xsi="http://www.w3.org/2001/XMLSchema-instance" xmlns:xsd="http://www.w3.org/2001/XMLSchema" datedebut="2024-05-01" datefin="2024-05-31">
  <contrat>
    <numeroseao>628478</numeroseao>
    <numero>7107-13-1103</numero>
    <datefinale>2024-05-09</datefinale>
    <datepublicationfinale>2015-07-22</datepublicationfinale>
    <montantfinal>7674221.480000</montantfinal>
    <nomcontractant>2G Construction inc.</nomcontractant>
    <neqcontractant>1167858076</neqcontractant>
  </contrat>
  <contrat>
    <numeroseao>858586</numeroseao>
    <numero>2015-025</numero>
    <datefinale>2022-11-04</datefinale>
    <datepublicationfinale>2023-09-08</datepublicationfinale>
    <montantfinal>309270.110000</montantfinal>
    <nomcontractant>MPECO Électrique</nomcontractant>
    <neqcontractant>1169525228</neqcontractant>
  </contrat>
  <contrat>
    <numeroseao>1014358</numeroseao>
    <numero>AOSI-16-007</numero>
    <datefinale>2024-05-22</datefinale>
    <datepublicationfinale>2020-05-15</datepublicationfinale>
    <montantfinal>330000.000000</montantfinal>
    <nomcontractant>WSP CANADA INC.</nomcontractant>
    <neqcontractant>1148357057</neqcontractant>
  </contrat>
  <contrat>
    <numeroseao>1025444</numeroseao>
    <numero>31614300</numero>
    <datefinale>2023-09-29</datefinale>
    <datepublicationfinale>2024-03-14</datepublicationfinale>
    <montantfinal>480939.220000</montantfinal>
    <nomcontractant>Bouthillette Parizeau inc.</nomcontractant>
    <neqcontractant>1142591438</neqcontractant>
  </contrat>
  <contrat>
    <numeroseao>1076062</numeroseao>
    <numero>OUEST-2017-2009-01-01</numero>
    <datefinale>2024-02-29</datefinale>
    <datepublicationfinale>2024-01-03</datepublicationfinale>
    <montantfinal>2686356.170000</montantfinal>
    <nomcontractant>BARD CANADA INC.</nomcontractant>
    <neqcontractant>1143150945</neqcontractant>
  </contrat>
  <contrat>
    <numeroseao>1076062</numeroseao>
    <numero>OUEST-2017-2009-01-01</numero>
    <datefinale>2024-02-29</datefinale>
    <datepublicationfinale>2024-01-03</datepublicationfinale>
    <montantfinal>2200112.830000</montantfinal>
    <nomcontractant>BELPRO MEDICAL INC.</nomcontractant>
    <neqcontractant>1178245669</neqcontractant>
  </contrat>
  <contrat>
    <numeroseao>1076062</numeroseao>
    <numero>OUEST-2017-2009-01-01</numero>
    <datefinale>2024-02-29</datefinale>
    <datepublicationfinale>2024-01-03</datepublicationfinale>
    <montantfinal>849834.280000</montantfinal>
    <nomcontractant>Canadian Hospital Specialties Limited</nomcontractant>
    <neqcontractant>1170891981</neqcontractant>
  </contrat>
  <contrat>
    <numeroseao>1076062</numeroseao>
    <numero>OUEST-2017-2009-01-01</numero>
    <datefinale>2024-02-29</datefinale>
    <datepublicationfinale>2024-01-03</datepublicationfinale>
    <montantfinal>178988.870000</montantfinal>
    <nomcontractant>COLOPLAST CANADA CORPORATI0N</nomcontractant>
    <neqcontractant>1161590550</neqcontractant>
  </contrat>
  <contrat>
    <numeroseao>1076062</numeroseao>
    <numero>OUEST-2017-2009-01-01</numero>
    <datefinale>2024-02-29</datefinale>
    <datepublicationfinale>2024-01-03</datepublicationfinale>
    <montantfinal>312.230000</montantfinal>
    <nomcontractant>CONVATEC CANADA LTD.</nomcontractant>
    <neqcontractant>1165314270</neqcontractant>
  </contrat>
  <contrat>
    <numeroseao>1076062</numeroseao>
    <numero>OUEST-2017-2009-01-01</numero>
    <datefinale>2024-02-29</datefinale>
    <datepublicationfinale>2024-01-03</datepublicationfinale>
    <montantfinal>19023.310000</montantfinal>
    <nomcontractant>Hollister Limited</nomcontractant>
    <neqcontractant />
  </contrat>
  <contrat>
    <numeroseao>1076062</numeroseao>
    <numero>OUEST-2017-2009-01-01</numero>
    <datefinale>2024-02-29</datefinale>
    <datepublicationfinale>2024-01-03</datepublicationfinale>
    <montantfinal>369150.000000</montantfinal>
    <nomcontractant>JAC-CELL MEDIC</nomcontractant>
    <neqcontractant>1140078966</neqcontractant>
  </contrat>
  <contrat>
    <numeroseao>1076062</numeroseao>
    <numero>OUEST-2017-2009-01-01</numero>
    <datefinale>2024-02-29</datefinale>
    <datepublicationfinale>2024-01-03</datepublicationfinale>
    <montantfinal>26717.330000</montantfinal>
    <nomcontractant>MEDLINE CANADA, CORPORATION</nomcontractant>
    <neqcontractant>1161996294</neqcontractant>
  </contrat>
  <contrat>
    <numeroseao>1076062</numeroseao>
    <numero>OUEST-2017-2009-01-01</numero>
    <datefinale>2024-02-29</datefinale>
    <datepublicationfinale>2024-01-03</datepublicationfinale>
    <montantfinal>97228.160000</montantfinal>
    <nomcontractant>Teleflex Medical Canada Inc.</nomcontractant>
    <neqcontractant />
  </contrat>
  <contrat>
    <numeroseao>1082575</numeroseao>
    <numero>5921</numero>
    <datefinale>2020-09-04</datefinale>
    <datepublicationfinale>2020-11-18</datepublicationfinale>
    <montantfinal>3666282.650000</montantfinal>
    <nomcontractant>Construction Deric inc.</nomcontractant>
    <neqcontractant>1169078178</neqcontractant>
  </contrat>
  <contrat>
    <numeroseao>1082947</numeroseao>
    <numero>5923</numero>
    <datefinale>2024-03-15</datefinale>
    <datepublicationfinale>2022-11-03</datepublicationfinale>
    <montantfinal>573112.410000</montantfinal>
    <nomcontractant>LES CONSTRUCTIONS AGLP INC.</nomcontractant>
    <neqcontractant>1164137912</neqcontractant>
  </contrat>
  <contrat>
    <numeroseao>1184120</numeroseao>
    <numero>5963</numero>
    <datefinale>2024-04-03</datefinale>
    <datepublicationfinale>2022-11-02</datepublicationfinale>
    <montantfinal>7931397.880000</montantfinal>
    <nomcontractant>L'ARCHEVÊQUE &amp; RIVEST LIMITÉE</nomcontractant>
    <neqcontractant>1163230627</neqcontractant>
  </contrat>
  <contrat>
    <numeroseao>1207574</numeroseao>
    <numero>34274500</numero>
    <datefinale>2023-05-17</datefinale>
    <datepublicationfinale>2022-10-03</datepublicationfinale>
    <montantfinal>9894864.210000</montantfinal>
    <nomcontractant>ERNEST BOUTIN INC.</nomcontractant>
    <neqcontractant>1161180691</neqcontractant>
  </contrat>
  <contrat>
    <numeroseao>1209761</numeroseao>
    <numero>6501-18-FE11</numero>
    <datefinale>2023-01-30</datefinale>
    <datepublicationfinale>2023-01-31</datepublicationfinale>
    <montantfinal>34256.250000</montantfinal>
    <nomcontractant>SNC-Lavalin inc.</nomcontractant>
    <neqcontractant>1142775999</neqcontractant>
  </contrat>
  <contrat>
    <numeroseao>1247512</numeroseao>
    <numero>44512991</numero>
    <datefinale>2022-09-08</datefinale>
    <datepublicationfinale>2019-05-24</datepublicationfinale>
    <montantfinal>47577.500000</montantfinal>
    <nomcontractant>Larocque Cournoyer S.E.N.C</nomcontractant>
    <neqcontractant>3368911635</neqcontractant>
  </contrat>
  <contrat>
    <numeroseao>1247961</numeroseao>
    <numero>CGER 18 690139</numero>
    <datefinale>2024-05-08</datefinale>
    <datepublicationfinale>2023-12-01</datepublicationfinale>
    <montantfinal>8220134.270000</montantfinal>
    <nomcontractant>SERVICE D'ÉQUIPEMENT G.D. INC.</nomcontractant>
    <neqcontractant>1160775103</neqcontractant>
  </contrat>
  <contrat>
    <numeroseao>1314466</numeroseao>
    <numero>19-3652</numero>
    <datefinale>2023-03-14</datefinale>
    <datepublicationfinale>2020-05-22</datepublicationfinale>
    <montantfinal>43871.700000</montantfinal>
    <nomcontractant>BBC architectes inc.</nomcontractant>
    <neqcontractant>1141933664</neqcontractant>
  </contrat>
  <contrat>
    <numeroseao>1330683</numeroseao>
    <numero>7571-19-QF01</numero>
    <datefinale>2024-05-29</datefinale>
    <datepublicationfinale>2024-03-01</datepublicationfinale>
    <montantfinal>3138380.000000</montantfinal>
    <nomcontractant>Momentum Technologies inc.</nomcontractant>
    <neqcontractant>1173994220</neqcontractant>
  </contrat>
  <contrat>
    <numeroseao>1338290</numeroseao>
    <numero>44516788</numero>
    <datefinale>2023-03-29</datefinale>
    <datepublicationfinale>2023-03-29</datepublicationfinale>
    <montantfinal>32028.900000</montantfinal>
    <nomcontractant>Enerco Groupe-Conseil inc.</nomcontractant>
    <neqcontractant>1173721151</neqcontractant>
  </contrat>
  <contrat>
    <numeroseao>1338563</numeroseao>
    <numero>44515181</numero>
    <datefinale>2023-01-22</datefinale>
    <datepublicationfinale>2023-06-20</datepublicationfinale>
    <montantfinal>127605.660000</montantfinal>
    <nomcontractant>STANTEC EXPERTS-CONSEILS LTÉE</nomcontractant>
    <neqcontractant>1170241336</neqcontractant>
  </contrat>
  <contrat>
    <numeroseao>1358439</numeroseao>
    <numero>19-20-03-149</numero>
    <datefinale>2024-04-10</datefinale>
    <datepublicationfinale>2022-05-02</datepublicationfinale>
    <montantfinal>57639.810000</montantfinal>
    <nomcontractant>Purkinje Inc.</nomcontractant>
    <neqcontractant>1161940995</neqcontractant>
  </contrat>
  <contrat>
    <numeroseao>1368977</numeroseao>
    <numero>3301-20-0202</numero>
    <datefinale>2024-02-29</datefinale>
    <datepublicationfinale>2024-03-01</datepublicationfinale>
    <montantfinal>2525301.080000</montantfinal>
    <nomcontractant>CONSTRUCTION POLARIS CMM INC.</nomcontractant>
    <neqcontractant>1173851867</neqcontractant>
  </contrat>
  <contrat>
    <numeroseao>1415305</numeroseao>
    <numero>CLIM2021C-ELEC.MTN.</numero>
    <datefinale>2024-02-02</datefinale>
    <datepublicationfinale>2024-02-02</datepublicationfinale>
    <montantfinal>91594.650000</montantfinal>
    <nomcontractant>Electricité MC2</nomcontractant>
    <neqcontractant>1166598897</neqcontractant>
  </contrat>
  <contrat>
    <numeroseao>1415325</numeroseao>
    <numero>ST-215-12597</numero>
    <datefinale>2023-11-02</datefinale>
    <datepublicationfinale>2023-07-25</datepublicationfinale>
    <montantfinal>115837.330000</montantfinal>
    <nomcontractant>MLC ASSOCIÉS INC.</nomcontractant>
    <neqcontractant>1174533605</neqcontractant>
  </contrat>
  <contrat>
    <numeroseao>1422931</numeroseao>
    <numero>8601-20-ST02</numero>
    <datefinale>2024-05-24</datefinale>
    <datepublicationfinale>2024-01-22</datepublicationfinale>
    <montantfinal>332843.600000</montantfinal>
    <nomcontractant>9286-2275 Québec</nomcontractant>
    <neqcontractant>1169350015</neqcontractant>
  </contrat>
  <contrat>
    <numeroseao>1445633</numeroseao>
    <numero>44518188</numero>
    <datefinale>2024-01-31</datefinale>
    <datepublicationfinale>2024-03-05</datepublicationfinale>
    <montantfinal>146886.370000</montantfinal>
    <nomcontractant>CENTRE INVESTIGATION &amp; SÉCURITÉ CANADA Inc.</nomcontractant>
    <neqcontractant>1173920746</neqcontractant>
  </contrat>
  <contrat>
    <numeroseao>1449900</numeroseao>
    <numero>6501-21-0302</numero>
    <datefinale>2024-04-26</datefinale>
    <datepublicationfinale>2024-04-02</datepublicationfinale>
    <montantfinal>213010.940000</montantfinal>
    <nomcontractant>RAYNALD ASSELIN INC.</nomcontractant>
    <neqcontractant>1144134948</neqcontractant>
  </contrat>
  <contrat>
    <numeroseao>1453178</numeroseao>
    <numero>8912-21-PA02</numero>
    <datefinale>2024-05-14</datefinale>
    <datepublicationfinale>2024-04-15</datepublicationfinale>
    <montantfinal>160396.000000</montantfinal>
    <nomcontractant>L'ARCHE DE NOÉ, RÉCUPÉRATION INC.</nomcontractant>
    <neqcontractant>1163032262</neqcontractant>
  </contrat>
  <contrat>
    <numeroseao>1458044</numeroseao>
    <numero>44519648</numero>
    <datefinale>2024-03-01</datefinale>
    <datepublicationfinale>2024-03-05</datepublicationfinale>
    <montantfinal>137861.530000</montantfinal>
    <nomcontractant>Construction Melma Inc.</nomcontractant>
    <neqcontractant>1171381289</neqcontractant>
  </contrat>
  <contrat>
    <numeroseao>1458702</numeroseao>
    <numero>44520495</numero>
    <datefinale>2023-11-22</datefinale>
    <datepublicationfinale>2024-01-23</datepublicationfinale>
    <montantfinal>354275.470000</montantfinal>
    <nomcontractant>Isolation Arctique inc.</nomcontractant>
    <neqcontractant>1171056386</neqcontractant>
  </contrat>
  <contrat>
    <numeroseao>1459019</numeroseao>
    <numero>20-346 - 027136151</numero>
    <datefinale>2024-04-26</datefinale>
    <datepublicationfinale>2023-08-22</datepublicationfinale>
    <montantfinal>20414463.350000</montantfinal>
    <nomcontractant>Groupe Unigesco Inc.</nomcontractant>
    <neqcontractant>1167816405</neqcontractant>
  </contrat>
  <contrat>
    <numeroseao>1464582</numeroseao>
    <numero>8901-18-0203</numero>
    <datefinale>2024-05-22</datefinale>
    <datepublicationfinale>2024-01-29</datepublicationfinale>
    <montantfinal>3116076.900000</montantfinal>
    <nomcontractant>COUILLARD CONSTRUCTION LIMITÉE</nomcontractant>
    <neqcontractant>1143700343</neqcontractant>
  </contrat>
  <contrat>
    <numeroseao>1466855</numeroseao>
    <numero>44520810</numero>
    <datefinale>2023-11-22</datefinale>
    <datepublicationfinale>2023-12-20</datepublicationfinale>
    <montantfinal>1927988.460000</montantfinal>
    <nomcontractant>Humaco Acoustique inc.</nomcontractant>
    <neqcontractant>1170356829</neqcontractant>
  </contrat>
  <contrat>
    <numeroseao>1467046</numeroseao>
    <numero>44520811</numero>
    <datefinale>2023-11-22</datefinale>
    <datepublicationfinale>2023-12-20</datepublicationfinale>
    <montantfinal>967370.110000</montantfinal>
    <nomcontractant>LES TOITURES ESTBEC INC.</nomcontractant>
    <neqcontractant>1144221000</neqcontractant>
  </contrat>
  <contrat>
    <numeroseao>1467606</numeroseao>
    <numero>367322214</numero>
    <datefinale>2024-03-31</datefinale>
    <datepublicationfinale>2024-04-22</datepublicationfinale>
    <montantfinal>206543.000000</montantfinal>
    <nomcontractant>IHS Markit Canada ULC</nomcontractant>
    <neqcontractant>1173351918</neqcontractant>
  </contrat>
  <contrat>
    <numeroseao>1471185</numeroseao>
    <numero>44521754</numero>
    <datefinale>2023-12-06</datefinale>
    <datepublicationfinale>2023-12-20</datepublicationfinale>
    <montantfinal>3578582.890000</montantfinal>
    <nomcontractant>PLOMBERIE K.R.T.B. INC.</nomcontractant>
    <neqcontractant>1165054835</neqcontractant>
  </contrat>
  <contrat>
    <numeroseao>1476053</numeroseao>
    <numero>OS21-1836</numero>
    <datefinale>2024-05-02</datefinale>
    <datepublicationfinale>2023-09-21</datepublicationfinale>
    <montantfinal>74505.000000</montantfinal>
    <nomcontractant>A4 Architecture + Design inc.</nomcontractant>
    <neqcontractant>1170428297</neqcontractant>
  </contrat>
  <contrat>
    <numeroseao>1480293</numeroseao>
    <numero>44520812</numero>
    <datefinale>2023-11-22</datefinale>
    <datepublicationfinale>2024-02-08</datepublicationfinale>
    <montantfinal>1819839.050000</montantfinal>
    <nomcontractant>LES AGENCES ROBERT JANVIER LTÉE</nomcontractant>
    <neqcontractant>1143317361</neqcontractant>
  </contrat>
  <contrat>
    <numeroseao>1486392</numeroseao>
    <numero>6808-21-SC01</numero>
    <datefinale>2024-03-31</datefinale>
    <datepublicationfinale>2024-04-02</datepublicationfinale>
    <montantfinal>38590.590000</montantfinal>
    <nomcontractant>Services Sanitaires Rodrigue Bonneau inc.</nomcontractant>
    <neqcontractant>1171778559</neqcontractant>
  </contrat>
  <contrat>
    <numeroseao>1488474</numeroseao>
    <numero>8901-20-0302</numero>
    <datefinale>2024-05-03</datefinale>
    <datepublicationfinale>2024-03-04</datepublicationfinale>
    <montantfinal>383961.770000</montantfinal>
    <nomcontractant>SÉGUIN MORRIS INC.</nomcontractant>
    <neqcontractant>1143119205</neqcontractant>
  </contrat>
  <contrat>
    <numeroseao>1498519</numeroseao>
    <numero>7001076</numero>
    <datefinale>2022-08-31</datefinale>
    <datepublicationfinale>2022-11-07</datepublicationfinale>
    <montantfinal>165800.940000</montantfinal>
    <nomcontractant>CHRISTIE LITES SALES LTD.</nomcontractant>
    <neqcontractant>1169277630</neqcontractant>
  </contrat>
  <contrat>
    <numeroseao>1502555</numeroseao>
    <numero>44521770</numero>
    <datefinale>2023-11-22</datefinale>
    <datepublicationfinale>2023-12-20</datepublicationfinale>
    <montantfinal>890628.190000</montantfinal>
    <nomcontractant>BRIKNOR ENTREPRENEUR INC.</nomcontractant>
    <neqcontractant>1161269635</neqcontractant>
  </contrat>
  <contrat>
    <numeroseao>1504664</numeroseao>
    <numero>44522987</numero>
    <datefinale>2024-02-16</datefinale>
    <datepublicationfinale>2024-04-15</datepublicationfinale>
    <montantfinal>626176.920000</montantfinal>
    <nomcontractant>Protection incendie Unik inc.</nomcontractant>
    <neqcontractant>1166152216</neqcontractant>
  </contrat>
  <contrat>
    <numeroseao>1509299</numeroseao>
    <numero>2503-21-0206 </numero>
    <datefinale>2024-05-07</datefinale>
    <datepublicationfinale>2023-12-05</datepublicationfinale>
    <montantfinal>4029953.860000</montantfinal>
    <nomcontractant>CONSTRUCTION GÉNIX INC.</nomcontractant>
    <neqcontractant>1161491577</neqcontractant>
  </contrat>
  <contrat>
    <numeroseao>1510601</numeroseao>
    <numero>7001-21-PZ04</numero>
    <datefinale />
    <datepublicationfinale>2024-04-24</datepublicationfinale>
    <montantfinal>0.000000</montantfinal>
    <nomcontractant>CONTRÔLE DE LA FAUNE TRAPPEURS EXPERTS NORD-SUD</nomcontractant>
    <neqcontractant>2248911259</neqcontractant>
  </contrat>
  <contrat>
    <numeroseao>1511052</numeroseao>
    <numero>44521772</numero>
    <datefinale>2023-11-22</datefinale>
    <datepublicationfinale>2023-12-20</datepublicationfinale>
    <montantfinal>1543350.800000</montantfinal>
    <nomcontractant>REVÊTEMENTS MÉTALLIQUES PRÉVOST INC.</nomcontractant>
    <neqcontractant>1149183791</neqcontractant>
  </contrat>
  <contrat>
    <numeroseao>1519804</numeroseao>
    <numero>44521819</numero>
    <datefinale>2023-11-22</datefinale>
    <datepublicationfinale>2023-12-20</datepublicationfinale>
    <montantfinal>4619910.970000</montantfinal>
    <nomcontractant>Humaco Acoustique inc.</nomcontractant>
    <neqcontractant>1170356829</neqcontractant>
  </contrat>
  <contrat>
    <numeroseao>1527695</numeroseao>
    <numero>44521779</numero>
    <datefinale>2023-11-23</datefinale>
    <datepublicationfinale>2023-12-20</datepublicationfinale>
    <montantfinal>372050.000000</montantfinal>
    <nomcontractant>Inno-Médic inc.</nomcontractant>
    <neqcontractant>1168875624</neqcontractant>
  </contrat>
  <contrat>
    <numeroseao>1528165</numeroseao>
    <numero>44521777</numero>
    <datefinale>2023-11-22</datefinale>
    <datepublicationfinale>2023-12-20</datepublicationfinale>
    <montantfinal>985134.920000</montantfinal>
    <nomcontractant>CONSTRUCTION CITADELLE INC.</nomcontractant>
    <neqcontractant>1141875360</neqcontractant>
  </contrat>
  <contrat>
    <numeroseao>1528194</numeroseao>
    <numero>7001133</numero>
    <datefinale>2023-07-31</datefinale>
    <datepublicationfinale>2023-10-11</datepublicationfinale>
    <montantfinal>70605.810000</montantfinal>
    <nomcontractant>SERVICES DE CAFÉ VAN HOUTTE INC.</nomcontractant>
    <neqcontractant>1171288385</neqcontractant>
  </contrat>
  <contrat>
    <numeroseao>1528224</numeroseao>
    <numero>44523547</numero>
    <datefinale>2023-11-22</datefinale>
    <datepublicationfinale>2023-12-18</datepublicationfinale>
    <montantfinal>32144.000000</montantfinal>
    <nomcontractant>COMÉTAL INC.</nomcontractant>
    <neqcontractant>1165607558</neqcontractant>
  </contrat>
  <contrat>
    <numeroseao>1528368</numeroseao>
    <numero>44523548</numero>
    <datefinale>2023-11-22</datefinale>
    <datepublicationfinale>2023-12-20</datepublicationfinale>
    <montantfinal>44900.000000</montantfinal>
    <nomcontractant>MULTIFORME MÉTAL INC.</nomcontractant>
    <neqcontractant>1172806318</neqcontractant>
  </contrat>
  <contrat>
    <numeroseao>1544788</numeroseao>
    <numero>44525242</numero>
    <datefinale>2023-11-22</datefinale>
    <datepublicationfinale>2023-12-21</datepublicationfinale>
    <montantfinal>437687.600000</montantfinal>
    <nomcontractant>Avalex</nomcontractant>
    <neqcontractant>1160481876</neqcontractant>
  </contrat>
  <contrat>
    <numeroseao>1544931</numeroseao>
    <numero>45001562</numero>
    <datefinale>2023-01-31</datefinale>
    <datepublicationfinale>2023-07-12</datepublicationfinale>
    <montantfinal>38833.200000</montantfinal>
    <nomcontractant>ARUP CANADA INC.</nomcontractant>
    <neqcontractant>1164114226</neqcontractant>
  </contrat>
  <contrat>
    <numeroseao>1549200</numeroseao>
    <numero>8609-21-PA02</numero>
    <datefinale>2024-05-13</datefinale>
    <datepublicationfinale>2024-02-29</datepublicationfinale>
    <montantfinal>17588.330000</montantfinal>
    <nomcontractant>Sanexen Services Environnementaux inc.</nomcontractant>
    <neqcontractant>1172408883</neqcontractant>
  </contrat>
  <contrat>
    <numeroseao>1549949</numeroseao>
    <numero>44524093</numero>
    <datefinale>2023-11-22</datefinale>
    <datepublicationfinale>2023-12-20</datepublicationfinale>
    <montantfinal>2249479.550000</montantfinal>
    <nomcontractant>ÉBÉNISTERIE CHAM-BOIS INC.</nomcontractant>
    <neqcontractant>1141127192</neqcontractant>
  </contrat>
  <contrat>
    <numeroseao>1550000</numeroseao>
    <numero>44525378</numero>
    <datefinale>2023-11-22</datefinale>
    <datepublicationfinale>2023-12-21</datepublicationfinale>
    <montantfinal>1113016.960000</montantfinal>
    <nomcontractant>9028-4043 QUÉBEC INC.</nomcontractant>
    <neqcontractant>1145276813</neqcontractant>
  </contrat>
  <contrat>
    <numeroseao>1552564</numeroseao>
    <numero>44525377</numero>
    <datefinale>2023-11-22</datefinale>
    <datepublicationfinale>2023-12-21</datepublicationfinale>
    <montantfinal>541995.000000</montantfinal>
    <nomcontractant>RPM CANADA</nomcontractant>
    <neqcontractant>3349443153</neqcontractant>
  </contrat>
  <contrat>
    <numeroseao>1553926</numeroseao>
    <numero>2021APP512</numero>
    <datefinale>2023-02-28</datefinale>
    <datepublicationfinale>2023-02-22</datepublicationfinale>
    <montantfinal>453969.900000</montantfinal>
    <nomcontractant>9214-2025 QUÉBEC INC.</nomcontractant>
    <neqcontractant>1171493621</neqcontractant>
  </contrat>
  <contrat>
    <numeroseao>1554430</numeroseao>
    <numero>44525163</numero>
    <datefinale>2023-11-22</datefinale>
    <datepublicationfinale>2023-12-21</datepublicationfinale>
    <montantfinal>835588.430000</montantfinal>
    <nomcontractant>LES CÉRAMIQUES LINDO (2001) INC.</nomcontractant>
    <neqcontractant>1160456431</neqcontractant>
  </contrat>
  <contrat>
    <numeroseao>1555073</numeroseao>
    <numero>44520813</numero>
    <datefinale>2023-11-23</datefinale>
    <datepublicationfinale>2023-12-21</datepublicationfinale>
    <montantfinal>2619367.250000</montantfinal>
    <nomcontractant>Vitrerie Fleur de Lys</nomcontractant>
    <neqcontractant>1172718224</neqcontractant>
  </contrat>
  <contrat>
    <numeroseao>1555082</numeroseao>
    <numero>44521784</numero>
    <datefinale>2023-12-06</datefinale>
    <datepublicationfinale>2024-01-23</datepublicationfinale>
    <montantfinal>3077437.490000</montantfinal>
    <nomcontractant>CAMEC (MÉCANIQUE DE BÂTIMENT) INC.</nomcontractant>
    <neqcontractant>1165829004</neqcontractant>
  </contrat>
  <contrat>
    <numeroseao>1555109</numeroseao>
    <numero>44522438</numero>
    <datefinale>2023-11-22</datefinale>
    <datepublicationfinale>2023-12-21</datepublicationfinale>
    <montantfinal>655815.000000</montantfinal>
    <nomcontractant>TECNO METAL INC.</nomcontractant>
    <neqcontractant>1144255701</neqcontractant>
  </contrat>
  <contrat>
    <numeroseao>1555110</numeroseao>
    <numero>44521786</numero>
    <datefinale>2023-12-06</datefinale>
    <datepublicationfinale>2024-02-10</datepublicationfinale>
    <montantfinal>5068615.850000</montantfinal>
    <nomcontractant>CLAUDE MIVILLE INC.</nomcontractant>
    <neqcontractant>1165853046</neqcontractant>
  </contrat>
  <contrat>
    <numeroseao>1563459</numeroseao>
    <numero>44526614</numero>
    <datefinale>2023-08-11</datefinale>
    <datepublicationfinale>2023-08-14</datepublicationfinale>
    <montantfinal>37335.000000</montantfinal>
    <nomcontractant>REGULVAR INC.</nomcontractant>
    <neqcontractant>1146502761</neqcontractant>
  </contrat>
  <contrat>
    <numeroseao>1571282</numeroseao>
    <numero>44527616</numero>
    <datefinale>2023-08-08</datefinale>
    <datepublicationfinale>2023-08-09</datepublicationfinale>
    <montantfinal>60440.000000</montantfinal>
    <nomcontractant>SIEMENS CANADA LIMITÉE</nomcontractant>
    <neqcontractant>1161355988</neqcontractant>
  </contrat>
  <contrat>
    <numeroseao>1574999</numeroseao>
    <numero>2022-1772</numero>
    <datefinale>2023-12-31</datefinale>
    <datepublicationfinale>2024-03-06</datepublicationfinale>
    <montantfinal>44008.000000</montantfinal>
    <nomcontractant>Carmen Messier</nomcontractant>
    <neqcontractant />
  </contrat>
  <contrat>
    <numeroseao>1578113</numeroseao>
    <numero>4106-21-ZZ02</numero>
    <datefinale>2024-04-30</datefinale>
    <datepublicationfinale>2024-02-20</datepublicationfinale>
    <montantfinal>11190.000000</montantfinal>
    <nomcontractant>PPM Métrologie inc.</nomcontractant>
    <neqcontractant>1163136469</neqcontractant>
  </contrat>
  <contrat>
    <numeroseao>1584429</numeroseao>
    <numero>2022-1931</numero>
    <datefinale>2024-03-31</datefinale>
    <datepublicationfinale>2024-03-05</datepublicationfinale>
    <montantfinal>121540.000000</montantfinal>
    <nomcontractant>LA LIBELLULE DE KEILA ET VÉRO INC.</nomcontractant>
    <neqcontractant>1173614299</neqcontractant>
  </contrat>
  <contrat>
    <numeroseao>1585951</numeroseao>
    <numero>AP487</numero>
    <datefinale>2024-04-30</datefinale>
    <datepublicationfinale>2023-05-24</datepublicationfinale>
    <montantfinal>164230.380000</montantfinal>
    <nomcontractant>SOFTCHOICE LP</nomcontractant>
    <neqcontractant>3369689461</neqcontractant>
  </contrat>
  <contrat>
    <numeroseao>1586553</numeroseao>
    <numero>2022-1959</numero>
    <datefinale>2024-03-31</datefinale>
    <datepublicationfinale>2024-03-06</datepublicationfinale>
    <montantfinal>99139.000000</montantfinal>
    <nomcontractant>Handi Apte</nomcontractant>
    <neqcontractant>1145632445</neqcontractant>
  </contrat>
  <contrat>
    <numeroseao>1589722</numeroseao>
    <numero>2021-1071-GG</numero>
    <datefinale>2022-12-15</datefinale>
    <datepublicationfinale>2022-08-26</datepublicationfinale>
    <montantfinal>83125.000000</montantfinal>
    <nomcontractant>WSP CANADA INC.</nomcontractant>
    <neqcontractant>1148357057</neqcontractant>
  </contrat>
  <contrat>
    <numeroseao>1590998</numeroseao>
    <numero>10612</numero>
    <datefinale>2024-05-15</datefinale>
    <datepublicationfinale>2023-07-19</datepublicationfinale>
    <montantfinal>221150.560000</montantfinal>
    <nomcontractant>CAMPBELL SCIENTIFIC (CANADA) CORPORATION</nomcontractant>
    <neqcontractant>1174817958</neqcontractant>
  </contrat>
  <contrat>
    <numeroseao>1596491</numeroseao>
    <numero>44521788</numero>
    <datefinale>2023-11-22</datefinale>
    <datepublicationfinale>2023-12-20</datepublicationfinale>
    <montantfinal>894618.440000</montantfinal>
    <nomcontractant>2646-1871 QUÉBEC INC.</nomcontractant>
    <neqcontractant>1143216548</neqcontractant>
  </contrat>
  <contrat>
    <numeroseao>1619522</numeroseao>
    <numero>ETS-SG22-015</numero>
    <datefinale>2024-03-31</datefinale>
    <datepublicationfinale>2023-04-27</datepublicationfinale>
    <montantfinal>117434.000000</montantfinal>
    <nomcontractant>Dialogue Technologies de la Santé inc.</nomcontractant>
    <neqcontractant>1171997373</neqcontractant>
  </contrat>
  <contrat>
    <numeroseao>1622144</numeroseao>
    <numero>2022-17</numero>
    <datefinale>2024-05-27</datefinale>
    <datepublicationfinale>2023-08-16</datepublicationfinale>
    <montantfinal>201206.250000</montantfinal>
    <nomcontractant>LES ENTREPRISES DELORME</nomcontractant>
    <neqcontractant>1162734074</neqcontractant>
  </contrat>
  <contrat>
    <numeroseao>1638309</numeroseao>
    <numero>4105-22-AP02</numero>
    <datefinale>2024-05-08</datefinale>
    <datepublicationfinale>2024-04-04</datepublicationfinale>
    <montantfinal>14088.850000</montantfinal>
    <nomcontractant>Télécommunications Grimard inc.</nomcontractant>
    <neqcontractant>1161248498</neqcontractant>
  </contrat>
  <contrat>
    <numeroseao>1639614</numeroseao>
    <numero>400400392</numero>
    <datefinale>2023-08-23</datefinale>
    <datepublicationfinale>2023-09-14</datepublicationfinale>
    <montantfinal>104716.540000</montantfinal>
    <nomcontractant>THOMSON REUTERS CANADA LIMITÉE</nomcontractant>
    <neqcontractant>1145307659</neqcontractant>
  </contrat>
  <contrat>
    <numeroseao>1662720</numeroseao>
    <numero>22-269-C-DO</numero>
    <datefinale>2023-09-01</datefinale>
    <datepublicationfinale>2024-04-08</datepublicationfinale>
    <montantfinal>804079.050000</montantfinal>
    <nomcontractant>B.T.A.Q. BANQUE DE TECHNICIENS AMBULANCIERS DU QUÉBEC INC.</nomcontractant>
    <neqcontractant>1147666607</neqcontractant>
  </contrat>
  <contrat>
    <numeroseao>1665734</numeroseao>
    <numero>44530528</numero>
    <datefinale>2024-04-30</datefinale>
    <datepublicationfinale>2024-02-15</datepublicationfinale>
    <montantfinal>87438.000000</montantfinal>
    <nomcontractant>ARCHITECTURE PETRONE INC.</nomcontractant>
    <neqcontractant>1142480095</neqcontractant>
  </contrat>
  <contrat>
    <numeroseao>1671460</numeroseao>
    <numero>45002226</numero>
    <datefinale>2023-12-31</datefinale>
    <datepublicationfinale>2024-01-19</datepublicationfinale>
    <montantfinal>57290.880000</montantfinal>
    <nomcontractant>Cossette média inc.</nomcontractant>
    <neqcontractant>1174211624</neqcontractant>
  </contrat>
  <contrat>
    <numeroseao>1672135</numeroseao>
    <numero>2022-548-9799-CB-GG</numero>
    <datefinale>2024-05-02</datefinale>
    <datepublicationfinale>2023-10-30</datepublicationfinale>
    <montantfinal>36475.000000</montantfinal>
    <nomcontractant>CONFORTMÉDIC TECHNOLOGIES INC. </nomcontractant>
    <neqcontractant>1164967904</neqcontractant>
  </contrat>
  <contrat>
    <numeroseao>1672177</numeroseao>
    <numero>44530079</numero>
    <datefinale>2024-02-27</datefinale>
    <datepublicationfinale>2024-04-03</datepublicationfinale>
    <montantfinal>1278634.190000</montantfinal>
    <nomcontractant>TBC CONSTRUCTIONS INC.</nomcontractant>
    <neqcontractant>1170148176</neqcontractant>
  </contrat>
  <contrat>
    <numeroseao>1672925</numeroseao>
    <numero>45002229</numero>
    <datefinale>2023-12-31</datefinale>
    <datepublicationfinale>2024-01-19</datepublicationfinale>
    <montantfinal>45986.930000</montantfinal>
    <nomcontractant>Cossette média inc.</nomcontractant>
    <neqcontractant>1174211624</neqcontractant>
  </contrat>
  <contrat>
    <numeroseao>1674119</numeroseao>
    <numero>2022-137-PB</numero>
    <datefinale>2024-02-21</datefinale>
    <datepublicationfinale>2024-02-21</datepublicationfinale>
    <montantfinal>86347.400000</montantfinal>
    <nomcontractant>ÉLÉVAPRO SERVICES INC.</nomcontractant>
    <neqcontractant>1169810364</neqcontractant>
  </contrat>
  <contrat>
    <numeroseao>1683613</numeroseao>
    <numero>44528752</numero>
    <datefinale>2024-03-24</datefinale>
    <datepublicationfinale>2024-02-15</datepublicationfinale>
    <montantfinal>88078.300000</montantfinal>
    <nomcontractant>NCK INC.</nomcontractant>
    <neqcontractant>1166982083</neqcontractant>
  </contrat>
  <contrat>
    <numeroseao>1690554</numeroseao>
    <numero>600325075</numero>
    <datefinale>2024-03-31</datefinale>
    <datepublicationfinale>2023-05-30</datepublicationfinale>
    <montantfinal>39988.340000</montantfinal>
    <nomcontractant>Photo-Métrique Inc.</nomcontractant>
    <neqcontractant>1168760511</neqcontractant>
  </contrat>
  <contrat>
    <numeroseao>1690913</numeroseao>
    <numero>2022-1022</numero>
    <datefinale>2024-03-31</datefinale>
    <datepublicationfinale>2023-10-12</datepublicationfinale>
    <montantfinal>62639.840000</montantfinal>
    <nomcontractant>SUSE Software Solutions Canada Ulc</nomcontractant>
    <neqcontractant>1174647611</neqcontractant>
  </contrat>
  <contrat>
    <numeroseao>1695541</numeroseao>
    <numero>AOS 15419</numero>
    <datefinale>2022-03-01</datefinale>
    <datepublicationfinale>2023-02-24</datepublicationfinale>
    <montantfinal>0.000000</montantfinal>
    <nomcontractant>CLÔTURES ORFORD INC.</nomcontractant>
    <neqcontractant>1161608089</neqcontractant>
  </contrat>
  <contrat>
    <numeroseao>1706134</numeroseao>
    <numero>AOS 2021-041</numero>
    <datefinale>2022-01-14</datefinale>
    <datepublicationfinale>2023-03-23</datepublicationfinale>
    <montantfinal>0.000000</montantfinal>
    <nomcontractant>CIMA+ S.E.N.C.</nomcontractant>
    <neqcontractant>3340563140</neqcontractant>
  </contrat>
  <contrat>
    <numeroseao>1708187</numeroseao>
    <numero>6606-23-0001</numero>
    <datefinale>2024-04-24</datefinale>
    <datepublicationfinale>2024-04-30</datepublicationfinale>
    <montantfinal>356151.010000</montantfinal>
    <nomcontractant>EXCAVATIONS GAGNON ET FRÈRES INC.</nomcontractant>
    <neqcontractant>1140126302</neqcontractant>
  </contrat>
  <contrat>
    <numeroseao>1708289</numeroseao>
    <numero>RI - Résidence Alexandra</numero>
    <datefinale>2023-09-30</datefinale>
    <datepublicationfinale>2023-09-11</datepublicationfinale>
    <montantfinal>4596354.000000</montantfinal>
    <nomcontractant>DANTISTE, RONALD</nomcontractant>
    <neqcontractant>2266770306</neqcontractant>
  </contrat>
  <contrat>
    <numeroseao>1709083</numeroseao>
    <numero>RI - Prophète Doris</numero>
    <datefinale>2023-08-14</datefinale>
    <datepublicationfinale>2023-09-11</datepublicationfinale>
    <montantfinal>2395572.000000</montantfinal>
    <nomcontractant>PROPHÈTE, DORIS</nomcontractant>
    <neqcontractant>2264726086</neqcontractant>
  </contrat>
  <contrat>
    <numeroseao>1709420</numeroseao>
    <numero>P1455-01-03 /2023-021</numero>
    <datefinale>2023-11-03</datefinale>
    <datepublicationfinale>2024-04-08</datepublicationfinale>
    <montantfinal>42542.760000</montantfinal>
    <nomcontractant>EQUIPEMENTS SANITAIRES G.G. LTEE</nomcontractant>
    <neqcontractant>1177474096</neqcontractant>
  </contrat>
  <contrat>
    <numeroseao>1710481</numeroseao>
    <numero>45002373</numero>
    <datefinale>2023-12-31</datefinale>
    <datepublicationfinale>2024-02-02</datepublicationfinale>
    <montantfinal>232499.620000</montantfinal>
    <nomcontractant>Cossette média inc.</nomcontractant>
    <neqcontractant>1174211624</neqcontractant>
  </contrat>
  <contrat>
    <numeroseao>1714822</numeroseao>
    <numero>2023CNT032</numero>
    <datefinale>2024-04-08</datefinale>
    <datepublicationfinale>2024-04-05</datepublicationfinale>
    <montantfinal>49436.490000</montantfinal>
    <nomcontractant>PIERRE MATHIEU ENTREPRENEUR ÉLECTRICIEN INC.</nomcontractant>
    <neqcontractant>1162094230</neqcontractant>
  </contrat>
  <contrat>
    <numeroseao>1718659</numeroseao>
    <numero>400406539</numero>
    <datefinale>2024-03-31</datefinale>
    <datepublicationfinale>2024-04-26</datepublicationfinale>
    <montantfinal>24992.910000</montantfinal>
    <nomcontractant>TRADUCTIONS GUY DEMERS INC.</nomcontractant>
    <neqcontractant>1168382464</neqcontractant>
  </contrat>
  <contrat>
    <numeroseao>1719881</numeroseao>
    <numero>2223-05-017</numero>
    <datefinale>2024-04-27</datefinale>
    <datepublicationfinale>2024-04-29</datepublicationfinale>
    <montantfinal>32131.000000</montantfinal>
    <nomcontractant>ITI INC.</nomcontractant>
    <neqcontractant>1173638405</neqcontractant>
  </contrat>
  <contrat>
    <numeroseao>1722897</numeroseao>
    <numero>2023-176-9513-CS-GG</numero>
    <datefinale>2024-04-30</datefinale>
    <datepublicationfinale>2024-04-10</datepublicationfinale>
    <montantfinal>34675.000000</montantfinal>
    <nomcontractant>Hors-Piste S.E.N.C.R.L.</nomcontractant>
    <neqcontractant>3371516033</neqcontractant>
  </contrat>
  <contrat>
    <numeroseao>1723331</numeroseao>
    <numero>221-2023</numero>
    <datefinale>2023-07-14</datefinale>
    <datepublicationfinale>2023-10-05</datepublicationfinale>
    <montantfinal>35981.260000</montantfinal>
    <nomcontractant>TECHNIPC INFORMATIQUE INC.</nomcontractant>
    <neqcontractant>1169431708</neqcontractant>
  </contrat>
  <contrat>
    <numeroseao>1737000</numeroseao>
    <numero>23119-P-380</numero>
    <datefinale>2024-03-08</datefinale>
    <datepublicationfinale>2024-03-25</datepublicationfinale>
    <montantfinal>26880.000000</montantfinal>
    <nomcontractant>RD2 INC.</nomcontractant>
    <neqcontractant>1165328304</neqcontractant>
  </contrat>
  <contrat>
    <numeroseao>1737645</numeroseao>
    <numero>40322401</numero>
    <datefinale>2024-04-15</datefinale>
    <datepublicationfinale>2024-04-16</datepublicationfinale>
    <montantfinal>31493.290000</montantfinal>
    <nomcontractant>AL CARRIÈRE EXTINCTEUR (1991) LTÉE</nomcontractant>
    <neqcontractant>1145027513</neqcontractant>
  </contrat>
  <contrat>
    <numeroseao>1745661</numeroseao>
    <numero>5269-2022-21</numero>
    <datefinale>2023-06-09</datefinale>
    <datepublicationfinale>2024-01-08</datepublicationfinale>
    <montantfinal>78553.630000</montantfinal>
    <nomcontractant>HARNOIS ÉNERGIES INC.</nomcontractant>
    <neqcontractant>1162219647</neqcontractant>
  </contrat>
  <contrat>
    <numeroseao>1747513</numeroseao>
    <numero>2024-0541</numero>
    <datefinale>2024-03-31</datefinale>
    <datepublicationfinale>2024-04-17</datepublicationfinale>
    <montantfinal>36390.000000</montantfinal>
    <nomcontractant>GROUPE CONSEIL CFC INC.</nomcontractant>
    <neqcontractant>1170094123</neqcontractant>
  </contrat>
  <contrat>
    <numeroseao>1758467</numeroseao>
    <numero>2023-10</numero>
    <datefinale />
    <datepublicationfinale>2024-04-25</datepublicationfinale>
    <montantfinal>0.000000</montantfinal>
    <nomcontractant>PARTENAIRES RÉGIONAUX POUR L'INSERTION SOCIALE PAR L'ÉCONOMIQUE (PRISE)</nomcontractant>
    <neqcontractant>1147011192</neqcontractant>
  </contrat>
  <contrat>
    <numeroseao>1762709</numeroseao>
    <numero>C-56271</numero>
    <datefinale>2024-01-24</datefinale>
    <datepublicationfinale>2024-02-19</datepublicationfinale>
    <montantfinal>64440.040000</montantfinal>
    <nomcontractant>Graphite Innovation &amp; Technologies Inc</nomcontractant>
    <neqcontractant />
  </contrat>
  <contrat>
    <numeroseao>1763519</numeroseao>
    <numero>45002754</numero>
    <datefinale>2023-12-19</datefinale>
    <datepublicationfinale>2024-02-02</datepublicationfinale>
    <montantfinal>603075.560000</montantfinal>
    <nomcontractant>Cossette média inc.</nomcontractant>
    <neqcontractant>1174211624</neqcontractant>
  </contrat>
  <contrat>
    <numeroseao>1764622</numeroseao>
    <numero>6517-23-AR03</numero>
    <datefinale>2024-04-26</datefinale>
    <datepublicationfinale>2024-04-22</datepublicationfinale>
    <montantfinal>59439.800000</montantfinal>
    <nomcontractant>Construction DJL inc.</nomcontractant>
    <neqcontractant>1147218763</neqcontractant>
  </contrat>
  <contrat>
    <numeroseao>1766216</numeroseao>
    <numero>AOP-2023-A-074</numero>
    <datefinale>2024-04-02</datefinale>
    <datepublicationfinale>2024-04-10</datepublicationfinale>
    <montantfinal>464841.500000</montantfinal>
    <nomcontractant>WATERS LIMITÉE</nomcontractant>
    <neqcontractant>1141170002</neqcontractant>
  </contrat>
  <contrat>
    <numeroseao>1766664</numeroseao>
    <numero>2023-70-86</numero>
    <datefinale>2024-05-09</datefinale>
    <datepublicationfinale>2023-12-20</datepublicationfinale>
    <montantfinal>39719.290000</montantfinal>
    <nomcontractant>SUSPENSIONS ET RESSORTS MICHEL JEFFREY INC.</nomcontractant>
    <neqcontractant>1165518565</neqcontractant>
  </contrat>
  <contrat>
    <numeroseao>1779832</numeroseao>
    <numero>45002222</numero>
    <datefinale>2023-12-31</datefinale>
    <datepublicationfinale>2024-02-07</datepublicationfinale>
    <montantfinal>53480.620000</montantfinal>
    <nomcontractant>ROBINSON SHEPPARD SHAPIRO, S.E.N.C.R.L.</nomcontractant>
    <neqcontractant>3342171371</neqcontractant>
  </contrat>
  <contrat>
    <numeroseao>1785026</numeroseao>
    <numero>45002880</numero>
    <datefinale>2024-04-24</datefinale>
    <datepublicationfinale>2024-04-08</datepublicationfinale>
    <montantfinal>32250.490000</montantfinal>
    <nomcontractant>GILLES BIENVENU IMAGE ET DESIGN GLOBAL INC.</nomcontractant>
    <neqcontractant>1149436496</neqcontractant>
  </contrat>
  <contrat>
    <numeroseao>1785521</numeroseao>
    <numero>2024-1332</numero>
    <datefinale>2024-01-31</datefinale>
    <datepublicationfinale>2024-03-05</datepublicationfinale>
    <montantfinal>19714.000000</montantfinal>
    <nomcontractant>TACT INTELLIGENCE-CONSEIL INC.</nomcontractant>
    <neqcontractant>1172113715</neqcontractant>
  </contrat>
  <contrat>
    <numeroseao>1791012</numeroseao>
    <numero>GAG-2023-S-127</numero>
    <datefinale />
    <datepublicationfinale>2024-04-12</datepublicationfinale>
    <montantfinal>0.000000</montantfinal>
    <nomcontractant>GBI EXPERTS-CONSEILS INC.</nomcontractant>
    <neqcontractant>1148115281</neqcontractant>
  </contrat>
  <contrat>
    <numeroseao>1794405</numeroseao>
    <numero>RM83795 / 2023-0752-GG</numero>
    <datefinale>2024-02-01</datefinale>
    <datepublicationfinale>2024-02-26</datepublicationfinale>
    <montantfinal>23400.000000</montantfinal>
    <nomcontractant>9215-5498 QUÉBEC INC.</nomcontractant>
    <neqcontractant>1166201872</neqcontractant>
  </contrat>
  <contrat>
    <numeroseao>1819185</numeroseao>
    <numero>5301-23-AP51</numero>
    <datefinale>2024-05-28</datefinale>
    <datepublicationfinale>2024-03-21</datepublicationfinale>
    <montantfinal>23585.400000</montantfinal>
    <nomcontractant>Expérience S3i inc.</nomcontractant>
    <neqcontractant>1169776177</neqcontractant>
  </contrat>
  <contrat>
    <numeroseao>1835131</numeroseao>
    <numero>6603-24-AP01</numero>
    <datefinale>2024-05-02</datefinale>
    <datepublicationfinale>2024-04-30</datepublicationfinale>
    <montantfinal>19771.500000</montantfinal>
    <nomcontractant>AB Tech Services polytechniques inc.</nomcontractant>
    <neqcontractant>1175110122</neqcontractant>
  </contrat>
</export>