<?xml version="1.0" encoding="utf-8"?>
<export xmlns:xsi="http://www.w3.org/2001/XMLSchema-instance" xmlns:xsd="http://www.w3.org/2001/XMLSchema" datedebut="2022-06-01" datefin="2022-06-30">
  <contrat>
    <numeroseao>226836</numeroseao>
    <numero>8701-08-0204</numero>
    <datefinale>2022-06-01</datefinale>
    <datepublicationfinale>2013-11-27</datepublicationfinale>
    <montantfinal>8261679.400000</montantfinal>
    <nomcontractant>Opron Inc</nomcontractant>
    <neqcontractant />
  </contrat>
  <contrat>
    <numeroseao>762430</numeroseao>
    <numero>APP-14-108 (2014-GEN-225)</numero>
    <datefinale>2019-01-14</datefinale>
    <datepublicationfinale>2019-10-08</datepublicationfinale>
    <montantfinal>1034323.500000</montantfinal>
    <nomcontractant>NORDMEC CONSTRUCTION INC.</nomcontractant>
    <neqcontractant>1164575657</neqcontractant>
  </contrat>
  <contrat>
    <numeroseao>861584</numeroseao>
    <numero>8873-14-NM01</numero>
    <datefinale>2014-12-08</datefinale>
    <datepublicationfinale>2015-01-29</datepublicationfinale>
    <montantfinal>27312.500000</montantfinal>
    <nomcontractant>Uniroc construction inc.</nomcontractant>
    <neqcontractant>1168784057</neqcontractant>
  </contrat>
  <contrat>
    <numeroseao>982049</numeroseao>
    <numero>ING-2016-500 </numero>
    <datefinale>2016-12-31</datefinale>
    <datepublicationfinale>2017-07-20</datepublicationfinale>
    <montantfinal>48694.820000</montantfinal>
    <nomcontractant>Englobe</nomcontractant>
    <neqcontractant>1167280206</neqcontractant>
  </contrat>
  <contrat>
    <numeroseao>994983</numeroseao>
    <numero>2016-020-06</numero>
    <datefinale>2019-06-30</datefinale>
    <datepublicationfinale>2019-09-20</datepublicationfinale>
    <montantfinal>62519.990000</montantfinal>
    <nomcontractant>Incotel-ISQ Inc.</nomcontractant>
    <neqcontractant>1163978944</neqcontractant>
  </contrat>
  <contrat>
    <numeroseao>1024654</numeroseao>
    <numero>2016-4400-00-01</numero>
    <datefinale>2021-12-31</datefinale>
    <datepublicationfinale>2022-03-30</datepublicationfinale>
    <montantfinal>2921035.440000</montantfinal>
    <nomcontractant>ÉNERGIE VALERO INC.</nomcontractant>
    <neqcontractant>1144999787</neqcontractant>
  </contrat>
  <contrat>
    <numeroseao>1060104</numeroseao>
    <numero>31658900</numero>
    <datefinale>2022-03-05</datefinale>
    <datepublicationfinale>2022-03-07</datepublicationfinale>
    <montantfinal>325960.490000</montantfinal>
    <nomcontractant>Kone Inc.</nomcontractant>
    <neqcontractant>1144414308</neqcontractant>
  </contrat>
  <contrat>
    <numeroseao>1060787</numeroseao>
    <numero>CE 2016-2017/060</numero>
    <datefinale>2022-06-02</datefinale>
    <datepublicationfinale>2022-05-05</datepublicationfinale>
    <montantfinal>119495.320000</montantfinal>
    <nomcontractant>DMG Architecture</nomcontractant>
    <neqcontractant>1144077154</neqcontractant>
  </contrat>
  <contrat>
    <numeroseao>1073845</numeroseao>
    <numero>ING-2017-2500</numero>
    <datefinale>2017-12-31</datefinale>
    <datepublicationfinale>2018-02-27</datepublicationfinale>
    <montantfinal>1288552.250000</montantfinal>
    <nomcontractant>LES LOCATIONS DE L'ANSE DE SEPT-ÎLES INC.</nomcontractant>
    <neqcontractant>1174288416</neqcontractant>
  </contrat>
  <contrat>
    <numeroseao>1097691</numeroseao>
    <numero>44506205</numero>
    <datefinale>2022-03-31</datefinale>
    <datepublicationfinale>2020-11-26</datepublicationfinale>
    <montantfinal>1252391.400000</montantfinal>
    <nomcontractant>REGULVAR INC.</nomcontractant>
    <neqcontractant>1146502761</neqcontractant>
  </contrat>
  <contrat>
    <numeroseao>1107520</numeroseao>
    <numero>VML-EU-01-17</numero>
    <datefinale>2021-07-13</datefinale>
    <datepublicationfinale>2019-06-21</datepublicationfinale>
    <montantfinal>248318.830000</montantfinal>
    <nomcontractant>KEMIRA WATER SOLUTIONS CANADA INC.</nomcontractant>
    <neqcontractant>1148982177</neqcontractant>
  </contrat>
  <contrat>
    <numeroseao>1112886</numeroseao>
    <numero>AO  2017-74-10</numero>
    <datefinale>2022-06-23</datefinale>
    <datepublicationfinale>2022-05-04</datepublicationfinale>
    <montantfinal>489932.000000</montantfinal>
    <nomcontractant>GÉMITECH INC.</nomcontractant>
    <neqcontractant>1144342889</neqcontractant>
  </contrat>
  <contrat>
    <numeroseao>1125199</numeroseao>
    <numero>9103-18-HA02</numero>
    <datefinale>2021-04-16</datefinale>
    <datepublicationfinale>2021-06-17</datepublicationfinale>
    <montantfinal>318117.130000</montantfinal>
    <nomcontractant>Groupe Stavibel</nomcontractant>
    <neqcontractant>1168081983</neqcontractant>
  </contrat>
  <contrat>
    <numeroseao>1137244</numeroseao>
    <numero>2403-18-AP05</numero>
    <datefinale />
    <datepublicationfinale>2020-04-20</datepublicationfinale>
    <montantfinal>0.000000</montantfinal>
    <nomcontractant>LES INDUSTRIES DE CIMENT LA GUADELOUPE INC.</nomcontractant>
    <neqcontractant>1141730136</neqcontractant>
  </contrat>
  <contrat>
    <numeroseao>1144998</numeroseao>
    <numero>P1455-01-/9756</numero>
    <datefinale>2021-02-27</datefinale>
    <datepublicationfinale>2021-10-05</datepublicationfinale>
    <montantfinal>56741.510000</montantfinal>
    <nomcontractant>Englobe Corp.</nomcontractant>
    <neqcontractant>1167280206</neqcontractant>
  </contrat>
  <contrat>
    <numeroseao>1160639</numeroseao>
    <numero>39A1701</numero>
    <datefinale>2022-06-02</datefinale>
    <datepublicationfinale>2021-06-23</datepublicationfinale>
    <montantfinal>289278.030000</montantfinal>
    <nomcontractant>9140-0663 Québec inc. (G7 Construction)</nomcontractant>
    <neqcontractant>1162104666</neqcontractant>
  </contrat>
  <contrat>
    <numeroseao>1161015</numeroseao>
    <numero>VML-G-18-09</numero>
    <datefinale>2022-06-01</datefinale>
    <datepublicationfinale>2019-07-16</datepublicationfinale>
    <montantfinal>127875.270000</montantfinal>
    <nomcontractant>DURAND MARQUAGE ET ASSOCIÉS INC.</nomcontractant>
    <neqcontractant>1147668041</neqcontractant>
  </contrat>
  <contrat>
    <numeroseao>1181481</numeroseao>
    <numero>2016-SCB-001</numero>
    <datefinale>2022-02-08</datefinale>
    <datepublicationfinale>2022-02-16</datepublicationfinale>
    <montantfinal>12693213.890000</montantfinal>
    <nomcontractant>TISSEUR INC.</nomcontractant>
    <neqcontractant>1149222300</neqcontractant>
  </contrat>
  <contrat>
    <numeroseao>1219681</numeroseao>
    <numero>UQO-A1908-C209</numero>
    <datefinale>2022-04-05</datefinale>
    <datepublicationfinale>2022-04-12</datepublicationfinale>
    <montantfinal>168860.000000</montantfinal>
    <nomcontractant>Sabco Construction</nomcontractant>
    <neqcontractant>1145276185</neqcontractant>
  </contrat>
  <contrat>
    <numeroseao>1221221</numeroseao>
    <numero>45000412</numero>
    <datefinale />
    <datepublicationfinale>2022-04-12</datepublicationfinale>
    <montantfinal>0.000000</montantfinal>
    <nomcontractant>9345-0807 Québec Inc</nomcontractant>
    <neqcontractant>1172025885</neqcontractant>
  </contrat>
  <contrat>
    <numeroseao>1248190</numeroseao>
    <numero>2503-19-0201</numero>
    <datefinale>2022-06-22</datefinale>
    <datepublicationfinale>2021-03-24</datepublicationfinale>
    <montantfinal>2033407.870000</montantfinal>
    <nomcontractant>CONSTRUCTIONS BSL INC.</nomcontractant>
    <neqcontractant>1141120692</neqcontractant>
  </contrat>
  <contrat>
    <numeroseao>1254234</numeroseao>
    <numero>35337700</numero>
    <datefinale>2022-04-17</datefinale>
    <datepublicationfinale>2022-04-28</datepublicationfinale>
    <montantfinal>30529.940000</montantfinal>
    <nomcontractant>Auvents W. Lecours inc.</nomcontractant>
    <neqcontractant>1167314609</neqcontractant>
  </contrat>
  <contrat>
    <numeroseao>1259750</numeroseao>
    <numero>7000599</numero>
    <datefinale>2022-02-28</datefinale>
    <datepublicationfinale>2022-05-17</datepublicationfinale>
    <montantfinal>337533.000000</montantfinal>
    <nomcontractant>MOFAX ÉLECTRIQUE LTÉE</nomcontractant>
    <neqcontractant>1142921973</neqcontractant>
  </contrat>
  <contrat>
    <numeroseao>1262293</numeroseao>
    <numero>2019-3205-01-01-13140</numero>
    <datefinale>2021-04-30</datefinale>
    <datepublicationfinale>2022-02-09</datepublicationfinale>
    <montantfinal>1178107.640000</montantfinal>
    <nomcontractant>BD - Canada</nomcontractant>
    <neqcontractant>1146860045</neqcontractant>
  </contrat>
  <contrat>
    <numeroseao>1264493</numeroseao>
    <numero>2019-3205-01-01-15510</numero>
    <datefinale>2021-04-30</datefinale>
    <datepublicationfinale>2022-02-09</datepublicationfinale>
    <montantfinal>249567.640000</montantfinal>
    <nomcontractant>Cardinal Health Canada inc.</nomcontractant>
    <neqcontractant>1147150800</neqcontractant>
  </contrat>
  <contrat>
    <numeroseao>1264504</numeroseao>
    <numero>2019-3205-01-01-15320</numero>
    <datefinale>2021-04-30</datefinale>
    <datepublicationfinale>2022-02-09</datepublicationfinale>
    <montantfinal>495860.940000</montantfinal>
    <nomcontractant>Canadian Hospital Specialties</nomcontractant>
    <neqcontractant>1170891981</neqcontractant>
  </contrat>
  <contrat>
    <numeroseao>1274962</numeroseao>
    <numero>7001-19-PB03</numero>
    <datefinale>2021-03-31</datefinale>
    <datepublicationfinale>2021-09-22</datepublicationfinale>
    <montantfinal>88160.500000</montantfinal>
    <nomcontractant>ÉMONDAGE PLUS INC.</nomcontractant>
    <neqcontractant>1148096002</neqcontractant>
  </contrat>
  <contrat>
    <numeroseao>1280835</numeroseao>
    <numero>6806-19-4505</numero>
    <datefinale>2022-04-28</datefinale>
    <datepublicationfinale>2022-05-02</datepublicationfinale>
    <montantfinal>976858.240000</montantfinal>
    <nomcontractant>FERNAND HARVEY ET FILS INC.</nomcontractant>
    <neqcontractant>1171480321</neqcontractant>
  </contrat>
  <contrat>
    <numeroseao>1284128</numeroseao>
    <numero>2019-07-10</numero>
    <datefinale>2022-04-27</datefinale>
    <datepublicationfinale>2022-04-27</datepublicationfinale>
    <montantfinal>511678.380000</montantfinal>
    <nomcontractant>VALINEIGE S.A.</nomcontractant>
    <neqcontractant>1164963044</neqcontractant>
  </contrat>
  <contrat>
    <numeroseao>1326179</numeroseao>
    <numero>192001701</numero>
    <datefinale>2022-06-09</datefinale>
    <datepublicationfinale>2021-03-02</datepublicationfinale>
    <montantfinal>71286.000000</montantfinal>
    <nomcontractant>Tyco integrated fire &amp; security Canada inc.</nomcontractant>
    <neqcontractant>1170863998</neqcontractant>
  </contrat>
  <contrat>
    <numeroseao>1334927</numeroseao>
    <numero>18-321-GG-S</numero>
    <datefinale>2021-03-31</datefinale>
    <datepublicationfinale>2021-04-28</datepublicationfinale>
    <montantfinal>2421343.930000</montantfinal>
    <nomcontractant>Parrainage Civique de Vaudreuil-Soulanges</nomcontractant>
    <neqcontractant>1142461442</neqcontractant>
  </contrat>
  <contrat>
    <numeroseao>1335198</numeroseao>
    <numero>18-410-GG-S</numero>
    <datefinale>2021-10-08</datefinale>
    <datepublicationfinale>2021-04-28</datepublicationfinale>
    <montantfinal>1218723.170000</montantfinal>
    <nomcontractant>Parrainage Civique de Vaudreuil-Soulanges</nomcontractant>
    <neqcontractant>1142461442</neqcontractant>
  </contrat>
  <contrat>
    <numeroseao>1350841</numeroseao>
    <numero>7108-11-NO01</numero>
    <datefinale>2022-06-03</datefinale>
    <datepublicationfinale>2020-02-28</datepublicationfinale>
    <montantfinal>23790.000000</montantfinal>
    <nomcontractant>Ferme J.P. Côté et fils inc.</nomcontractant>
    <neqcontractant>1143971332</neqcontractant>
  </contrat>
  <contrat>
    <numeroseao>1350857</numeroseao>
    <numero>6609-11-NO02</numero>
    <datefinale>2013-10-30</datefinale>
    <datepublicationfinale>2020-02-28</datepublicationfinale>
    <montantfinal>18500.000000</montantfinal>
    <nomcontractant>Les Entreprises Remillard Inc.</nomcontractant>
    <neqcontractant>1149372774</neqcontractant>
  </contrat>
  <contrat>
    <numeroseao>1351010</numeroseao>
    <numero>8608-14-SG01</numero>
    <datefinale>2017-03-14</datefinale>
    <datepublicationfinale>2020-02-28</datepublicationfinale>
    <montantfinal>31594.780000</montantfinal>
    <nomcontractant>Mini Excavations G.A.L inc</nomcontractant>
    <neqcontractant>1161846168</neqcontractant>
  </contrat>
  <contrat>
    <numeroseao>1359077</numeroseao>
    <numero>2019-2411-02-01-21050</numero>
    <datefinale>2021-04-30</datefinale>
    <datepublicationfinale>2021-11-24</datepublicationfinale>
    <montantfinal>1151980.780000</montantfinal>
    <nomcontractant>Équipement de bureau joliette inc.</nomcontractant>
    <neqcontractant>1144054948</neqcontractant>
  </contrat>
  <contrat>
    <numeroseao>1359096</numeroseao>
    <numero>2019-2411-02-01-21210</numero>
    <datefinale>2021-04-30</datefinale>
    <datepublicationfinale>2021-11-24</datepublicationfinale>
    <montantfinal>2545576.490000</montantfinal>
    <nomcontractant>ÉQUIPEMENT DE ROBERT LÉGARÉ LTÉE</nomcontractant>
    <neqcontractant>1141241191</neqcontractant>
  </contrat>
  <contrat>
    <numeroseao>1359115</numeroseao>
    <numero>2019-2411-02-01-42890</numero>
    <datefinale>2021-04-30</datefinale>
    <datepublicationfinale>2021-11-24</datepublicationfinale>
    <montantfinal>2804.000000</montantfinal>
    <nomcontractant>Staples Avantage Canada</nomcontractant>
    <neqcontractant>1149092992</neqcontractant>
  </contrat>
  <contrat>
    <numeroseao>1362693</numeroseao>
    <numero>8706-14-SH01</numero>
    <datefinale>2015-04-15</datefinale>
    <datepublicationfinale>2020-04-09</datepublicationfinale>
    <montantfinal>2688.500000</montantfinal>
    <nomcontractant>Entreprises C. &amp; R. Ménard inc.</nomcontractant>
    <neqcontractant>1142739359</neqcontractant>
  </contrat>
  <contrat>
    <numeroseao>1376533</numeroseao>
    <numero>2014-2213-02-01-17370</numero>
    <datefinale>2021-08-31</datefinale>
    <datepublicationfinale>2022-02-09</datepublicationfinale>
    <montantfinal>272431.500000</montantfinal>
    <nomcontractant>Hospira (maintenant ICU Medical)</nomcontractant>
    <neqcontractant>1172353519</neqcontractant>
  </contrat>
  <contrat>
    <numeroseao>1379563</numeroseao>
    <numero>8601-18-0217</numero>
    <datefinale>2021-06-17</datefinale>
    <datepublicationfinale>2021-08-26</datepublicationfinale>
    <montantfinal>2730576.220000</montantfinal>
    <nomcontractant>INTER-PROJET</nomcontractant>
    <neqcontractant>1149770274</neqcontractant>
  </contrat>
  <contrat>
    <numeroseao>1388543</numeroseao>
    <numero>VML-SG-04-02 2018</numero>
    <datefinale>2020-07-21</datefinale>
    <datepublicationfinale>2020-07-06</datepublicationfinale>
    <montantfinal>34830.350000</montantfinal>
    <nomcontractant>Me Roger Rancourt, avocat</nomcontractant>
    <neqcontractant />
  </contrat>
  <contrat>
    <numeroseao>1406894</numeroseao>
    <numero>217-07-2020</numero>
    <datefinale>2021-10-21</datefinale>
    <datepublicationfinale>2021-07-29</datepublicationfinale>
    <montantfinal>33541.680000</montantfinal>
    <nomcontractant>Englobe</nomcontractant>
    <neqcontractant>1167280206</neqcontractant>
  </contrat>
  <contrat>
    <numeroseao>1424707</numeroseao>
    <numero>20-100L</numero>
    <datefinale>2021-05-30</datefinale>
    <datepublicationfinale>2021-07-09</datepublicationfinale>
    <montantfinal>23041.540000</montantfinal>
    <nomcontractant>Les Services EXP Inc</nomcontractant>
    <neqcontractant>1167268128</neqcontractant>
  </contrat>
  <contrat>
    <numeroseao>1437445</numeroseao>
    <numero>2021-50-01</numero>
    <datefinale>2022-05-05</datefinale>
    <datepublicationfinale>2022-05-27</datepublicationfinale>
    <montantfinal>131947.600000</montantfinal>
    <nomcontractant>CAMIONS GLOBOCAM QUÉBEC ET LÉVIS INC.</nomcontractant>
    <neqcontractant>1172048309</neqcontractant>
  </contrat>
  <contrat>
    <numeroseao>1463365</numeroseao>
    <numero>2021-80-25</numero>
    <datefinale>2022-02-25</datefinale>
    <datepublicationfinale>2022-01-10</datepublicationfinale>
    <montantfinal>278243.000000</montantfinal>
    <nomcontractant>innovision+</nomcontractant>
    <neqcontractant>1147454368</neqcontractant>
  </contrat>
  <contrat>
    <numeroseao>1464295</numeroseao>
    <numero>CS102422</numero>
    <datefinale>2021-10-24</datefinale>
    <datepublicationfinale>2022-03-23</datepublicationfinale>
    <montantfinal>32309.000000</montantfinal>
    <nomcontractant>Déménagement Rimouski Inc.</nomcontractant>
    <neqcontractant>1146001772</neqcontractant>
  </contrat>
  <contrat>
    <numeroseao>1484390</numeroseao>
    <numero>C19-803333-803335-803336</numero>
    <datefinale>2021-05-05</datefinale>
    <datepublicationfinale>2022-05-25</datepublicationfinale>
    <montantfinal>78681.000000</montantfinal>
    <nomcontractant>Fisher &amp; Paykel.</nomcontractant>
    <neqcontractant>1166508722</neqcontractant>
  </contrat>
  <contrat>
    <numeroseao>1484406</numeroseao>
    <numero>553062667</numero>
    <datefinale>2022-04-11</datefinale>
    <datepublicationfinale>2022-05-02</datepublicationfinale>
    <montantfinal>39073.100000</montantfinal>
    <nomcontractant>Documens traduction inc.</nomcontractant>
    <neqcontractant>1161540571</neqcontractant>
  </contrat>
  <contrat>
    <numeroseao>1488124</numeroseao>
    <numero>SC-2940</numero>
    <datefinale>2022-04-30</datefinale>
    <datepublicationfinale>2022-02-07</datepublicationfinale>
    <montantfinal>25822.500000</montantfinal>
    <nomcontractant>COVECTIS INC.</nomcontractant>
    <neqcontractant>1170096706</neqcontractant>
  </contrat>
  <contrat>
    <numeroseao>1501175</numeroseao>
    <numero>2021-025-27RM</numero>
    <datefinale>2022-06-13</datefinale>
    <datepublicationfinale>2022-04-26</datepublicationfinale>
    <montantfinal>58397.720000</montantfinal>
    <nomcontractant>Construction Hébert &amp; Hébert Inc.</nomcontractant>
    <neqcontractant>1142967224</neqcontractant>
  </contrat>
  <contrat>
    <numeroseao>1507532</numeroseao>
    <numero>21-582-GG-S</numero>
    <datefinale>2021-10-01</datefinale>
    <datepublicationfinale>2022-05-27</datepublicationfinale>
    <montantfinal>20914.240000</montantfinal>
    <nomcontractant>Ginette Cloutier</nomcontractant>
    <neqcontractant>2274486101</neqcontractant>
  </contrat>
  <contrat>
    <numeroseao>1512363</numeroseao>
    <numero>7007-21-ST01</numero>
    <datefinale>2022-05-06</datefinale>
    <datepublicationfinale>2022-05-10</datepublicationfinale>
    <montantfinal>41196.100000</montantfinal>
    <nomcontractant>Signalétik inc.</nomcontractant>
    <neqcontractant>1162233648</neqcontractant>
  </contrat>
  <contrat>
    <numeroseao>1516625</numeroseao>
    <numero>730705930</numero>
    <datefinale>2021-12-03</datefinale>
    <datepublicationfinale>2022-02-04</datepublicationfinale>
    <montantfinal>46285.000000</montantfinal>
    <nomcontractant>SERVICE DE GESTION DOCUMENTAIRE FRANCE LONGPRÉ INC.</nomcontractant>
    <neqcontractant>1162006465</neqcontractant>
  </contrat>
  <contrat>
    <numeroseao>1523199</numeroseao>
    <numero>CGER 21 720033</numero>
    <datefinale>2022-02-11</datefinale>
    <datepublicationfinale>2022-05-26</datepublicationfinale>
    <montantfinal>137589.000000</montantfinal>
    <nomcontractant>EDDYNET INC.</nomcontractant>
    <neqcontractant>1168939552</neqcontractant>
  </contrat>
  <contrat>
    <numeroseao>1537875</numeroseao>
    <numero>44525579</numero>
    <datefinale>2022-03-15</datefinale>
    <datepublicationfinale>2022-05-16</datepublicationfinale>
    <montantfinal>46195.700000</montantfinal>
    <nomcontractant>BUREAU D'ÉTUDES SPÉCIALISÉES INC.</nomcontractant>
    <neqcontractant>1149750003</neqcontractant>
  </contrat>
  <contrat>
    <numeroseao>1542246</numeroseao>
    <numero>44504044</numero>
    <datefinale>2021-11-09</datefinale>
    <datepublicationfinale>2022-01-26</datepublicationfinale>
    <montantfinal>25611.500000</montantfinal>
    <nomcontractant>PLURITEC LTÉE</nomcontractant>
    <neqcontractant>1143954734</neqcontractant>
  </contrat>
  <contrat>
    <numeroseao>1542771</numeroseao>
    <numero>BON212200537</numero>
    <datefinale>2022-02-15</datefinale>
    <datepublicationfinale>2022-05-24</datepublicationfinale>
    <montantfinal>94963.000000</montantfinal>
    <nomcontractant>JULIEN CÔTÉ &amp; FILS INC.</nomcontractant>
    <neqcontractant>1172849979</neqcontractant>
  </contrat>
  <contrat>
    <numeroseao>1558161</numeroseao>
    <numero>396403908</numero>
    <datefinale>2022-01-13</datefinale>
    <datepublicationfinale>2022-05-18</datepublicationfinale>
    <montantfinal>492455.250000</montantfinal>
    <nomcontractant>ORACLE CANADA ULC</nomcontractant>
    <neqcontractant>1166275785</neqcontractant>
  </contrat>
  <contrat>
    <numeroseao>1560614</numeroseao>
    <numero>45078556</numero>
    <datefinale>2021-12-15</datefinale>
    <datepublicationfinale>2022-02-11</datepublicationfinale>
    <montantfinal>30767.880000</montantfinal>
    <nomcontractant>LE GROUPE BLH INC.</nomcontractant>
    <neqcontractant>1149272925</neqcontractant>
  </contrat>
  <contrat>
    <numeroseao>1560824</numeroseao>
    <numero>10538</numero>
    <datefinale>2022-02-28</datefinale>
    <datepublicationfinale>2022-05-20</datepublicationfinale>
    <montantfinal>97920.000000</montantfinal>
    <nomcontractant>GÉNOME QUÉBEC</nomcontractant>
    <neqcontractant>1149523236</neqcontractant>
  </contrat>
  <contrat>
    <numeroseao>1579400</numeroseao>
    <numero>CS102218</numero>
    <datefinale>2022-03-02</datefinale>
    <datepublicationfinale>2022-05-17</datepublicationfinale>
    <montantfinal>49647.500000</montantfinal>
    <nomcontractant>TECHNOLOGIES DSA INC.</nomcontractant>
    <neqcontractant>1169574390</neqcontractant>
  </contrat>
  <contrat>
    <numeroseao>1589711</numeroseao>
    <numero>BC1453241</numero>
    <datefinale>2022-01-07</datefinale>
    <datepublicationfinale>2022-03-31</datepublicationfinale>
    <montantfinal>32129.740000</montantfinal>
    <nomcontractant>Postes Canada Québec</nomcontractant>
    <neqcontractant />
  </contrat>
  <contrat>
    <numeroseao>1599685</numeroseao>
    <numero>6703-15-PZ01</numero>
    <datefinale>2022-04-26</datefinale>
    <datepublicationfinale>2022-04-29</datepublicationfinale>
    <montantfinal>22299.870000</montantfinal>
    <nomcontractant>PRO FAUNE, COOPÉRATIVE DE TRAVAILLEURS EN AMÉNAGEMENT DE LA FAUNE</nomcontractant>
    <neqcontractant>1143046010</neqcontractant>
  </contrat>
</export>