<?xml version="1.0" encoding="utf-8"?>
<export xmlns:xsi="http://www.w3.org/2001/XMLSchema-instance" xmlns:xsd="http://www.w3.org/2001/XMLSchema" datedebut="2024-02-01" datefin="2024-02-29">
  <contrat>
    <numeroseao>670874</numeroseao>
    <numero>8603-12-FE05</numero>
    <datefinale>2014-06-03</datefinale>
    <datepublicationfinale>2014-04-29</datepublicationfinale>
    <montantfinal>103044.560000</montantfinal>
    <nomcontractant>Consultants SM inc., Les</nomcontractant>
    <neqcontractant />
  </contrat>
  <contrat>
    <numeroseao>671200</numeroseao>
    <numero>8903-12-HA10</numero>
    <datefinale>2014-06-02</datefinale>
    <datepublicationfinale>2014-04-29</datepublicationfinale>
    <montantfinal>130707.670000</montantfinal>
    <nomcontractant>Consultants SM inc., Les</nomcontractant>
    <neqcontractant />
  </contrat>
  <contrat>
    <numeroseao>748835</numeroseao>
    <numero>4102-13-PF01</numero>
    <datefinale>2014-04-03</datefinale>
    <datepublicationfinale>2014-05-23</datepublicationfinale>
    <montantfinal>45000.000000</montantfinal>
    <nomcontractant>Systèmes Pavemetrics inc.</nomcontractant>
    <neqcontractant />
  </contrat>
  <contrat>
    <numeroseao>799038</numeroseao>
    <numero>2106-14-FE04</numero>
    <datefinale>2015-04-28</datefinale>
    <datepublicationfinale>2015-06-11</datepublicationfinale>
    <montantfinal>53497.600000</montantfinal>
    <nomcontractant>Consultants SM inc., Les</nomcontractant>
    <neqcontractant>1143019660</neqcontractant>
  </contrat>
  <contrat>
    <numeroseao>804167</numeroseao>
    <numero>8401-14-0303</numero>
    <datefinale>2024-02-14</datefinale>
    <datepublicationfinale>2020-11-11</datepublicationfinale>
    <montantfinal>8820201.210000</montantfinal>
    <nomcontractant>BRUNEAU ELECTRIQUE INC.</nomcontractant>
    <neqcontractant>1142851337</neqcontractant>
  </contrat>
  <contrat>
    <numeroseao>889764</numeroseao>
    <numero>2015-015</numero>
    <datefinale>2022-11-09</datefinale>
    <datepublicationfinale>2020-11-19</datepublicationfinale>
    <montantfinal>56009.330000</montantfinal>
    <nomcontractant>AECOM CONSULTANTS INC</nomcontractant>
    <neqcontractant>1161553129</neqcontractant>
  </contrat>
  <contrat>
    <numeroseao>1025350</numeroseao>
    <numero>7007-16-FE02</numero>
    <datefinale>2024-02-23</datefinale>
    <datepublicationfinale>2020-12-14</datepublicationfinale>
    <montantfinal>142644.430000</montantfinal>
    <nomcontractant>Norda Stelo inc.</nomcontractant>
    <neqcontractant>1165310831</neqcontractant>
  </contrat>
  <contrat>
    <numeroseao>1061598</numeroseao>
    <numero>9001-17-0905</numero>
    <datefinale>2024-02-26</datefinale>
    <datepublicationfinale>2020-09-11</datepublicationfinale>
    <montantfinal>2835564.670000</montantfinal>
    <nomcontractant>SINTRA INC. - RÉGION ESTRIE</nomcontractant>
    <neqcontractant>1145755295</neqcontractant>
  </contrat>
  <contrat>
    <numeroseao>1087057</numeroseao>
    <numero>7103-17-FA02</numero>
    <datefinale>2024-02-28</datefinale>
    <datepublicationfinale>2018-06-29</datepublicationfinale>
    <montantfinal>44842.360000</montantfinal>
    <nomcontractant>WSP Canada inc.</nomcontractant>
    <neqcontractant>1148357057</neqcontractant>
  </contrat>
  <contrat>
    <numeroseao>1104583</numeroseao>
    <numero>1000009</numero>
    <datefinale>2018-08-09</datefinale>
    <datepublicationfinale>2019-10-25</datepublicationfinale>
    <montantfinal>34492.500000</montantfinal>
    <nomcontractant>Raymond Chabot Grant Thornton &amp; Cie S.E.N.C.R.L.</nomcontractant>
    <neqcontractant>3342037838</neqcontractant>
  </contrat>
  <contrat>
    <numeroseao>1128161</numeroseao>
    <numero>2018-6601-60-01</numero>
    <datefinale>2023-04-30</datefinale>
    <datepublicationfinale>2024-01-31</datepublicationfinale>
    <montantfinal>1894493.190000</montantfinal>
    <nomcontractant>BARD CANADA INC.</nomcontractant>
    <neqcontractant>1143150945</neqcontractant>
  </contrat>
  <contrat>
    <numeroseao>1128161</numeroseao>
    <numero>2018-6601-60-01</numero>
    <datefinale>2023-04-30</datefinale>
    <datepublicationfinale>2024-01-31</datepublicationfinale>
    <montantfinal>448629.780000</montantfinal>
    <nomcontractant>BELPRO MEDICAL INC.</nomcontractant>
    <neqcontractant>1146136180</neqcontractant>
  </contrat>
  <contrat>
    <numeroseao>1128161</numeroseao>
    <numero>2018-6601-60-01</numero>
    <datefinale>2023-04-30</datefinale>
    <datepublicationfinale>2024-01-31</datepublicationfinale>
    <montantfinal>789384.390000</montantfinal>
    <nomcontractant>Canadian Hospital Specialties Limited</nomcontractant>
    <neqcontractant>1170891981</neqcontractant>
  </contrat>
  <contrat>
    <numeroseao>1128161</numeroseao>
    <numero>2018-6601-60-01</numero>
    <datefinale>2023-04-30</datefinale>
    <datepublicationfinale>2024-01-31</datepublicationfinale>
    <montantfinal>4614379.370000</montantfinal>
    <nomcontractant>CARDINAL HEALTH CANADA INC.</nomcontractant>
    <neqcontractant>1146265252</neqcontractant>
  </contrat>
  <contrat>
    <numeroseao>1128161</numeroseao>
    <numero>2018-6601-60-01</numero>
    <datefinale>2023-04-30</datefinale>
    <datepublicationfinale>2024-01-31</datepublicationfinale>
    <montantfinal>220486.230000</montantfinal>
    <nomcontractant>COLOPLAST CANADA CORPORATI0N</nomcontractant>
    <neqcontractant>1161590550</neqcontractant>
  </contrat>
  <contrat>
    <numeroseao>1128161</numeroseao>
    <numero>2018-6601-60-01</numero>
    <datefinale>2023-04-30</datefinale>
    <datepublicationfinale>2024-01-31</datepublicationfinale>
    <montantfinal>293525.090000</montantfinal>
    <nomcontractant>CONVATEC CANADA LTD.</nomcontractant>
    <neqcontractant>1165314270</neqcontractant>
  </contrat>
  <contrat>
    <numeroseao>1128161</numeroseao>
    <numero>2018-6601-60-01</numero>
    <datefinale>2023-04-30</datefinale>
    <datepublicationfinale>2024-01-31</datepublicationfinale>
    <montantfinal>35657.030000</montantfinal>
    <nomcontractant>Hollister Limited</nomcontractant>
    <neqcontractant />
  </contrat>
  <contrat>
    <numeroseao>1128161</numeroseao>
    <numero>2018-6601-60-01</numero>
    <datefinale>2023-04-30</datefinale>
    <datepublicationfinale>2024-01-31</datepublicationfinale>
    <montantfinal>84644.880000</montantfinal>
    <nomcontractant>MEDLINE CANADA, CORPORATION</nomcontractant>
    <neqcontractant />
  </contrat>
  <contrat>
    <numeroseao>1128161</numeroseao>
    <numero>2018-6601-60-01</numero>
    <datefinale>2023-04-30</datefinale>
    <datepublicationfinale>2024-01-31</datepublicationfinale>
    <montantfinal>1599607.610000</montantfinal>
    <nomcontractant>Teleflex Medical Canada Inc.</nomcontractant>
    <neqcontractant />
  </contrat>
  <contrat>
    <numeroseao>1128161</numeroseao>
    <numero>2018-6601-60-01</numero>
    <datefinale>2023-04-30</datefinale>
    <datepublicationfinale>2024-01-31</datepublicationfinale>
    <montantfinal>664281.450000</montantfinal>
    <nomcontractant>CooperSurgical Canada Inc.</nomcontractant>
    <neqcontractant />
  </contrat>
  <contrat>
    <numeroseao>1142851</numeroseao>
    <numero>45000029</numero>
    <datefinale>2019-01-18</datefinale>
    <datepublicationfinale>2019-08-29</datepublicationfinale>
    <montantfinal>84997.290000</montantfinal>
    <nomcontractant>Ædifica Architecture + Design</nomcontractant>
    <neqcontractant>1148160998</neqcontractant>
  </contrat>
  <contrat>
    <numeroseao>1163314</numeroseao>
    <numero>999108386</numero>
    <datefinale>2024-02-26</datefinale>
    <datepublicationfinale>2023-12-05</datepublicationfinale>
    <montantfinal>357722.300000</montantfinal>
    <nomcontractant>TEKNION ROY &amp; BRETON INC.</nomcontractant>
    <neqcontractant>1169629970</neqcontractant>
  </contrat>
  <contrat>
    <numeroseao>1167824</numeroseao>
    <numero>45000116</numero>
    <datefinale>2019-01-22</datefinale>
    <datepublicationfinale>2019-01-22</datepublicationfinale>
    <montantfinal>26253.570000</montantfinal>
    <nomcontractant>Robinson Sheppard Shapiro</nomcontractant>
    <neqcontractant>3342171371</neqcontractant>
  </contrat>
  <contrat>
    <numeroseao>1181290</numeroseao>
    <numero>45000120</numero>
    <datefinale>2020-05-02</datefinale>
    <datepublicationfinale>2020-07-02</datepublicationfinale>
    <montantfinal>150000.000000</montantfinal>
    <nomcontractant>École Polytechnique.</nomcontractant>
    <neqcontractant />
  </contrat>
  <contrat>
    <numeroseao>1181742</numeroseao>
    <numero>45000229</numero>
    <datefinale>2018-12-18</datefinale>
    <datepublicationfinale>2019-08-12</datepublicationfinale>
    <montantfinal>89355.000000</montantfinal>
    <nomcontractant>ACCESS PLANNING LTD</nomcontractant>
    <neqcontractant />
  </contrat>
  <contrat>
    <numeroseao>1230238</numeroseao>
    <numero>45000466</numero>
    <datefinale>2019-01-29</datefinale>
    <datepublicationfinale>2019-09-24</datepublicationfinale>
    <montantfinal>92663.310000</montantfinal>
    <nomcontractant>exo</nomcontractant>
    <neqcontractant />
  </contrat>
  <contrat>
    <numeroseao>1259746</numeroseao>
    <numero>1819-370-012SRM</numero>
    <datefinale>2023-10-12</datefinale>
    <datepublicationfinale>2023-10-12</datepublicationfinale>
    <montantfinal>663929.610000</montantfinal>
    <nomcontractant>BERGERON BOUTHILLIER INC.</nomcontractant>
    <neqcontractant>1166980830</neqcontractant>
  </contrat>
  <contrat>
    <numeroseao>1259746</numeroseao>
    <numero>1819-370-012SRM</numero>
    <datefinale>2023-10-12</datefinale>
    <datepublicationfinale>2023-10-12</datepublicationfinale>
    <montantfinal>713739.410000</montantfinal>
    <nomcontractant>LES SERVICES EXP INC.</nomcontractant>
    <neqcontractant>1167268128</neqcontractant>
  </contrat>
  <contrat>
    <numeroseao>1265483</numeroseao>
    <numero>45000427</numero>
    <datefinale>2020-07-17</datefinale>
    <datepublicationfinale>2022-04-12</datepublicationfinale>
    <montantfinal>57882.350000</montantfinal>
    <nomcontractant>Lavery, de Billy</nomcontractant>
    <neqcontractant>3341675364</neqcontractant>
  </contrat>
  <contrat>
    <numeroseao>1275581</numeroseao>
    <numero>45000661</numero>
    <datefinale>2020-05-07</datefinale>
    <datepublicationfinale>2020-06-18</datepublicationfinale>
    <montantfinal>1509.050000</montantfinal>
    <nomcontractant>Audrée Pellerin, CPA</nomcontractant>
    <neqcontractant />
  </contrat>
  <contrat>
    <numeroseao>1289603</numeroseao>
    <numero>35830300</numero>
    <datefinale>2023-02-28</datefinale>
    <datepublicationfinale>2023-03-24</datepublicationfinale>
    <montantfinal>100751.740000</montantfinal>
    <nomcontractant>AV-TECH INC.</nomcontractant>
    <neqcontractant>1174192535</neqcontractant>
  </contrat>
  <contrat>
    <numeroseao>1305843</numeroseao>
    <numero>45000796</numero>
    <datefinale>2020-06-30</datefinale>
    <datepublicationfinale>2020-01-07</datepublicationfinale>
    <montantfinal>94881.110000</montantfinal>
    <nomcontractant>Richard Blouin</nomcontractant>
    <neqcontractant />
  </contrat>
  <contrat>
    <numeroseao>1347038</numeroseao>
    <numero>44515178</numero>
    <datefinale>2023-02-16</datefinale>
    <datepublicationfinale>2023-06-20</datepublicationfinale>
    <montantfinal>299451.830000</montantfinal>
    <nomcontractant>Groupe-Conseil TDA</nomcontractant>
    <neqcontractant>1142634014</neqcontractant>
  </contrat>
  <contrat>
    <numeroseao>1348814</numeroseao>
    <numero>2503-20-0203</numero>
    <datefinale>2024-02-07</datefinale>
    <datepublicationfinale>2021-06-17</datepublicationfinale>
    <montantfinal>1355741.670000</montantfinal>
    <nomcontractant>CONSTRUCTIONS CONCREATE LTÉE</nomcontractant>
    <neqcontractant>1142587287</neqcontractant>
  </contrat>
  <contrat>
    <numeroseao>1352611</numeroseao>
    <numero>8806-20-0201</numero>
    <datefinale>2023-05-26</datefinale>
    <datepublicationfinale>2023-05-30</datepublicationfinale>
    <montantfinal>96251.250000</montantfinal>
    <nomcontractant>NOBESCO</nomcontractant>
    <neqcontractant>1168847433</neqcontractant>
  </contrat>
  <contrat>
    <numeroseao>1377457</numeroseao>
    <numero>445796609</numero>
    <datefinale>2023-05-20</datefinale>
    <datepublicationfinale>2023-11-09</datepublicationfinale>
    <montantfinal>50150.810000</montantfinal>
    <nomcontractant>Iron Mountain Canada Operations ULC</nomcontractant>
    <neqcontractant>1165289035</neqcontractant>
  </contrat>
  <contrat>
    <numeroseao>1386498</numeroseao>
    <numero>9001-20-0204</numero>
    <datefinale>2024-02-19</datefinale>
    <datepublicationfinale>2022-12-12</datepublicationfinale>
    <montantfinal>4404659.310000</montantfinal>
    <nomcontractant>CONSTRUCTION LONGER INC.</nomcontractant>
    <neqcontractant>1164196553</neqcontractant>
  </contrat>
  <contrat>
    <numeroseao>1396272</numeroseao>
    <numero>SP-30082</numero>
    <datefinale>2023-04-30</datefinale>
    <datepublicationfinale>2023-07-21</datepublicationfinale>
    <montantfinal>32927.000000</montantfinal>
    <nomcontractant>JP Vézina Excavation inc.</nomcontractant>
    <neqcontractant>1168848233</neqcontractant>
  </contrat>
  <contrat>
    <numeroseao>1396657</numeroseao>
    <numero>G20-0722JDE</numero>
    <datefinale>2022-12-31</datefinale>
    <datepublicationfinale>2023-05-02</datepublicationfinale>
    <montantfinal>1550494.000000</montantfinal>
    <nomcontractant>LivaNova Canada Corp.</nomcontractant>
    <neqcontractant>1171506026</neqcontractant>
  </contrat>
  <contrat>
    <numeroseao>1404632</numeroseao>
    <numero>20-025-DO</numero>
    <datefinale>2023-10-19</datefinale>
    <datepublicationfinale>2024-01-08</datepublicationfinale>
    <montantfinal>40743.890000</montantfinal>
    <nomcontractant>M.D. CHARLTON CO. LTD.</nomcontractant>
    <neqcontractant />
  </contrat>
  <contrat>
    <numeroseao>1409194</numeroseao>
    <numero>44517335</numero>
    <datefinale>2023-09-30</datefinale>
    <datepublicationfinale>2023-12-14</datepublicationfinale>
    <montantfinal>156150.100000</montantfinal>
    <nomcontractant>AV-TECH INC.</nomcontractant>
    <neqcontractant>1174192535</neqcontractant>
  </contrat>
  <contrat>
    <numeroseao>1410794</numeroseao>
    <numero>UDEM1905</numero>
    <datefinale>2024-02-02</datefinale>
    <datepublicationfinale>2023-11-14</datepublicationfinale>
    <montantfinal>106078.400000</montantfinal>
    <nomcontractant>9149-2181 QUÉBEC INC.</nomcontractant>
    <neqcontractant>1162628490</neqcontractant>
  </contrat>
  <contrat>
    <numeroseao>1429521</numeroseao>
    <numero>AOC-051962</numero>
    <datefinale>2023-08-23</datefinale>
    <datepublicationfinale>2023-09-05</datepublicationfinale>
    <montantfinal>822678.690000</montantfinal>
    <nomcontractant>L.F.G. CONSTRUCTION</nomcontractant>
    <neqcontractant>1143505312</neqcontractant>
  </contrat>
  <contrat>
    <numeroseao>1452848</numeroseao>
    <numero>4106-20-KC02</numero>
    <datefinale>2024-02-09</datefinale>
    <datepublicationfinale>2023-12-18</datepublicationfinale>
    <montantfinal>20962.500000</montantfinal>
    <nomcontractant>Mistras Services inc.</nomcontractant>
    <neqcontractant>1168303833</neqcontractant>
  </contrat>
  <contrat>
    <numeroseao>1459956</numeroseao>
    <numero>2021APP030</numero>
    <datefinale>2023-12-01</datefinale>
    <datepublicationfinale>2023-10-31</datepublicationfinale>
    <montantfinal>21350.000000</montantfinal>
    <nomcontractant>Medique</nomcontractant>
    <neqcontractant>1142680611</neqcontractant>
  </contrat>
  <contrat>
    <numeroseao>1490176</numeroseao>
    <numero>07-14566</numero>
    <datefinale>2024-02-13</datefinale>
    <datepublicationfinale>2023-11-29</datepublicationfinale>
    <montantfinal>745910.840000</montantfinal>
    <nomcontractant>CIMA+ S.E.N.C.</nomcontractant>
    <neqcontractant>3340563140</neqcontractant>
  </contrat>
  <contrat>
    <numeroseao>1497717</numeroseao>
    <numero>7007-21-1001</numero>
    <datefinale>2023-11-23</datefinale>
    <datepublicationfinale>2023-11-29</datepublicationfinale>
    <montantfinal>4360549.540000</montantfinal>
    <nomcontractant>CONSTRUCTION ET PAVAGE BOISVERT INC.</nomcontractant>
    <neqcontractant>1147044672</neqcontractant>
  </contrat>
  <contrat>
    <numeroseao>1514899</numeroseao>
    <numero>2702-19-PV06</numero>
    <datefinale>2024-02-20</datefinale>
    <datepublicationfinale>2023-09-06</datepublicationfinale>
    <montantfinal>98182.750000</montantfinal>
    <nomcontractant>SPI Santé Sécurité inc.</nomcontractant>
    <neqcontractant>1172199615</neqcontractant>
  </contrat>
  <contrat>
    <numeroseao>1546209</numeroseao>
    <numero>2021-0489-GG</numero>
    <datefinale>2024-01-26</datefinale>
    <datepublicationfinale>2024-01-26</datepublicationfinale>
    <montantfinal>50824.770000</montantfinal>
    <nomcontractant>J. ROBERT THIBODEAU ARCHITECTURE + DESIGN INC.</nomcontractant>
    <neqcontractant>1147929245</neqcontractant>
  </contrat>
  <contrat>
    <numeroseao>1552661</numeroseao>
    <numero>SA-2870-TP-21-G</numero>
    <datefinale>2024-02-14</datefinale>
    <datepublicationfinale>2023-10-19</datepublicationfinale>
    <montantfinal>77567.880000</montantfinal>
    <nomcontractant>Rochon Experts-Conseils inc </nomcontractant>
    <neqcontractant>1174712597</neqcontractant>
  </contrat>
  <contrat>
    <numeroseao>1565141</numeroseao>
    <numero>21-22-112</numero>
    <datefinale>2024-02-15</datefinale>
    <datepublicationfinale>2023-09-13</datepublicationfinale>
    <montantfinal>417513.510000</montantfinal>
    <nomcontractant>LAPALME RHEAULT ARCHITECTES &amp; ASSOCIÉS INC.</nomcontractant>
    <neqcontractant>1168388065</neqcontractant>
  </contrat>
  <contrat>
    <numeroseao>1571814</numeroseao>
    <numero>P-CW8900</numero>
    <datefinale>2023-10-27</datefinale>
    <datepublicationfinale>2023-10-27</datepublicationfinale>
    <montantfinal>297777.300000</montantfinal>
    <nomcontractant>BUREAU D'ÉTUDES SPÉCIALISÉES INC.</nomcontractant>
    <neqcontractant>1149750003</neqcontractant>
  </contrat>
  <contrat>
    <numeroseao>1600152</numeroseao>
    <numero>P1031241</numero>
    <datefinale>2022-09-29</datefinale>
    <datepublicationfinale>2022-05-27</datepublicationfinale>
    <montantfinal>27715.900000</montantfinal>
    <nomcontractant>3DATX Corporation</nomcontractant>
    <neqcontractant />
  </contrat>
  <contrat>
    <numeroseao>1609482</numeroseao>
    <numero>2022SPR088</numero>
    <datefinale>2023-12-27</datefinale>
    <datepublicationfinale>2024-01-12</datepublicationfinale>
    <montantfinal>27483.470000</montantfinal>
    <nomcontractant>RLD Architectes (s.e.n.c.)</nomcontractant>
    <neqcontractant>3341704362</neqcontractant>
  </contrat>
  <contrat>
    <numeroseao>1609583</numeroseao>
    <numero>P1034767</numero>
    <datefinale>2023-03-17</datefinale>
    <datepublicationfinale>2023-03-30</datepublicationfinale>
    <montantfinal>30000.000000</montantfinal>
    <nomcontractant>Hitachi High-Tech Canada Inc.</nomcontractant>
    <neqcontractant />
  </contrat>
  <contrat>
    <numeroseao>1611950</numeroseao>
    <numero>P1036610</numero>
    <datefinale>2022-11-25</datefinale>
    <datepublicationfinale>2022-12-05</datepublicationfinale>
    <montantfinal>73791.670000</montantfinal>
    <nomcontractant>Laerdal Medical Canada Ltd</nomcontractant>
    <neqcontractant />
  </contrat>
  <contrat>
    <numeroseao>1611952</numeroseao>
    <numero>P1037834</numero>
    <datefinale>2023-09-18</datefinale>
    <datepublicationfinale>2023-09-18</datepublicationfinale>
    <montantfinal>59854.500000</montantfinal>
    <nomcontractant>Gilbert Nettoyeur Inc</nomcontractant>
    <neqcontractant />
  </contrat>
  <contrat>
    <numeroseao>1617662</numeroseao>
    <numero>6812-22-0910</numero>
    <datefinale>2024-02-15</datefinale>
    <datepublicationfinale>2023-10-23</datepublicationfinale>
    <montantfinal>1583252.570000</montantfinal>
    <nomcontractant>COMPAGNIE ASPHALTE (CAL)</nomcontractant>
    <neqcontractant>1145755295</neqcontractant>
  </contrat>
  <contrat>
    <numeroseao>1618630</numeroseao>
    <numero>P1043253</numero>
    <datefinale>2023-04-13</datefinale>
    <datepublicationfinale>2023-01-30</datepublicationfinale>
    <montantfinal>30000.000000</montantfinal>
    <nomcontractant>Agora Opus3</nomcontractant>
    <neqcontractant />
  </contrat>
  <contrat>
    <numeroseao>1619235</numeroseao>
    <numero>45000342</numero>
    <datefinale>2020-01-16</datefinale>
    <datepublicationfinale>2022-06-27</datepublicationfinale>
    <montantfinal>83572.950000</montantfinal>
    <nomcontractant>ITI INC.</nomcontractant>
    <neqcontractant>1173638405</neqcontractant>
  </contrat>
  <contrat>
    <numeroseao>1620499</numeroseao>
    <numero>45000619</numero>
    <datefinale>2020-10-07</datefinale>
    <datepublicationfinale>2022-06-29</datepublicationfinale>
    <montantfinal>257120.950000</montantfinal>
    <nomcontractant>ROBINSON SHEPPARD SHAPIRO, S.E.N.C.R.L.</nomcontractant>
    <neqcontractant>3342171371</neqcontractant>
  </contrat>
  <contrat>
    <numeroseao>1621741</numeroseao>
    <numero>VMG-22-018</numero>
    <datefinale>2023-01-27</datefinale>
    <datepublicationfinale>2023-11-10</datepublicationfinale>
    <montantfinal>57558.200000</montantfinal>
    <nomcontractant>Can-Inspec Inc.</nomcontractant>
    <neqcontractant>1172205107</neqcontractant>
  </contrat>
  <contrat>
    <numeroseao>1626117</numeroseao>
    <numero>G22-0536FDO</numero>
    <datefinale>2023-06-30</datefinale>
    <datepublicationfinale>2023-06-06</datepublicationfinale>
    <montantfinal>213882.000000</montantfinal>
    <nomcontractant>EATON INDUSTRIES (CANADA) COMPANY</nomcontractant>
    <neqcontractant>1175554774</neqcontractant>
  </contrat>
  <contrat>
    <numeroseao>1632220</numeroseao>
    <numero>P1047281</numero>
    <datefinale>2022-09-01</datefinale>
    <datepublicationfinale>2023-04-27</datepublicationfinale>
    <montantfinal>97895.780000</montantfinal>
    <nomcontractant>TA Instruments</nomcontractant>
    <neqcontractant />
  </contrat>
  <contrat>
    <numeroseao>1632242</numeroseao>
    <numero>P1053083</numero>
    <datefinale>2023-01-18</datefinale>
    <datepublicationfinale>2023-01-30</datepublicationfinale>
    <montantfinal>31080.000000</montantfinal>
    <nomcontractant>VanillaSoft Corp</nomcontractant>
    <neqcontractant />
  </contrat>
  <contrat>
    <numeroseao>1632290</numeroseao>
    <numero>45001947</numero>
    <datefinale>2023-05-12</datefinale>
    <datepublicationfinale>2023-05-19</datepublicationfinale>
    <montantfinal>31134.430000</montantfinal>
    <nomcontractant>XYZ TECHNOLOGIE CULTURELLE INC.</nomcontractant>
    <neqcontractant>1162680186</neqcontractant>
  </contrat>
  <contrat>
    <numeroseao>1638804</numeroseao>
    <numero>P1053100</numero>
    <datefinale>2023-01-18</datefinale>
    <datepublicationfinale>2023-01-30</datepublicationfinale>
    <montantfinal>31430.950000</montantfinal>
    <nomcontractant>Mandel Scientific Company Inc.</nomcontractant>
    <neqcontractant />
  </contrat>
  <contrat>
    <numeroseao>1638812</numeroseao>
    <numero>P1056377</numero>
    <datefinale>2023-05-12</datefinale>
    <datepublicationfinale>2023-09-18</datepublicationfinale>
    <montantfinal>25880.700000</montantfinal>
    <nomcontractant>Plus 5 XP Corporation</nomcontractant>
    <neqcontractant />
  </contrat>
  <contrat>
    <numeroseao>1640676</numeroseao>
    <numero>BC 61545</numero>
    <datefinale>2023-05-01</datefinale>
    <datepublicationfinale>2023-11-30</datepublicationfinale>
    <montantfinal>0.000000</montantfinal>
    <nomcontractant>BELL MOBILITÉ INC.</nomcontractant>
    <neqcontractant>1143866029</neqcontractant>
  </contrat>
  <contrat>
    <numeroseao>1642899</numeroseao>
    <numero>44530363</numero>
    <datefinale>2024-01-31</datefinale>
    <datepublicationfinale>2024-01-31</datepublicationfinale>
    <montantfinal>37897.740000</montantfinal>
    <nomcontractant>HONEYWELL LIMITÉE</nomcontractant>
    <neqcontractant>1176296748</neqcontractant>
  </contrat>
  <contrat>
    <numeroseao>1656562</numeroseao>
    <numero>P1070286</numero>
    <datefinale>2024-01-08</datefinale>
    <datepublicationfinale>2024-01-11</datepublicationfinale>
    <montantfinal>87807.990000</montantfinal>
    <nomcontractant>Applied Electronics Limited</nomcontractant>
    <neqcontractant />
  </contrat>
  <contrat>
    <numeroseao>1656575</numeroseao>
    <numero>P1071615</numero>
    <datefinale>2022-11-24</datefinale>
    <datepublicationfinale>2022-12-05</datepublicationfinale>
    <montantfinal>78207.000000</montantfinal>
    <nomcontractant>MGI International Sales Co. Ltd</nomcontractant>
    <neqcontractant />
  </contrat>
  <contrat>
    <numeroseao>1662279</numeroseao>
    <numero>P1072974</numero>
    <datefinale>2023-01-06</datefinale>
    <datepublicationfinale>2023-01-12</datepublicationfinale>
    <montantfinal>99831.700000</montantfinal>
    <nomcontractant>VWR International Co.</nomcontractant>
    <neqcontractant />
  </contrat>
  <contrat>
    <numeroseao>1663798</numeroseao>
    <numero>CGER 22 730062</numero>
    <datefinale>2023-10-11</datefinale>
    <datepublicationfinale>2023-11-22</datepublicationfinale>
    <montantfinal>20420.000000</montantfinal>
    <nomcontractant>MORY INC.</nomcontractant>
    <neqcontractant>1148986798</neqcontractant>
  </contrat>
  <contrat>
    <numeroseao>1667195</numeroseao>
    <numero>22-19682</numero>
    <datefinale>2022-12-21</datefinale>
    <datepublicationfinale>2023-01-18</datepublicationfinale>
    <montantfinal>69205.070000</montantfinal>
    <nomcontractant>SERVICES D'ENTRETIEN ALPHANET INC.</nomcontractant>
    <neqcontractant>1143257690</neqcontractant>
  </contrat>
  <contrat>
    <numeroseao>1678315</numeroseao>
    <numero>9113-23-0001</numero>
    <datefinale>2024-02-28</datefinale>
    <datepublicationfinale>2023-12-05</datepublicationfinale>
    <montantfinal>3787326.760000</montantfinal>
    <nomcontractant>CONSTRUCTION NORASCON INC.</nomcontractant>
    <neqcontractant>1143718840</neqcontractant>
  </contrat>
  <contrat>
    <numeroseao>1679891</numeroseao>
    <numero>P1082205</numero>
    <datefinale>2023-02-03</datefinale>
    <datepublicationfinale>2023-02-03</datepublicationfinale>
    <montantfinal>50903.300000</montantfinal>
    <nomcontractant>VWR International Co.</nomcontractant>
    <neqcontractant />
  </contrat>
  <contrat>
    <numeroseao>1679895</numeroseao>
    <numero>P1083866</numero>
    <datefinale>2023-02-03</datefinale>
    <datepublicationfinale>2023-02-03</datepublicationfinale>
    <montantfinal>54995.000000</montantfinal>
    <nomcontractant>Solid Caddgroup Inc.</nomcontractant>
    <neqcontractant />
  </contrat>
  <contrat>
    <numeroseao>1679896</numeroseao>
    <numero>P1083870</numero>
    <datefinale>2023-05-10</datefinale>
    <datepublicationfinale>2023-05-12</datepublicationfinale>
    <montantfinal>46276.050000</montantfinal>
    <nomcontractant>ParvoMedics Inc.</nomcontractant>
    <neqcontractant />
  </contrat>
  <contrat>
    <numeroseao>1685806</numeroseao>
    <numero>P1084567</numero>
    <datefinale>2023-01-31</datefinale>
    <datepublicationfinale>2023-02-03</datepublicationfinale>
    <montantfinal>1481557.600000</montantfinal>
    <nomcontractant>PerkinElmer Health Sciences Canada, Inc.</nomcontractant>
    <neqcontractant />
  </contrat>
  <contrat>
    <numeroseao>1685807</numeroseao>
    <numero>P1084571</numero>
    <datefinale>2023-03-29</datefinale>
    <datepublicationfinale>2023-03-30</datepublicationfinale>
    <montantfinal>26109.000000</montantfinal>
    <nomcontractant>TestEquity Inc</nomcontractant>
    <neqcontractant />
  </contrat>
  <contrat>
    <numeroseao>1686845</numeroseao>
    <numero>2023-02</numero>
    <datefinale>2023-09-21</datefinale>
    <datepublicationfinale>2023-09-29</datepublicationfinale>
    <montantfinal>858953.560000</montantfinal>
    <nomcontractant>Excavation Désourdy inc.</nomcontractant>
    <neqcontractant>1141977349</neqcontractant>
  </contrat>
  <contrat>
    <numeroseao>1687967</numeroseao>
    <numero>6009139</numero>
    <datefinale>2023-10-31</datefinale>
    <datepublicationfinale>2024-01-23</datepublicationfinale>
    <montantfinal>52538.300000</montantfinal>
    <nomcontractant>MBA RECHERCHE INC.</nomcontractant>
    <neqcontractant>1171955868</neqcontractant>
  </contrat>
  <contrat>
    <numeroseao>1696119</numeroseao>
    <numero>4130</numero>
    <datefinale>2024-02-08</datefinale>
    <datepublicationfinale>2024-01-04</datepublicationfinale>
    <montantfinal>188308.570000</montantfinal>
    <nomcontractant>LAMELLÉ QUÉBEC INC.</nomcontractant>
    <neqcontractant>1160064912</neqcontractant>
  </contrat>
  <contrat>
    <numeroseao>1699173</numeroseao>
    <numero>P1097957</numero>
    <datefinale>2023-04-13</datefinale>
    <datepublicationfinale>2023-04-27</datepublicationfinale>
    <montantfinal>29697.410000</montantfinal>
    <nomcontractant>Agilent Technologies Canada Inc.</nomcontractant>
    <neqcontractant />
  </contrat>
  <contrat>
    <numeroseao>1699182</numeroseao>
    <numero>P1098627</numero>
    <datefinale>2023-03-24</datefinale>
    <datepublicationfinale>2023-03-30</datepublicationfinale>
    <montantfinal>41250.000000</montantfinal>
    <nomcontractant>Lambda Labs</nomcontractant>
    <neqcontractant />
  </contrat>
  <contrat>
    <numeroseao>1701549</numeroseao>
    <numero>6805-22-0304</numero>
    <datefinale>2024-02-16</datefinale>
    <datepublicationfinale>2024-01-08</datepublicationfinale>
    <montantfinal>130051.910000</montantfinal>
    <nomcontractant>PROWATT INC.</nomcontractant>
    <neqcontractant>1171820666</neqcontractant>
  </contrat>
  <contrat>
    <numeroseao>1713628</numeroseao>
    <numero>EX529465 / SE269739</numero>
    <datefinale>2024-01-12</datefinale>
    <datepublicationfinale>2023-11-13</datepublicationfinale>
    <montantfinal>65817.500000</montantfinal>
    <nomcontractant>KINESSOR GROUPE-CONSEILS INC.</nomcontractant>
    <neqcontractant>1162858378</neqcontractant>
  </contrat>
  <contrat>
    <numeroseao>1713667</numeroseao>
    <numero>321</numero>
    <datefinale>2024-02-08</datefinale>
    <datepublicationfinale>2023-11-02</datepublicationfinale>
    <montantfinal>73446.000000</montantfinal>
    <nomcontractant>NORMANDIN BEAUDRY, ACTUAIRES CONSEIL INC.</nomcontractant>
    <neqcontractant>1144181287</neqcontractant>
  </contrat>
  <contrat>
    <numeroseao>1715325</numeroseao>
    <numero>2023-0128</numero>
    <datefinale>2024-01-30</datefinale>
    <datepublicationfinale>2023-08-03</datepublicationfinale>
    <montantfinal>45471.000000</montantfinal>
    <nomcontractant>GEORGE COUREY INC.</nomcontractant>
    <neqcontractant>1175113662</neqcontractant>
  </contrat>
  <contrat>
    <numeroseao>1717463</numeroseao>
    <numero>DS-201908</numero>
    <datefinale>2023-12-20</datefinale>
    <datepublicationfinale>2023-12-20</datepublicationfinale>
    <montantfinal>30258.150000</montantfinal>
    <nomcontractant>SOLOTECH INC.</nomcontractant>
    <neqcontractant>1162827803</neqcontractant>
  </contrat>
  <contrat>
    <numeroseao>1718584</numeroseao>
    <numero>P1108656</numero>
    <datefinale>2023-05-02</datefinale>
    <datepublicationfinale>2023-05-04</datepublicationfinale>
    <montantfinal>48870.200000</montantfinal>
    <nomcontractant> Lenovo Global Technology (Canada Inc.)</nomcontractant>
    <neqcontractant />
  </contrat>
  <contrat>
    <numeroseao>1733391</numeroseao>
    <numero>1406414</numero>
    <datefinale>2021-03-08</datefinale>
    <datepublicationfinale>2023-07-05</datepublicationfinale>
    <montantfinal>34415.670000</montantfinal>
    <nomcontractant>PRODUITS NETTOYANTS PRONET INC.</nomcontractant>
    <neqcontractant>1169579209</neqcontractant>
  </contrat>
  <contrat>
    <numeroseao>1733393</numeroseao>
    <numero>1405502</numero>
    <datefinale>2021-01-15</datefinale>
    <datepublicationfinale>2024-01-17</datepublicationfinale>
    <montantfinal>40720.010000</montantfinal>
    <nomcontractant>SANIVAC</nomcontractant>
    <neqcontractant>1144389088</neqcontractant>
  </contrat>
  <contrat>
    <numeroseao>1733400</numeroseao>
    <numero>1410472</numero>
    <datefinale>2021-03-24</datefinale>
    <datepublicationfinale>2024-01-17</datepublicationfinale>
    <montantfinal>30309.710000</montantfinal>
    <nomcontractant>GILBERT NETTOYEUR INC.</nomcontractant>
    <neqcontractant>1142914325</neqcontractant>
  </contrat>
  <contrat>
    <numeroseao>1733403</numeroseao>
    <numero>1406391</numero>
    <datefinale>2020-07-31</datefinale>
    <datepublicationfinale>2024-01-17</datepublicationfinale>
    <montantfinal>202312.700000</montantfinal>
    <nomcontractant>LOCATION BATTLEFIELD QM</nomcontractant>
    <neqcontractant>1144694263</neqcontractant>
  </contrat>
  <contrat>
    <numeroseao>1736083</numeroseao>
    <numero>VOIRIE2023COMP</numero>
    <datefinale>2023-05-12</datefinale>
    <datepublicationfinale>2023-06-15</datepublicationfinale>
    <montantfinal>10897.000000</montantfinal>
    <nomcontractant>MÉTALUNO INC.</nomcontractant>
    <neqcontractant>1172822794</neqcontractant>
  </contrat>
  <contrat>
    <numeroseao>1747716</numeroseao>
    <numero>44534711</numero>
    <datefinale>2023-10-16</datefinale>
    <datepublicationfinale>2024-01-23</datepublicationfinale>
    <montantfinal>93230.550000</montantfinal>
    <nomcontractant>Groupe Terexca inc.</nomcontractant>
    <neqcontractant>1168977529</neqcontractant>
  </contrat>
  <contrat>
    <numeroseao>1767394</numeroseao>
    <numero>SP1908720-2022-021</numero>
    <datefinale>2023-08-18</datefinale>
    <datepublicationfinale>2023-11-24</datepublicationfinale>
    <montantfinal>49822.500000</montantfinal>
    <nomcontractant>Arcturus Constellation Africa Sarl</nomcontractant>
    <neqcontractant />
  </contrat>
  <contrat>
    <numeroseao>1768528</numeroseao>
    <numero>1575010</numero>
    <datefinale>2024-02-29</datefinale>
    <datepublicationfinale>2024-01-29</datepublicationfinale>
    <montantfinal>30674.500000</montantfinal>
    <nomcontractant>Renaud, Eliane</nomcontractant>
    <neqcontractant>2271935829</neqcontractant>
  </contrat>
  <contrat>
    <numeroseao>1774762</numeroseao>
    <numero>6882</numero>
    <datefinale>2023-12-01</datefinale>
    <datepublicationfinale>2024-01-26</datepublicationfinale>
    <montantfinal>65250.000000</montantfinal>
    <nomcontractant>KLB GROUP CANADA INC.</nomcontractant>
    <neqcontractant>1162368139</neqcontractant>
  </contrat>
  <contrat>
    <numeroseao>1779842</numeroseao>
    <numero>2023CNT064</numero>
    <datefinale>2023-12-16</datefinale>
    <datepublicationfinale>2023-12-18</datepublicationfinale>
    <montantfinal>26897.310000</montantfinal>
    <nomcontractant>Gagné Soudure Concept inc.</nomcontractant>
    <neqcontractant>1175684878</neqcontractant>
  </contrat>
  <contrat>
    <numeroseao>1802438</numeroseao>
    <numero>20398</numero>
    <datefinale />
    <datepublicationfinale>2024-01-25</datepublicationfinale>
    <montantfinal>0.000000</montantfinal>
    <nomcontractant>CONSEILLER FORESTIER ROY INC.</nomcontractant>
    <neqcontractant>1160434826</neqcontractant>
  </contrat>
</export>