<?xml version="1.0" encoding="utf-8"?>
<export xmlns:xsi="http://www.w3.org/2001/XMLSchema-instance" xmlns:xsd="http://www.w3.org/2001/XMLSchema" datedebut="2021-03-01" datefin="2021-03-31">
  <contrat>
    <numeroseao>703748</numeroseao>
    <numero>DGA-999106103</numero>
    <datefinale>2017-02-01</datefinale>
    <datepublicationfinale>2017-04-07</datepublicationfinale>
    <montantfinal>1565361.630000</montantfinal>
    <nomcontractant>Bell Canada</nomcontractant>
    <neqcontractant>1172462849</neqcontractant>
  </contrat>
  <contrat>
    <numeroseao>745409</numeroseao>
    <numero>2014-03-26</numero>
    <datefinale />
    <datepublicationfinale>2014-11-07</datepublicationfinale>
    <montantfinal>0.000000</montantfinal>
    <nomcontractant>Laboratories Abbott Cie</nomcontractant>
    <neqcontractant>1144179075</neqcontractant>
  </contrat>
  <contrat>
    <numeroseao>829388</numeroseao>
    <numero>P14013JJ-04-ING</numero>
    <datefinale>2020-03-02</datefinale>
    <datepublicationfinale>2020-03-17</datepublicationfinale>
    <montantfinal>1172796.250000</montantfinal>
    <nomcontractant>.SNC-Lavalin inc.</nomcontractant>
    <neqcontractant>1142775999</neqcontractant>
  </contrat>
  <contrat>
    <numeroseao>843857</numeroseao>
    <numero>2015-539-01-01</numero>
    <datefinale>2020-06-30</datefinale>
    <datepublicationfinale>2020-10-30</datepublicationfinale>
    <montantfinal>273256.500000</montantfinal>
    <nomcontractant>Physio-Trace / Québec médical</nomcontractant>
    <neqcontractant>1147088778</neqcontractant>
  </contrat>
  <contrat>
    <numeroseao>987217</numeroseao>
    <numero>SRM016793</numero>
    <datefinale>2021-01-13</datefinale>
    <datepublicationfinale>2021-01-29</datepublicationfinale>
    <montantfinal>25499.870000</montantfinal>
    <nomcontractant>Patenaude Trempe Van Dalen inc.</nomcontractant>
    <neqcontractant>1143292754</neqcontractant>
  </contrat>
  <contrat>
    <numeroseao>1048170</numeroseao>
    <numero>P1455-02   /7917</numero>
    <datefinale>2020-03-31</datefinale>
    <datepublicationfinale>2020-11-04</datepublicationfinale>
    <montantfinal>91646.570000</montantfinal>
    <nomcontractant>Centrap inc..</nomcontractant>
    <neqcontractant>1141873738</neqcontractant>
  </contrat>
  <contrat>
    <numeroseao>1065608</numeroseao>
    <numero>DVR-16-2170.6</numero>
    <datefinale>2019-12-04</datefinale>
    <datepublicationfinale>2020-05-18</datepublicationfinale>
    <montantfinal>372318.420000</montantfinal>
    <nomcontractant>Les constructions BÉLAND &amp; Lapointe Inc..</nomcontractant>
    <neqcontractant>1142908889</neqcontractant>
  </contrat>
  <contrat>
    <numeroseao>1094088</numeroseao>
    <numero>AP2276DA17279</numero>
    <datefinale>2020-06-30</datefinale>
    <datepublicationfinale>2020-09-16</datepublicationfinale>
    <montantfinal>3604638.550000</montantfinal>
    <nomcontractant>GDG Informatique et Gestion inc.</nomcontractant>
    <neqcontractant>1147027768</neqcontractant>
  </contrat>
  <contrat>
    <numeroseao>1104256</numeroseao>
    <numero>P14013JJ-09</numero>
    <datefinale>2020-12-12</datefinale>
    <datepublicationfinale>2020-12-14</datepublicationfinale>
    <montantfinal>284606.050000</montantfinal>
    <nomcontractant>Les Services EXP Inc</nomcontractant>
    <neqcontractant>1167268128</neqcontractant>
  </contrat>
  <contrat>
    <numeroseao>1106173</numeroseao>
    <numero>AP2281DA17324</numero>
    <datefinale>2020-11-13</datefinale>
    <datepublicationfinale>2021-01-22</datepublicationfinale>
    <montantfinal>57252.000000</montantfinal>
    <nomcontractant>In Fidem inc.</nomcontractant>
    <neqcontractant>1176068097</neqcontractant>
  </contrat>
  <contrat>
    <numeroseao>1106894</numeroseao>
    <numero>P25063</numero>
    <datefinale>2020-08-31</datefinale>
    <datepublicationfinale>2020-11-30</datepublicationfinale>
    <montantfinal>139274.960000</montantfinal>
    <nomcontractant>Groupe Nicky</nomcontractant>
    <neqcontractant>1141894387</neqcontractant>
  </contrat>
  <contrat>
    <numeroseao>1109584</numeroseao>
    <numero>32701800</numero>
    <datefinale>2020-11-30</datefinale>
    <datepublicationfinale>2020-11-17</datepublicationfinale>
    <montantfinal>73184.520000</montantfinal>
    <nomcontractant>Av-Tech INC..</nomcontractant>
    <neqcontractant>1174192535</neqcontractant>
  </contrat>
  <contrat>
    <numeroseao>1155969</numeroseao>
    <numero>AP18-044</numero>
    <datefinale>2019-06-03</datefinale>
    <datepublicationfinale>2020-11-11</datepublicationfinale>
    <montantfinal>62598.130000</montantfinal>
    <nomcontractant>BLR Excavation Division de Terrassement BLR inc</nomcontractant>
    <neqcontractant>1141135401</neqcontractant>
  </contrat>
  <contrat>
    <numeroseao>1160534</numeroseao>
    <numero>P1455-01-  /915S</numero>
    <datefinale>2020-03-31</datefinale>
    <datepublicationfinale>2019-05-29</datepublicationfinale>
    <montantfinal>91235.020000</montantfinal>
    <nomcontractant>Laurentide Re/Sources Inc.</nomcontractant>
    <neqcontractant>1161510236</neqcontractant>
  </contrat>
  <contrat>
    <numeroseao>1164834</numeroseao>
    <numero>33828800</numero>
    <datefinale>2020-11-02</datefinale>
    <datepublicationfinale>2021-02-23</datepublicationfinale>
    <montantfinal>8869627.240000</montantfinal>
    <nomcontractant>Quirion Metal Inc..</nomcontractant>
    <neqcontractant>1142574129</neqcontractant>
  </contrat>
  <contrat>
    <numeroseao>1175268</numeroseao>
    <numero>APP-180601-01</numero>
    <datefinale>2020-10-15</datefinale>
    <datepublicationfinale>2020-10-28</datepublicationfinale>
    <montantfinal>206074.000000</montantfinal>
    <nomcontractant>Tetra Tech QI Inc.</nomcontractant>
    <neqcontractant>1169411510</neqcontractant>
  </contrat>
  <contrat>
    <numeroseao>1194523</numeroseao>
    <numero>GG-2018-183</numero>
    <datefinale>2021-03-15</datefinale>
    <datepublicationfinale>2019-04-01</datepublicationfinale>
    <montantfinal>239657.060000</montantfinal>
    <nomcontractant>Change Healthcare Canada Company</nomcontractant>
    <neqcontractant>1165941940</neqcontractant>
  </contrat>
  <contrat>
    <numeroseao>1213004</numeroseao>
    <numero>9342</numero>
    <datefinale>2019-12-18</datefinale>
    <datepublicationfinale>2020-04-16</datepublicationfinale>
    <montantfinal>154041.100000</montantfinal>
    <nomcontractant>Lévesque et Associées Construction Inc.</nomcontractant>
    <neqcontractant>1149139215</neqcontractant>
  </contrat>
  <contrat>
    <numeroseao>1222691</numeroseao>
    <numero>G18-002</numero>
    <datefinale>2019-06-10</datefinale>
    <datepublicationfinale>2020-11-11</datepublicationfinale>
    <montantfinal>32093.000000</montantfinal>
    <nomcontractant>Les Ateliers du Carrefour (Carrefour Jeunesse-Emploi)</nomcontractant>
    <neqcontractant>1163303515</neqcontractant>
  </contrat>
  <contrat>
    <numeroseao>1224215</numeroseao>
    <numero>P1455-02-/4211</numero>
    <datefinale>2020-07-28</datefinale>
    <datepublicationfinale>2020-11-05</datepublicationfinale>
    <montantfinal>170094.020000</montantfinal>
    <nomcontractant>Équipements Incendies CMP Mayer inc.</nomcontractant>
    <neqcontractant>1142911370</neqcontractant>
  </contrat>
  <contrat>
    <numeroseao>1227087</numeroseao>
    <numero>GP1901-18186</numero>
    <datefinale>2020-12-23</datefinale>
    <datepublicationfinale>2021-02-19</datepublicationfinale>
    <montantfinal>1860038.110000</montantfinal>
    <nomcontractant>Ali Excavation Inc.</nomcontractant>
    <neqcontractant>1143616580</neqcontractant>
  </contrat>
  <contrat>
    <numeroseao>1270851</numeroseao>
    <numero>P1455-01-  /5661</numero>
    <datefinale>2019-11-07</datefinale>
    <datepublicationfinale>2020-11-05</datepublicationfinale>
    <montantfinal>67756.010000</montantfinal>
    <nomcontractant>Prop Clôtures Ltée</nomcontractant>
    <neqcontractant>1164412901</neqcontractant>
  </contrat>
  <contrat>
    <numeroseao>1271048</numeroseao>
    <numero>51106-3329434</numero>
    <datefinale>2018-09-26</datefinale>
    <datepublicationfinale>2019-08-05</datepublicationfinale>
    <montantfinal>33386.150000</montantfinal>
    <nomcontractant>SDC SAINT_SAUVEUR</nomcontractant>
    <neqcontractant />
  </contrat>
  <contrat>
    <numeroseao>1272929</numeroseao>
    <numero>9572</numero>
    <datefinale>2020-02-26</datefinale>
    <datepublicationfinale>2020-05-14</datepublicationfinale>
    <montantfinal>119716.120000</montantfinal>
    <nomcontractant>Dalcon Inc</nomcontractant>
    <neqcontractant>1143533298</neqcontractant>
  </contrat>
  <contrat>
    <numeroseao>1280737</numeroseao>
    <numero>9481</numero>
    <datefinale>2019-10-23</datefinale>
    <datepublicationfinale>2020-05-13</datepublicationfinale>
    <montantfinal>69938.100000</montantfinal>
    <nomcontractant>Pagui inc.</nomcontractant>
    <neqcontractant>1141727561</neqcontractant>
  </contrat>
  <contrat>
    <numeroseao>1286510</numeroseao>
    <numero>DS-222703</numero>
    <datefinale>2020-07-20</datefinale>
    <datepublicationfinale>2020-10-28</datepublicationfinale>
    <montantfinal>60237.590000</montantfinal>
    <nomcontractant>Oxford Instruments America</nomcontractant>
    <neqcontractant />
  </contrat>
  <contrat>
    <numeroseao>1289378</numeroseao>
    <numero>P1455-01-  /9760</numero>
    <datefinale>2019-09-16</datefinale>
    <datepublicationfinale>2020-06-22</datepublicationfinale>
    <montantfinal>34216.570000</montantfinal>
    <nomcontractant>Les Architectes Goulet et Lebel (2012) Inc.</nomcontractant>
    <neqcontractant>1172425119</neqcontractant>
  </contrat>
  <contrat>
    <numeroseao>1308713</numeroseao>
    <numero>637600-1</numero>
    <datefinale>2021-02-24</datefinale>
    <datepublicationfinale>2020-08-27</datepublicationfinale>
    <montantfinal>147470.260000</montantfinal>
    <nomcontractant>CARREFOUR JEUNESSE-EMPLOI COMTÉS IBERVILLE/ST-JEAN</nomcontractant>
    <neqcontractant>1164993272</neqcontractant>
  </contrat>
  <contrat>
    <numeroseao>1318665</numeroseao>
    <numero>P1455-02- /388X</numero>
    <datefinale>2020-04-27</datefinale>
    <datepublicationfinale>2020-06-22</datepublicationfinale>
    <montantfinal>145828.340000</montantfinal>
    <nomcontractant>9371-9888 qc inc</nomcontractant>
    <neqcontractant>1173354631</neqcontractant>
  </contrat>
  <contrat>
    <numeroseao>1321165</numeroseao>
    <numero>369-19</numero>
    <datefinale>2020-12-31</datefinale>
    <datepublicationfinale>2020-02-28</datepublicationfinale>
    <montantfinal>3269.690000</montantfinal>
    <nomcontractant>Entreprises BLC inc.- Transport BLC inc.</nomcontractant>
    <neqcontractant>1163371801</neqcontractant>
  </contrat>
  <contrat>
    <numeroseao>1325953</numeroseao>
    <numero>2019-024</numero>
    <datefinale>2020-12-31</datefinale>
    <datepublicationfinale>2021-02-18</datepublicationfinale>
    <montantfinal>93354.420000</montantfinal>
    <nomcontractant>Fondation Marie-Vincent</nomcontractant>
    <neqcontractant>1143848894</neqcontractant>
  </contrat>
  <contrat>
    <numeroseao>1330193</numeroseao>
    <numero>P1455-02-01/781R</numero>
    <datefinale>2020-03-06</datefinale>
    <datepublicationfinale>2020-06-22</datepublicationfinale>
    <montantfinal>32783.970000</montantfinal>
    <nomcontractant>RaySource</nomcontractant>
    <neqcontractant>1161333654</neqcontractant>
  </contrat>
  <contrat>
    <numeroseao>1333863</numeroseao>
    <numero>44518711</numero>
    <datefinale>2020-09-02</datefinale>
    <datepublicationfinale>2020-08-04</datepublicationfinale>
    <montantfinal>42300.000000</montantfinal>
    <nomcontractant>SPI Bio Inc.</nomcontractant>
    <neqcontractant>1169980928</neqcontractant>
  </contrat>
  <contrat>
    <numeroseao>1342282</numeroseao>
    <numero>2020-029-1978</numero>
    <datefinale>2020-10-08</datefinale>
    <datepublicationfinale>2020-11-04</datepublicationfinale>
    <montantfinal>51425.970000</montantfinal>
    <nomcontractant>9305-4526 QUÉ INC LES CONSTRUCTIONS JP DUFRESNE ET FILS</nomcontractant>
    <neqcontractant>1170176326</neqcontractant>
  </contrat>
  <contrat>
    <numeroseao>1352152</numeroseao>
    <numero>OU103378 / EX525065</numero>
    <datefinale>2020-11-27</datefinale>
    <datepublicationfinale>2021-01-26</datepublicationfinale>
    <montantfinal>31818.880000</montantfinal>
    <nomcontractant>Noradcom inc</nomcontractant>
    <neqcontractant>1170568969</neqcontractant>
  </contrat>
  <contrat>
    <numeroseao>1352544</numeroseao>
    <numero>CGI 1920-012</numero>
    <datefinale>2020-09-22</datefinale>
    <datepublicationfinale>2020-10-22</datepublicationfinale>
    <montantfinal>183132.350000</montantfinal>
    <nomcontractant>Équipement Pétroliers Lac St Jean</nomcontractant>
    <neqcontractant>1149857162</neqcontractant>
  </contrat>
  <contrat>
    <numeroseao>1354022</numeroseao>
    <numero>P1455-01-  /2367</numero>
    <datefinale>2020-07-27</datefinale>
    <datepublicationfinale>2020-11-05</datepublicationfinale>
    <montantfinal>45625.880000</montantfinal>
    <nomcontractant>Bouchard Ford</nomcontractant>
    <neqcontractant>1167914911</neqcontractant>
  </contrat>
  <contrat>
    <numeroseao>1376569</numeroseao>
    <numero>S0024.22-1 (TR-CHUM-325)</numero>
    <datefinale />
    <datepublicationfinale>2020-10-28</datepublicationfinale>
    <montantfinal>0.000000</montantfinal>
    <nomcontractant>ITI  inc.</nomcontractant>
    <neqcontractant>1173638405</neqcontractant>
  </contrat>
  <contrat>
    <numeroseao>1383172</numeroseao>
    <numero>CG-200621-RY</numero>
    <datefinale>2020-11-26</datefinale>
    <datepublicationfinale>2021-01-19</datepublicationfinale>
    <montantfinal>44141.680000</montantfinal>
    <nomcontractant>Entreprise Électrique MJL inc</nomcontractant>
    <neqcontractant>1149018211</neqcontractant>
  </contrat>
  <contrat>
    <numeroseao>1389423</numeroseao>
    <numero>IM12263 / Réfrigération B</numero>
    <datefinale>2020-10-08</datefinale>
    <datepublicationfinale>2021-02-18</datepublicationfinale>
    <montantfinal>76429.540000</montantfinal>
    <nomcontractant>Réfrigération BD Chaleurs</nomcontractant>
    <neqcontractant>1172163470</neqcontractant>
  </contrat>
  <contrat>
    <numeroseao>1389723</numeroseao>
    <numero>2020-015</numero>
    <datefinale>2020-12-31</datefinale>
    <datepublicationfinale>2021-02-18</datepublicationfinale>
    <montantfinal>308104.540000</montantfinal>
    <nomcontractant>Groupe Robert Inc</nomcontractant>
    <neqcontractant>1143281484</neqcontractant>
  </contrat>
  <contrat>
    <numeroseao>1393522</numeroseao>
    <numero>2019-0028A</numero>
    <datefinale>2020-06-02</datefinale>
    <datepublicationfinale>2020-08-25</datepublicationfinale>
    <montantfinal>74859.000000</montantfinal>
    <nomcontractant>9405-3527 Québec inc.</nomcontractant>
    <neqcontractant>1174884859</neqcontractant>
  </contrat>
  <contrat>
    <numeroseao>1396329</numeroseao>
    <numero>28654</numero>
    <datefinale>2021-01-25</datefinale>
    <datepublicationfinale>2021-01-28</datepublicationfinale>
    <montantfinal>20416.000000</montantfinal>
    <nomcontractant>MATTHIEU SCHMITTBUHL</nomcontractant>
    <neqcontractant>1172408081</neqcontractant>
  </contrat>
  <contrat>
    <numeroseao>1399800</numeroseao>
    <numero>XGCTRCAR20</numero>
    <datefinale>2020-11-30</datefinale>
    <datepublicationfinale>2021-02-22</datepublicationfinale>
    <montantfinal>99157.000000</montantfinal>
    <nomcontractant>Bio-Rad Laboratories (Canada) Ltd.</nomcontractant>
    <neqcontractant>1147660378</neqcontractant>
  </contrat>
  <contrat>
    <numeroseao>1410620</numeroseao>
    <numero>SC-2521</numero>
    <datefinale>2020-06-30</datefinale>
    <datepublicationfinale>2020-09-28</datepublicationfinale>
    <montantfinal>132662.510000</montantfinal>
    <nomcontractant>Decimal</nomcontractant>
    <neqcontractant>1140293037</neqcontractant>
  </contrat>
  <contrat>
    <numeroseao>1415682</numeroseao>
    <numero>29274</numero>
    <datefinale>2021-01-25</datefinale>
    <datepublicationfinale>2021-01-28</datepublicationfinale>
    <montantfinal>35000.000000</montantfinal>
    <nomcontractant>DR. FADI BASILE INC.</nomcontractant>
    <neqcontractant>1167609412</neqcontractant>
  </contrat>
  <contrat>
    <numeroseao>1415965</numeroseao>
    <numero>29292</numero>
    <datefinale>2021-01-25</datefinale>
    <datepublicationfinale>2021-01-28</datepublicationfinale>
    <montantfinal>29100.000000</montantfinal>
    <nomcontractant>DANIELLE CHARPENTIER M.D. INC.</nomcontractant>
    <neqcontractant>1171423099</neqcontractant>
  </contrat>
</export>