{
	"type" : "FeatureCollection",
	"name" : "Suivi des contaminants d'intérêt émergent (CIE)",
	"crs" : {
		"type" : "name",
		"properties" : {
			"name" : "EPSG:32198"
		}
	},
	"features" : [
		{
			"type" : "Feature",
			"geometry" : {
				"type" : "Point",
				"coordinates" : [ -441326.5291460429, 153771.139730325 ]
			},
			"properties" : {
				"STATION" : "00000072",
				"PLAN_DEAU" : "Saint-Laurent, Fleuve",
				"PERIODE" : "2019 à 2020",
				"NB_ECHANTILLONS" : 9,
				"NB_CIE_ANALYSES" : 48,
				"NB_CIE_DETECTES" : 5,
				"PERIODE_DETECTIONS_FICHIER" : "2019 à 2020",
				"DATA" : "https://www.environnement.gouv.qc.ca/eau/atlas/cie/CIE_00000072.xlsx",
				"REFERENCE" : null,
				"RAPPORT" : null,
				"LATITUDE" : 45.2240683769962,
				"LONGITUDE" : -74.115648297721,
				"BASSIN_N1" : "Saint-Laurent, Fleuve",
				"ZGIESL" : "Haut-Saint-Laurent et Grand Montréal"
			}
		},
		{
			"type" : "Feature",
			"geometry" : {
				"type" : "Point",
				"coordinates" : [ -201916.7497115755, 318995.9323018398 ]
			},
			"properties" : {
				"STATION" : "00000077",
				"PLAN_DEAU" : "Saint-Laurent, Fleuve",
				"PERIODE" : "2007 à 2016",
				"NB_ECHANTILLONS" : 18,
				"NB_CIE_ANALYSES" : 27,
				"NB_CIE_DETECTES" : null,
				"PERIODE_DETECTIONS_FICHIER" : "",
				"DATA" : "https://www.environnement.gouv.qc.ca/eau/atlas/cie/CIE_00000077.xlsx",
				"REFERENCE" : "MELCC, 2020",
				"RAPPORT" : "https://www.environnement.gouv.qc.ca/eau/rapport-eau/rapport-eau-2020.pdf",
				"LATITUDE" : 46.8328054,
				"LONGITUDE" : -71.1514521,
				"BASSIN_N1" : "Saint-Laurent, Fleuve",
				"ZGIESL" : "Québec"
			}
		},
		{
			"type" : "Feature",
			"geometry" : {
				"type" : "Point",
				"coordinates" : [ -402009.772939389, 171458.1401976831 ]
			},
			"properties" : {
				"STATION" : "00000078",
				"PLAN_DEAU" : "Saint-Laurent, Fleuve",
				"PERIODE" : "2007 à 2016",
				"NB_ECHANTILLONS" : 17,
				"NB_CIE_ANALYSES" : 27,
				"NB_CIE_DETECTES" : null,
				"PERIODE_DETECTIONS_FICHIER" : "",
				"DATA" : "https://www.environnement.gouv.qc.ca/eau/atlas/cie/CIE_00000078.xlsx",
				"REFERENCE" : "MELCC, 2020",
				"RAPPORT" : "https://www.environnement.gouv.qc.ca/eau/rapport-eau/rapport-eau-2020.pdf",
				"LATITUDE" : 45.409040408,
				"LONGITUDE" : -73.6332720414,
				"BASSIN_N1" : "Saint-Laurent, Fleuve",
				"ZGIESL" : "Haut-Saint-Laurent et Grand Montréal"
			}
		},
		{
			"type" : "Feature",
			"geometry" : {
				"type" : "Point",
				"coordinates" : [ -370778.4855280825, 221265.7587547647 ]
			},
			"properties" : {
				"STATION" : "00000079",
				"PLAN_DEAU" : "Saint-Laurent, Fleuve",
				"PERIODE" : "2000 à 2016",
				"NB_ECHANTILLONS" : 48,
				"NB_CIE_ANALYSES" : 38,
				"NB_CIE_DETECTES" : null,
				"PERIODE_DETECTIONS_FICHIER" : "",
				"DATA" : "https://www.environnement.gouv.qc.ca/eau/atlas/cie/CIE_00000079.xlsx",
				"REFERENCE" : "MELCC, 2020",
				"RAPPORT" : "https://www.environnement.gouv.qc.ca/eau/rapport-eau/rapport-eau-2020.pdf",
				"LATITUDE" : 45.8751974289856,
				"LONGITUDE" : -73.2781051556859,
				"BASSIN_N1" : "Saint-Laurent, Fleuve",
				"ZGIESL" : "Haut-Saint-Laurent et Grand Montréal"
			}
		},
		{
			"type" : "Feature",
			"geometry" : {
				"type" : "Point",
				"coordinates" : [ -362379.7925287855, 234179.9199230745 ]
			},
			"properties" : {
				"STATION" : "00000087",
				"PLAN_DEAU" : "Saint-Laurent, Fleuve",
				"PERIODE" : "2007 à 2020",
				"NB_ECHANTILLONS" : 25,
				"NB_CIE_ANALYSES" : 80,
				"NB_CIE_DETECTES" : 11,
				"PERIODE_DETECTIONS_FICHIER" : "2019 à 2020",
				"DATA" : "https://www.environnement.gouv.qc.ca/eau/atlas/cie/CIE_00000087.xlsx",
				"REFERENCE" : "MELCC, 2020",
				"RAPPORT" : "https://www.environnement.gouv.qc.ca/eau/rapport-eau/rapport-eau-2020.pdf",
				"LATITUDE" : 45.996105,
				"LONGITUDE" : -73.181056,
				"BASSIN_N1" : "Saint-Laurent, Fleuve",
				"ZGIESL" : "Lac Saint-Pierre"
			}
		},
		{
			"type" : "Feature",
			"geometry" : {
				"type" : "Point",
				"coordinates" : [ -312703.0377081101, 265969.673082497 ]
			},
			"properties" : {
				"STATION" : "00000091",
				"PLAN_DEAU" : "Saint-Laurent, Fleuve",
				"PERIODE" : "2009 à 2016",
				"NB_ECHANTILLONS" : 12,
				"NB_CIE_ANALYSES" : 71,
				"NB_CIE_DETECTES" : null,
				"PERIODE_DETECTIONS_FICHIER" : "",
				"DATA" : "https://www.environnement.gouv.qc.ca/eau/atlas/cie/CIE_00000091.xlsx",
				"REFERENCE" : "MELCC, 2020",
				"RAPPORT" : "https://www.environnement.gouv.qc.ca/eau/rapport-eau/rapport-eau-2020.pdf",
				"LATITUDE" : 46.308958,
				"LONGITUDE" : -72.564131,
				"BASSIN_N1" : "Saint-Laurent, Fleuve",
				"ZGIESL" : "Lac Saint-Pierre"
			}
		},
		{
			"type" : "Feature",
			"geometry" : {
				"type" : "Point",
				"coordinates" : [ -299082.6315807993, 276050.7898474243 ]
			},
			"properties" : {
				"STATION" : "00000094",
				"PLAN_DEAU" : "Saint-Laurent, Fleuve",
				"PERIODE" : "2009 à 2016",
				"NB_ECHANTILLONS" : 12,
				"NB_CIE_ANALYSES" : 71,
				"NB_CIE_DETECTES" : null,
				"PERIODE_DETECTIONS_FICHIER" : "",
				"DATA" : "https://www.environnement.gouv.qc.ca/eau/atlas/cie/CIE_00000094.xlsx",
				"REFERENCE" : "MELCC, 2020",
				"RAPPORT" : "https://www.environnement.gouv.qc.ca/eau/rapport-eau/rapport-eau-2020.pdf",
				"LATITUDE" : 46.406389,
				"LONGITUDE" : -72.39459,
				"BASSIN_N1" : "Saint-Laurent, Fleuve",
				"ZGIESL" : "Estuaire fluvial"
			}
		},
		{
			"type" : "Feature",
			"geometry" : {
				"type" : "Point",
				"coordinates" : [ -385017.181964417, 204023.4937935211 ]
			},
			"properties" : {
				"STATION" : "00000096",
				"PLAN_DEAU" : "Saint-Laurent, Fleuve",
				"PERIODE" : "2007 à 2020",
				"NB_ECHANTILLONS" : 18,
				"NB_CIE_ANALYSES" : 66,
				"NB_CIE_DETECTES" : 7,
				"PERIODE_DETECTIONS_FICHIER" : "2019 à 2020",
				"DATA" : "https://www.environnement.gouv.qc.ca/eau/atlas/cie/CIE_00000096.xlsx",
				"REFERENCE" : "Berryman et collab., 2014",
				"RAPPORT" : "https://www.planstlaurent.qc.ca/fileadmin/publications/Resultats_2011-2016/Qualite_eau/10_1_2/Fiche_qualite_de_l_eau_fr_2015.pdf",
				"LATITUDE" : 45.711798,
				"LONGITUDE" : -73.445688,
				"BASSIN_N1" : "Saint-Laurent, Fleuve",
				"ZGIESL" : "Haut-Saint-Laurent et Grand Montréal"
			}
		},
		{
			"type" : "Feature",
			"geometry" : {
				"type" : "Point",
				"coordinates" : [ -387392.5933222438, 197905.3394895624 ]
			},
			"properties" : {
				"STATION" : "00000109",
				"PLAN_DEAU" : "Saint-Laurent, Fleuve",
				"PERIODE" : "2009 à 2016",
				"NB_ECHANTILLONS" : 12,
				"NB_CIE_ANALYSES" : 71,
				"NB_CIE_DETECTES" : null,
				"PERIODE_DETECTIONS_FICHIER" : "",
				"DATA" : "https://www.environnement.gouv.qc.ca/eau/atlas/cie/CIE_00000109.xlsx",
				"REFERENCE" : "MELCC, 2020",
				"RAPPORT" : "https://www.environnement.gouv.qc.ca/eau/rapport-eau/rapport-eau-2020.pdf",
				"LATITUDE" : 45.655441,
				"LONGITUDE" : -73.470653,
				"BASSIN_N1" : "Saint-Laurent, Fleuve",
				"ZGIESL" : "Haut-Saint-Laurent et Grand Montréal"
			}
		},
		{
			"type" : "Feature",
			"geometry" : {
				"type" : "Point",
				"coordinates" : [ -216981.6139151767, 308600.4131485708 ]
			},
			"properties" : {
				"STATION" : "00000142",
				"PLAN_DEAU" : "Saint-Laurent, Fleuve",
				"PERIODE" : "2019 à 2020",
				"NB_ECHANTILLONS" : 8,
				"NB_CIE_ANALYSES" : 45,
				"NB_CIE_DETECTES" : 9,
				"PERIODE_DETECTIONS_FICHIER" : "2019 à 2020",
				"DATA" : "https://www.environnement.gouv.qc.ca/eau/atlas/cie/CIE_00000142.xlsx",
				"REFERENCE" : null,
				"RAPPORT" : null,
				"LATITUDE" : 46.73401,
				"LONGITUDE" : -71.343652,
				"BASSIN_N1" : "Saint-Laurent, Fleuve",
				"ZGIESL" : "Québec"
			}
		},
		{
			"type" : "Feature",
			"geometry" : {
				"type" : "Point",
				"coordinates" : [ -189049.4578081937, 305966.6194770327 ]
			},
			"properties" : {
				"STATION" : "02300002",
				"PLAN_DEAU" : "Boyer Sud, Rivière",
				"PERIODE" : "2007",
				"NB_ECHANTILLONS" : 1,
				"NB_CIE_ANALYSES" : 16,
				"NB_CIE_DETECTES" : null,
				"PERIODE_DETECTIONS_FICHIER" : "",
				"DATA" : "https://www.environnement.gouv.qc.ca/eau/atlas/cie/CIE_02300002.xlsx",
				"REFERENCE" : "Patoine, 2018",
				"RAPPORT" : "https://www.environnement.gouv.qc.ca/eau/flrivlac/suivi-exploratoire-steroides.pdf",
				"LATITUDE" : 46.719652,
				"LONGITUDE" : -70.976707,
				"BASSIN_N1" : "Boyer, Rivière",
				"BASSIN_N2" : "Boyer Sud, Rivière",
				"ZGIEBV" : "Côte-du-Sud"
			}
		},
		{
			"type" : "Feature",
			"geometry" : {
				"type" : "Point",
				"coordinates" : [ -183692.6826096473, 313699.4682990927 ]
			},
			"properties" : {
				"STATION" : "02300004",
				"PLAN_DEAU" : "Portage, Ruisseau du",
				"PERIODE" : "2007",
				"NB_ECHANTILLONS" : 1,
				"NB_CIE_ANALYSES" : 16,
				"NB_CIE_DETECTES" : null,
				"PERIODE_DETECTIONS_FICHIER" : "",
				"DATA" : "https://www.environnement.gouv.qc.ca/eau/atlas/cie/CIE_02300004.xlsx",
				"REFERENCE" : "Patoine, 2018",
				"RAPPORT" : "https://www.environnement.gouv.qc.ca/eau/flrivlac/suivi-exploratoire-steroides.pdf",
				"LATITUDE" : 46.7909218,
				"LONGITUDE" : -70.909993,
				"BASSIN_N1" : "Boyer, Rivière",
				"BASSIN_N2" : "Portage, Ruisseau du",
				"ZGIEBV" : "Côte-du-Sud"
			}
		},
		{
			"type" : "Feature",
			"geometry" : {
				"type" : "Point",
				"coordinates" : [ -208072.9659402762, 311120.9571487205 ]
			},
			"properties" : {
				"STATION" : "02330001",
				"PLAN_DEAU" : "Etchemin, Rivière",
				"PERIODE" : "2015",
				"NB_ECHANTILLONS" : 4,
				"NB_CIE_ANALYSES" : 47,
				"NB_CIE_DETECTES" : null,
				"PERIODE_DETECTIONS_FICHIER" : "",
				"DATA" : "https://www.environnement.gouv.qc.ca/eau/atlas/cie/CIE_02330001.xlsx",
				"REFERENCE" : "MELCC, 2020",
				"RAPPORT" : "https://www.environnement.gouv.qc.ca/eau/eco_aqua/toxique/contaminants-emergent-Quebec-meridional.pdf",
				"LATITUDE" : 46.759823,
				"LONGITUDE" : -71.228274,
				"BASSIN_N1" : "Etchemin, Rivière",
				"ZGIEBV" : "Etchemin",
				"ZGIESL" : "Québec"
			}
		},
		{
			"type" : "Feature",
			"geometry" : {
				"type" : "Point",
				"coordinates" : [ -181339.8313084089, 291937.633347556 ]
			},
			"properties" : {
				"STATION" : "02330006",
				"PLAN_DEAU" : "Etchemin, Rivière",
				"PERIODE" : "2015",
				"NB_ECHANTILLONS" : 4,
				"NB_CIE_ANALYSES" : 47,
				"NB_CIE_DETECTES" : null,
				"PERIODE_DETECTIONS_FICHIER" : "",
				"DATA" : "https://www.environnement.gouv.qc.ca/eau/atlas/cie/CIE_02330006.xlsx",
				"REFERENCE" : "MELCC, 2020",
				"RAPPORT" : "https://www.environnement.gouv.qc.ca/eau/eco_aqua/toxique/contaminants-emergent-Quebec-meridional.pdf",
				"LATITUDE" : 46.595713,
				"LONGITUDE" : -70.869696,
				"BASSIN_N1" : "Etchemin, Rivière",
				"ZGIEBV" : "Etchemin"
			}
		},
		{
			"type" : "Feature",
			"geometry" : {
				"type" : "Point",
				"coordinates" : [ -202048.3001096548, 298462.9746807432 ]
			},
			"properties" : {
				"STATION" : "02330029",
				"PLAN_DEAU" : "Saint-Patrice, Ruisseau",
				"PERIODE" : "2007",
				"NB_ECHANTILLONS" : 1,
				"NB_CIE_ANALYSES" : 16,
				"NB_CIE_DETECTES" : null,
				"PERIODE_DETECTIONS_FICHIER" : "",
				"DATA" : "https://www.environnement.gouv.qc.ca/eau/atlas/cie/CIE_02330029.xlsx",
				"REFERENCE" : "Patoine, 2018",
				"RAPPORT" : "https://www.environnement.gouv.qc.ca/eau/flrivlac/suivi-exploratoire-steroides.pdf",
				"LATITUDE" : 46.6479172846331,
				"LONGITUDE" : -71.1432232719163,
				"BASSIN_N1" : "Etchemin, Rivière",
				"BASSIN_N2" : "Bras, Le",
				"ZGIEBV" : "Etchemin"
			}
		},
		{
			"type" : "Feature",
			"geometry" : {
				"type" : "Point",
				"coordinates" : [ -162568.0165617181, 278245.0802066009 ]
			},
			"properties" : {
				"STATION" : "02330071",
				"PLAN_DEAU" : "Etchemin, Rivière",
				"PERIODE" : "2015",
				"NB_ECHANTILLONS" : 4,
				"NB_CIE_ANALYSES" : 47,
				"NB_CIE_DETECTES" : null,
				"PERIODE_DETECTIONS_FICHIER" : "",
				"DATA" : "https://www.environnement.gouv.qc.ca/eau/atlas/cie/CIE_02330071.xlsx",
				"REFERENCE" : "MELCC, 2020",
				"RAPPORT" : "https://www.environnement.gouv.qc.ca/eau/eco_aqua/toxique/contaminants-emergent-Quebec-meridional.pdf",
				"LATITUDE" : 46.477768,
				"LONGITUDE" : -70.619246,
				"BASSIN_N1" : "Etchemin, Rivière",
				"ZGIEBV" : "Etchemin"
			}
		},
		{
			"type" : "Feature",
			"geometry" : {
				"type" : "Point",
				"coordinates" : [ -156848.3438578437, 231579.1712328037 ]
			},
			"properties" : {
				"STATION" : "02340003",
				"PLAN_DEAU" : "Loup, Rivière du",
				"PERIODE" : "2007",
				"NB_ECHANTILLONS" : 1,
				"NB_CIE_ANALYSES" : 16,
				"NB_CIE_DETECTES" : null,
				"PERIODE_DETECTIONS_FICHIER" : "",
				"DATA" : "https://www.environnement.gouv.qc.ca/eau/atlas/cie/CIE_02340003.xlsx",
				"REFERENCE" : "Patoine, 2018",
				"RAPPORT" : "https://www.environnement.gouv.qc.ca/eau/flrivlac/suivi-exploratoire-steroides.pdf",
				"LATITUDE" : 46.0593894,
				"LONGITUDE" : -70.5274937,
				"BASSIN_N1" : "Chaudière, Rivière",
				"BASSIN_N2" : "Loup, Rivière du",
				"ZGIEBV" : "Chaudière"
			}
		},
		{
			"type" : "Feature",
			"geometry" : {
				"type" : "Point",
				"coordinates" : [ -212259.8647256967, 304880.1478488334 ]
			},
			"properties" : {
				"STATION" : "02340033",
				"PLAN_DEAU" : "Chaudière, Rivière",
				"PERIODE" : "2000 à 2008",
				"NB_ECHANTILLONS" : 36,
				"NB_CIE_ANALYSES" : 15,
				"NB_CIE_DETECTES" : null,
				"PERIODE_DETECTIONS_FICHIER" : "",
				"DATA" : "https://www.environnement.gouv.qc.ca/eau/atlas/cie/CIE_02340033.xlsx",
				"REFERENCE" : "Berryman et collab., 2012",
				"RAPPORT" : "https://www.environnement.gouv.qc.ca/eau/eco_aqua/toxique/composes-perfluores/rapport-cours-eau-potable.pdf",
				"LATITUDE" : 46.702194,
				"LONGITUDE" : -71.279941,
				"BASSIN_N1" : "Chaudière, Rivière",
				"ZGIEBV" : "Chaudière",
				"ZGIESL" : "Québec"
			}
		},
		{
			"type" : "Feature",
			"geometry" : {
				"type" : "Point",
				"coordinates" : [ -212296.964307031, 308677.2349311858 ]
			},
			"properties" : {
				"STATION" : "02340050",
				"PLAN_DEAU" : "Chaudière, Rivière",
				"PERIODE" : "2020",
				"NB_ECHANTILLONS" : 5,
				"NB_CIE_ANALYSES" : 47,
				"NB_CIE_DETECTES" : 10,
				"PERIODE_DETECTIONS_FICHIER" : "2020",
				"DATA" : "https://www.environnement.gouv.qc.ca/eau/atlas/cie/CIE_02340050.xlsx",
				"REFERENCE" : null,
				"RAPPORT" : null,
				"LATITUDE" : 46.73636,
				"LONGITUDE" : -71.282359,
				"BASSIN_N1" : "Chaudière, Rivière",
				"ZGIEBV" : "Chaudière",
				"ZGIESL" : "Québec"
			}
		},
		{
			"type" : "Feature",
			"geometry" : {
				"type" : "Point",
				"coordinates" : [ -186840.2865932143, 243600.6279072696 ]
			},
			"properties" : {
				"STATION" : "02340081",
				"PLAN_DEAU" : "Saint-Victor, Bras",
				"PERIODE" : "2002 à 2010",
				"NB_ECHANTILLONS" : 16,
				"NB_CIE_ANALYSES" : 11,
				"NB_CIE_DETECTES" : null,
				"PERIODE_DETECTIONS_FICHIER" : "",
				"DATA" : "https://www.environnement.gouv.qc.ca/eau/atlas/cie/CIE_02340081.xlsx",
				"REFERENCE" : "Berryman et collab., 2012",
				"RAPPORT" : "https://www.environnement.gouv.qc.ca/eau/eco_aqua/nonylphenol/cours-deau2000-2010.htm",
				"LATITUDE" : 46.1591276409758,
				"LONGITUDE" : -70.9201655158589,
				"BASSIN_N1" : "Chaudière, Rivière",
				"BASSIN_N2" : "Saint-Victor, Bras",
				"ZGIEBV" : "Chaudière"
			}
		},
		{
			"type" : "Feature",
			"geometry" : {
				"type" : "Point",
				"coordinates" : [ -203348.8191439944, 282941.3492833888 ]
			},
			"properties" : {
				"STATION" : "02340086",
				"PLAN_DEAU" : "Îles Brûlées, Rivière des",
				"PERIODE" : "2007",
				"NB_ECHANTILLONS" : 1,
				"NB_CIE_ANALYSES" : 16,
				"NB_CIE_DETECTES" : null,
				"PERIODE_DETECTIONS_FICHIER" : "",
				"DATA" : "https://www.environnement.gouv.qc.ca/eau/atlas/cie/CIE_02340086.xlsx",
				"REFERENCE" : "Patoine, 2018",
				"RAPPORT" : "https://www.environnement.gouv.qc.ca/eau/flrivlac/suivi-exploratoire-steroides.pdf",
				"LATITUDE" : 46.5077915910557,
				"LONGITUDE" : -71.1526975275275,
				"BASSIN_N1" : "Chaudière, Rivière",
				"BASSIN_N2" : "Îles Brûlées, Rivière des",
				"ZGIEBV" : "Chaudière"
			}
		},
		{
			"type" : "Feature",
			"geometry" : {
				"type" : "Point",
				"coordinates" : [ -208575.0831756181, 283365.7522806963 ]
			},
			"properties" : {
				"STATION" : "02340099",
				"PLAN_DEAU" : "Henri, Bras d'",
				"PERIODE" : "2007",
				"NB_ECHANTILLONS" : 11,
				"NB_CIE_ANALYSES" : 16,
				"NB_CIE_DETECTES" : null,
				"PERIODE_DETECTIONS_FICHIER" : "",
				"DATA" : "https://www.environnement.gouv.qc.ca/eau/atlas/cie/CIE_02340099.xlsx",
				"REFERENCE" : "Patoine, 2018",
				"RAPPORT" : "https://www.environnement.gouv.qc.ca/eau/flrivlac/suivi-exploratoire-steroides.pdf",
				"LATITUDE" : 46.509844,
				"LONGITUDE" : -71.22102,
				"BASSIN_N1" : "Chaudière, Rivière",
				"BASSIN_N2" : "Beaurivage, Rivière",
				"ZGIEBV" : "Chaudière"
			}
		},
		{
			"type" : "Feature",
			"geometry" : {
				"type" : "Point",
				"coordinates" : [ -187887.6609579246, 241695.0272481553 ]
			},
			"properties" : {
				"STATION" : "02340212",
				"PLAN_DEAU" : "Saint-Victor, Bras",
				"PERIODE" : "2002",
				"NB_ECHANTILLONS" : 2,
				"NB_CIE_ANALYSES" : 2,
				"NB_CIE_DETECTES" : null,
				"PERIODE_DETECTIONS_FICHIER" : "",
				"DATA" : "https://www.environnement.gouv.qc.ca/eau/atlas/cie/CIE_02340212.xlsx",
				"REFERENCE" : "Berryman, 2005",
				"RAPPORT" : "https://www.environnement.gouv.qc.ca/eau/eco_aqua/nonylphenol/nonyl-textile.htm",
				"LATITUDE" : 46.141669,
				"LONGITUDE" : -70.932883,
				"BASSIN_N1" : "Chaudière, Rivière",
				"BASSIN_N2" : "Saint-Victor, Bras",
				"ZGIEBV" : "Chaudière"
			}
		},
		{
			"type" : "Feature",
			"geometry" : {
				"type" : "Point",
				"coordinates" : [ -228015.741111394, 232521.6761844102 ]
			},
			"properties" : {
				"STATION" : "02400005",
				"PLAN_DEAU" : "Bécancour, Rivière",
				"PERIODE" : "2013",
				"NB_ECHANTILLONS" : 4,
				"NB_CIE_ANALYSES" : 36,
				"NB_CIE_DETECTES" : null,
				"PERIODE_DETECTIONS_FICHIER" : "",
				"DATA" : "https://www.environnement.gouv.qc.ca/eau/atlas/cie/CIE_02400005.xlsx",
				"REFERENCE" : "MELCC, 2020",
				"RAPPORT" : "https://www.environnement.gouv.qc.ca/eau/eco_aqua/toxique/contaminants-emergent-Quebec-meridional.pdf",
				"LATITUDE" : 46.045612,
				"LONGITUDE" : -71.44706,
				"BASSIN_N1" : "Bécancour, Rivière",
				"ZGIEBV" : "Bécancour"
			}
		},
		{
			"type" : "Feature",
			"geometry" : {
				"type" : "Point",
				"coordinates" : [ -251054.39468735, 248908.015007861 ]
			},
			"properties" : {
				"STATION" : "02400048",
				"PLAN_DEAU" : "Bourbon, Rivière",
				"PERIODE" : "2010 à 2011",
				"NB_ECHANTILLONS" : 7,
				"NB_CIE_ANALYSES" : 4,
				"NB_CIE_DETECTES" : null,
				"PERIODE_DETECTIONS_FICHIER" : "",
				"DATA" : "https://www.environnement.gouv.qc.ca/eau/atlas/cie/CIE_02400048.xlsx",
				"REFERENCE" : "Patoine, 2018",
				"RAPPORT" : "https://www.environnement.gouv.qc.ca/eau/flrivlac/suivi-exploratoire-steroides.pdf",
				"LATITUDE" : 46.183949,
				"LONGITUDE" : -71.754064,
				"BASSIN_N1" : "Bécancour, Rivière",
				"BASSIN_N2" : "Bourbon, Rivière",
				"ZGIEBV" : "Bécancour"
			}
		},
		{
			"type" : "Feature",
			"geometry" : {
				"type" : "Point",
				"coordinates" : [ -280313.1307170317, 253003.8089659978 ]
			},
			"properties" : {
				"STATION" : "02400050",
				"PLAN_DEAU" : "Bécancour, Rivière",
				"PERIODE" : "2000 à 2008",
				"NB_ECHANTILLONS" : 22,
				"NB_CIE_ANALYSES" : 15,
				"NB_CIE_DETECTES" : null,
				"PERIODE_DETECTIONS_FICHIER" : "",
				"DATA" : "https://www.environnement.gouv.qc.ca/eau/atlas/cie/CIE_02400050.xlsx",
				"REFERENCE" : "Berryman et collab., 2012",
				"RAPPORT" : "https://www.environnement.gouv.qc.ca/eau/eco_aqua/toxique/composes-perfluores/rapport-cours-eau-potable.pdf",
				"LATITUDE" : 46.20809739,
				"LONGITUDE" : -72.13538062,
				"BASSIN_N1" : "Bécancour, Rivière",
				"ZGIEBV" : "Bécancour"
			}
		},
		{
			"type" : "Feature",
			"geometry" : {
				"type" : "Point",
				"coordinates" : [ -251855.925445588, 252163.7795480629 ]
			},
			"properties" : {
				"STATION" : "02400051",
				"PLAN_DEAU" : "Bourbon, Rivière",
				"PERIODE" : "2002",
				"NB_ECHANTILLONS" : 2,
				"NB_CIE_ANALYSES" : 2,
				"NB_CIE_DETECTES" : null,
				"PERIODE_DETECTIONS_FICHIER" : "",
				"DATA" : "https://www.environnement.gouv.qc.ca/eau/atlas/cie/CIE_02400051.xlsx",
				"REFERENCE" : "Berryman, 2005",
				"RAPPORT" : "https://www.environnement.gouv.qc.ca/eau/eco_aqua/nonylphenol/nonyl-textile.htm",
				"LATITUDE" : 46.212892,
				"LONGITUDE" : -71.7663636,
				"BASSIN_N1" : "Bécancour, Rivière",
				"BASSIN_N2" : "Bourbon, Rivière",
				"ZGIEBV" : "Bécancour"
			}
		},
		{
			"type" : "Feature",
			"geometry" : {
				"type" : "Point",
				"coordinates" : [ -253815.2574642876, 255075.5556319235 ]
			},
			"properties" : {
				"STATION" : "02400052",
				"PLAN_DEAU" : "Bourbon, Rivière",
				"PERIODE" : "2002 à 2003",
				"NB_ECHANTILLONS" : 11,
				"NB_CIE_ANALYSES" : 2,
				"NB_CIE_DETECTES" : null,
				"PERIODE_DETECTIONS_FICHIER" : "",
				"DATA" : "https://www.environnement.gouv.qc.ca/eau/atlas/cie/CIE_02400052.xlsx",
				"REFERENCE" : "Berryman, 2005",
				"RAPPORT" : "https://www.environnement.gouv.qc.ca/eau/eco_aqua/nonylphenol/nonyl-textile.htm",
				"LATITUDE" : 46.2382638,
				"LONGITUDE" : -71.7934756,
				"BASSIN_N1" : "Bécancour, Rivière",
				"BASSIN_N2" : "Bourbon, Rivière",
				"ZGIEBV" : "Bécancour"
			}
		},
		{
			"type" : "Feature",
			"geometry" : {
				"type" : "Point",
				"coordinates" : [ -268856.9824609483, 250408.9199141525 ]
			},
			"properties" : {
				"STATION" : "02400065",
				"PLAN_DEAU" : "Blanche, Rivière",
				"PERIODE" : "2009 à 2010",
				"NB_ECHANTILLONS" : 5,
				"NB_CIE_ANALYSES" : 11,
				"NB_CIE_DETECTES" : null,
				"PERIODE_DETECTIONS_FICHIER" : "",
				"DATA" : "https://www.environnement.gouv.qc.ca/eau/atlas/cie/CIE_02400065.xlsx",
				"REFERENCE" : "Berryman et collab., 2012",
				"RAPPORT" : "https://www.environnement.gouv.qc.ca/eau/eco_aqua/nonylphenol/cours-deau2000-2010.htm",
				"LATITUDE" : 46.1899,
				"LONGITUDE" : -71.985408,
				"BASSIN_N1" : "Bécancour, Rivière",
				"BASSIN_N2" : "Blanche, Rivière",
				"ZGIEBV" : "Bécancour"
			}
		},
		{
			"type" : "Feature",
			"geometry" : {
				"type" : "Point",
				"coordinates" : [ -253761.6569991823, 256950.263157038 ]
			},
			"properties" : {
				"STATION" : "02400076",
				"PLAN_DEAU" : "Bourbon, Rivière",
				"PERIODE" : "2013",
				"NB_ECHANTILLONS" : 4,
				"NB_CIE_ANALYSES" : 36,
				"NB_CIE_DETECTES" : null,
				"PERIODE_DETECTIONS_FICHIER" : "",
				"DATA" : "https://www.environnement.gouv.qc.ca/eau/atlas/cie/CIE_02400076.xlsx",
				"REFERENCE" : "MELCC, 2020",
				"RAPPORT" : "https://www.environnement.gouv.qc.ca/eau/eco_aqua/toxique/contaminants-emergent-Quebec-meridional.pdf",
				"LATITUDE" : 46.255142,
				"LONGITUDE" : -71.7939,
				"BASSIN_N1" : "Bécancour, Rivière",
				"BASSIN_N2" : "Bourbon, Rivière",
				"ZGIEBV" : "Bécancour"
			}
		},
		{
			"type" : "Feature",
			"geometry" : {
				"type" : "Point",
				"coordinates" : [ -316518.2954853381, 246390.8023750577 ]
			},
			"properties" : {
				"STATION" : "03010046",
				"PLAN_DEAU" : "Saint-Zéphirin, Rivière",
				"PERIODE" : "2010 à 2011",
				"NB_ECHANTILLONS" : 13,
				"NB_CIE_ANALYSES" : 4,
				"NB_CIE_DETECTES" : null,
				"PERIODE_DETECTIONS_FICHIER" : "",
				"DATA" : "https://www.environnement.gouv.qc.ca/eau/atlas/cie/CIE_03010046.xlsx",
				"REFERENCE" : "Patoine, 2018",
				"RAPPORT" : "https://www.environnement.gouv.qc.ca/eau/flrivlac/suivi-exploratoire-steroides.pdf",
				"LATITUDE" : 46.13107,
				"LONGITUDE" : -72.599049,
				"BASSIN_N1" : "Nicolet, Rivière",
				"BASSIN_N2" : "Nicolet Sud-Ouest, Rivière",
				"ZGIEBV" : "Nicolet"
			}
		},
		{
			"type" : "Feature",
			"geometry" : {
				"type" : "Point",
				"coordinates" : [ -272453.9966219517, 227024.9913967047 ]
			},
			"properties" : {
				"STATION" : "03010094",
				"PLAN_DEAU" : "Pins, Rivière des",
				"PERIODE" : "2007 à 2008",
				"NB_ECHANTILLONS" : 3,
				"NB_CIE_ANALYSES" : 13,
				"NB_CIE_DETECTES" : null,
				"PERIODE_DETECTIONS_FICHIER" : "",
				"DATA" : "https://www.environnement.gouv.qc.ca/eau/atlas/cie/CIE_03010094.xlsx",
				"REFERENCE" : "Berryman et collab., 2012",
				"RAPPORT" : "https://www.environnement.gouv.qc.ca/eau/eco_aqua/toxique/composes-perfluores/rapport-cours-eau-potable.pdf",
				"LATITUDE" : 45.978157,
				"LONGITUDE" : -72.017077,
				"BASSIN_N1" : "Nicolet, Rivière",
				"BASSIN_N2" : "Pins, Rivière des",
				"ZGIEBV" : "Nicolet"
			}
		},
		{
			"type" : "Feature",
			"geometry" : {
				"type" : "Point",
				"coordinates" : [ -280070.2237756153, 214500.8533973014 ]
			},
			"properties" : {
				"STATION" : "03010123",
				"PLAN_DEAU" : "Nicolet Sud-Ouest, Rivière",
				"PERIODE" : "2013",
				"NB_ECHANTILLONS" : 1,
				"NB_CIE_ANALYSES" : 36,
				"NB_CIE_DETECTES" : null,
				"PERIODE_DETECTIONS_FICHIER" : "",
				"DATA" : "https://www.environnement.gouv.qc.ca/eau/atlas/cie/CIE_03010123.xlsx",
				"REFERENCE" : "MELCC, 2020",
				"RAPPORT" : "https://www.environnement.gouv.qc.ca/eau/eco_aqua/toxique/contaminants-emergent-Quebec-meridional.pdf",
				"LATITUDE" : 45.862228,
				"LONGITUDE" : -72.107087,
				"BASSIN_N1" : "Nicolet, Rivière",
				"BASSIN_N2" : "Nicolet Sud-Ouest, Rivière",
				"ZGIEBV" : "Nicolet"
			}
		},
		{
			"type" : "Feature",
			"geometry" : {
				"type" : "Point",
				"coordinates" : [ -269925.6185903706, 234335.5535238311 ]
			},
			"properties" : {
				"STATION" : "03010125",
				"PLAN_DEAU" : "Nicolet, Rivière",
				"PERIODE" : "2013",
				"NB_ECHANTILLONS" : 4,
				"NB_CIE_ANALYSES" : 36,
				"NB_CIE_DETECTES" : null,
				"PERIODE_DETECTIONS_FICHIER" : "",
				"DATA" : "https://www.environnement.gouv.qc.ca/eau/atlas/cie/CIE_03010125.xlsx",
				"REFERENCE" : "MELCC, 2020",
				"RAPPORT" : "https://www.environnement.gouv.qc.ca/eau/eco_aqua/toxique/contaminants-emergent-Quebec-meridional.pdf",
				"LATITUDE" : 46.044964,
				"LONGITUDE" : -71.989088,
				"BASSIN_N1" : "Nicolet, Rivière",
				"ZGIEBV" : "Nicolet"
			}
		},
		{
			"type" : "Feature",
			"geometry" : {
				"type" : "Point",
				"coordinates" : [ -283047.6162469804, 216270.6090318421 ]
			},
			"properties" : {
				"STATION" : "03010127",
				"PLAN_DEAU" : "Nicolet Sud-Ouest, Rivière",
				"PERIODE" : "2013",
				"NB_ECHANTILLONS" : 3,
				"NB_CIE_ANALYSES" : 36,
				"NB_CIE_DETECTES" : null,
				"PERIODE_DETECTIONS_FICHIER" : "",
				"DATA" : "https://www.environnement.gouv.qc.ca/eau/atlas/cie/CIE_03010127.xlsx",
				"REFERENCE" : "MELCC, 2020",
				"RAPPORT" : "https://www.environnement.gouv.qc.ca/eau/eco_aqua/toxique/contaminants-emergent-Quebec-meridional.pdf",
				"LATITUDE" : 45.876769,
				"LONGITUDE" : -72.146528,
				"BASSIN_N1" : "Nicolet, Rivière",
				"BASSIN_N2" : "Nicolet Sud-Ouest, Rivière",
				"ZGIEBV" : "Nicolet"
			}
		},
		{
			"type" : "Feature",
			"geometry" : {
				"type" : "Point",
				"coordinates" : [ -333657.0787632897, 240338.8649062347 ]
			},
			"properties" : {
				"STATION" : "03020031",
				"PLAN_DEAU" : "Saint-François, Rivière",
				"PERIODE" : "2007 à 2019",
				"NB_ECHANTILLONS" : 14,
				"NB_CIE_ANALYSES" : 43,
				"NB_CIE_DETECTES" : 5,
				"PERIODE_DETECTIONS_FICHIER" : "2019",
				"DATA" : "https://www.environnement.gouv.qc.ca/eau/atlas/cie/CIE_03020031.xlsx",
				"REFERENCE" : "Berryman et collab., 2012",
				"RAPPORT" : "https://www.environnement.gouv.qc.ca/eau/eco_aqua/toxique/composes-perfluores/rapport-cours-eau-potable.pdf",
				"LATITUDE" : 46.067644,
				"LONGITUDE" : -72.815758,
				"BASSIN_N1" : "Saint-François, Rivière",
				"ZGIEBV" : "Saint-François",
				"ZGIESL" : "Lac Saint-Pierre"
			}
		},
		{
			"type" : "Feature",
			"geometry" : {
				"type" : "Point",
				"coordinates" : [ -269229.620085509, 171061.8476541918 ]
			},
			"properties" : {
				"STATION" : "03020035",
				"PLAN_DEAU" : "Saint-François, Rivière",
				"PERIODE" : "2007 à 2010",
				"NB_ECHANTILLONS" : 17,
				"NB_CIE_ANALYSES" : 49,
				"NB_CIE_DETECTES" : null,
				"PERIODE_DETECTIONS_FICHIER" : "",
				"DATA" : "https://www.environnement.gouv.qc.ca/eau/atlas/cie/CIE_03020035.xlsx",
				"REFERENCE" : "MDDELCC, 2017",
				"RAPPORT" : "https://www.environnement.gouv.qc.ca/eau/eco_aqua/toxique/monteregie-estrie/contaminant-emergent.pdf",
				"LATITUDE" : 45.476936,
				"LONGITUDE" : -71.94081,
				"BASSIN_N1" : "Saint-François, Rivière",
				"ZGIEBV" : "Saint-François"
			}
		},
		{
			"type" : "Feature",
			"geometry" : {
				"type" : "Point",
				"coordinates" : [ -310705.0448773433, 222898.628669057 ]
			},
			"properties" : {
				"STATION" : "03020070",
				"PLAN_DEAU" : "Fréchette, Ruisseau",
				"PERIODE" : "2010",
				"NB_ECHANTILLONS" : 4,
				"NB_CIE_ANALYSES" : 49,
				"NB_CIE_DETECTES" : null,
				"PERIODE_DETECTIONS_FICHIER" : "",
				"DATA" : "https://www.environnement.gouv.qc.ca/eau/atlas/cie/CIE_03020070.xlsx",
				"REFERENCE" : "MDDELCC, 2017",
				"RAPPORT" : "https://www.environnement.gouv.qc.ca/eau/eco_aqua/toxique/monteregie-estrie/contaminant-emergent.pdf",
				"LATITUDE" : 45.923006,
				"LONGITUDE" : -72.506907,
				"BASSIN_N1" : "Saint-François, Rivière",
				"BASSIN_N2" : "Fréchette, Ruisseau",
				"ZGIEBV" : "Saint-François"
			}
		},
		{
			"type" : "Feature",
			"geometry" : {
				"type" : "Point",
				"coordinates" : [ -309784.6758636765, 224030.4369086064 ]
			},
			"properties" : {
				"STATION" : "03020243",
				"PLAN_DEAU" : "Saint-François, Rivière",
				"PERIODE" : "2010",
				"NB_ECHANTILLONS" : 1,
				"NB_CIE_ANALYSES" : 49,
				"NB_CIE_DETECTES" : null,
				"PERIODE_DETECTIONS_FICHIER" : "",
				"DATA" : "https://www.environnement.gouv.qc.ca/eau/atlas/cie/CIE_03020243.xlsx",
				"REFERENCE" : "MDDELCC, 2017",
				"RAPPORT" : "https://www.environnement.gouv.qc.ca/eau/eco_aqua/toxique/monteregie-estrie/contaminant-emergent.pdf",
				"LATITUDE" : 45.9336340158119,
				"LONGITUDE" : -72.4958766343054,
				"BASSIN_N1" : "Saint-François, Rivière",
				"ZGIEBV" : "Saint-François"
			}
		},
		{
			"type" : "Feature",
			"geometry" : {
				"type" : "Point",
				"coordinates" : [ -308278.0059133868, 217600.2993883602 ]
			},
			"properties" : {
				"STATION" : "03020336",
				"PLAN_DEAU" : "Saint-François, Rivière",
				"PERIODE" : "2000 à 2008",
				"NB_ECHANTILLONS" : 36,
				"NB_CIE_ANALYSES" : 15,
				"NB_CIE_DETECTES" : null,
				"PERIODE_DETECTIONS_FICHIER" : "",
				"DATA" : "https://www.environnement.gouv.qc.ca/eau/atlas/cie/CIE_03020336.xlsx",
				"REFERENCE" : "Berryman et collab., 2012",
				"RAPPORT" : "https://www.environnement.gouv.qc.ca/eau/eco_aqua/toxique/composes-perfluores/rapport-cours-eau-potable.pdf",
				"LATITUDE" : 45.87663772,
				"LONGITUDE" : -72.47188343,
				"BASSIN_N1" : "Saint-François, Rivière",
				"ZGIEBV" : "Saint-François"
			}
		},
		{
			"type" : "Feature",
			"geometry" : {
				"type" : "Point",
				"coordinates" : [ -245666.0220565081, 164231.2273711916 ]
			},
			"properties" : {
				"STATION" : "03020345",
				"PLAN_DEAU" : "Eaton, Rivière",
				"PERIODE" : "2002",
				"NB_ECHANTILLONS" : 2,
				"NB_CIE_ANALYSES" : 2,
				"NB_CIE_DETECTES" : null,
				"PERIODE_DETECTIONS_FICHIER" : "",
				"DATA" : "https://www.environnement.gouv.qc.ca/eau/atlas/cie/CIE_03020345.xlsx",
				"REFERENCE" : "Berryman, 2005",
				"RAPPORT" : "https://www.environnement.gouv.qc.ca/eau/eco_aqua/nonylphenol/nonyl-textile.htm",
				"LATITUDE" : 45.425341,
				"LONGITUDE" : -71.6362433,
				"BASSIN_N1" : "Saint-François, Rivière",
				"BASSIN_N2" : "Eaton, Rivière",
				"ZGIEBV" : "Saint-François"
			}
		},
		{
			"type" : "Feature",
			"geometry" : {
				"type" : "Point",
				"coordinates" : [ -245718.5109476418, 164313.780276916 ]
			},
			"properties" : {
				"STATION" : "03020346",
				"PLAN_DEAU" : "Eaton, Rivière",
				"PERIODE" : "2002 à 2003",
				"NB_ECHANTILLONS" : 11,
				"NB_CIE_ANALYSES" : 2,
				"NB_CIE_DETECTES" : null,
				"PERIODE_DETECTIONS_FICHIER" : "",
				"DATA" : "https://www.environnement.gouv.qc.ca/eau/atlas/cie/CIE_03020346.xlsx",
				"REFERENCE" : "Berryman, 2005",
				"RAPPORT" : "https://www.environnement.gouv.qc.ca/eau/eco_aqua/nonylphenol/nonyl-textile.htm",
				"LATITUDE" : 45.4260615,
				"LONGITUDE" : -71.6369587,
				"BASSIN_N1" : "Saint-François, Rivière",
				"BASSIN_N2" : "Eaton, Rivière",
				"ZGIEBV" : "Saint-François"
			}
		},
		{
			"type" : "Feature",
			"geometry" : {
				"type" : "Point",
				"coordinates" : [ -333278.9902689465, 240049.5342458421 ]
			},
			"properties" : {
				"STATION" : "03020392",
				"PLAN_DEAU" : "Saint-François, Rivière",
				"PERIODE" : "2000 à 2001",
				"NB_ECHANTILLONS" : 20,
				"NB_CIE_ANALYSES" : 2,
				"NB_CIE_DETECTES" : null,
				"PERIODE_DETECTIONS_FICHIER" : "",
				"DATA" : "https://www.environnement.gouv.qc.ca/eau/atlas/cie/CIE_03020392.xlsx",
				"REFERENCE" : "Berryman et collab., 2003",
				"RAPPORT" : "https://www.environnement.gouv.qc.ca/eau/eco_aqua/nonylphenol/index.htm",
				"LATITUDE" : 46.0652503,
				"LONGITUDE" : -72.8106542,
				"BASSIN_N1" : "Saint-François, Rivière",
				"ZGIEBV" : "Saint-François",
				"ZGIESL" : "Lac Saint-Pierre"
			}
		},
		{
			"type" : "Feature",
			"geometry" : {
				"type" : "Point",
				"coordinates" : [ -311292.2124373596, 217776.530996724 ]
			},
			"properties" : {
				"STATION" : "03020437",
				"PLAN_DEAU" : "Saint-Germain, Rivière",
				"PERIODE" : "2007",
				"NB_ECHANTILLONS" : 1,
				"NB_CIE_ANALYSES" : 13,
				"NB_CIE_DETECTES" : null,
				"PERIODE_DETECTIONS_FICHIER" : "",
				"DATA" : "https://www.environnement.gouv.qc.ca/eau/atlas/cie/CIE_03020437.xlsx",
				"REFERENCE" : "Berryman et collab., 2012",
				"RAPPORT" : "https://www.environnement.gouv.qc.ca/eau/eco_aqua/toxique/composes-perfluores/rapport-cours-eau-potable.pdf",
				"LATITUDE" : 45.876709,
				"LONGITUDE" : -72.510765,
				"BASSIN_N1" : "Saint-François, Rivière",
				"BASSIN_N2" : "Saint-Germain, Rivière",
				"ZGIEBV" : "Saint-François"
			}
		},
		{
			"type" : "Feature",
			"geometry" : {
				"type" : "Point",
				"coordinates" : [ -323074.7284828149, 186648.2604496554 ]
			},
			"properties" : {
				"STATION" : "03030008",
				"PLAN_DEAU" : "Runnels, Ruisseau",
				"PERIODE" : "2010 à 2011",
				"NB_ECHANTILLONS" : 11,
				"NB_CIE_ANALYSES" : 4,
				"NB_CIE_DETECTES" : null,
				"PERIODE_DETECTIONS_FICHIER" : "",
				"DATA" : "https://www.environnement.gouv.qc.ca/eau/atlas/cie/CIE_03030008.xlsx",
				"REFERENCE" : "Patoine, 2018",
				"RAPPORT" : "https://www.environnement.gouv.qc.ca/eau/flrivlac/suivi-exploratoire-steroides.pdf",
				"LATITUDE" : 45.591221,
				"LONGITUDE" : -72.639068,
				"BASSIN_N1" : "Yamaska, Rivière",
				"BASSIN_N2" : "Noire, Rivière",
				"ZGIEBV" : "Yamaska"
			}
		},
		{
			"type" : "Feature",
			"geometry" : {
				"type" : "Point",
				"coordinates" : [ -335638.1599254954, 161650.3669160903 ]
			},
			"properties" : {
				"STATION" : "03030027",
				"PLAN_DEAU" : "Yamaska Nord, Rivière",
				"PERIODE" : "2002 à 2019",
				"NB_ECHANTILLONS" : 22,
				"NB_CIE_ANALYSES" : 56,
				"NB_CIE_DETECTES" : 9,
				"PERIODE_DETECTIONS_FICHIER" : "2019",
				"DATA" : "https://www.environnement.gouv.qc.ca/eau/atlas/cie/CIE_03030027.xlsx",
				"REFERENCE" : "MDDELCC, 2017",
				"RAPPORT" : "https://www.environnement.gouv.qc.ca/eau/eco_aqua/toxique/monteregie-estrie/contaminant-emergent.pdf",
				"LATITUDE" : 45.3602986820464,
				"LONGITUDE" : -72.7805119691972,
				"BASSIN_N1" : "Yamaska, Rivière",
				"BASSIN_N2" : "Yamaska Nord, Rivière",
				"ZGIEBV" : "Yamaska"
			}
		},
		{
			"type" : "Feature",
			"geometry" : {
				"type" : "Point",
				"coordinates" : [ -338430.5201864257, 209704.7885963907 ]
			},
			"properties" : {
				"STATION" : "03030038",
				"PLAN_DEAU" : "Chibouet, Rivière",
				"PERIODE" : "2019",
				"NB_ECHANTILLONS" : 4,
				"NB_CIE_ANALYSES" : 30,
				"NB_CIE_DETECTES" : 7,
				"PERIODE_DETECTIONS_FICHIER" : "2019",
				"DATA" : "https://www.environnement.gouv.qc.ca/eau/atlas/cie/CIE_03030038.xlsx",
				"REFERENCE" : null,
				"RAPPORT" : null,
				"LATITUDE" : 45.78998,
				"LONGITUDE" : -72.853274,
				"BASSIN_N1" : "Yamaska, Rivière",
				"BASSIN_N2" : "Chibouet, Rivière",
				"ZGIEBV" : "Yamaska"
			}
		},
		{
			"type" : "Feature",
			"geometry" : {
				"type" : "Point",
				"coordinates" : [ -330379.0134007862, 165461.7803465882 ]
			},
			"properties" : {
				"STATION" : "03030051",
				"PLAN_DEAU" : "Yamaska Nord, Rivière",
				"PERIODE" : "2002",
				"NB_ECHANTILLONS" : 4,
				"NB_CIE_ANALYSES" : 5,
				"NB_CIE_DETECTES" : null,
				"PERIODE_DETECTIONS_FICHIER" : "",
				"DATA" : "https://www.environnement.gouv.qc.ca/eau/atlas/cie/CIE_03030051.xlsx",
				"REFERENCE" : "Berryman et Rocheleau, 2010",
				"RAPPORT" : "https://www.environnement.gouv.qc.ca/eau/eco_aqua/yamaska/toxique/granby.pdf",
				"LATITUDE" : 45.3972913246622,
				"LONGITUDE" : -72.7164572576407,
				"BASSIN_N1" : "Yamaska, Rivière",
				"BASSIN_N2" : "Yamaska Nord, Rivière",
				"ZGIEBV" : "Yamaska"
			}
		},
		{
			"type" : "Feature",
			"geometry" : {
				"type" : "Point",
				"coordinates" : [ -338168.5289759575, 157875.5134863555 ]
			},
			"properties" : {
				"STATION" : "03030108",
				"PLAN_DEAU" : "Yamaska Nord, Rivière",
				"PERIODE" : "2000",
				"NB_ECHANTILLONS" : 2,
				"NB_CIE_ANALYSES" : 2,
				"NB_CIE_DETECTES" : null,
				"PERIODE_DETECTIONS_FICHIER" : "",
				"DATA" : "https://www.environnement.gouv.qc.ca/eau/atlas/cie/CIE_03030108.xlsx",
				"REFERENCE" : "Berryman et collab., 2003",
				"RAPPORT" : "https://www.environnement.gouv.qc.ca/eau/eco_aqua/nonylphenol/index.htm",
				"LATITUDE" : 45.325078,
				"LONGITUDE" : -72.809809,
				"BASSIN_N1" : "Yamaska, Rivière",
				"BASSIN_N2" : "Yamaska Nord, Rivière",
				"ZGIEBV" : "Yamaska"
			}
		},
		{
			"type" : "Feature",
			"geometry" : {
				"type" : "Point",
				"coordinates" : [ -336746.0979006442, 147157.0234281793 ]
			},
			"properties" : {
				"STATION" : "03030115",
				"PLAN_DEAU" : "Yamaska Sud-Est, Rivière",
				"PERIODE" : "2010",
				"NB_ECHANTILLONS" : 4,
				"NB_CIE_ANALYSES" : 49,
				"NB_CIE_DETECTES" : null,
				"PERIODE_DETECTIONS_FICHIER" : "",
				"DATA" : "https://www.environnement.gouv.qc.ca/eau/atlas/cie/CIE_03030115.xlsx",
				"REFERENCE" : "MDDELCC, 2017",
				"RAPPORT" : "https://www.environnement.gouv.qc.ca/eau/eco_aqua/toxique/monteregie-estrie/contaminant-emergent.pdf",
				"LATITUDE" : 45.2297231247224,
				"LONGITUDE" : -72.783557,
				"BASSIN_N1" : "Yamaska, Rivière",
				"BASSIN_N2" : "Yamaska Sud-Est, Rivière",
				"ZGIEBV" : "Yamaska"
			}
		},
		{
			"type" : "Feature",
			"geometry" : {
				"type" : "Point",
				"coordinates" : [ -343660.4350679675, 200736.8575526401 ]
			},
			"properties" : {
				"STATION" : "03030214",
				"PLAN_DEAU" : "Yamaska, Rivière",
				"PERIODE" : "2010",
				"NB_ECHANTILLONS" : 4,
				"NB_CIE_ANALYSES" : 49,
				"NB_CIE_DETECTES" : null,
				"PERIODE_DETECTIONS_FICHIER" : "",
				"DATA" : "https://www.environnement.gouv.qc.ca/eau/atlas/cie/CIE_03030214.xlsx",
				"REFERENCE" : "MDDELCC, 2017",
				"RAPPORT" : "https://www.environnement.gouv.qc.ca/eau/eco_aqua/toxique/monteregie-estrie/contaminant-emergent.pdf",
				"LATITUDE" : 45.7066086,
				"LONGITUDE" : -72.9132724,
				"BASSIN_N1" : "Yamaska, Rivière",
				"ZGIEBV" : "Yamaska"
			}
		},
		{
			"type" : "Feature",
			"geometry" : {
				"type" : "Point",
				"coordinates" : [ -345146.0028184269, 197153.1035850402 ]
			},
			"properties" : {
				"STATION" : "03030215",
				"PLAN_DEAU" : "Yamaska, Rivière",
				"PERIODE" : "2010",
				"NB_ECHANTILLONS" : 1,
				"NB_CIE_ANALYSES" : 49,
				"NB_CIE_DETECTES" : null,
				"PERIODE_DETECTIONS_FICHIER" : "",
				"DATA" : "https://www.environnement.gouv.qc.ca/eau/atlas/cie/CIE_03030215.xlsx",
				"REFERENCE" : "MDDELCC, 2017",
				"RAPPORT" : "https://www.environnement.gouv.qc.ca/eau/eco_aqua/toxique/monteregie-estrie/contaminant-emergent.pdf",
				"LATITUDE" : 45.6736222,
				"LONGITUDE" : -72.9294563,
				"BASSIN_N1" : "Yamaska, Rivière",
				"ZGIEBV" : "Yamaska"
			}
		},
		{
			"type" : "Feature",
			"geometry" : {
				"type" : "Point",
				"coordinates" : [ -352756.946833452, 157321.9762381585 ]
			},
			"properties" : {
				"STATION" : "03030220",
				"PLAN_DEAU" : "Yamaska, Rivière",
				"PERIODE" : "2002 à 2003",
				"NB_ECHANTILLONS" : 11,
				"NB_CIE_ANALYSES" : 2,
				"NB_CIE_DETECTES" : null,
				"PERIODE_DETECTIONS_FICHIER" : "",
				"DATA" : "https://www.environnement.gouv.qc.ca/eau/atlas/cie/CIE_03030220.xlsx",
				"REFERENCE" : "Berryman, 2005",
				"RAPPORT" : "https://www.environnement.gouv.qc.ca/eau/eco_aqua/nonylphenol/nonyl-textile.htm",
				"LATITUDE" : 45.3120555216683,
				"LONGITUDE" : -72.9948108189104,
				"BASSIN_N1" : "Yamaska, Rivière",
				"ZGIEBV" : "Yamaska"
			}
		},
		{
			"type" : "Feature",
			"geometry" : {
				"type" : "Point",
				"coordinates" : [ -314842.9756935448, 193744.4217110993 ]
			},
			"properties" : {
				"STATION" : "03030234",
				"PLAN_DEAU" : "Renne, Rivière le",
				"PERIODE" : "2002 à 2016",
				"NB_ECHANTILLONS" : 8,
				"NB_CIE_ANALYSES" : 26,
				"NB_CIE_DETECTES" : null,
				"PERIODE_DETECTIONS_FICHIER" : "",
				"DATA" : "https://www.environnement.gouv.qc.ca/eau/atlas/cie/CIE_03030234.xlsx",
				"REFERENCE" : "MELCC, 2020",
				"RAPPORT" : "https://www.environnement.gouv.qc.ca/eau/rapport-eau/rapport-eau-2020.pdf",
				"LATITUDE" : 45.659140005648,
				"LONGITUDE" : -72.538959253974,
				"BASSIN_N1" : "Yamaska, Rivière",
				"BASSIN_N2" : "Noire, Rivière",
				"ZGIEBV" : "Yamaska"
			}
		},
		{
			"type" : "Feature",
			"geometry" : {
				"type" : "Point",
				"coordinates" : [ -348085.7695559525, 190954.9180163145 ]
			},
			"properties" : {
				"STATION" : "03030295",
				"PLAN_DEAU" : "Yamaska, Rivière",
				"PERIODE" : "2000 à 2016",
				"NB_ECHANTILLONS" : 47,
				"NB_CIE_ANALYSES" : 38,
				"NB_CIE_DETECTES" : null,
				"PERIODE_DETECTIONS_FICHIER" : "",
				"DATA" : "https://www.environnement.gouv.qc.ca/eau/atlas/cie/CIE_03030295.xlsx",
				"REFERENCE" : "MELCC, 2020",
				"RAPPORT" : "https://www.environnement.gouv.qc.ca/eau/rapport-eau/rapport-eau-2020.pdf",
				"LATITUDE" : 45.616363,
				"LONGITUDE" : -72.962133,
				"BASSIN_N1" : "Yamaska, Rivière",
				"ZGIEBV" : "Yamaska"
			}
		},
		{
			"type" : "Feature",
			"geometry" : {
				"type" : "Point",
				"coordinates" : [ -350723.7943449367, 153917.8273806125 ]
			},
			"properties" : {
				"STATION" : "03030314",
				"PLAN_DEAU" : "Yamaska, Rivière",
				"PERIODE" : "2000 à 2016",
				"NB_ECHANTILLONS" : 42,
				"NB_CIE_ANALYSES" : 29,
				"NB_CIE_DETECTES" : null,
				"PERIODE_DETECTIONS_FICHIER" : "",
				"DATA" : "https://www.environnement.gouv.qc.ca/eau/atlas/cie/CIE_03030314.xlsx",
				"REFERENCE" : "MELCC, 2020",
				"RAPPORT" : "https://www.environnement.gouv.qc.ca/eau/rapport-eau/rapport-eau-2020.pdf",
				"LATITUDE" : 45.28267419,
				"LONGITUDE" : -72.96626828,
				"BASSIN_N1" : "Yamaska, Rivière",
				"ZGIEBV" : "Yamaska"
			}
		},
		{
			"type" : "Feature",
			"geometry" : {
				"type" : "Point",
				"coordinates" : [ -340482.733917887, 153064.6799914101 ]
			},
			"properties" : {
				"STATION" : "03030315",
				"PLAN_DEAU" : "Yamaska, Rivière",
				"PERIODE" : "2000",
				"NB_ECHANTILLONS" : 2,
				"NB_CIE_ANALYSES" : 2,
				"NB_CIE_DETECTES" : null,
				"PERIODE_DETECTIONS_FICHIER" : "",
				"DATA" : "https://www.environnement.gouv.qc.ca/eau/atlas/cie/CIE_03030315.xlsx",
				"REFERENCE" : "Berryman et collab., 2003",
				"RAPPORT" : "https://www.environnement.gouv.qc.ca/eau/eco_aqua/nonylphenol/index.htm",
				"LATITUDE" : 45.2806787,
				"LONGITUDE" : -72.8355205,
				"BASSIN_N1" : "Yamaska, Rivière",
				"ZGIEBV" : "Yamaska"
			}
		},
		{
			"type" : "Feature",
			"geometry" : {
				"type" : "Point",
				"coordinates" : [ -332982.7375607454, 144352.3974171262 ]
			},
			"properties" : {
				"STATION" : "03030317",
				"PLAN_DEAU" : "Yamaska Sud-Est, Rivière",
				"PERIODE" : "2002",
				"NB_ECHANTILLONS" : 2,
				"NB_CIE_ANALYSES" : 2,
				"NB_CIE_DETECTES" : null,
				"PERIODE_DETECTIONS_FICHIER" : "",
				"DATA" : "https://www.environnement.gouv.qc.ca/eau/atlas/cie/CIE_03030317.xlsx",
				"REFERENCE" : "Berryman, 2005",
				"RAPPORT" : "https://www.environnement.gouv.qc.ca/eau/eco_aqua/nonylphenol/nonyl-textile.htm",
				"LATITUDE" : 45.2065846,
				"LONGITUDE" : -72.7336895,
				"BASSIN_N1" : "Yamaska, Rivière",
				"BASSIN_N2" : "Yamaska Sud-Est, Rivière",
				"ZGIEBV" : "Yamaska"
			}
		},
		{
			"type" : "Feature",
			"geometry" : {
				"type" : "Point",
				"coordinates" : [ -336446.9344126303, 146180.9095619796 ]
			},
			"properties" : {
				"STATION" : "03030318",
				"PLAN_DEAU" : "Yamaska Sud-Est, Rivière",
				"PERIODE" : "2002 à 2010",
				"NB_ECHANTILLONS" : 17,
				"NB_CIE_ANALYSES" : 56,
				"NB_CIE_DETECTES" : null,
				"PERIODE_DETECTIONS_FICHIER" : "",
				"DATA" : "https://www.environnement.gouv.qc.ca/eau/atlas/cie/CIE_03030318.xlsx",
				"REFERENCE" : "MDDELCC, 2017",
				"RAPPORT" : "https://www.environnement.gouv.qc.ca/eau/eco_aqua/toxique/monteregie-estrie/contaminant-emergent.pdf",
				"LATITUDE" : 45.221131,
				"LONGITUDE" : -72.779019,
				"BASSIN_N1" : "Yamaska, Rivière",
				"BASSIN_N2" : "Yamaska Sud-Est, Rivière",
				"ZGIEBV" : "Yamaska"
			}
		},
		{
			"type" : "Feature",
			"geometry" : {
				"type" : "Point",
				"coordinates" : [ -340463.4663012522, 230551.0656115813 ]
			},
			"properties" : {
				"STATION" : "03030319",
				"PLAN_DEAU" : "David, Rivière",
				"PERIODE" : "2002 à 2003",
				"NB_ECHANTILLONS" : 11,
				"NB_CIE_ANALYSES" : 2,
				"NB_CIE_DETECTES" : null,
				"PERIODE_DETECTIONS_FICHIER" : "",
				"DATA" : "https://www.environnement.gouv.qc.ca/eau/atlas/cie/CIE_03030319.xlsx",
				"REFERENCE" : "Berryman, 2005",
				"RAPPORT" : "https://www.environnement.gouv.qc.ca/eau/eco_aqua/nonylphenol/nonyl-textile.htm",
				"LATITUDE" : 45.97602,
				"LONGITUDE" : -72.89581,
				"BASSIN_N1" : "Yamaska, Rivière",
				"BASSIN_N2" : "David, Rivière",
				"ZGIEBV" : "Yamaska",
				"ZGIESL" : "Lac Saint-Pierre"
			}
		},
		{
			"type" : "Feature",
			"geometry" : {
				"type" : "Point",
				"coordinates" : [ -319256.9411214035, 193408.9040365024 ]
			},
			"properties" : {
				"STATION" : "03030346",
				"PLAN_DEAU" : "Duncan, Rivière",
				"PERIODE" : "2002 à 2010",
				"NB_ECHANTILLONS" : 33,
				"NB_CIE_ANALYSES" : 56,
				"NB_CIE_DETECTES" : null,
				"PERIODE_DETECTIONS_FICHIER" : "",
				"DATA" : "https://www.environnement.gouv.qc.ca/eau/atlas/cie/CIE_03030346.xlsx",
				"REFERENCE" : "MDDELCC, 2017",
				"RAPPORT" : "https://www.environnement.gouv.qc.ca/eau/eco_aqua/toxique/monteregie-estrie/contaminant-emergent.pdf",
				"LATITUDE" : 45.653874,
				"LONGITUDE" : -72.595215,
				"BASSIN_N1" : "Yamaska, Rivière",
				"BASSIN_N2" : "Noire, Rivière",
				"ZGIEBV" : "Yamaska"
			}
		},
		{
			"type" : "Feature",
			"geometry" : {
				"type" : "Point",
				"coordinates" : [ -346331.2018297443, 191315.3285334185 ]
			},
			"properties" : {
				"STATION" : "03030399",
				"PLAN_DEAU" : "Mercier, Ruisseau",
				"PERIODE" : "2000",
				"NB_ECHANTILLONS" : 2,
				"NB_CIE_ANALYSES" : 2,
				"NB_CIE_DETECTES" : null,
				"PERIODE_DETECTIONS_FICHIER" : "",
				"DATA" : "https://www.environnement.gouv.qc.ca/eau/atlas/cie/CIE_03030399.xlsx",
				"REFERENCE" : "Berryman et collab., 2003",
				"RAPPORT" : "https://www.environnement.gouv.qc.ca/eau/eco_aqua/nonylphenol/index.htm",
				"LATITUDE" : 45.6205774,
				"LONGITUDE" : -72.9399852,
				"BASSIN_N1" : "Yamaska, Rivière",
				"BASSIN_N2" : "Mercier, Ruisseau",
				"ZGIEBV" : "Yamaska"
			}
		},
		{
			"type" : "Feature",
			"geometry" : {
				"type" : "Point",
				"coordinates" : [ -339633.8338948427, 209227.8788820347 ]
			},
			"properties" : {
				"STATION" : "03030437",
				"PLAN_DEAU" : "Chibouet, Rivière",
				"PERIODE" : "2007 et 2008",
				"NB_ECHANTILLONS" : 2,
				"NB_CIE_ANALYSES" : 13,
				"NB_CIE_DETECTES" : null,
				"PERIODE_DETECTIONS_FICHIER" : "",
				"DATA" : "https://www.environnement.gouv.qc.ca/eau/atlas/cie/CIE_03030437.xlsx",
				"REFERENCE" : "Berryman et collab., 2012",
				"RAPPORT" : "https://www.environnement.gouv.qc.ca/eau/eco_aqua/toxique/composes-perfluores/rapport-cours-eau-potable.pdf",
				"LATITUDE" : 45.78504,
				"LONGITUDE" : -72.86834,
				"BASSIN_N1" : "Yamaska, Rivière",
				"BASSIN_N2" : "Chibouet, Rivière",
				"ZGIEBV" : "Yamaska"
			}
		},
		{
			"type" : "Feature",
			"geometry" : {
				"type" : "Point",
				"coordinates" : [ -372425.5076109945, 167932.905033296 ]
			},
			"properties" : {
				"STATION" : "03040010",
				"PLAN_DEAU" : "Richelieu, Rivière",
				"PERIODE" : "2010",
				"NB_ECHANTILLONS" : 5,
				"NB_CIE_ANALYSES" : 49,
				"NB_CIE_DETECTES" : null,
				"PERIODE_DETECTIONS_FICHIER" : "",
				"DATA" : "https://www.environnement.gouv.qc.ca/eau/atlas/cie/CIE_03040010.xlsx",
				"REFERENCE" : "MDDELCC, 2017",
				"RAPPORT" : "https://www.environnement.gouv.qc.ca/eau/eco_aqua/toxique/monteregie-estrie/contaminant-emergent.pdf",
				"LATITUDE" : 45.395788,
				"LONGITUDE" : -73.253679,
				"BASSIN_N1" : "Richelieu, Rivière",
				"ZGIEBV" : "Richelieu"
			}
		},
		{
			"type" : "Feature",
			"geometry" : {
				"type" : "Point",
				"coordinates" : [ -385089.759713017, 147105.8608027752 ]
			},
			"properties" : {
				"STATION" : "03040165",
				"PLAN_DEAU" : "L'Acadie, Rivière",
				"PERIODE" : "2010",
				"NB_ECHANTILLONS" : 4,
				"NB_CIE_ANALYSES" : 49,
				"NB_CIE_DETECTES" : null,
				"PERIODE_DETECTIONS_FICHIER" : "",
				"DATA" : "https://www.environnement.gouv.qc.ca/eau/atlas/cie/CIE_03040165.xlsx",
				"REFERENCE" : "MDDELCC, 2017",
				"RAPPORT" : "https://www.environnement.gouv.qc.ca/eau/eco_aqua/toxique/monteregie-estrie/contaminant-emergent.pdf",
				"LATITUDE" : 45.201428,
				"LONGITUDE" : -73.396667,
				"BASSIN_N1" : "Richelieu, Rivière",
				"BASSIN_N2" : "L'Acadie, Rivière",
				"ZGIEBV" : "Richelieu"
			}
		},
		{
			"type" : "Feature",
			"geometry" : {
				"type" : "Point",
				"coordinates" : [ -385829.0810444191, 146223.1913988506 ]
			},
			"properties" : {
				"STATION" : "03040192",
				"PLAN_DEAU" : "L'Acadie, Rivière",
				"PERIODE" : "2010",
				"NB_ECHANTILLONS" : 1,
				"NB_CIE_ANALYSES" : 49,
				"NB_CIE_DETECTES" : null,
				"PERIODE_DETECTIONS_FICHIER" : "",
				"DATA" : "https://www.environnement.gouv.qc.ca/eau/atlas/cie/CIE_03040192.xlsx",
				"REFERENCE" : "MDDELCC, 2017",
				"RAPPORT" : "https://www.environnement.gouv.qc.ca/eau/eco_aqua/toxique/monteregie-estrie/contaminant-emergent.pdf",
				"LATITUDE" : 45.1930635,
				"LONGITUDE" : -73.4052704,
				"BASSIN_N1" : "Richelieu, Rivière",
				"BASSIN_N2" : "L'Acadie, Rivière",
				"ZGIEBV" : "Richelieu"
			}
		},
		{
			"type" : "Feature",
			"geometry" : {
				"type" : "Point",
				"coordinates" : [ -369496.5424806019, 183345.3684848193 ]
			},
			"properties" : {
				"STATION" : "03040197",
				"PLAN_DEAU" : "Richelieu, Rivière",
				"PERIODE" : "2000 à 2001",
				"NB_ECHANTILLONS" : 24,
				"NB_CIE_ANALYSES" : 2,
				"NB_CIE_DETECTES" : null,
				"PERIODE_DETECTIONS_FICHIER" : "",
				"DATA" : "https://www.environnement.gouv.qc.ca/eau/atlas/cie/CIE_03040197.xlsx",
				"REFERENCE" : "Berryman et collab., 2003",
				"RAPPORT" : "https://www.environnement.gouv.qc.ca/eau/eco_aqua/nonylphenol/index.htm",
				"LATITUDE" : 45.5357459,
				"LONGITUDE" : -73.229385,
				"BASSIN_N1" : "Richelieu, Rivière",
				"ZGIEBV" : "Richelieu"
			}
		},
		{
			"type" : "Feature",
			"geometry" : {
				"type" : "Point",
				"coordinates" : [ -372333.9286778989, 173041.9133400051 ]
			},
			"properties" : {
				"STATION" : "03040215",
				"PLAN_DEAU" : "Richelieu, Rivière",
				"PERIODE" : "2007 à 2016",
				"NB_ECHANTILLONS" : 9,
				"NB_CIE_ANALYSES" : 27,
				"NB_CIE_DETECTES" : null,
				"PERIODE_DETECTIONS_FICHIER" : "",
				"DATA" : "https://www.environnement.gouv.qc.ca/eau/atlas/cie/CIE_03040215.xlsx",
				"REFERENCE" : "MELCC, 2020",
				"RAPPORT" : "https://www.environnement.gouv.qc.ca/eau/rapport-eau/rapport-eau-2020.pdf",
				"LATITUDE" : 45.441654,
				"LONGITUDE" : -73.256842,
				"BASSIN_N1" : "Richelieu, Rivière",
				"ZGIEBV" : "Richelieu"
			}
		},
		{
			"type" : "Feature",
			"geometry" : {
				"type" : "Point",
				"coordinates" : [ -415589.7181764892, 155845.5629382394 ]
			},
			"properties" : {
				"STATION" : "03090025",
				"PLAN_DEAU" : "Esturgeon, Rivière de l'",
				"PERIODE" : "2010",
				"NB_ECHANTILLONS" : 4,
				"NB_CIE_ANALYSES" : 49,
				"NB_CIE_DETECTES" : null,
				"PERIODE_DETECTIONS_FICHIER" : "",
				"DATA" : "https://www.environnement.gouv.qc.ca/eau/atlas/cie/CIE_03090025.xlsx",
				"REFERENCE" : "MDDELCC, 2017",
				"RAPPORT" : "https://www.environnement.gouv.qc.ca/eau/eco_aqua/toxique/monteregie-estrie/contaminant-emergent.pdf",
				"LATITUDE" : 45.2602523689007,
				"LONGITUDE" : -73.7913377587356,
				"BASSIN_N1" : "Châteauguay, Rivière",
				"BASSIN_N2" : "Esturgeon, Rivière de l'",
				"ZGIEBV" : "Châteauguay"
			}
		},
		{
			"type" : "Feature",
			"geometry" : {
				"type" : "Point",
				"coordinates" : [ -416048.6356203375, 156339.1047921926 ]
			},
			"properties" : {
				"STATION" : "03090031",
				"PLAN_DEAU" : "Châteauguay, Rivière",
				"PERIODE" : "2010",
				"NB_ECHANTILLONS" : 1,
				"NB_CIE_ANALYSES" : 49,
				"NB_CIE_DETECTES" : null,
				"PERIODE_DETECTIONS_FICHIER" : "",
				"DATA" : "https://www.environnement.gouv.qc.ca/eau/atlas/cie/CIE_03090031.xlsx",
				"REFERENCE" : "MDDELCC, 2017",
				"RAPPORT" : "https://www.environnement.gouv.qc.ca/eau/eco_aqua/toxique/monteregie-estrie/contaminant-emergent.pdf",
				"LATITUDE" : 45.2643693433676,
				"LONGITUDE" : -73.7976237848345,
				"BASSIN_N1" : "Châteauguay, Rivière",
				"BASSIN_N2" : "Riendeau-Tessier, Ruisseau",
				"ZGIEBV" : "Châteauguay"
			}
		},
		{
			"type" : "Feature",
			"geometry" : {
				"type" : "Point",
				"coordinates" : [ -429915.5121760402, 210902.8336516349 ]
			},
			"properties" : {
				"STATION" : "04010296",
				"PLAN_DEAU" : "Nord, Rivière du",
				"PERIODE" : "2012",
				"NB_ECHANTILLONS" : 4,
				"NB_CIE_ANALYSES" : 36,
				"NB_CIE_DETECTES" : null,
				"PERIODE_DETECTIONS_FICHIER" : "",
				"DATA" : "https://www.environnement.gouv.qc.ca/eau/atlas/cie/CIE_04010296.xlsx",
				"REFERENCE" : "MELCC, 2018",
				"RAPPORT" : "https://www.environnement.gouv.qc.ca/eau/eco_aqua/toxique/laurentides-lanaudiere/Contaminants-emergent.pdf",
				"LATITUDE" : 45.743976,
				"LONGITUDE" : -74.027066,
				"BASSIN_N1" : "Outaouais, Rivière des",
				"BASSIN_N2" : "Nord, Rivière du",
				"ZGIEBV" : "Nord, du"
			}
		},
		{
			"type" : "Feature",
			"geometry" : {
				"type" : "Point",
				"coordinates" : [ -457815.8616481147, 199781.5048628338 ]
			},
			"properties" : {
				"STATION" : "04010297",
				"PLAN_DEAU" : "Nord, Rivière du",
				"PERIODE" : "2012",
				"NB_ECHANTILLONS" : 4,
				"NB_CIE_ANALYSES" : 36,
				"NB_CIE_DETECTES" : null,
				"PERIODE_DETECTIONS_FICHIER" : "",
				"DATA" : "https://www.environnement.gouv.qc.ca/eau/atlas/cie/CIE_04010297.xlsx",
				"REFERENCE" : "MELCC, 2018",
				"RAPPORT" : "https://www.environnement.gouv.qc.ca/eau/eco_aqua/toxique/laurentides-lanaudiere/Contaminants-emergent.pdf",
				"LATITUDE" : 45.624337,
				"LONGITUDE" : -74.372488,
				"BASSIN_N1" : "Outaouais, Rivière des",
				"BASSIN_N2" : "Nord, Rivière du",
				"ZGIEBV" : "Nord, du"
			}
		},
		{
			"type" : "Feature",
			"geometry" : {
				"type" : "Point",
				"coordinates" : [ -430599.2697212778, 218573.8226386299 ]
			},
			"properties" : {
				"STATION" : "04010298",
				"PLAN_DEAU" : "Nord, Rivière du",
				"PERIODE" : "2012",
				"NB_ECHANTILLONS" : 4,
				"NB_CIE_ANALYSES" : 36,
				"NB_CIE_DETECTES" : null,
				"PERIODE_DETECTIONS_FICHIER" : "",
				"DATA" : "https://www.environnement.gouv.qc.ca/eau/atlas/cie/CIE_04010298.xlsx",
				"REFERENCE" : "MELCC, 2018",
				"RAPPORT" : "https://www.environnement.gouv.qc.ca/eau/eco_aqua/toxique/laurentides-lanaudiere/Contaminants-emergent.pdf",
				"LATITUDE" : 45.81227955,
				"LONGITUDE" : -74.04344583,
				"BASSIN_N1" : "Outaouais, Rivière des",
				"BASSIN_N2" : "Nord, Rivière du",
				"ZGIEBV" : "Nord, du"
			}
		},
		{
			"type" : "Feature",
			"geometry" : {
				"type" : "Point",
				"coordinates" : [ -420576.2306907615, 188970.932685148 ]
			},
			"properties" : {
				"STATION" : "04320012",
				"PLAN_DEAU" : "Mille Îles, Rivière des",
				"PERIODE" : "2012",
				"NB_ECHANTILLONS" : 3,
				"NB_CIE_ANALYSES" : 36,
				"NB_CIE_DETECTES" : null,
				"PERIODE_DETECTIONS_FICHIER" : "",
				"DATA" : "https://www.environnement.gouv.qc.ca/eau/atlas/cie/CIE_04320012.xlsx",
				"REFERENCE" : "MELCC, 2018",
				"RAPPORT" : "https://www.environnement.gouv.qc.ca/eau/eco_aqua/toxique/laurentides-lanaudiere/Contaminants-emergent.pdf",
				"LATITUDE" : 45.553761916552,
				"LONGITUDE" : -73.8862756579776,
				"BASSIN_N1" : "Saint-Laurent, Fleuve",
				"ZGIESL" : "Haut-Saint-Laurent et Grand Montréal"
			}
		},
		{
			"type" : "Feature",
			"geometry" : {
				"type" : "Point",
				"coordinates" : [ -400314.9971770332, 202943.9107520236 ]
			},
			"properties" : {
				"STATION" : "04320069",
				"PLAN_DEAU" : "Mille Îles, Rivière des",
				"PERIODE" : "2019",
				"NB_ECHANTILLONS" : 4,
				"NB_CIE_ANALYSES" : 30,
				"NB_CIE_DETECTES" : 9,
				"PERIODE_DETECTIONS_FICHIER" : "2019",
				"DATA" : "https://www.environnement.gouv.qc.ca/eau/atlas/cie/CIE_04320069.xlsx",
				"REFERENCE" : null,
				"RAPPORT" : null,
				"LATITUDE" : 45.692429,
				"LONGITUDE" : -73.640537,
				"BASSIN_N1" : "Saint-Laurent, Fleuve",
				"ZGIESL" : "Haut-Saint-Laurent et Grand Montréal"
			}
		},
		{
			"type" : "Feature",
			"geometry" : {
				"type" : "Point",
				"coordinates" : [ -413047.3230033703, 195557.2865907308 ]
			},
			"properties" : {
				"STATION" : "04320070",
				"PLAN_DEAU" : "Mille Îles, Rivière des",
				"PERIODE" : "2000 à 2010",
				"NB_ECHANTILLONS" : 29,
				"NB_CIE_ANALYSES" : 11,
				"NB_CIE_DETECTES" : null,
				"PERIODE_DETECTIONS_FICHIER" : "",
				"DATA" : "https://www.environnement.gouv.qc.ca/eau/atlas/cie/CIE_04320070.xlsx",
				"REFERENCE" : "Berryman et collab., 2012",
				"RAPPORT" : "https://www.environnement.gouv.qc.ca/eau/eco_aqua/nonylphenol/cours-deau2000-2010.htm",
				"LATITUDE" : 45.617853,
				"LONGITUDE" : -73.79644,
				"BASSIN_N1" : "Saint-Laurent, Fleuve",
				"ZGIESL" : "Haut-Saint-Laurent et Grand Montréal"
			}
		},
		{
			"type" : "Feature",
			"geometry" : {
				"type" : "Point",
				"coordinates" : [ -420283.4248706159, 189494.1814891286 ]
			},
			"properties" : {
				"STATION" : "04320071",
				"PLAN_DEAU" : "Mille Îles, Rivière des",
				"PERIODE" : "2012",
				"NB_ECHANTILLONS" : 1,
				"NB_CIE_ANALYSES" : 36,
				"NB_CIE_DETECTES" : null,
				"PERIODE_DETECTIONS_FICHIER" : "",
				"DATA" : "https://www.environnement.gouv.qc.ca/eau/atlas/cie/CIE_04320071.xlsx",
				"REFERENCE" : "MELCC, 2018",
				"RAPPORT" : "https://www.environnement.gouv.qc.ca/eau/eco_aqua/toxique/laurentides-lanaudiere/Contaminants-emergent.pdf",
				"LATITUDE" : 45.55865,
				"LONGITUDE" : -73.883043,
				"BASSIN_N1" : "Saint-Laurent, Fleuve",
				"ZGIESL" : "Haut-Saint-Laurent et Grand Montréal"
			}
		},
		{
			"type" : "Feature",
			"geometry" : {
				"type" : "Point",
				"coordinates" : [ -394410.2536534315, 203159.1306202663 ]
			},
			"properties" : {
				"STATION" : "04320074",
				"PLAN_DEAU" : "Mille Îles, Rivière des",
				"PERIODE" : "2012",
				"NB_ECHANTILLONS" : 4,
				"NB_CIE_ANALYSES" : 36,
				"NB_CIE_DETECTES" : null,
				"PERIODE_DETECTIONS_FICHIER" : "",
				"DATA" : "https://www.environnement.gouv.qc.ca/eau/atlas/cie/CIE_04320074.xlsx",
				"REFERENCE" : "MELCC, 2018",
				"RAPPORT" : "https://www.environnement.gouv.qc.ca/eau/eco_aqua/toxique/laurentides-lanaudiere/Contaminants-emergent.pdf",
				"LATITUDE" : 45.698142,
				"LONGITUDE" : -73.565163,
				"BASSIN_N1" : "Saint-Laurent, Fleuve",
				"ZGIESL" : "Haut-Saint-Laurent et Grand Montréal"
			}
		},
		{
			"type" : "Feature",
			"geometry" : {
				"type" : "Point",
				"coordinates" : [ -395847.3883184509, 205115.8126171464 ]
			},
			"properties" : {
				"STATION" : "04640040",
				"PLAN_DEAU" : "Mascouche, Rivière",
				"PERIODE" : "2012",
				"NB_ECHANTILLONS" : 4,
				"NB_CIE_ANALYSES" : 36,
				"NB_CIE_DETECTES" : null,
				"PERIODE_DETECTIONS_FICHIER" : "",
				"DATA" : "https://www.environnement.gouv.qc.ca/eau/atlas/cie/CIE_04640040.xlsx",
				"REFERENCE" : "MELCC, 2018",
				"RAPPORT" : "https://www.environnement.gouv.qc.ca/eau/eco_aqua/toxique/laurentides-lanaudiere/Contaminants-emergent.pdf",
				"LATITUDE" : 45.714776,
				"LONGITUDE" : -73.58534,
				"BASSIN_N1" : "Mascouche, Rivière",
				"ZGIEBV" : "Mille-Îles",
				"ZGIESL" : "Haut-Saint-Laurent et Grand Montréal"
			}
		},
		{
			"type" : "Feature",
			"geometry" : {
				"type" : "Point",
				"coordinates" : [ -326772.8354263084, 292589.0024095466 ]
			},
			"properties" : {
				"STATION" : "05010424",
				"PLAN_DEAU" : "Shawinigan, Rivière",
				"PERIODE" : "2013",
				"NB_ECHANTILLONS" : 4,
				"NB_CIE_ANALYSES" : 36,
				"NB_CIE_DETECTES" : null,
				"PERIODE_DETECTIONS_FICHIER" : "",
				"DATA" : "https://www.environnement.gouv.qc.ca/eau/atlas/cie/CIE_05010424.xlsx",
				"REFERENCE" : "MELCC, 2020",
				"RAPPORT" : "https://www.environnement.gouv.qc.ca/eau/eco_aqua/toxique/contaminants-emergent-Quebec-meridional.pdf",
				"LATITUDE" : 46.540853,
				"LONGITUDE" : -72.767177,
				"BASSIN_N1" : "Saint-Maurice, Rivière",
				"BASSIN_N2" : "Shawinigan, Rivière",
				"ZGIEBV" : "Saint-Maurice"
			}
		},
		{
			"type" : "Feature",
			"geometry" : {
				"type" : "Point",
				"coordinates" : [ -315828.5734258692, 274148.4319002992 ]
			},
			"properties" : {
				"STATION" : "05010452",
				"PLAN_DEAU" : "Saint-Maurice, Rivière",
				"PERIODE" : "2000 à 2001",
				"NB_ECHANTILLONS" : 24,
				"NB_CIE_ANALYSES" : 2,
				"NB_CIE_DETECTES" : null,
				"PERIODE_DETECTIONS_FICHIER" : "",
				"DATA" : "https://www.environnement.gouv.qc.ca/eau/atlas/cie/CIE_05010452.xlsx",
				"REFERENCE" : "Berryman et collab., 2003",
				"RAPPORT" : "https://www.environnement.gouv.qc.ca/eau/eco_aqua/nonylphenol/index.htm",
				"LATITUDE" : 46.3808599,
				"LONGITUDE" : -72.6107637,
				"BASSIN_N1" : "Saint-Maurice, Rivière",
				"ZGIEBV" : "Saint-Maurice",
				"ZGIESL" : "Estuaire fluvial"
			}
		},
		{
			"type" : "Feature",
			"geometry" : {
				"type" : "Point",
				"coordinates" : [ -309861.2574091924, 270608.9700205876 ]
			},
			"properties" : {
				"STATION" : "05010532",
				"PLAN_DEAU" : "Saint-Maurice, Rivière",
				"PERIODE" : "2019",
				"NB_ECHANTILLONS" : 4,
				"NB_CIE_ANALYSES" : 30,
				"NB_CIE_DETECTES" : 2,
				"PERIODE_DETECTIONS_FICHIER" : "2019",
				"DATA" : "https://www.environnement.gouv.qc.ca/eau/atlas/cie/CIE_05010532.xlsx",
				"REFERENCE" : null,
				"RAPPORT" : null,
				"LATITUDE" : 46.352101,
				"LONGITUDE" : -72.530668,
				"BASSIN_N1" : "Saint-Maurice, Rivière",
				"ZGIEBV" : "Saint-Maurice",
				"ZGIESL" : "Estuaire fluvial"
			}
		},
		{
			"type" : "Feature",
			"geometry" : {
				"type" : "Point",
				"coordinates" : [ -324853.0316999928, 292321.8914999971 ]
			},
			"properties" : {
				"STATION" : "05010535",
				"PLAN_DEAU" : "Saint-Maurice, Rivière",
				"PERIODE" : "2013",
				"NB_ECHANTILLONS" : 4,
				"NB_CIE_ANALYSES" : 36,
				"NB_CIE_DETECTES" : null,
				"PERIODE_DETECTIONS_FICHIER" : "",
				"DATA" : "https://www.environnement.gouv.qc.ca/eau/atlas/cie/CIE_05010535.xlsx",
				"REFERENCE" : "MELCC, 2020",
				"RAPPORT" : "https://www.environnement.gouv.qc.ca/eau/eco_aqua/toxique/contaminants-emergent-Quebec-meridional.pdf",
				"LATITUDE" : 46.5394790831825,
				"LONGITUDE" : -72.7419594991043,
				"BASSIN_N1" : "Saint-Maurice, Rivière",
				"ZGIEBV" : "Saint-Maurice"
			}
		},
		{
			"type" : "Feature",
			"geometry" : {
				"type" : "Point",
				"coordinates" : [ -310474.9916837659, 271194.5547622247 ]
			},
			"properties" : {
				"STATION" : "05010548",
				"PLAN_DEAU" : "Saint-Maurice, Rivière",
				"PERIODE" : "2013",
				"NB_ECHANTILLONS" : 1,
				"NB_CIE_ANALYSES" : 36,
				"NB_CIE_DETECTES" : null,
				"PERIODE_DETECTIONS_FICHIER" : "",
				"DATA" : "https://www.environnement.gouv.qc.ca/eau/atlas/cie/CIE_05010548.xlsx",
				"REFERENCE" : "MELCC, 2020",
				"RAPPORT" : "https://www.environnement.gouv.qc.ca/eau/eco_aqua/toxique/contaminants-emergent-Quebec-meridional.pdf",
				"LATITUDE" : 46.357053,
				"LONGITUDE" : -72.539064,
				"BASSIN_N1" : "Saint-Maurice, Rivière",
				"ZGIEBV" : "Saint-Maurice",
				"ZGIESL" : "Estuaire fluvial"
			}
		},
		{
			"type" : "Feature",
			"geometry" : {
				"type" : "Point",
				"coordinates" : [ -311446.4690200135, 272095.0850989157 ]
			},
			"properties" : {
				"STATION" : "05010572",
				"PLAN_DEAU" : "Saint-Maurice, Rivière",
				"PERIODE" : "2013",
				"NB_ECHANTILLONS" : 3,
				"NB_CIE_ANALYSES" : 36,
				"NB_CIE_DETECTES" : null,
				"PERIODE_DETECTIONS_FICHIER" : "",
				"DATA" : "https://www.environnement.gouv.qc.ca/eau/atlas/cie/CIE_05010572.xlsx",
				"REFERENCE" : "MELCC, 2020",
				"RAPPORT" : "https://www.environnement.gouv.qc.ca/eau/eco_aqua/toxique/contaminants-emergent-Quebec-meridional.pdf",
				"LATITUDE" : 46.364653,
				"LONGITUDE" : -72.552338,
				"BASSIN_N1" : "Saint-Maurice, Rivière",
				"ZGIEBV" : "Saint-Maurice",
				"ZGIESL" : "Estuaire fluvial"
			}
		},
		{
			"type" : "Feature",
			"geometry" : {
				"type" : "Point",
				"coordinates" : [ -221667.7667662322, 345657.5232123788 ]
			},
			"properties" : {
				"STATION" : "05080004",
				"PLAN_DEAU" : "Jacques-Cartier, Rivière",
				"PERIODE" : "2019",
				"NB_ECHANTILLONS" : 4,
				"NB_CIE_ANALYSES" : 30,
				"NB_CIE_DETECTES" : 2,
				"PERIODE_DETECTIONS_FICHIER" : "2019",
				"DATA" : "https://www.environnement.gouv.qc.ca/eau/atlas/cie/CIE_05080004.xlsx",
				"REFERENCE" : null,
				"RAPPORT" : null,
				"LATITUDE" : 47.065953,
				"LONGITUDE" : -71.424838,
				"BASSIN_N1" : "Jacques-Cartier, Rivière",
				"ZGIEBV" : "Jacques-Cartier"
			}
		},
		{
			"type" : "Feature",
			"geometry" : {
				"type" : "Point",
				"coordinates" : [ -218304.6247217944, 328260.5529487934 ]
			},
			"properties" : {
				"STATION" : "05090016",
				"PLAN_DEAU" : "Saint-Charles, Rivière",
				"PERIODE" : "2020",
				"NB_ECHANTILLONS" : 5,
				"NB_CIE_ANALYSES" : 47,
				"NB_CIE_DETECTES" : 3,
				"PERIODE_DETECTIONS_FICHIER" : "2020",
				"DATA" : "https://www.environnement.gouv.qc.ca/eau/atlas/cie/CIE_05090016.xlsx",
				"REFERENCE" : null,
				"RAPPORT" : null,
				"LATITUDE" : 46.910525,
				"LONGITUDE" : -71.371305,
				"BASSIN_N1" : "Saint-Charles, Rivière",
				"ZGIEBV" : "Capitale",
				"ZGIESL" : "Québec"
			}
		},
		{
			"type" : "Feature",
			"geometry" : {
				"type" : "Point",
				"coordinates" : [ -207474.5619073487, 317703.8455995228 ]
			},
			"properties" : {
				"STATION" : "05090017",
				"PLAN_DEAU" : "Saint-Charles, Rivière",
				"PERIODE" : "2015 à 2020",
				"NB_ECHANTILLONS" : 9,
				"NB_CIE_ANALYSES" : 72,
				"NB_CIE_DETECTES" : 9,
				"PERIODE_DETECTIONS_FICHIER" : "2020",
				"DATA" : "https://www.environnement.gouv.qc.ca/eau/atlas/cie/CIE_05090017.xlsx",
				"REFERENCE" : "MELCC, 2020",
				"RAPPORT" : "https://www.environnement.gouv.qc.ca/eau/eco_aqua/toxique/contaminants-emergent-Quebec-meridional.pdf",
				"LATITUDE" : 46.819292,
				"LONGITUDE" : -71.223719,
				"BASSIN_N1" : "Saint-Charles, Rivière",
				"ZGIEBV" : "Capitale",
				"ZGIESL" : "Québec"
			}
		},
		{
			"type" : "Feature",
			"geometry" : {
				"type" : "Point",
				"coordinates" : [ -212804.9522542032, 316744.4817935713 ]
			},
			"properties" : {
				"STATION" : "05090020",
				"PLAN_DEAU" : "Saint-Charles, Rivière",
				"PERIODE" : "2015",
				"NB_ECHANTILLONS" : 4,
				"NB_CIE_ANALYSES" : 47,
				"NB_CIE_DETECTES" : null,
				"PERIODE_DETECTIONS_FICHIER" : "",
				"DATA" : "https://www.environnement.gouv.qc.ca/eau/atlas/cie/CIE_05090020.xlsx",
				"REFERENCE" : "MELCC, 2020",
				"RAPPORT" : "https://www.environnement.gouv.qc.ca/eau/eco_aqua/toxique/contaminants-emergent-Quebec-meridional.pdf",
				"LATITUDE" : 46.8088042014206,
				"LONGITUDE" : -71.2931346684074,
				"BASSIN_N1" : "Saint-Charles, Rivière",
				"ZGIEBV" : "Capitale",
				"ZGIESL" : "Québec"
			}
		},
		{
			"type" : "Feature",
			"geometry" : {
				"type" : "Point",
				"coordinates" : [ -386579.336071847, 208301.880697892 ]
			},
			"properties" : {
				"STATION" : "05220003",
				"PLAN_DEAU" : "L'Assomption, Rivière",
				"PERIODE" : "2000 à 2001",
				"NB_ECHANTILLONS" : 24,
				"NB_CIE_ANALYSES" : 2,
				"NB_CIE_DETECTES" : null,
				"PERIODE_DETECTIONS_FICHIER" : "",
				"DATA" : "https://www.environnement.gouv.qc.ca/eau/atlas/cie/CIE_05220003.xlsx",
				"REFERENCE" : "Berryman et collab., 2003",
				"RAPPORT" : "https://www.environnement.gouv.qc.ca/eau/eco_aqua/nonylphenol/index.htm",
				"LATITUDE" : 45.7492052055,
				"LONGITUDE" : -73.4695005769,
				"BASSIN_N1" : "L'Assomption, Rivière",
				"ZGIEBV" : "L'Assomption",
				"ZGIESL" : "Haut-Saint-Laurent et Grand Montréal"
			}
		},
		{
			"type" : "Feature",
			"geometry" : {
				"type" : "Point",
				"coordinates" : [ -381097.2795569391, 219092.7258062242 ]
			},
			"properties" : {
				"STATION" : "05220063",
				"PLAN_DEAU" : "Point du Jour, Ruisseau du",
				"PERIODE" : "2007",
				"NB_ECHANTILLONS" : 1,
				"NB_CIE_ANALYSES" : 16,
				"NB_CIE_DETECTES" : null,
				"PERIODE_DETECTIONS_FICHIER" : "",
				"DATA" : "https://www.environnement.gouv.qc.ca/eau/atlas/cie/CIE_05220063.xlsx",
				"REFERENCE" : "Patoine, 2018",
				"RAPPORT" : "https://www.environnement.gouv.qc.ca/eau/flrivlac/suivi-exploratoire-steroides.pdf",
				"LATITUDE" : 45.84942,
				"LONGITUDE" : -73.408751,
				"BASSIN_N1" : "L'Assomption, Rivière",
				"BASSIN_N2" : "Point du Jour, Ruisseau du",
				"ZGIEBV" : "L'Assomption"
			}
		},
		{
			"type" : "Feature",
			"geometry" : {
				"type" : "Point",
				"coordinates" : [ -388329.2992529289, 228735.7536095055 ]
			},
			"properties" : {
				"STATION" : "05220239",
				"PLAN_DEAU" : "Vacher, Ruisseau",
				"PERIODE" : "2007",
				"NB_ECHANTILLONS" : 1,
				"NB_CIE_ANALYSES" : 16,
				"NB_CIE_DETECTES" : null,
				"PERIODE_DETECTIONS_FICHIER" : "",
				"DATA" : "https://www.environnement.gouv.qc.ca/eau/atlas/cie/CIE_05220239.xlsx",
				"REFERENCE" : "Patoine, 2018",
				"RAPPORT" : "https://www.environnement.gouv.qc.ca/eau/flrivlac/suivi-exploratoire-steroides.pdf",
				"LATITUDE" : 45.931445,
				"LONGITUDE" : -73.510285,
				"BASSIN_N1" : "L'Assomption, Rivière",
				"BASSIN_N2" : "Vacher, Ruisseau",
				"ZGIEBV" : "L'Assomption"
			}
		},
		{
			"type" : "Feature",
			"geometry" : {
				"type" : "Point",
				"coordinates" : [ -382547.2148035261, 233507.5536440508 ]
			},
			"properties" : {
				"STATION" : "05220240",
				"PLAN_DEAU" : "Saint-Pierre, Ruisseau",
				"PERIODE" : "2007",
				"NB_ECHANTILLONS" : 1,
				"NB_CIE_ANALYSES" : 16,
				"NB_CIE_DETECTES" : null,
				"PERIODE_DETECTIONS_FICHIER" : "",
				"DATA" : "https://www.environnement.gouv.qc.ca/eau/atlas/cie/CIE_05220240.xlsx",
				"REFERENCE" : "Patoine, 2018",
				"RAPPORT" : "https://www.environnement.gouv.qc.ca/eau/flrivlac/suivi-exploratoire-steroides.pdf",
				"LATITUDE" : 45.9778818051574,
				"LONGITUDE" : -73.4401655411939,
				"BASSIN_N1" : "L'Assomption, Rivière",
				"BASSIN_N2" : "Saint-Pierre, Ruisseau",
				"ZGIEBV" : "L'Assomption"
			}
		},
		{
			"type" : "Feature",
			"geometry" : {
				"type" : "Point",
				"coordinates" : [ -390756.8347445184, 236045.2215078427 ]
			},
			"properties" : {
				"STATION" : "05220249",
				"PLAN_DEAU" : "Desrochers, Cours d'eau",
				"PERIODE" : "2007",
				"NB_ECHANTILLONS" : 1,
				"NB_CIE_ANALYSES" : 16,
				"NB_CIE_DETECTES" : null,
				"PERIODE_DETECTIONS_FICHIER" : "",
				"DATA" : "https://www.environnement.gouv.qc.ca/eau/atlas/cie/CIE_05220249.xlsx",
				"REFERENCE" : "Patoine, 2018",
				"RAPPORT" : "https://www.environnement.gouv.qc.ca/eau/flrivlac/suivi-exploratoire-steroides.pdf",
				"LATITUDE" : 45.9955060709024,
				"LONGITUDE" : -73.5481439477744,
				"BASSIN_N1" : "L'Assomption, Rivière",
				"BASSIN_N2" : "Ouareau, Rivière",
				"ZGIEBV" : "L'Assomption"
			}
		},
		{
			"type" : "Feature",
			"geometry" : {
				"type" : "Point",
				"coordinates" : [ -384717.5699485553, 248646.1049397839 ]
			},
			"properties" : {
				"STATION" : "05220396",
				"PLAN_DEAU" : "L'Assomption, Rivière",
				"PERIODE" : "2012",
				"NB_ECHANTILLONS" : 1,
				"NB_CIE_ANALYSES" : 33,
				"NB_CIE_DETECTES" : null,
				"PERIODE_DETECTIONS_FICHIER" : "",
				"DATA" : "https://www.environnement.gouv.qc.ca/eau/atlas/cie/CIE_05220396.xlsx",
				"REFERENCE" : "MELCC, 2018",
				"RAPPORT" : "https://www.environnement.gouv.qc.ca/eau/eco_aqua/toxique/laurentides-lanaudiere/Contaminants-emergent.pdf",
				"LATITUDE" : 46.112411,
				"LONGITUDE" : -73.481691,
				"BASSIN_N1" : "L'Assomption, Rivière",
				"ZGIEBV" : "L'Assomption"
			}
		},
		{
			"type" : "Feature",
			"geometry" : {
				"type" : "Point",
				"coordinates" : [ -378398.0002326857, 231471.2761303065 ]
			},
			"properties" : {
				"STATION" : "05220397",
				"PLAN_DEAU" : "L'Assomption, Rivière",
				"PERIODE" : "2012",
				"NB_ECHANTILLONS" : 4,
				"NB_CIE_ANALYSES" : 36,
				"NB_CIE_DETECTES" : null,
				"PERIODE_DETECTIONS_FICHIER" : "",
				"DATA" : "https://www.environnement.gouv.qc.ca/eau/atlas/cie/CIE_05220397.xlsx",
				"REFERENCE" : "MELCC, 2018",
				"RAPPORT" : "https://www.environnement.gouv.qc.ca/eau/eco_aqua/toxique/laurentides-lanaudiere/Contaminants-emergent.pdf",
				"LATITUDE" : 45.9621666,
				"LONGITUDE" : -73.3849581,
				"BASSIN_N1" : "L'Assomption, Rivière",
				"ZGIEBV" : "L'Assomption"
			}
		},
		{
			"type" : "Feature",
			"geometry" : {
				"type" : "Point",
				"coordinates" : [ -380537.0314499459, 230079.2746708225 ]
			},
			"properties" : {
				"STATION" : "05220401",
				"PLAN_DEAU" : "Ouareau, Rivière",
				"PERIODE" : "2012",
				"NB_ECHANTILLONS" : 4,
				"NB_CIE_ANALYSES" : 36,
				"NB_CIE_DETECTES" : null,
				"PERIODE_DETECTIONS_FICHIER" : "",
				"DATA" : "https://www.environnement.gouv.qc.ca/eau/atlas/cie/CIE_05220401.xlsx",
				"REFERENCE" : "MELCC, 2018",
				"RAPPORT" : "https://www.environnement.gouv.qc.ca/eau/eco_aqua/toxique/laurentides-lanaudiere/Contaminants-emergent.pdf",
				"LATITUDE" : 45.9483574,
				"LONGITUDE" : -73.4112543,
				"BASSIN_N1" : "L'Assomption, Rivière",
				"BASSIN_N2" : "Ouareau, Rivière",
				"ZGIEBV" : "L'Assomption"
			}
		},
		{
			"type" : "Feature",
			"geometry" : {
				"type" : "Point",
				"coordinates" : [ -384859.0009261978, 242788.1429861905 ]
			},
			"properties" : {
				"STATION" : "05220467",
				"PLAN_DEAU" : "L'Assomption, Rivière",
				"PERIODE" : "2012",
				"NB_ECHANTILLONS" : 3,
				"NB_CIE_ANALYSES" : 36,
				"NB_CIE_DETECTES" : null,
				"PERIODE_DETECTIONS_FICHIER" : "",
				"DATA" : "https://www.environnement.gouv.qc.ca/eau/atlas/cie/CIE_05220467.xlsx",
				"REFERENCE" : "MELCC, 2018",
				"RAPPORT" : "https://www.environnement.gouv.qc.ca/eau/eco_aqua/toxique/laurentides-lanaudiere/Contaminants-emergent.pdf",
				"LATITUDE" : 46.05973912,
				"LONGITUDE" : -73.47824799,
				"BASSIN_N1" : "L'Assomption, Rivière",
				"ZGIEBV" : "L'Assomption"
			}
		},
		{
			"type" : "Feature",
			"geometry" : {
				"type" : "Point",
				"coordinates" : [ -340770.7110207089, 259494.174992675 ]
			},
			"properties" : {
				"STATION" : "05280075",
				"PLAN_DEAU" : "Loup, Rivière du",
				"PERIODE" : "2013",
				"NB_ECHANTILLONS" : 1,
				"NB_CIE_ANALYSES" : 36,
				"NB_CIE_DETECTES" : null,
				"PERIODE_DETECTIONS_FICHIER" : "",
				"DATA" : "https://www.environnement.gouv.qc.ca/eau/atlas/cie/CIE_05280075.xlsx",
				"REFERENCE" : "MELCC, 2020",
				"RAPPORT" : "https://www.environnement.gouv.qc.ca/eau/eco_aqua/toxique/contaminants-emergent-Quebec-meridional.pdf",
				"LATITUDE" : 46.2358,
				"LONGITUDE" : -72.922834,
				"BASSIN_N1" : "Loup, Rivière du",
				"ZGIEBV" : "Loup-Yamachiche",
				"ZGIESL" : "Lac Saint-Pierre"
			}
		},
		{
			"type" : "Feature",
			"geometry" : {
				"type" : "Point",
				"coordinates" : [ -341614.5104105089, 258984.0823692977 ]
			},
			"properties" : {
				"STATION" : "05280076",
				"PLAN_DEAU" : "Loup, Rivière du",
				"PERIODE" : "2013",
				"NB_ECHANTILLONS" : 3,
				"NB_CIE_ANALYSES" : 36,
				"NB_CIE_DETECTES" : null,
				"PERIODE_DETECTIONS_FICHIER" : "",
				"DATA" : "https://www.environnement.gouv.qc.ca/eau/atlas/cie/CIE_05280076.xlsx",
				"REFERENCE" : "MELCC, 2020",
				"RAPPORT" : "https://www.environnement.gouv.qc.ca/eau/eco_aqua/toxique/contaminants-emergent-Quebec-meridional.pdf",
				"LATITUDE" : 46.230748,
				"LONGITUDE" : -72.933348,
				"BASSIN_N1" : "Loup, Rivière du",
				"ZGIEBV" : "Loup-Yamachiche",
				"ZGIESL" : "Lac Saint-Pierre"
			}
		},
		{
			"type" : "Feature",
			"geometry" : {
				"type" : "Point",
				"coordinates" : [ -175778.276359239, 484747.7977209697 ]
			},
			"properties" : {
				"STATION" : "06070006",
				"PLAN_DEAU" : "Mars, Rivière à",
				"PERIODE" : "2020",
				"NB_ECHANTILLONS" : 5,
				"NB_CIE_ANALYSES" : 47,
				"NB_CIE_DETECTES" : 9,
				"PERIODE_DETECTIONS_FICHIER" : "2020",
				"DATA" : "https://www.environnement.gouv.qc.ca/eau/atlas/cie/CIE_06070006.xlsx",
				"REFERENCE" : null,
				"RAPPORT" : null,
				"LATITUDE" : 48.33526,
				"LONGITUDE" : -70.880871,
				"BASSIN_N1" : "Saguenay, Rivière",
				"BASSIN_N2" : "Mars, Rivière à",
				"ZGIEBV" : "Saguenay"
			}
		}
	]
}