{
	"type" : "FeatureCollection",
	"name" : "CIE_ut",
	"crs" : {
		"type" : "name",
		"properties" : {
			"name" : "EPSG:32198"
		}
	},
	"features" : [
		{
			"type" : "Feature",
			"geometry" : null,
			"properties" : {
				"STATION" : "03040010",
				"PC_AGRICOLE" : 47.37,
				"PC_FORESTIER" : 35.97,
				"PC_HUMIDE" : 7.44,
				"PC_AQUATIQUE" : 4.46,
				"PC_ANTHROPIQUE" : 4.33,
				"PC_COUPE_REGENERATION" : 0.42,
				"PC_SOL_NU_LANDE" : 0,
				"PC_NON_CLASSIFIE" : 0,
				"ANNEE_UT" : 2019
			}
		},
		{
			"type" : "Feature",
			"geometry" : null,
			"properties" : {
				"STATION" : "03020031",
				"PC_AGRICOLE" : 21.5,
				"PC_FORESTIER" : 53.72,
				"PC_HUMIDE" : 12.88,
				"PC_AQUATIQUE" : 4.01,
				"PC_ANTHROPIQUE" : 5.03,
				"PC_COUPE_REGENERATION" : 2.82,
				"PC_SOL_NU_LANDE" : 0.02,
				"PC_NON_CLASSIFIE" : 0.01,
				"ANNEE_UT" : 2019
			}
		},
		{
			"type" : "Feature",
			"geometry" : null,
			"properties" : {
				"STATION" : "03020243",
				"PC_AGRICOLE" : 20.71,
				"PC_FORESTIER" : 54.32,
				"PC_HUMIDE" : 13.03,
				"PC_AQUATIQUE" : 3.99,
				"PC_ANTHROPIQUE" : 5.05,
				"PC_COUPE_REGENERATION" : 2.88,
				"PC_SOL_NU_LANDE" : 0.02,
				"PC_NON_CLASSIFIE" : 0.01,
				"ANNEE_UT" : 2019
			}
		},
		{
			"type" : "Feature",
			"geometry" : null,
			"properties" : {
				"STATION" : "03020035",
				"PC_AGRICOLE" : 18.76,
				"PC_FORESTIER" : 56.27,
				"PC_HUMIDE" : 13.13,
				"PC_AQUATIQUE" : 4.21,
				"PC_ANTHROPIQUE" : 4.51,
				"PC_COUPE_REGENERATION" : 3.1,
				"PC_SOL_NU_LANDE" : 0.01,
				"PC_NON_CLASSIFIE" : 0.01,
				"ANNEE_UT" : 2019
			}
		},
		{
			"type" : "Feature",
			"geometry" : null,
			"properties" : {
				"STATION" : "02340050",
				"PC_AGRICOLE" : 19.93,
				"PC_FORESTIER" : 64.97,
				"PC_HUMIDE" : 7.31,
				"PC_AQUATIQUE" : 1.58,
				"PC_ANTHROPIQUE" : 3.8,
				"PC_COUPE_REGENERATION" : 2.39,
				"PC_SOL_NU_LANDE" : 0.02,
				"PC_NON_CLASSIFIE" : 0.01,
				"ANNEE_UT" : 2019
			}
		},
		{
			"type" : "Feature",
			"geometry" : null,
			"properties" : {
				"STATION" : "02340033",
				"PC_AGRICOLE" : 19.91,
				"PC_FORESTIER" : 65.33,
				"PC_HUMIDE" : 7.2,
				"PC_AQUATIQUE" : 1.58,
				"PC_ANTHROPIQUE" : 3.55,
				"PC_COUPE_REGENERATION" : 2.41,
				"PC_SOL_NU_LANDE" : 0.02,
				"PC_NON_CLASSIFIE" : 0.01,
				"ANNEE_UT" : 2019
			}
		},
		{
			"type" : "Feature",
			"geometry" : null,
			"properties" : {
				"STATION" : "05220003",
				"PC_AGRICOLE" : 16.09,
				"PC_FORESTIER" : 65.01,
				"PC_HUMIDE" : 4.88,
				"PC_AQUATIQUE" : 4.78,
				"PC_ANTHROPIQUE" : 6.34,
				"PC_COUPE_REGENERATION" : 2.8,
				"PC_SOL_NU_LANDE" : 0.08,
				"PC_NON_CLASSIFIE" : 0.02,
				"ANNEE_UT" : 2019
			}
		},
		{
			"type" : "Feature",
			"geometry" : null,
			"properties" : {
				"STATION" : "05080004",
				"PC_AGRICOLE" : 0.03,
				"PC_FORESTIER" : 86.53,
				"PC_HUMIDE" : 4.31,
				"PC_AQUATIQUE" : 4.5,
				"PC_ANTHROPIQUE" : 1.26,
				"PC_COUPE_REGENERATION" : 3.33,
				"PC_SOL_NU_LANDE" : 0.03,
				"PC_NON_CLASSIFIE" : 0.01,
				"ANNEE_UT" : 2019
			}
		},
		{
			"type" : "Feature",
			"geometry" : null,
			"properties" : {
				"STATION" : "02330001",
				"PC_AGRICOLE" : 27.92,
				"PC_FORESTIER" : 60.13,
				"PC_HUMIDE" : 5.14,
				"PC_AQUATIQUE" : 1,
				"PC_ANTHROPIQUE" : 4.39,
				"PC_COUPE_REGENERATION" : 1.41,
				"PC_SOL_NU_LANDE" : 0,
				"PC_NON_CLASSIFIE" : 0.01,
				"ANNEE_UT" : 2019
			}
		},
		{
			"type" : "Feature",
			"geometry" : null,
			"properties" : {
				"STATION" : "02330006",
				"PC_AGRICOLE" : 13.86,
				"PC_FORESTIER" : 76.43,
				"PC_HUMIDE" : 3.67,
				"PC_AQUATIQUE" : 1,
				"PC_ANTHROPIQUE" : 3.06,
				"PC_COUPE_REGENERATION" : 1.97,
				"PC_SOL_NU_LANDE" : 0,
				"PC_NON_CLASSIFIE" : 0.01,
				"ANNEE_UT" : 2019
			}
		},
		{
			"type" : "Feature",
			"geometry" : null,
			"properties" : {
				"STATION" : "06070006",
				"PC_AGRICOLE" : 1.76,
				"PC_FORESTIER" : 76.44,
				"PC_HUMIDE" : 5.51,
				"PC_AQUATIQUE" : 2.16,
				"PC_ANTHROPIQUE" : 2.2,
				"PC_COUPE_REGENERATION" : 11.24,
				"PC_SOL_NU_LANDE" : 0.68,
				"PC_NON_CLASSIFIE" : 0.01,
				"ANNEE_UT" : 2019
			}
		},
		{
			"type" : "Feature",
			"geometry" : null,
			"properties" : {
				"STATION" : "05090017",
				"PC_AGRICOLE" : 5.68,
				"PC_FORESTIER" : 55.93,
				"PC_HUMIDE" : 5.67,
				"PC_AQUATIQUE" : 2.18,
				"PC_ANTHROPIQUE" : 28.8,
				"PC_COUPE_REGENERATION" : 1.74,
				"PC_SOL_NU_LANDE" : 0,
				"PC_NON_CLASSIFIE" : 0.01,
				"ANNEE_UT" : 2019
			}
		},
		{
			"type" : "Feature",
			"geometry" : null,
			"properties" : {
				"STATION" : "03030108",
				"PC_AGRICOLE" : 25.36,
				"PC_FORESTIER" : 46.69,
				"PC_HUMIDE" : 5.98,
				"PC_AQUATIQUE" : 3.85,
				"PC_ANTHROPIQUE" : 16.72,
				"PC_COUPE_REGENERATION" : 1.4,
				"PC_SOL_NU_LANDE" : 0.01,
				"PC_NON_CLASSIFIE" : 0.01,
				"ANNEE_UT" : 2019
			}
		},
		{
			"type" : "Feature",
			"geometry" : null,
			"properties" : {
				"STATION" : "03030027",
				"PC_AGRICOLE" : 23.12,
				"PC_FORESTIER" : 48.55,
				"PC_HUMIDE" : 6.28,
				"PC_AQUATIQUE" : 4.11,
				"PC_ANTHROPIQUE" : 16.46,
				"PC_COUPE_REGENERATION" : 1.46,
				"PC_SOL_NU_LANDE" : 0.01,
				"PC_NON_CLASSIFIE" : 0.01,
				"ANNEE_UT" : 2019
			}
		},
		{
			"type" : "Feature",
			"geometry" : null,
			"properties" : {
				"STATION" : "02400005",
				"PC_AGRICOLE" : 13.69,
				"PC_FORESTIER" : 54.55,
				"PC_HUMIDE" : 5.38,
				"PC_AQUATIQUE" : 1.23,
				"PC_ANTHROPIQUE" : 23.87,
				"PC_COUPE_REGENERATION" : 1.13,
				"PC_SOL_NU_LANDE" : 0.14,
				"PC_NON_CLASSIFIE" : 0,
				"ANNEE_UT" : 2019
			}
		},
		{
			"type" : "Feature",
			"geometry" : null,
			"properties" : {
				"STATION" : "05090016",
				"PC_AGRICOLE" : 1.49,
				"PC_FORESTIER" : 74.99,
				"PC_HUMIDE" : 3.93,
				"PC_AQUATIQUE" : 3.84,
				"PC_ANTHROPIQUE" : 11.46,
				"PC_COUPE_REGENERATION" : 4.26,
				"PC_SOL_NU_LANDE" : 0,
				"PC_NON_CLASSIFIE" : 0.03,
				"ANNEE_UT" : 2019
			}
		},
		{
			"type" : "Feature",
			"geometry" : null,
			"properties" : {
				"STATION" : "03030437",
				"PC_AGRICOLE" : 80.4,
				"PC_FORESTIER" : 11.64,
				"PC_HUMIDE" : 4.37,
				"PC_AQUATIQUE" : 0.3,
				"PC_ANTHROPIQUE" : 3.2,
				"PC_COUPE_REGENERATION" : 0.09,
				"PC_SOL_NU_LANDE" : 0,
				"PC_NON_CLASSIFIE" : 0,
				"ANNEE_UT" : 2019
			}
		},
		{
			"type" : "Feature",
			"geometry" : null,
			"properties" : {
				"STATION" : "03030038",
				"PC_AGRICOLE" : 80.57,
				"PC_FORESTIER" : 11.58,
				"PC_HUMIDE" : 4.44,
				"PC_AQUATIQUE" : 0.3,
				"PC_ANTHROPIQUE" : 3.02,
				"PC_COUPE_REGENERATION" : 0.09,
				"PC_SOL_NU_LANDE" : 0,
				"PC_NON_CLASSIFIE" : 0,
				"ANNEE_UT" : 2019
			}
		},
		{
			"type" : "Feature",
			"geometry" : null,
			"properties" : {
				"STATION" : "03090025",
				"PC_AGRICOLE" : 90.91,
				"PC_FORESTIER" : 4.99,
				"PC_HUMIDE" : 0.61,
				"PC_AQUATIQUE" : 0.32,
				"PC_ANTHROPIQUE" : 3.1,
				"PC_COUPE_REGENERATION" : 0.07,
				"PC_SOL_NU_LANDE" : 0,
				"PC_NON_CLASSIFIE" : 0,
				"ANNEE_UT" : 2019
			}
		},
		{
			"type" : "Feature",
			"geometry" : null,
			"properties" : {
				"STATION" : "03030008",
				"PC_AGRICOLE" : 36.11,
				"PC_FORESTIER" : 54.54,
				"PC_HUMIDE" : 5.71,
				"PC_AQUATIQUE" : 0.18,
				"PC_ANTHROPIQUE" : 2.98,
				"PC_COUPE_REGENERATION" : 0.47,
				"PC_SOL_NU_LANDE" : 0.02,
				"PC_NON_CLASSIFIE" : 0,
				"ANNEE_UT" : 2019
			}
		},
		{
			"type" : "Feature",
			"geometry" : null,
			"properties" : {
				"STATION" : "03010046",
				"PC_AGRICOLE" : 63.41,
				"PC_FORESTIER" : 20.15,
				"PC_HUMIDE" : 13.65,
				"PC_AQUATIQUE" : 0.16,
				"PC_ANTHROPIQUE" : 1.38,
				"PC_COUPE_REGENERATION" : 1.25,
				"PC_SOL_NU_LANDE" : 0,
				"PC_NON_CLASSIFIE" : 0,
				"ANNEE_UT" : 2019
			}
		},
		{
			"type" : "Feature",
			"geometry" : null,
			"properties" : {
				"STATION" : "05220063",
				"PC_AGRICOLE" : 53.52,
				"PC_FORESTIER" : 13.2,
				"PC_HUMIDE" : 25.79,
				"PC_AQUATIQUE" : 0.8,
				"PC_ANTHROPIQUE" : 6.2,
				"PC_COUPE_REGENERATION" : 0.5,
				"PC_SOL_NU_LANDE" : 0,
				"PC_NON_CLASSIFIE" : 0,
				"ANNEE_UT" : 2019
			}
		},
		{
			"type" : "Feature",
			"geometry" : null,
			"properties" : {
				"STATION" : "02300002",
				"PC_AGRICOLE" : 74.84,
				"PC_FORESTIER" : 18.9,
				"PC_HUMIDE" : 4.31,
				"PC_AQUATIQUE" : 0.03,
				"PC_ANTHROPIQUE" : 1.92,
				"PC_COUPE_REGENERATION" : 0,
				"PC_SOL_NU_LANDE" : 0,
				"PC_NON_CLASSIFIE" : 0,
				"ANNEE_UT" : 2019
			}
		},
		{
			"type" : "Feature",
			"geometry" : null,
			"properties" : {
				"STATION" : "02340099",
				"PC_AGRICOLE" : 66.25,
				"PC_FORESTIER" : 24.44,
				"PC_HUMIDE" : 7.77,
				"PC_AQUATIQUE" : 0.02,
				"PC_ANTHROPIQUE" : 0.93,
				"PC_COUPE_REGENERATION" : 0.58,
				"PC_SOL_NU_LANDE" : 0,
				"PC_NON_CLASSIFIE" : 0,
				"ANNEE_UT" : 2019
			}
		},
		{
			"type" : "Feature",
			"geometry" : null,
			"properties" : {
				"STATION" : "02400048",
				"PC_AGRICOLE" : 47.5,
				"PC_FORESTIER" : 44.71,
				"PC_HUMIDE" : 4.36,
				"PC_AQUATIQUE" : 0.05,
				"PC_ANTHROPIQUE" : 1.28,
				"PC_COUPE_REGENERATION" : 2.11,
				"PC_SOL_NU_LANDE" : 0,
				"PC_NON_CLASSIFIE" : 0,
				"ANNEE_UT" : 2019
			}
		},
		{
			"type" : "Feature",
			"geometry" : null,
			"properties" : {
				"STATION" : "05220239",
				"PC_AGRICOLE" : 75.62,
				"PC_FORESTIER" : 12.2,
				"PC_HUMIDE" : 0.95,
				"PC_AQUATIQUE" : 0.31,
				"PC_ANTHROPIQUE" : 10.92,
				"PC_COUPE_REGENERATION" : 0,
				"PC_SOL_NU_LANDE" : 0,
				"PC_NON_CLASSIFIE" : 0,
				"ANNEE_UT" : 2019
			}
		},
		{
			"type" : "Feature",
			"geometry" : null,
			"properties" : {
				"STATION" : "03030319",
				"PC_AGRICOLE" : 73.23,
				"PC_FORESTIER" : 18.72,
				"PC_HUMIDE" : 4.87,
				"PC_AQUATIQUE" : 0.18,
				"PC_ANTHROPIQUE" : 2.8,
				"PC_COUPE_REGENERATION" : 0.2,
				"PC_SOL_NU_LANDE" : 0,
				"PC_NON_CLASSIFIE" : 0,
				"ANNEE_UT" : 2019
			}
		},
		{
			"type" : "Feature",
			"geometry" : null,
			"properties" : {
				"STATION" : "02330071",
				"PC_AGRICOLE" : 7.89,
				"PC_FORESTIER" : 80.31,
				"PC_HUMIDE" : 5.01,
				"PC_AQUATIQUE" : 1.23,
				"PC_ANTHROPIQUE" : 3.18,
				"PC_COUPE_REGENERATION" : 2.39,
				"PC_SOL_NU_LANDE" : 0,
				"PC_NON_CLASSIFIE" : 0,
				"ANNEE_UT" : 2019
			}
		},
		{
			"type" : "Feature",
			"geometry" : null,
			"properties" : {
				"STATION" : "02340081",
				"PC_AGRICOLE" : 32.03,
				"PC_FORESTIER" : 58.52,
				"PC_HUMIDE" : 4.12,
				"PC_AQUATIQUE" : 0.35,
				"PC_ANTHROPIQUE" : 3.62,
				"PC_COUPE_REGENERATION" : 1.34,
				"PC_SOL_NU_LANDE" : 0,
				"PC_NON_CLASSIFIE" : 0,
				"ANNEE_UT" : 2019
			}
		},
		{
			"type" : "Feature",
			"geometry" : null,
			"properties" : {
				"STATION" : "02400065",
				"PC_AGRICOLE" : 23.74,
				"PC_FORESTIER" : 32.4,
				"PC_HUMIDE" : 35.02,
				"PC_AQUATIQUE" : 0.28,
				"PC_ANTHROPIQUE" : 6.47,
				"PC_COUPE_REGENERATION" : 2.1,
				"PC_SOL_NU_LANDE" : 0,
				"PC_NON_CLASSIFIE" : 0,
				"ANNEE_UT" : 2019
			}
		},
		{
			"type" : "Feature",
			"geometry" : null,
			"properties" : {
				"STATION" : "02400076",
				"PC_AGRICOLE" : 47.98,
				"PC_FORESTIER" : 37.91,
				"PC_HUMIDE" : 6.39,
				"PC_AQUATIQUE" : 0.24,
				"PC_ANTHROPIQUE" : 5.89,
				"PC_COUPE_REGENERATION" : 1.58,
				"PC_SOL_NU_LANDE" : 0,
				"PC_NON_CLASSIFIE" : 0,
				"ANNEE_UT" : 2019
			}
		},
		{
			"type" : "Feature",
			"geometry" : null,
			"properties" : {
				"STATION" : "03010123",
				"PC_AGRICOLE" : 30.24,
				"PC_FORESTIER" : 50.96,
				"PC_HUMIDE" : 9.24,
				"PC_AQUATIQUE" : 0.95,
				"PC_ANTHROPIQUE" : 5.07,
				"PC_COUPE_REGENERATION" : 3.52,
				"PC_SOL_NU_LANDE" : 0.01,
				"PC_NON_CLASSIFIE" : 0.01,
				"ANNEE_UT" : 2019
			}
		},
		{
			"type" : "Feature",
			"geometry" : null,
			"properties" : {
				"STATION" : "03010125",
				"PC_AGRICOLE" : 30.88,
				"PC_FORESTIER" : 56.58,
				"PC_HUMIDE" : 4.14,
				"PC_AQUATIQUE" : 1.28,
				"PC_ANTHROPIQUE" : 4.04,
				"PC_COUPE_REGENERATION" : 3.06,
				"PC_SOL_NU_LANDE" : 0.01,
				"PC_NON_CLASSIFIE" : 0.01,
				"ANNEE_UT" : 2019
			}
		},
		{
			"type" : "Feature",
			"geometry" : null,
			"properties" : {
				"STATION" : "03010127",
				"PC_AGRICOLE" : 33.07,
				"PC_FORESTIER" : 49.64,
				"PC_HUMIDE" : 8.7,
				"PC_AQUATIQUE" : 0.9,
				"PC_ANTHROPIQUE" : 4.54,
				"PC_COUPE_REGENERATION" : 3.15,
				"PC_SOL_NU_LANDE" : 0.01,
				"PC_NON_CLASSIFIE" : 0.01,
				"ANNEE_UT" : 2019
			}
		},
		{
			"type" : "Feature",
			"geometry" : null,
			"properties" : {
				"STATION" : "03030214",
				"PC_AGRICOLE" : 47.54,
				"PC_FORESTIER" : 36.49,
				"PC_HUMIDE" : 6.37,
				"PC_AQUATIQUE" : 1.46,
				"PC_ANTHROPIQUE" : 7.13,
				"PC_COUPE_REGENERATION" : 1.01,
				"PC_SOL_NU_LANDE" : 0,
				"PC_NON_CLASSIFIE" : 0.01,
				"ANNEE_UT" : 2019
			}
		},
		{
			"type" : "Feature",
			"geometry" : null,
			"properties" : {
				"STATION" : "03030215",
				"PC_AGRICOLE" : 46.37,
				"PC_FORESTIER" : 37.36,
				"PC_HUMIDE" : 6.54,
				"PC_AQUATIQUE" : 1.47,
				"PC_ANTHROPIQUE" : 7.2,
				"PC_COUPE_REGENERATION" : 1.04,
				"PC_SOL_NU_LANDE" : 0,
				"PC_NON_CLASSIFIE" : 0.01,
				"ANNEE_UT" : 2019
			}
		},
		{
			"type" : "Feature",
			"geometry" : null,
			"properties" : {
				"STATION" : "03030295",
				"PC_AGRICOLE" : 46.03,
				"PC_FORESTIER" : 37.88,
				"PC_HUMIDE" : 6.61,
				"PC_AQUATIQUE" : 1.47,
				"PC_ANTHROPIQUE" : 6.94,
				"PC_COUPE_REGENERATION" : 1.06,
				"PC_SOL_NU_LANDE" : 0,
				"PC_NON_CLASSIFIE" : 0.01,
				"ANNEE_UT" : 2019
			}
		},
		{
			"type" : "Feature",
			"geometry" : null,
			"properties" : {
				"STATION" : "03030346",
				"PC_AGRICOLE" : 41.87,
				"PC_FORESTIER" : 41.67,
				"PC_HUMIDE" : 10.27,
				"PC_AQUATIQUE" : 0.33,
				"PC_ANTHROPIQUE" : 3.91,
				"PC_COUPE_REGENERATION" : 1.95,
				"PC_SOL_NU_LANDE" : 0,
				"PC_NON_CLASSIFIE" : 0,
				"ANNEE_UT" : 2019
			}
		},
		{
			"type" : "Feature",
			"geometry" : null,
			"properties" : {
				"STATION" : "03040165",
				"PC_AGRICOLE" : 67.29,
				"PC_FORESTIER" : 15.8,
				"PC_HUMIDE" : 11.46,
				"PC_AQUATIQUE" : 0.21,
				"PC_ANTHROPIQUE" : 4.85,
				"PC_COUPE_REGENERATION" : 0.38,
				"PC_SOL_NU_LANDE" : 0,
				"PC_NON_CLASSIFIE" : 0,
				"ANNEE_UT" : 2019
			}
		},
		{
			"type" : "Feature",
			"geometry" : null,
			"properties" : {
				"STATION" : "03040192",
				"PC_AGRICOLE" : 64.76,
				"PC_FORESTIER" : 17.6,
				"PC_HUMIDE" : 12.66,
				"PC_AQUATIQUE" : 0.22,
				"PC_ANTHROPIQUE" : 4.34,
				"PC_COUPE_REGENERATION" : 0.43,
				"PC_SOL_NU_LANDE" : 0,
				"PC_NON_CLASSIFIE" : 0,
				"ANNEE_UT" : 2019
			}
		},
		{
			"type" : "Feature",
			"geometry" : null,
			"properties" : {
				"STATION" : "03090031",
				"PC_AGRICOLE" : 59.79,
				"PC_FORESTIER" : 29.6,
				"PC_HUMIDE" : 6.55,
				"PC_AQUATIQUE" : 0.86,
				"PC_ANTHROPIQUE" : 2.78,
				"PC_COUPE_REGENERATION" : 0.26,
				"PC_SOL_NU_LANDE" : 0.15,
				"PC_NON_CLASSIFIE" : 0,
				"ANNEE_UT" : 2019
			}
		},
		{
			"type" : "Feature",
			"geometry" : null,
			"properties" : {
				"STATION" : "04010296",
				"PC_AGRICOLE" : 1.2,
				"PC_FORESTIER" : 71.88,
				"PC_HUMIDE" : 8.18,
				"PC_AQUATIQUE" : 6.7,
				"PC_ANTHROPIQUE" : 11.8,
				"PC_COUPE_REGENERATION" : 0.19,
				"PC_SOL_NU_LANDE" : 0.02,
				"PC_NON_CLASSIFIE" : 0.03,
				"ANNEE_UT" : 2019
			}
		},
		{
			"type" : "Feature",
			"geometry" : null,
			"properties" : {
				"STATION" : "04010297",
				"PC_AGRICOLE" : 4.87,
				"PC_FORESTIER" : 69.08,
				"PC_HUMIDE" : 8.96,
				"PC_AQUATIQUE" : 6.39,
				"PC_ANTHROPIQUE" : 10.47,
				"PC_COUPE_REGENERATION" : 0.18,
				"PC_SOL_NU_LANDE" : 0.02,
				"PC_NON_CLASSIFIE" : 0.03,
				"ANNEE_UT" : 2019
			}
		},
		{
			"type" : "Feature",
			"geometry" : null,
			"properties" : {
				"STATION" : "04010298",
				"PC_AGRICOLE" : 0.39,
				"PC_FORESTIER" : 74.28,
				"PC_HUMIDE" : 8.33,
				"PC_AQUATIQUE" : 7.02,
				"PC_ANTHROPIQUE" : 9.71,
				"PC_COUPE_REGENERATION" : 0.2,
				"PC_SOL_NU_LANDE" : 0.02,
				"PC_NON_CLASSIFIE" : 0.03,
				"ANNEE_UT" : 2019
			}
		},
		{
			"type" : "Feature",
			"geometry" : null,
			"properties" : {
				"STATION" : "04640040",
				"PC_AGRICOLE" : 47.51,
				"PC_FORESTIER" : 23.05,
				"PC_HUMIDE" : 6.41,
				"PC_AQUATIQUE" : 0.49,
				"PC_ANTHROPIQUE" : 22.29,
				"PC_COUPE_REGENERATION" : 0.24,
				"PC_SOL_NU_LANDE" : 0,
				"PC_NON_CLASSIFIE" : 0,
				"ANNEE_UT" : 2019
			}
		},
		{
			"type" : "Feature",
			"geometry" : null,
			"properties" : {
				"STATION" : "05010424",
				"PC_AGRICOLE" : 2.9,
				"PC_FORESTIER" : 79.29,
				"PC_HUMIDE" : 4.44,
				"PC_AQUATIQUE" : 8.22,
				"PC_ANTHROPIQUE" : 2.63,
				"PC_COUPE_REGENERATION" : 2.46,
				"PC_SOL_NU_LANDE" : 0.03,
				"PC_NON_CLASSIFIE" : 0.04,
				"ANNEE_UT" : 2019
			}
		},
		{
			"type" : "Feature",
			"geometry" : null,
			"properties" : {
				"STATION" : "05010535",
				"PC_AGRICOLE" : 0.12,
				"PC_FORESTIER" : 68.06,
				"PC_HUMIDE" : 7.21,
				"PC_AQUATIQUE" : 11.38,
				"PC_ANTHROPIQUE" : 0.49,
				"PC_COUPE_REGENERATION" : 12.38,
				"PC_SOL_NU_LANDE" : 0.33,
				"PC_NON_CLASSIFIE" : 0.04,
				"ANNEE_UT" : 2019
			}
		},
		{
			"type" : "Feature",
			"geometry" : null,
			"properties" : {
				"STATION" : "05090020",
				"PC_AGRICOLE" : 5.78,
				"PC_FORESTIER" : 58.28,
				"PC_HUMIDE" : 5.9,
				"PC_AQUATIQUE" : 2.2,
				"PC_ANTHROPIQUE" : 26.01,
				"PC_COUPE_REGENERATION" : 1.82,
				"PC_SOL_NU_LANDE" : 0,
				"PC_NON_CLASSIFIE" : 0.01,
				"ANNEE_UT" : 2019
			}
		},
		{
			"type" : "Feature",
			"geometry" : null,
			"properties" : {
				"STATION" : "05220396",
				"PC_AGRICOLE" : 3.05,
				"PC_FORESTIER" : 80.73,
				"PC_HUMIDE" : 3.17,
				"PC_AQUATIQUE" : 5.56,
				"PC_ANTHROPIQUE" : 3.32,
				"PC_COUPE_REGENERATION" : 3.97,
				"PC_SOL_NU_LANDE" : 0.18,
				"PC_NON_CLASSIFIE" : 0.03,
				"ANNEE_UT" : 2019
			}
		},
		{
			"type" : "Feature",
			"geometry" : null,
			"properties" : {
				"STATION" : "05220397",
				"PC_AGRICOLE" : 6.03,
				"PC_FORESTIER" : 76.14,
				"PC_HUMIDE" : 3.19,
				"PC_AQUATIQUE" : 5.35,
				"PC_ANTHROPIQUE" : 5.4,
				"PC_COUPE_REGENERATION" : 3.7,
				"PC_SOL_NU_LANDE" : 0.16,
				"PC_NON_CLASSIFIE" : 0.03,
				"ANNEE_UT" : 2019
			}
		},
		{
			"type" : "Feature",
			"geometry" : null,
			"properties" : {
				"STATION" : "05220401",
				"PC_AGRICOLE" : 9.64,
				"PC_FORESTIER" : 72.35,
				"PC_HUMIDE" : 4.27,
				"PC_AQUATIQUE" : 5.84,
				"PC_ANTHROPIQUE" : 4.26,
				"PC_COUPE_REGENERATION" : 3.56,
				"PC_SOL_NU_LANDE" : 0.06,
				"PC_NON_CLASSIFIE" : 0.03,
				"ANNEE_UT" : 2019
			}
		},
		{
			"type" : "Feature",
			"geometry" : null,
			"properties" : {
				"STATION" : "05220467",
				"PC_AGRICOLE" : 3.59,
				"PC_FORESTIER" : 79.96,
				"PC_HUMIDE" : 3.15,
				"PC_AQUATIQUE" : 5.55,
				"PC_ANTHROPIQUE" : 3.64,
				"PC_COUPE_REGENERATION" : 3.92,
				"PC_SOL_NU_LANDE" : 0.17,
				"PC_NON_CLASSIFIE" : 0.03,
				"ANNEE_UT" : 2019
			}
		},
		{
			"type" : "Feature",
			"geometry" : null,
			"properties" : {
				"STATION" : "05280075",
				"PC_AGRICOLE" : 8.37,
				"PC_FORESTIER" : 72.28,
				"PC_HUMIDE" : 4.08,
				"PC_AQUATIQUE" : 7.6,
				"PC_ANTHROPIQUE" : 1.06,
				"PC_COUPE_REGENERATION" : 6.5,
				"PC_SOL_NU_LANDE" : 0.08,
				"PC_NON_CLASSIFIE" : 0.03,
				"ANNEE_UT" : 2019
			}
		},
		{
			"type" : "Feature",
			"geometry" : null,
			"properties" : {
				"STATION" : "05280076",
				"PC_AGRICOLE" : 8.4,
				"PC_FORESTIER" : 72.24,
				"PC_HUMIDE" : 4.08,
				"PC_AQUATIQUE" : 7.6,
				"PC_ANTHROPIQUE" : 1.07,
				"PC_COUPE_REGENERATION" : 6.49,
				"PC_SOL_NU_LANDE" : 0.08,
				"PC_NON_CLASSIFIE" : 0.03,
				"ANNEE_UT" : 2019
			}
		}
	]
}