<?xml version="1.0" encoding="utf-8"?>
<export xmlns:xsi="http://www.w3.org/2001/XMLSchema-instance" xmlns:xsd="http://www.w3.org/2001/XMLSchema" datedebut="2024-01-01" datefin="2024-01-31">
  <contrat>
    <numeroseao>550919</numeroseao>
    <numero>132012-5217</numero>
    <datefinale>2023-11-20</datefinale>
    <datepublicationfinale>2023-11-15</datepublicationfinale>
    <montantfinal>1948330.450000</montantfinal>
    <nomcontractant>Consortium ad hoc formé du Consortium Carl Lefebvre et associés senc, d'Auclair, Drolet, arpenteurs-géomètres et d'Audet, Daigle, Daoust et associés / Morin, Collin</nomcontractant>
    <neqcontractant />
  </contrat>
  <contrat>
    <numeroseao>670958</numeroseao>
    <numero>8701-12-FC01</numero>
    <datefinale>2024-01-09</datefinale>
    <datepublicationfinale>2019-05-31</datepublicationfinale>
    <montantfinal>143411.110000</montantfinal>
    <nomcontractant>WSP canada inc.</nomcontractant>
    <neqcontractant>1148357057</neqcontractant>
  </contrat>
  <contrat>
    <numeroseao>679589</numeroseao>
    <numero>2301-13-1101</numero>
    <datefinale>2022-05-25</datefinale>
    <datepublicationfinale>2022-05-26</datepublicationfinale>
    <montantfinal>82865682.010000</montantfinal>
    <nomcontractant>DB-AECON Pont St-Jacques S.E.P</nomcontractant>
    <neqcontractant />
  </contrat>
  <contrat>
    <numeroseao>702633</numeroseao>
    <numero>6501-13-1101</numero>
    <datefinale>2024-01-29</datefinale>
    <datepublicationfinale>2017-11-24</datepublicationfinale>
    <montantfinal>12598589.650000</montantfinal>
    <nomcontractant>GERVAIS DUBÉ INC.</nomcontractant>
    <neqcontractant>1144441871</neqcontractant>
  </contrat>
  <contrat>
    <numeroseao>743815</numeroseao>
    <numero>8701-13-0303</numero>
    <datefinale>2024-01-09</datefinale>
    <datepublicationfinale>2018-12-11</datepublicationfinale>
    <montantfinal>3128937.070000</montantfinal>
    <nomcontractant>BRUNEAU ELECTRIQUE INC.</nomcontractant>
    <neqcontractant>1142851337</neqcontractant>
  </contrat>
  <contrat>
    <numeroseao>902887</numeroseao>
    <numero>7103-15-KA05</numero>
    <datefinale>2020-02-27</datefinale>
    <datepublicationfinale>2020-04-20</datepublicationfinale>
    <montantfinal>177000.170000</montantfinal>
    <nomcontractant>Englobe</nomcontractant>
    <neqcontractant>1167280206</neqcontractant>
  </contrat>
  <contrat>
    <numeroseao>965887</numeroseao>
    <numero>6705-16-0211</numero>
    <datefinale>2024-01-17</datefinale>
    <datepublicationfinale>2017-01-19</datepublicationfinale>
    <montantfinal>568000.000000</montantfinal>
    <nomcontractant>TERRASSEMENT LATULIPPE INC.</nomcontractant>
    <neqcontractant>1143338524</neqcontractant>
  </contrat>
  <contrat>
    <numeroseao>976750</numeroseao>
    <numero>AO 2015-57 ING</numero>
    <datefinale>2020-07-08</datefinale>
    <datepublicationfinale>2022-05-04</datepublicationfinale>
    <montantfinal>97837.990000</montantfinal>
    <nomcontractant>CIMA</nomcontractant>
    <neqcontractant>3340563140</neqcontractant>
  </contrat>
  <contrat>
    <numeroseao>1029164</numeroseao>
    <numero>7103-16-1103</numero>
    <datefinale>2023-01-17</datefinale>
    <datepublicationfinale>2023-01-18</datepublicationfinale>
    <montantfinal>2760046.100000</montantfinal>
    <nomcontractant>Sotraco Inc.</nomcontractant>
    <neqcontractant>1167203984</neqcontractant>
  </contrat>
  <contrat>
    <numeroseao>1071466</numeroseao>
    <numero>2016-GG-314</numero>
    <datefinale>2024-01-30</datefinale>
    <datepublicationfinale>2021-11-17</datepublicationfinale>
    <montantfinal>1659017.780000</montantfinal>
    <nomcontractant>Commission scolaire des affluents</nomcontractant>
    <neqcontractant />
  </contrat>
  <contrat>
    <numeroseao>1120321</numeroseao>
    <numero>2017-11-27.4</numero>
    <datefinale>2017-12-01</datefinale>
    <datepublicationfinale>2023-11-23</datepublicationfinale>
    <montantfinal>113695.390000</montantfinal>
    <nomcontractant>bureau GIRO inc.</nomcontractant>
    <neqcontractant>1143728963</neqcontractant>
  </contrat>
  <contrat>
    <numeroseao>1120344</numeroseao>
    <numero>2017-11-27.5</numero>
    <datefinale>2017-12-01</datefinale>
    <datepublicationfinale>2023-11-23</datepublicationfinale>
    <montantfinal>76051.300000</montantfinal>
    <nomcontractant>bureau GIRO inc.</nomcontractant>
    <neqcontractant>1143728963</neqcontractant>
  </contrat>
  <contrat>
    <numeroseao>1124101</numeroseao>
    <numero>32910100</numero>
    <datefinale>2023-12-18</datefinale>
    <datepublicationfinale>2023-03-26</datepublicationfinale>
    <montantfinal>10043251.110000</montantfinal>
    <nomcontractant>CONSTRUCTIONS UNIBEC INC.</nomcontractant>
    <neqcontractant>1143119502</neqcontractant>
  </contrat>
  <contrat>
    <numeroseao>1133285</numeroseao>
    <numero>2018-BS-018</numero>
    <datefinale>2023-08-31</datefinale>
    <datepublicationfinale>2018-11-13</datepublicationfinale>
    <montantfinal>74314.100000</montantfinal>
    <nomcontractant>Tennant Ventes et Service</nomcontractant>
    <neqcontractant>1167031377</neqcontractant>
  </contrat>
  <contrat>
    <numeroseao>1152721</numeroseao>
    <numero>9001-17-0914</numero>
    <datefinale>2024-01-30</datefinale>
    <datepublicationfinale>2021-02-12</datepublicationfinale>
    <montantfinal>3124951.020000</montantfinal>
    <nomcontractant>GROUPE ALLAIREGINCE INFRASTRUCTURES INC.</nomcontractant>
    <neqcontractant>1144045714</neqcontractant>
  </contrat>
  <contrat>
    <numeroseao>1178990</numeroseao>
    <numero>QC-RAMQ-20175059</numero>
    <datefinale>2023-11-10</datefinale>
    <datepublicationfinale>2023-12-20</datepublicationfinale>
    <montantfinal>239101.840000</montantfinal>
    <nomcontractant>La Compagnie de Téléphone Bell du Canada ou Bell Canada</nomcontractant>
    <neqcontractant>1172462849</neqcontractant>
  </contrat>
  <contrat>
    <numeroseao>1199546</numeroseao>
    <numero>18-451-GG-S</numero>
    <datefinale>2021-11-09</datefinale>
    <datepublicationfinale>2021-10-28</datepublicationfinale>
    <montantfinal>68891.880000</montantfinal>
    <nomcontractant>Cimaise inc</nomcontractant>
    <neqcontractant>1162634092</neqcontractant>
  </contrat>
  <contrat>
    <numeroseao>1201749</numeroseao>
    <numero>34168400</numero>
    <datefinale>2023-10-31</datefinale>
    <datepublicationfinale>2023-12-15</datepublicationfinale>
    <montantfinal>478478.050000</montantfinal>
    <nomcontractant>4182901 CANADA INC.</nomcontractant>
    <neqcontractant>1162809496</neqcontractant>
  </contrat>
  <contrat>
    <numeroseao>1221221</numeroseao>
    <numero>45000412</numero>
    <datefinale>2023-08-21</datefinale>
    <datepublicationfinale>2022-04-12</datepublicationfinale>
    <montantfinal>89330.690000</montantfinal>
    <nomcontractant>9345-0807 Québec Inc</nomcontractant>
    <neqcontractant>1172025885</neqcontractant>
  </contrat>
  <contrat>
    <numeroseao>1222982</numeroseao>
    <numero>18-3232</numero>
    <datefinale>2020-11-02</datefinale>
    <datepublicationfinale>2019-03-12</datepublicationfinale>
    <montantfinal>59218.800000</montantfinal>
    <nomcontractant>Bisson &amp; Associés Inc.</nomcontractant>
    <neqcontractant>1146516951</neqcontractant>
  </contrat>
  <contrat>
    <numeroseao>1244698</numeroseao>
    <numero>9001-19-0205</numero>
    <datefinale>2024-01-18</datefinale>
    <datepublicationfinale>2021-07-30</datepublicationfinale>
    <montantfinal>620809.360000</montantfinal>
    <nomcontractant>LE GROUPE POIRIER INC.</nomcontractant>
    <neqcontractant>1141726050</neqcontractant>
  </contrat>
  <contrat>
    <numeroseao>1247512</numeroseao>
    <numero>44512991</numero>
    <datefinale>2023-12-30</datefinale>
    <datepublicationfinale>2019-05-24</datepublicationfinale>
    <montantfinal>47577.500000</montantfinal>
    <nomcontractant>Larocque Cournoyer S.E.N.C</nomcontractant>
    <neqcontractant>3368911635</neqcontractant>
  </contrat>
  <contrat>
    <numeroseao>1258103</numeroseao>
    <numero>19-3423</numero>
    <datefinale>2022-02-10</datefinale>
    <datepublicationfinale>2023-01-12</datepublicationfinale>
    <montantfinal>58280.690000</montantfinal>
    <nomcontractant>Tetra Tech QI inc - Est</nomcontractant>
    <neqcontractant>1169411510</neqcontractant>
  </contrat>
  <contrat>
    <numeroseao>1260052</numeroseao>
    <numero>8801-18-HE08</numero>
    <datefinale>2024-01-18</datefinale>
    <datepublicationfinale>2021-04-28</datepublicationfinale>
    <montantfinal>88848.540000</montantfinal>
    <nomcontractant>SNC-Lavalin inc.</nomcontractant>
    <neqcontractant>1142775999</neqcontractant>
  </contrat>
  <contrat>
    <numeroseao>1294377</numeroseao>
    <numero>7103-19-FA01</numero>
    <datefinale>2023-07-04</datefinale>
    <datepublicationfinale>2023-07-05</datepublicationfinale>
    <montantfinal>63382.940000</montantfinal>
    <nomcontractant>FNX-Innov inc.</nomcontractant>
    <neqcontractant>1174002437</neqcontractant>
  </contrat>
  <contrat>
    <numeroseao>1345135</numeroseao>
    <numero>BON192001924</numero>
    <datefinale>2023-12-28</datefinale>
    <datepublicationfinale>2023-12-28</datepublicationfinale>
    <montantfinal>54450.000000</montantfinal>
    <nomcontractant>ARTCAD architectes</nomcontractant>
    <neqcontractant>1172401409</neqcontractant>
  </contrat>
  <contrat>
    <numeroseao>1348095</numeroseao>
    <numero>7103-19-0006</numero>
    <datefinale>2024-01-12</datefinale>
    <datepublicationfinale>2022-11-23</datepublicationfinale>
    <montantfinal>869699.240000</montantfinal>
    <nomcontractant>SIMTREX inc.</nomcontractant>
    <neqcontractant>1170310495</neqcontractant>
  </contrat>
  <contrat>
    <numeroseao>1349343</numeroseao>
    <numero>7103-20-0207</numero>
    <datefinale>2021-11-08</datefinale>
    <datepublicationfinale>2021-12-16</datepublicationfinale>
    <montantfinal>1258127.750000</montantfinal>
    <nomcontractant>LES CONSTRUCTIONS BÉ-CON INC.</nomcontractant>
    <neqcontractant>1142763540</neqcontractant>
  </contrat>
  <contrat>
    <numeroseao>1357747</numeroseao>
    <numero>36360600</numero>
    <datefinale>2023-03-31</datefinale>
    <datepublicationfinale>2023-06-20</datepublicationfinale>
    <montantfinal>103177.750000</montantfinal>
    <nomcontractant>9400-7853 Québec inc.</nomcontractant>
    <neqcontractant>1174684242</neqcontractant>
  </contrat>
  <contrat>
    <numeroseao>1390849</numeroseao>
    <numero>44519146</numero>
    <datefinale>2020-11-30</datefinale>
    <datepublicationfinale>2023-06-15</datepublicationfinale>
    <montantfinal>18500.000000</montantfinal>
    <nomcontractant>Denicourt Arpenteurs-Géomètres Inc.</nomcontractant>
    <neqcontractant>1148973846</neqcontractant>
  </contrat>
  <contrat>
    <numeroseao>1391820</numeroseao>
    <numero>AO 2018-28 LABO</numero>
    <datefinale>2021-02-05</datefinale>
    <datepublicationfinale>2022-05-04</datepublicationfinale>
    <montantfinal>78734.880000</montantfinal>
    <nomcontractant>SOLMATECH INC.</nomcontractant>
    <neqcontractant>1145544798</neqcontractant>
  </contrat>
  <contrat>
    <numeroseao>1395339</numeroseao>
    <numero>VP 2020-41</numero>
    <datefinale>2021-03-23</datefinale>
    <datepublicationfinale>2022-05-05</datepublicationfinale>
    <montantfinal>28456.310000</montantfinal>
    <nomcontractant>Solmatech inc.</nomcontractant>
    <neqcontractant>1145544798</neqcontractant>
  </contrat>
  <contrat>
    <numeroseao>1410516</numeroseao>
    <numero>SRM032551</numero>
    <datefinale>2023-11-20</datefinale>
    <datepublicationfinale>2023-12-05</datepublicationfinale>
    <montantfinal>50995.830000</montantfinal>
    <nomcontractant>Bouthillette Parizeau Inc.</nomcontractant>
    <neqcontractant>1142591438</neqcontractant>
  </contrat>
  <contrat>
    <numeroseao>1432771</numeroseao>
    <numero>7103-21-0001</numero>
    <datefinale>2022-10-24</datefinale>
    <datepublicationfinale>2022-10-25</datepublicationfinale>
    <montantfinal>883232.610000</montantfinal>
    <nomcontractant>AXCO AMÉNAGEMENTS INC.</nomcontractant>
    <neqcontractant>1144713600</neqcontractant>
  </contrat>
  <contrat>
    <numeroseao>1435784</numeroseao>
    <numero>AO 2021-1 LABO</numero>
    <datefinale>2021-03-09</datefinale>
    <datepublicationfinale>2022-05-05</datepublicationfinale>
    <montantfinal>46070.780000</montantfinal>
    <nomcontractant>FNX-INNOV inc.</nomcontractant>
    <neqcontractant>1174002437</neqcontractant>
  </contrat>
  <contrat>
    <numeroseao>1463279</numeroseao>
    <numero>8613-21-SH01 </numero>
    <datefinale>2022-12-15</datefinale>
    <datepublicationfinale>2022-12-16</datepublicationfinale>
    <montantfinal>161009.010000</montantfinal>
    <nomcontractant>VEOLIA ES CANADA SERVICES INDUSTRIELS INC.</nomcontractant>
    <neqcontractant>1166357260</neqcontractant>
  </contrat>
  <contrat>
    <numeroseao>1472816</numeroseao>
    <numero>MODL-2021-075 - PHASE 2</numero>
    <datefinale />
    <datepublicationfinale>2023-11-30</datepublicationfinale>
    <montantfinal>0.000000</montantfinal>
    <nomcontractant>AMB Modulaire</nomcontractant>
    <neqcontractant>1171905582</neqcontractant>
  </contrat>
  <contrat>
    <numeroseao>1492523</numeroseao>
    <numero>2503-21-0002</numero>
    <datefinale>2024-01-23</datefinale>
    <datepublicationfinale>2023-12-13</datepublicationfinale>
    <montantfinal>192691.410000</montantfinal>
    <nomcontractant>LES CONSTRUCTIONS HYDROSPEC INC.</nomcontractant>
    <neqcontractant>1162364278</neqcontractant>
  </contrat>
  <contrat>
    <numeroseao>1536941</numeroseao>
    <numero>117871001</numero>
    <datefinale>2023-12-03</datefinale>
    <datepublicationfinale>2023-02-01</datepublicationfinale>
    <montantfinal>112840.000000</montantfinal>
    <nomcontractant>KPMG S.R.L./S.E.N.C.R.L.</nomcontractant>
    <neqcontractant>3341653908</neqcontractant>
  </contrat>
  <contrat>
    <numeroseao>1554138</numeroseao>
    <numero>DOS-154</numero>
    <datefinale>2022-12-06</datefinale>
    <datepublicationfinale>2023-04-20</datepublicationfinale>
    <montantfinal>415194.170000</montantfinal>
    <nomcontractant>Novexco inc.</nomcontractant>
    <neqcontractant>1146540985</neqcontractant>
  </contrat>
  <contrat>
    <numeroseao>1554430</numeroseao>
    <numero>44525163</numero>
    <datefinale>2023-11-26</datefinale>
    <datepublicationfinale>2023-12-21</datepublicationfinale>
    <montantfinal>835588.430000</montantfinal>
    <nomcontractant>LES CÉRAMIQUES LINDO (2001) INC.</nomcontractant>
    <neqcontractant>1160456431</neqcontractant>
  </contrat>
  <contrat>
    <numeroseao>1555109</numeroseao>
    <numero>44522438</numero>
    <datefinale>2023-11-26</datefinale>
    <datepublicationfinale>2023-12-21</datepublicationfinale>
    <montantfinal>655815.000000</montantfinal>
    <nomcontractant>TECNO METAL INC.</nomcontractant>
    <neqcontractant>1144255701</neqcontractant>
  </contrat>
  <contrat>
    <numeroseao>1564259</numeroseao>
    <numero>P1455-02-01 /2022-010</numero>
    <datefinale>2024-01-15</datefinale>
    <datepublicationfinale>2023-03-30</datepublicationfinale>
    <montantfinal>1866786.660000</montantfinal>
    <nomcontractant>SINTRA INC.</nomcontractant>
    <neqcontractant>1145755295</neqcontractant>
  </contrat>
  <contrat>
    <numeroseao>1596093</numeroseao>
    <numero>8901-21-0001</numero>
    <datefinale>2024-01-11</datefinale>
    <datepublicationfinale>2023-06-26</datepublicationfinale>
    <montantfinal>2042459.920000</montantfinal>
    <nomcontractant>RN Civil</nomcontractant>
    <neqcontractant>1173374696</neqcontractant>
  </contrat>
  <contrat>
    <numeroseao>1596491</numeroseao>
    <numero>44521788</numero>
    <datefinale>2023-11-26</datefinale>
    <datepublicationfinale>2023-12-20</datepublicationfinale>
    <montantfinal>894618.440000</montantfinal>
    <nomcontractant>2646-1871 QUÉBEC INC.</nomcontractant>
    <neqcontractant>1143216548</neqcontractant>
  </contrat>
  <contrat>
    <numeroseao>1600148</numeroseao>
    <numero>P1025924</numero>
    <datefinale>2022-05-04</datefinale>
    <datepublicationfinale>2022-05-06</datepublicationfinale>
    <montantfinal>55000.000000</montantfinal>
    <nomcontractant>Architecture EVOQ Inc.</nomcontractant>
    <neqcontractant />
  </contrat>
  <contrat>
    <numeroseao>1600155</numeroseao>
    <numero>P1031590</numero>
    <datefinale>2022-09-08</datefinale>
    <datepublicationfinale>2022-10-05</datepublicationfinale>
    <montantfinal>31025.260000</montantfinal>
    <nomcontractant>Anton Paar Canada</nomcontractant>
    <neqcontractant />
  </contrat>
  <contrat>
    <numeroseao>1600160</numeroseao>
    <numero>P1032384</numero>
    <datefinale>2022-11-10</datefinale>
    <datepublicationfinale>2022-12-05</datepublicationfinale>
    <montantfinal>59420.000000</montantfinal>
    <nomcontractant>Images et Technologie</nomcontractant>
    <neqcontractant />
  </contrat>
  <contrat>
    <numeroseao>1611947</numeroseao>
    <numero>P1033209</numero>
    <datefinale>2022-06-15</datefinale>
    <datepublicationfinale>2022-06-23</datepublicationfinale>
    <montantfinal>35950.000000</montantfinal>
    <nomcontractant>CPE Division B Inc</nomcontractant>
    <neqcontractant />
  </contrat>
  <contrat>
    <numeroseao>1612138</numeroseao>
    <numero>EX528207 / SE269064</numero>
    <datefinale />
    <datepublicationfinale>2023-05-04</datepublicationfinale>
    <montantfinal>0.000000</montantfinal>
    <nomcontractant>ANNEXE COMMUNICATIONS INC.</nomcontractant>
    <neqcontractant>1143966951</neqcontractant>
  </contrat>
  <contrat>
    <numeroseao>1614347</numeroseao>
    <numero>P1041692</numero>
    <datefinale>2022-08-24</datefinale>
    <datepublicationfinale>2022-08-26</datepublicationfinale>
    <montantfinal>46000.000000</montantfinal>
    <nomcontractant>9399020 CANADA INC.</nomcontractant>
    <neqcontractant />
  </contrat>
  <contrat>
    <numeroseao>1614350</numeroseao>
    <numero>P1042617</numero>
    <datefinale>2022-10-19</datefinale>
    <datepublicationfinale>2022-10-27</datepublicationfinale>
    <montantfinal>51200.520000</montantfinal>
    <nomcontractant>Fisher Scientific</nomcontractant>
    <neqcontractant />
  </contrat>
  <contrat>
    <numeroseao>1618626</numeroseao>
    <numero>P1040987</numero>
    <datefinale>2022-07-14</datefinale>
    <datepublicationfinale>2022-07-18</datepublicationfinale>
    <montantfinal>28666.660000</montantfinal>
    <nomcontractant>Unicon, Inc.</nomcontractant>
    <neqcontractant />
  </contrat>
  <contrat>
    <numeroseao>1618627</numeroseao>
    <numero>P1041886</numero>
    <datefinale>2022-07-14</datefinale>
    <datepublicationfinale>2022-07-18</datepublicationfinale>
    <montantfinal>25591.000000</montantfinal>
    <nomcontractant>One Identity Canada Inc</nomcontractant>
    <neqcontractant />
  </contrat>
  <contrat>
    <numeroseao>1618633</numeroseao>
    <numero>P1044694</numero>
    <datefinale>2022-06-16</datefinale>
    <datepublicationfinale>2022-06-23</datepublicationfinale>
    <montantfinal>28000.000000</montantfinal>
    <nomcontractant>Pepiniere Pierrefonds Inc.</nomcontractant>
    <neqcontractant />
  </contrat>
  <contrat>
    <numeroseao>1622266</numeroseao>
    <numero>H22-0441LPO</numero>
    <datefinale>2023-07-05</datefinale>
    <datepublicationfinale>2023-12-05</datepublicationfinale>
    <montantfinal>26644.360000</montantfinal>
    <nomcontractant>INNOVA MEDICAL OPHTHALMICS INC.</nomcontractant>
    <neqcontractant>1174136540</neqcontractant>
  </contrat>
  <contrat>
    <numeroseao>1622896</numeroseao>
    <numero>EX528174 / SE269051</numero>
    <datefinale />
    <datepublicationfinale>2023-05-11</datepublicationfinale>
    <montantfinal>0.000000</montantfinal>
    <nomcontractant>TACT INTELLIGENCE-CONSEIL INC.</nomcontractant>
    <neqcontractant>1172113715</neqcontractant>
  </contrat>
  <contrat>
    <numeroseao>1625665</numeroseao>
    <numero>P1049924</numero>
    <datefinale>2023-04-11</datefinale>
    <datepublicationfinale>2022-08-26</datepublicationfinale>
    <montantfinal>70200.000000</montantfinal>
    <nomcontractant>e-Risk Professional Services Inc.</nomcontractant>
    <neqcontractant />
  </contrat>
  <contrat>
    <numeroseao>1630261</numeroseao>
    <numero>DÉNEIGEMENT 2022-2023</numero>
    <datefinale>2023-05-01</datefinale>
    <datepublicationfinale>2023-07-25</datepublicationfinale>
    <montantfinal>99959.270000</montantfinal>
    <nomcontractant>DÉNEIGEMENT SVC INC.</nomcontractant>
    <neqcontractant>1174947755</neqcontractant>
  </contrat>
  <contrat>
    <numeroseao>1632215</numeroseao>
    <numero>P1045870</numero>
    <datefinale>2023-01-23</datefinale>
    <datepublicationfinale>2023-11-28</datepublicationfinale>
    <montantfinal>187307.890000</montantfinal>
    <nomcontractant>Blue Salmon Productions Inc.</nomcontractant>
    <neqcontractant />
  </contrat>
  <contrat>
    <numeroseao>1632218</numeroseao>
    <numero>P1046779</numero>
    <datefinale>2022-11-10</datefinale>
    <datepublicationfinale>2022-11-11</datepublicationfinale>
    <montantfinal>1199218.450000</montantfinal>
    <nomcontractant>Carl Zeiss Canada Ltd</nomcontractant>
    <neqcontractant />
  </contrat>
  <contrat>
    <numeroseao>1632236</numeroseao>
    <numero>P1052205</numero>
    <datefinale>2022-10-14</datefinale>
    <datepublicationfinale>2022-10-27</datepublicationfinale>
    <montantfinal>36502.000000</montantfinal>
    <nomcontractant>Advanced Gas Technologies Inc.</nomcontractant>
    <neqcontractant />
  </contrat>
  <contrat>
    <numeroseao>1632252</numeroseao>
    <numero>P1054285</numero>
    <datefinale>2022-10-04</datefinale>
    <datepublicationfinale>2022-10-05</datepublicationfinale>
    <montantfinal>47925.280000</montantfinal>
    <nomcontractant>Agilent Technologies Canada Inc.</nomcontractant>
    <neqcontractant />
  </contrat>
  <contrat>
    <numeroseao>1632255</numeroseao>
    <numero>P1054870</numero>
    <datefinale>2023-01-06</datefinale>
    <datepublicationfinale>2023-01-12</datepublicationfinale>
    <montantfinal>24836.400000</montantfinal>
    <nomcontractant>Images et Technologie</nomcontractant>
    <neqcontractant />
  </contrat>
  <contrat>
    <numeroseao>1632259</numeroseao>
    <numero>P1055625</numero>
    <datefinale>2022-08-06</datefinale>
    <datepublicationfinale>2022-08-26</datepublicationfinale>
    <montantfinal>66795.000000</montantfinal>
    <nomcontractant>Illumina Canada Ulc.</nomcontractant>
    <neqcontractant />
  </contrat>
  <contrat>
    <numeroseao>1638816</numeroseao>
    <numero>P1056583</numero>
    <datefinale>2022-12-01</datefinale>
    <datepublicationfinale>2022-12-05</datepublicationfinale>
    <montantfinal>28825.000000</montantfinal>
    <nomcontractant>Fluidigm Corporation</nomcontractant>
    <neqcontractant />
  </contrat>
  <contrat>
    <numeroseao>1638818</numeroseao>
    <numero>P1056676</numero>
    <datefinale>2022-08-16</datefinale>
    <datepublicationfinale>2022-08-26</datepublicationfinale>
    <montantfinal>44530.000000</montantfinal>
    <nomcontractant>Illumina Canada Ulc.</nomcontractant>
    <neqcontractant />
  </contrat>
  <contrat>
    <numeroseao>1639966</numeroseao>
    <numero>CGER 21 720112</numero>
    <datefinale>2023-09-14</datefinale>
    <datepublicationfinale>2023-10-11</datepublicationfinale>
    <montantfinal>38250.000000</montantfinal>
    <nomcontractant>ENTREPRISE RAMEC INC.</nomcontractant>
    <neqcontractant>1160575545</neqcontractant>
  </contrat>
  <contrat>
    <numeroseao>1642796</numeroseao>
    <numero>2022-0546-GG</numero>
    <datefinale>2024-01-18</datefinale>
    <datepublicationfinale>2023-04-03</datepublicationfinale>
    <montantfinal>172140.220000</montantfinal>
    <nomcontractant>CONSULTAXE LTÉE</nomcontractant>
    <neqcontractant>1173098279</neqcontractant>
  </contrat>
  <contrat>
    <numeroseao>1643324</numeroseao>
    <numero>22-23-25</numero>
    <datefinale>2023-10-10</datefinale>
    <datepublicationfinale>2023-09-06</datepublicationfinale>
    <montantfinal>342343.020000</montantfinal>
    <nomcontractant>SÉGUIN MORRIS INC.</nomcontractant>
    <neqcontractant>1143119205</neqcontractant>
  </contrat>
  <contrat>
    <numeroseao>1645648</numeroseao>
    <numero>P1058406</numero>
    <datefinale>2022-10-14</datefinale>
    <datepublicationfinale>2022-10-17</datepublicationfinale>
    <montantfinal>47789.460000</montantfinal>
    <nomcontractant>10X Genomics Inc.</nomcontractant>
    <neqcontractant />
  </contrat>
  <contrat>
    <numeroseao>1645653</numeroseao>
    <numero>P1059170</numero>
    <datefinale>2023-01-27</datefinale>
    <datepublicationfinale>2023-01-30</datepublicationfinale>
    <montantfinal>79777.780000</montantfinal>
    <nomcontractant>Physical Electronics USA, Inc.</nomcontractant>
    <neqcontractant />
  </contrat>
  <contrat>
    <numeroseao>1645656</numeroseao>
    <numero>P1059512</numero>
    <datefinale>2022-11-28</datefinale>
    <datepublicationfinale>2022-12-05</datepublicationfinale>
    <montantfinal>43513.940000</montantfinal>
    <nomcontractant>Hotel Chateau Bromont</nomcontractant>
    <neqcontractant />
  </contrat>
  <contrat>
    <numeroseao>1645660</numeroseao>
    <numero>P1060215</numero>
    <datefinale>2023-01-27</datefinale>
    <datepublicationfinale>2023-01-30</datepublicationfinale>
    <montantfinal>25065.810000</montantfinal>
    <nomcontractant>Nikon Canada Inc.</nomcontractant>
    <neqcontractant />
  </contrat>
  <contrat>
    <numeroseao>1645672</numeroseao>
    <numero>P1062704</numero>
    <datefinale>2023-01-27</datefinale>
    <datepublicationfinale>2023-01-30</datepublicationfinale>
    <montantfinal>37095.000000</montantfinal>
    <nomcontractant>A.S.N. Inc.</nomcontractant>
    <neqcontractant />
  </contrat>
  <contrat>
    <numeroseao>1645675</numeroseao>
    <numero>P1063155</numero>
    <datefinale>2022-11-18</datefinale>
    <datepublicationfinale>2022-12-05</datepublicationfinale>
    <montantfinal>48000.000000</montantfinal>
    <nomcontractant>Diabsolut Inc,</nomcontractant>
    <neqcontractant />
  </contrat>
  <contrat>
    <numeroseao>1645682</numeroseao>
    <numero>P1063933</numero>
    <datefinale>2023-01-31</datefinale>
    <datepublicationfinale>2023-02-03</datepublicationfinale>
    <montantfinal>60898.360000</montantfinal>
    <nomcontractant>Odgers Berndtson Canada / Montreal Inc.</nomcontractant>
    <neqcontractant />
  </contrat>
  <contrat>
    <numeroseao>1650068</numeroseao>
    <numero>DG-2022-008A</numero>
    <datefinale>2023-12-22</datefinale>
    <datepublicationfinale>2023-12-21</datepublicationfinale>
    <montantfinal>0.000000</montantfinal>
    <nomcontractant>tbmaestro Inc.</nomcontractant>
    <neqcontractant>1161238267</neqcontractant>
  </contrat>
  <contrat>
    <numeroseao>1651979</numeroseao>
    <numero>NO 20221013</numero>
    <datefinale>2023-12-11</datefinale>
    <datepublicationfinale>2023-07-25</datepublicationfinale>
    <montantfinal>139962.570000</montantfinal>
    <nomcontractant>MÉCANICACTION INC.</nomcontractant>
    <neqcontractant>1166046475</neqcontractant>
  </contrat>
  <contrat>
    <numeroseao>1652163</numeroseao>
    <numero>P1058194</numero>
    <datefinale>2022-11-28</datefinale>
    <datepublicationfinale>2022-12-05</datepublicationfinale>
    <montantfinal>99871.200000</montantfinal>
    <nomcontractant>NIRx Medical Technologies LLC</nomcontractant>
    <neqcontractant />
  </contrat>
  <contrat>
    <numeroseao>1652165</numeroseao>
    <numero>P1062338</numero>
    <datefinale>2023-01-20</datefinale>
    <datepublicationfinale>2023-01-30</datepublicationfinale>
    <montantfinal>49123.610000</montantfinal>
    <nomcontractant>ColdQuanta, Inc.</nomcontractant>
    <neqcontractant />
  </contrat>
  <contrat>
    <numeroseao>1652244</numeroseao>
    <numero>44530782</numero>
    <datefinale>2023-12-31</datefinale>
    <datepublicationfinale>2023-10-05</datepublicationfinale>
    <montantfinal>110206.000000</montantfinal>
    <nomcontractant>SOCIÉTÉ DE CONTRÔLE JOHNSON</nomcontractant>
    <neqcontractant>3367672865</neqcontractant>
  </contrat>
  <contrat>
    <numeroseao>1655301</numeroseao>
    <numero>2022-489-9798-CB-GG</numero>
    <datefinale>2024-01-11</datefinale>
    <datepublicationfinale>2023-10-11</datepublicationfinale>
    <montantfinal>29491.000000</montantfinal>
    <nomcontractant>9105-2084 QUÉBEC INC.</nomcontractant>
    <neqcontractant>1160162005</neqcontractant>
  </contrat>
  <contrat>
    <numeroseao>1656185</numeroseao>
    <numero>8901-22-0204</numero>
    <datefinale>2023-02-17</datefinale>
    <datepublicationfinale>2023-03-07</datepublicationfinale>
    <montantfinal>971982.570000</montantfinal>
    <nomcontractant>Construction FGK inc.</nomcontractant>
    <neqcontractant>1169105724</neqcontractant>
  </contrat>
  <contrat>
    <numeroseao>1656775</numeroseao>
    <numero>4W22299</numero>
    <datefinale>2024-01-25</datefinale>
    <datepublicationfinale>2023-09-20</datepublicationfinale>
    <montantfinal>32000.000000</montantfinal>
    <nomcontractant>Ambioner inc.</nomcontractant>
    <neqcontractant>1167561381</neqcontractant>
  </contrat>
  <contrat>
    <numeroseao>1658882</numeroseao>
    <numero>2022-098-9726-CB-AOI</numero>
    <datefinale>2024-01-16</datefinale>
    <datepublicationfinale>2023-10-11</datepublicationfinale>
    <montantfinal>29879.070000</montantfinal>
    <nomcontractant>MEDLINE CANADA, CORPORATION</nomcontractant>
    <neqcontractant>1161996294</neqcontractant>
  </contrat>
  <contrat>
    <numeroseao>1665699</numeroseao>
    <numero>RES605-25-2022</numero>
    <datefinale>2023-09-07</datefinale>
    <datepublicationfinale>2023-08-03</datepublicationfinale>
    <montantfinal>38200.270000</montantfinal>
    <nomcontractant>TRANSPORT DANY GAGNON</nomcontractant>
    <neqcontractant>1145855970</neqcontractant>
  </contrat>
  <contrat>
    <numeroseao>1666779</numeroseao>
    <numero>2022-525-9157-CS-GG</numero>
    <datefinale>2023-12-07</datefinale>
    <datepublicationfinale>2023-11-21</datepublicationfinale>
    <montantfinal>47960.000000</montantfinal>
    <nomcontractant>BAYER INC.</nomcontractant>
    <neqcontractant>1146514154</neqcontractant>
  </contrat>
  <contrat>
    <numeroseao>1669525</numeroseao>
    <numero>39661401cor</numero>
    <datefinale>2023-02-16</datefinale>
    <datepublicationfinale>2023-03-21</datepublicationfinale>
    <montantfinal>40585.000000</montantfinal>
    <nomcontractant>SABLAGE &amp; PEINTURE BEAULAC (1995) INC.</nomcontractant>
    <neqcontractant>1141154626</neqcontractant>
  </contrat>
  <contrat>
    <numeroseao>1672364</numeroseao>
    <numero>44531683</numero>
    <datefinale>2023-10-03</datefinale>
    <datepublicationfinale>2023-12-20</datepublicationfinale>
    <montantfinal>114334.900000</montantfinal>
    <nomcontractant>DESHAIES &amp; RAYMOND INC.</nomcontractant>
    <neqcontractant>1141862608</neqcontractant>
  </contrat>
  <contrat>
    <numeroseao>1674469</numeroseao>
    <numero>2022-75-258</numero>
    <datefinale>2023-11-28</datefinale>
    <datepublicationfinale>2023-11-30</datepublicationfinale>
    <montantfinal>97383.840000</montantfinal>
    <nomcontractant>RAYMOND CHABOT RESSOURCES HUMAINES INC.</nomcontractant>
    <neqcontractant>1149050818</neqcontractant>
  </contrat>
  <contrat>
    <numeroseao>1674478</numeroseao>
    <numero>SE-2022-2621-044</numero>
    <datefinale>2024-01-15</datefinale>
    <datepublicationfinale>2023-11-15</datepublicationfinale>
    <montantfinal>63122.040000</montantfinal>
    <nomcontractant>Solutions Necando Inc.</nomcontractant>
    <neqcontractant>1167488353</neqcontractant>
  </contrat>
  <contrat>
    <numeroseao>1681591</numeroseao>
    <numero>2022-492-9509-CS-GG</numero>
    <datefinale>2023-10-07</datefinale>
    <datepublicationfinale>2023-12-20</datepublicationfinale>
    <montantfinal>116035.820000</montantfinal>
    <nomcontractant>Agence Tézig Inc.</nomcontractant>
    <neqcontractant>1176414903</neqcontractant>
  </contrat>
  <contrat>
    <numeroseao>1685332</numeroseao>
    <numero>2023-044-9513-CS-GG</numero>
    <datefinale>2023-11-24</datefinale>
    <datepublicationfinale>2023-12-12</datepublicationfinale>
    <montantfinal>35332.000000</montantfinal>
    <nomcontractant>Raymond Chabot Grant Thornton &amp; Cie S.E.N.C.R.L.</nomcontractant>
    <neqcontractant>3342037838</neqcontractant>
  </contrat>
  <contrat>
    <numeroseao>1687106</numeroseao>
    <numero>BC64002579</numero>
    <datefinale />
    <datepublicationfinale>2023-06-26</datepublicationfinale>
    <montantfinal>0.000000</montantfinal>
    <nomcontractant>TECHNO-CONTACT ÉLITE INC.</nomcontractant>
    <neqcontractant>1171769426</neqcontractant>
  </contrat>
  <contrat>
    <numeroseao>1693139</numeroseao>
    <numero>2023-02-026</numero>
    <datefinale>2023-05-22</datefinale>
    <datepublicationfinale>2023-07-24</datepublicationfinale>
    <montantfinal>31937.200000</montantfinal>
    <nomcontractant>NORDIKEAU INC.</nomcontractant>
    <neqcontractant>1146107272</neqcontractant>
  </contrat>
  <contrat>
    <numeroseao>1695665</numeroseao>
    <numero>6009182</numero>
    <datefinale>2023-07-31</datefinale>
    <datepublicationfinale>2023-10-17</datepublicationfinale>
    <montantfinal>62976.600000</montantfinal>
    <nomcontractant>Sarah-Jane Turcot Inc.</nomcontractant>
    <neqcontractant>1173879199</neqcontractant>
  </contrat>
  <contrat>
    <numeroseao>1697308</numeroseao>
    <numero>APP2023-001</numero>
    <datefinale>2023-07-11</datefinale>
    <datepublicationfinale>2023-07-26</datepublicationfinale>
    <montantfinal>156019.590000</montantfinal>
    <nomcontractant>La Sablière du Clan Rochefort Inc.</nomcontractant>
    <neqcontractant>1175497644</neqcontractant>
  </contrat>
  <contrat>
    <numeroseao>1701293</numeroseao>
    <numero>44532466</numero>
    <datefinale>2023-11-28</datefinale>
    <datepublicationfinale>2023-11-28</datepublicationfinale>
    <montantfinal>48557.000000</montantfinal>
    <nomcontractant>GÉOMOG INC.</nomcontractant>
    <neqcontractant>1163018857</neqcontractant>
  </contrat>
  <contrat>
    <numeroseao>1704067</numeroseao>
    <numero>HOCKEY 23-26</numero>
    <datefinale>2023-12-21</datefinale>
    <datepublicationfinale>2023-12-21</datepublicationfinale>
    <montantfinal>28017.620000</montantfinal>
    <nomcontractant>IMPRESSIONS PRO-DESIGN (2019) INC.</nomcontractant>
    <neqcontractant>1174430570</neqcontractant>
  </contrat>
  <contrat>
    <numeroseao>1704992</numeroseao>
    <numero>CGER 22 730123</numero>
    <datefinale>2023-07-06</datefinale>
    <datepublicationfinale>2023-09-07</datepublicationfinale>
    <montantfinal>38000.000000</montantfinal>
    <nomcontractant>SIGNEL SERVICES INC.</nomcontractant>
    <neqcontractant>1142718353</neqcontractant>
  </contrat>
  <contrat>
    <numeroseao>1707694</numeroseao>
    <numero>DR23-PUB-032</numero>
    <datefinale>2023-12-31</datefinale>
    <datepublicationfinale>2023-07-19</datepublicationfinale>
    <montantfinal>110019.560000</montantfinal>
    <nomcontractant>GROUPE TRANSCAM INC.</nomcontractant>
    <neqcontractant>1170359922</neqcontractant>
  </contrat>
  <contrat>
    <numeroseao>1714044</numeroseao>
    <numero>CGER 22 730122</numero>
    <datefinale>2023-07-06</datefinale>
    <datepublicationfinale>2023-09-13</datepublicationfinale>
    <montantfinal>19100.000000</montantfinal>
    <nomcontractant>SIGNEL SERVICES INC.</nomcontractant>
    <neqcontractant>1142718353</neqcontractant>
  </contrat>
  <contrat>
    <numeroseao>1719966</numeroseao>
    <numero>46002054</numero>
    <datefinale>2023-05-09</datefinale>
    <datepublicationfinale>2023-11-13</datepublicationfinale>
    <montantfinal>3391.130000</montantfinal>
    <nomcontractant>QUÉBEC INDUSTRIAL ÉLECTRIC INC.</nomcontractant>
    <neqcontractant>1142556803</neqcontractant>
  </contrat>
  <contrat>
    <numeroseao>1720961</numeroseao>
    <numero>2023-015-DG</numero>
    <datefinale>2023-09-05</datefinale>
    <datepublicationfinale>2023-09-28</datepublicationfinale>
    <montantfinal>67500.000000</montantfinal>
    <nomcontractant>LA CORPORATION MCKESSON CANADA</nomcontractant>
    <neqcontractant>1165833469</neqcontractant>
  </contrat>
  <contrat>
    <numeroseao>1730186</numeroseao>
    <numero>2024-0185</numero>
    <datefinale>2023-10-11</datefinale>
    <datepublicationfinale>2023-10-19</datepublicationfinale>
    <montantfinal>23640.000000</montantfinal>
    <nomcontractant>LOCATION SAUVAGEAU INC. / SAUVAGEAU RENTAL INC.</nomcontractant>
    <neqcontractant>1177683019</neqcontractant>
  </contrat>
  <contrat>
    <numeroseao>1731552</numeroseao>
    <numero>44533980</numero>
    <datefinale>2023-10-26</datefinale>
    <datepublicationfinale>2023-12-14</datepublicationfinale>
    <montantfinal>110404.690000</montantfinal>
    <nomcontractant>DERKO LTÉE</nomcontractant>
    <neqcontractant>1166131624</neqcontractant>
  </contrat>
  <contrat>
    <numeroseao>1732631</numeroseao>
    <numero>CGER 23 730129</numero>
    <datefinale>2023-10-06</datefinale>
    <datepublicationfinale>2023-11-22</datepublicationfinale>
    <montantfinal>19200.000000</montantfinal>
    <nomcontractant>SIGNEL SERVICES INC.</nomcontractant>
    <neqcontractant>1142718353</neqcontractant>
  </contrat>
  <contrat>
    <numeroseao>1741751</numeroseao>
    <numero>46002076</numero>
    <datefinale>2023-10-31</datefinale>
    <datepublicationfinale>2023-11-13</datepublicationfinale>
    <montantfinal>79052.940000</montantfinal>
    <nomcontractant>CREVIER LUBRIFIANTS INC.</nomcontractant>
    <neqcontractant>1142284513</neqcontractant>
  </contrat>
  <contrat>
    <numeroseao>1744965</numeroseao>
    <numero>6706-23-AP01</numero>
    <datefinale>2024-01-22</datefinale>
    <datepublicationfinale>2023-08-15</datepublicationfinale>
    <montantfinal>19236.000000</montantfinal>
    <nomcontractant>Signel services inc.</nomcontractant>
    <neqcontractant>1142718353</neqcontractant>
  </contrat>
  <contrat>
    <numeroseao>1754313</numeroseao>
    <numero>44535077</numero>
    <datefinale>2023-12-31</datefinale>
    <datepublicationfinale>2023-12-11</datepublicationfinale>
    <montantfinal>47749.000000</montantfinal>
    <nomcontractant>Démantèlement de la Capitale inc.</nomcontractant>
    <neqcontractant>1178121050</neqcontractant>
  </contrat>
  <contrat>
    <numeroseao>1765434</numeroseao>
    <numero>6706-23-PZ02</numero>
    <datefinale>2024-01-08</datefinale>
    <datepublicationfinale>2023-12-20</datepublicationfinale>
    <montantfinal>70900.000000</montantfinal>
    <nomcontractant>G.I.D.C. Mecatina</nomcontractant>
    <neqcontractant>1176678333</neqcontractant>
  </contrat>
  <contrat>
    <numeroseao>1766295</numeroseao>
    <numero>2023APP390</numero>
    <datefinale>2023-12-14</datefinale>
    <datepublicationfinale>2023-12-18</datepublicationfinale>
    <montantfinal>88577.900000</montantfinal>
    <nomcontractant>BECTON DICKINSON CANADA INC.</nomcontractant>
    <neqcontractant>1173028409</neqcontractant>
  </contrat>
  <contrat>
    <numeroseao>1771638</numeroseao>
    <numero>CO2023-6910-GG</numero>
    <datefinale>2023-11-27</datefinale>
    <datepublicationfinale>2023-12-18</datepublicationfinale>
    <montantfinal>24045.000000</montantfinal>
    <nomcontractant>ASTEK CANADA INC.</nomcontractant>
    <neqcontractant>1160713104</neqcontractant>
  </contrat>
  <contrat>
    <numeroseao>1774641</numeroseao>
    <numero>BC 1599985</numero>
    <datefinale>2023-10-13</datefinale>
    <datepublicationfinale>2023-10-26</datepublicationfinale>
    <montantfinal>43728.860000</montantfinal>
    <nomcontractant>SONEPAR CANADA INC.</nomcontractant>
    <neqcontractant>1161248001</neqcontractant>
  </contrat>
  <contrat>
    <numeroseao>1781721</numeroseao>
    <numero>1662</numero>
    <datefinale>2024-01-24</datefinale>
    <datepublicationfinale>2023-12-18</datepublicationfinale>
    <montantfinal>33035.920000</montantfinal>
    <nomcontractant>MAISON DES PREMIÈRES NATIONS S.E.C.</nomcontractant>
    <neqcontractant>3364155013</neqcontractant>
  </contrat>
  <contrat>
    <numeroseao>1790899</numeroseao>
    <numero>44526638</numero>
    <datefinale>2023-12-21</datefinale>
    <datepublicationfinale>2023-12-15</datepublicationfinale>
    <montantfinal>25100.000000</montantfinal>
    <nomcontractant>LAROCQUE - COURNOYER, S.E.N.C.</nomcontractant>
    <neqcontractant>3368911635</neqcontractant>
  </contrat>
</export>