<?xml version="1.0" encoding="utf-8"?>
<export xmlns:xsi="http://www.w3.org/2001/XMLSchema-instance" xmlns:xsd="http://www.w3.org/2001/XMLSchema" datedebut="2023-08-01" datefin="2023-08-31">
  <contrat>
    <numeroseao>651330</numeroseao>
    <numero>APP-13-137 (2012-TDE-629)</numero>
    <datefinale>2018-09-17</datefinale>
    <datepublicationfinale>2020-03-09</datepublicationfinale>
    <montantfinal>1098109.370000</montantfinal>
    <nomcontractant>Lab d'analyses S.M. inc.</nomcontractant>
    <neqcontractant />
  </contrat>
  <contrat>
    <numeroseao>955053</numeroseao>
    <numero>OS-28717</numero>
    <datefinale>2023-08-15</datefinale>
    <datepublicationfinale>2020-10-29</datepublicationfinale>
    <montantfinal>1550503.660000</montantfinal>
    <nomcontractant>Les Consultants S.M. Inc. (Bureau des Offres)</nomcontractant>
    <neqcontractant>1143019660</neqcontractant>
  </contrat>
  <contrat>
    <numeroseao>976633</numeroseao>
    <numero>30607500</numero>
    <datefinale>2018-06-30</datefinale>
    <datepublicationfinale>2023-07-04</datepublicationfinale>
    <montantfinal>10430.000000</montantfinal>
    <nomcontractant>Services conseils LPJM inc.</nomcontractant>
    <neqcontractant>1147198825</neqcontractant>
  </contrat>
  <contrat>
    <numeroseao>1027169</numeroseao>
    <numero>29008</numero>
    <datefinale>2023-07-20</datefinale>
    <datepublicationfinale>2023-02-23</datepublicationfinale>
    <montantfinal>77155.120000</montantfinal>
    <nomcontractant>SONEPAR CANADA INC.</nomcontractant>
    <neqcontractant>1161248001</neqcontractant>
  </contrat>
  <contrat>
    <numeroseao>1050567</numeroseao>
    <numero>OS-28967</numero>
    <datefinale>2023-08-07</datefinale>
    <datepublicationfinale>2023-01-23</datepublicationfinale>
    <montantfinal>427973.560000</montantfinal>
    <nomcontractant>Edgenda Leadership inc.</nomcontractant>
    <neqcontractant>1170787726</neqcontractant>
  </contrat>
  <contrat>
    <numeroseao>1070840</numeroseao>
    <numero>OS-28895</numero>
    <datefinale>2023-07-31</datefinale>
    <datepublicationfinale>2023-05-16</datepublicationfinale>
    <montantfinal>1021555.710000</montantfinal>
    <nomcontractant>TÉTRA TECH QI INC.</nomcontractant>
    <neqcontractant>1169411510</neqcontractant>
  </contrat>
  <contrat>
    <numeroseao>1081427</numeroseao>
    <numero>M237.110.048 2017-2020</numero>
    <datefinale>2020-06-30</datefinale>
    <datepublicationfinale>2023-07-12</datepublicationfinale>
    <montantfinal>0.000000</montantfinal>
    <nomcontractant>SERVICE KVP INC.</nomcontractant>
    <neqcontractant>1169736312</neqcontractant>
  </contrat>
  <contrat>
    <numeroseao>1097170</numeroseao>
    <numero>50843</numero>
    <datefinale>2023-04-26</datefinale>
    <datepublicationfinale>2019-03-27</datepublicationfinale>
    <montantfinal>400000.000000</montantfinal>
    <nomcontractant>CIUSSS</nomcontractant>
    <neqcontractant />
  </contrat>
  <contrat>
    <numeroseao>1121615</numeroseao>
    <numero>QC-RAMQ-20170727</numero>
    <datefinale>2023-07-31</datefinale>
    <datepublicationfinale>2023-07-04</datepublicationfinale>
    <montantfinal>381093.340000</montantfinal>
    <nomcontractant>LES SOLUTIONS VICTRIX INC.</nomcontractant>
    <neqcontractant>1167031799</neqcontractant>
  </contrat>
  <contrat>
    <numeroseao>1134975</numeroseao>
    <numero>7183-18-ST01</numero>
    <datefinale>2021-11-29</datefinale>
    <datepublicationfinale>2021-12-16</datepublicationfinale>
    <montantfinal>876092.020000</montantfinal>
    <nomcontractant>Groupe de sécurité GARDA senc</nomcontractant>
    <neqcontractant>3368599133</neqcontractant>
  </contrat>
  <contrat>
    <numeroseao>1138879</numeroseao>
    <numero>7001-18-0102</numero>
    <datefinale>2021-03-31</datefinale>
    <datepublicationfinale>2021-09-22</datepublicationfinale>
    <montantfinal>1393218.200000</montantfinal>
    <nomcontractant>9065-5267 Québec inc. - renoflex</nomcontractant>
    <neqcontractant>1147833371</neqcontractant>
  </contrat>
  <contrat>
    <numeroseao>1143716</numeroseao>
    <numero>7183-18-SB02</numero>
    <datefinale>2021-02-24</datefinale>
    <datepublicationfinale>2021-04-28</datepublicationfinale>
    <montantfinal>212298.200000</montantfinal>
    <nomcontractant>Guylain Tremblay enr.</nomcontractant>
    <neqcontractant>2244480333</neqcontractant>
  </contrat>
  <contrat>
    <numeroseao>1146639</numeroseao>
    <numero>7001-18-ST02</numero>
    <datefinale>2021-05-10</datefinale>
    <datepublicationfinale>2021-09-22</datepublicationfinale>
    <montantfinal>838728.050000</montantfinal>
    <nomcontractant>SIGNALÉTIK INC.</nomcontractant>
    <neqcontractant>1162233648</neqcontractant>
  </contrat>
  <contrat>
    <numeroseao>1169747</numeroseao>
    <numero>7103-18-0920</numero>
    <datefinale>2020-03-18</datefinale>
    <datepublicationfinale>2019-11-22</datepublicationfinale>
    <montantfinal>888922.900000</montantfinal>
    <nomcontractant>Nasco inc.</nomcontractant>
    <neqcontractant>1148098776</neqcontractant>
  </contrat>
  <contrat>
    <numeroseao>1187172</numeroseao>
    <numero>CA20180073</numero>
    <datefinale>2023-07-31</datefinale>
    <datepublicationfinale>2023-07-04</datepublicationfinale>
    <montantfinal>382283.710000</montantfinal>
    <nomcontractant>Solutions Victrix</nomcontractant>
    <neqcontractant>1167031799</neqcontractant>
  </contrat>
  <contrat>
    <numeroseao>1197266</numeroseao>
    <numero>6706-18-NC01</numero>
    <datefinale>2022-11-29</datefinale>
    <datepublicationfinale>2022-02-28</datepublicationfinale>
    <montantfinal>416439.790000</montantfinal>
    <nomcontractant>Av-tech inc</nomcontractant>
    <neqcontractant>1143543099</neqcontractant>
  </contrat>
  <contrat>
    <numeroseao>1198481</numeroseao>
    <numero>34274300</numero>
    <datefinale>2023-07-27</datefinale>
    <datepublicationfinale>2023-02-24</datepublicationfinale>
    <montantfinal>5438674.840000</montantfinal>
    <nomcontractant>9371-2222 Québec inc.</nomcontractant>
    <neqcontractant>1142729764</neqcontractant>
  </contrat>
  <contrat>
    <numeroseao>1216142</numeroseao>
    <numero>52827 - 3383160</numero>
    <datefinale>2018-10-30</datefinale>
    <datepublicationfinale>2019-03-27</datepublicationfinale>
    <montantfinal>1453685.500000</montantfinal>
    <nomcontractant>Informatique ProContact inc.</nomcontractant>
    <neqcontractant>1173638405</neqcontractant>
  </contrat>
  <contrat>
    <numeroseao>1221708</numeroseao>
    <numero>7183-19-ST01</numero>
    <datefinale>2022-08-12</datefinale>
    <datepublicationfinale>2022-08-16</datepublicationfinale>
    <montantfinal>624254.060000</montantfinal>
    <nomcontractant>GROUPE DE SÉCURITÉ GARDA SENC</nomcontractant>
    <neqcontractant>3368599133</neqcontractant>
  </contrat>
  <contrat>
    <numeroseao>1222885</numeroseao>
    <numero>COLLECTIVA</numero>
    <datefinale>2019-05-03</datefinale>
    <datepublicationfinale>2023-07-13</datepublicationfinale>
    <montantfinal>50445.030000</montantfinal>
    <nomcontractant>COLLECTIVA SERVICES EN RECOURS COLLECTIFS INC.</nomcontractant>
    <neqcontractant>1163984512</neqcontractant>
  </contrat>
  <contrat>
    <numeroseao>1236988</numeroseao>
    <numero>CISSSLAN-14-2019</numero>
    <datefinale>2019-10-16</datefinale>
    <datepublicationfinale>2022-07-27</datepublicationfinale>
    <montantfinal>114561.350000</montantfinal>
    <nomcontractant>9138-4214 QUÉBEC INC.</nomcontractant>
    <neqcontractant>1162008420</neqcontractant>
  </contrat>
  <contrat>
    <numeroseao>1247770</numeroseao>
    <numero>7001-19-0203</numero>
    <datefinale>2022-03-31</datefinale>
    <datepublicationfinale>2022-04-05</datepublicationfinale>
    <montantfinal>2657629.980000</montantfinal>
    <nomcontractant>MAURÉCON INC.</nomcontractant>
    <neqcontractant>1143622794</neqcontractant>
  </contrat>
  <contrat>
    <numeroseao>1257616</numeroseao>
    <numero>8601-18-0911</numero>
    <datefinale>2020-08-14</datefinale>
    <datepublicationfinale>2020-10-15</datepublicationfinale>
    <montantfinal>2249577.500000</montantfinal>
    <nomcontractant>Eurovia Québec Construction Inc.</nomcontractant>
    <neqcontractant>1169491884</neqcontractant>
  </contrat>
  <contrat>
    <numeroseao>1258813</numeroseao>
    <numero>6703-19-0207</numero>
    <datefinale>2022-01-19</datefinale>
    <datepublicationfinale>2021-12-16</datepublicationfinale>
    <montantfinal>4571590.170000</montantfinal>
    <nomcontractant>INTER-CITÉ CONSTRUCTION LTÉE</nomcontractant>
    <neqcontractant>1143991546</neqcontractant>
  </contrat>
  <contrat>
    <numeroseao>1259106</numeroseao>
    <numero>6808-19-4503</numero>
    <datefinale>2023-05-31</datefinale>
    <datepublicationfinale>2022-10-07</datepublicationfinale>
    <montantfinal>2449917.210000</montantfinal>
    <nomcontractant>EXCAVATION MICHEL PARADIS INC.</nomcontractant>
    <neqcontractant>1143174788</neqcontractant>
  </contrat>
  <contrat>
    <numeroseao>1276266</numeroseao>
    <numero>DA-2019-287</numero>
    <datefinale>2023-08-29</datefinale>
    <datepublicationfinale>2023-06-08</datepublicationfinale>
    <montantfinal>44981.530000</montantfinal>
    <nomcontractant>Sodavex</nomcontractant>
    <neqcontractant>1166102245</neqcontractant>
  </contrat>
  <contrat>
    <numeroseao>1280174</numeroseao>
    <numero>6807-19-4502</numero>
    <datefinale>2023-07-10</datefinale>
    <datepublicationfinale>2022-08-11</datepublicationfinale>
    <montantfinal>4196152.130000</montantfinal>
    <nomcontractant>ENTREPRISES DE CONSTRUCTION GASTON MORIN (1979) LTÉE</nomcontractant>
    <neqcontractant>1142330977</neqcontractant>
  </contrat>
  <contrat>
    <numeroseao>1282615</numeroseao>
    <numero>SD17-5010-5</numero>
    <datefinale>2023-06-22</datefinale>
    <datepublicationfinale>2023-07-05</datepublicationfinale>
    <montantfinal>1875579.980000</montantfinal>
    <nomcontractant>Construction Mookabi inc.</nomcontractant>
    <neqcontractant>1164507858</neqcontractant>
  </contrat>
  <contrat>
    <numeroseao>1300771</numeroseao>
    <numero>2019-50-91</numero>
    <datefinale>2022-10-31</datefinale>
    <datepublicationfinale>2023-06-14</datepublicationfinale>
    <montantfinal>115621.920000</montantfinal>
    <nomcontractant>9125-6651 Québec Inc</nomcontractant>
    <neqcontractant>1161290771</neqcontractant>
  </contrat>
  <contrat>
    <numeroseao>1304526</numeroseao>
    <numero>2019-50-94</numero>
    <datefinale>2021-12-31</datefinale>
    <datepublicationfinale>2023-05-29</datepublicationfinale>
    <montantfinal>1523936.490000</montantfinal>
    <nomcontractant>EMCO CORPORATION</nomcontractant>
    <neqcontractant>1144664423</neqcontractant>
  </contrat>
  <contrat>
    <numeroseao>1318297</numeroseao>
    <numero>2905-20-NM01</numero>
    <datefinale>2023-06-30</datefinale>
    <datepublicationfinale>2023-05-11</datepublicationfinale>
    <montantfinal>314140.450000</montantfinal>
    <nomcontractant>11073192 Canada Inc.</nomcontractant>
    <neqcontractant>1174073768</neqcontractant>
  </contrat>
  <contrat>
    <numeroseao>1319723</numeroseao>
    <numero>HAM-2015-0264-006</numero>
    <datefinale>2022-10-31</datefinale>
    <datepublicationfinale>2023-03-21</datepublicationfinale>
    <montantfinal>3715203.540000</montantfinal>
    <nomcontractant>Construction Gératek ltée</nomcontractant>
    <neqcontractant>1143223395</neqcontractant>
  </contrat>
  <contrat>
    <numeroseao>1327972</numeroseao>
    <numero>9001-19-PZ37</numero>
    <datefinale>2023-06-29</datefinale>
    <datepublicationfinale>2023-03-31</datepublicationfinale>
    <montantfinal>482959.290000</montantfinal>
    <nomcontractant>Signalisation des Cantons inc.</nomcontractant>
    <neqcontractant>1170272091</neqcontractant>
  </contrat>
  <contrat>
    <numeroseao>1358475</numeroseao>
    <numero>4174-19-LF02</numero>
    <datefinale />
    <datepublicationfinale>2023-07-27</datepublicationfinale>
    <montantfinal>0.000000</montantfinal>
    <nomcontractant>SNC-Lavalin GEM Québec inc.</nomcontractant>
    <neqcontractant>1166291337</neqcontractant>
  </contrat>
  <contrat>
    <numeroseao>1358475</numeroseao>
    <numero>4174-19-LF02</numero>
    <datefinale />
    <datepublicationfinale>2023-07-27</datepublicationfinale>
    <montantfinal>0.000000</montantfinal>
    <nomcontractant>GHD Consultants ltée</nomcontractant>
    <neqcontractant>1171077796</neqcontractant>
  </contrat>
  <contrat>
    <numeroseao>1359160</numeroseao>
    <numero>8907-20-4533</numero>
    <datefinale>2023-07-06</datefinale>
    <datepublicationfinale>2021-07-30</datepublicationfinale>
    <montantfinal>1768402.920000</montantfinal>
    <nomcontractant>2991209 CANADA INC.</nomcontractant>
    <neqcontractant>1146312617</neqcontractant>
  </contrat>
  <contrat>
    <numeroseao>1360312</numeroseao>
    <numero>44515707</numero>
    <datefinale>2023-04-30</datefinale>
    <datepublicationfinale>2023-07-27</datepublicationfinale>
    <montantfinal>24945.100000</montantfinal>
    <nomcontractant>HYDRA-SPEC INC.</nomcontractant>
    <neqcontractant>1160063971</neqcontractant>
  </contrat>
  <contrat>
    <numeroseao>1363447</numeroseao>
    <numero>6605-20-PZ01</numero>
    <datefinale>2023-07-05</datefinale>
    <datepublicationfinale>2023-03-31</datepublicationfinale>
    <montantfinal>212365.000000</montantfinal>
    <nomcontractant>WSP CANADA INC.</nomcontractant>
    <neqcontractant>1148357057</neqcontractant>
  </contrat>
  <contrat>
    <numeroseao>1391618</numeroseao>
    <numero>RAIM 2020-009</numero>
    <datefinale />
    <datepublicationfinale>2022-09-21</datepublicationfinale>
    <montantfinal>0.000000</montantfinal>
    <nomcontractant>AV-TECH INC.</nomcontractant>
    <neqcontractant>1174192535</neqcontractant>
  </contrat>
  <contrat>
    <numeroseao>1414102</numeroseao>
    <numero>DA185152</numero>
    <datefinale>2021-03-25</datefinale>
    <datepublicationfinale>2021-05-14</datepublicationfinale>
    <montantfinal>1474637.640000</montantfinal>
    <nomcontractant>Quality Inn Gatineau</nomcontractant>
    <neqcontractant>1167584466</neqcontractant>
  </contrat>
  <contrat>
    <numeroseao>1420971</numeroseao>
    <numero>45070729</numero>
    <datefinale>2023-06-19</datefinale>
    <datepublicationfinale>2023-06-19</datepublicationfinale>
    <montantfinal>82398.790000</montantfinal>
    <nomcontractant>WSP Canada Inc. (Pour AO sur invitation pour tout le Québec)</nomcontractant>
    <neqcontractant>1148357057</neqcontractant>
  </contrat>
  <contrat>
    <numeroseao>1437563</numeroseao>
    <numero>GRM-1522</numero>
    <datefinale>2021-02-12</datefinale>
    <datepublicationfinale>2021-02-23</datepublicationfinale>
    <montantfinal>20054.000000</montantfinal>
    <nomcontractant>Micronostyx</nomcontractant>
    <neqcontractant />
  </contrat>
  <contrat>
    <numeroseao>1456836</numeroseao>
    <numero>290-11-2019</numero>
    <datefinale>2022-07-26</datefinale>
    <datepublicationfinale>2022-09-29</datepublicationfinale>
    <montantfinal>86231.270000</montantfinal>
    <nomcontractant>CIMA Québec s.e.n.c.</nomcontractant>
    <neqcontractant>3340563140</neqcontractant>
  </contrat>
  <contrat>
    <numeroseao>1483674</numeroseao>
    <numero>21-311-GG-S</numero>
    <datefinale>2021-10-31</datefinale>
    <datepublicationfinale>2022-02-16</datepublicationfinale>
    <montantfinal>27175.000000</montantfinal>
    <nomcontractant>9160-9198 QUÉBEC INC. (ISO SANTÉ RÉADAPTATION)</nomcontractant>
    <neqcontractant>1171167902</neqcontractant>
  </contrat>
  <contrat>
    <numeroseao>1483710</numeroseao>
    <numero>21-314-GG-S</numero>
    <datefinale>2021-10-31</datefinale>
    <datepublicationfinale>2022-02-16</datepublicationfinale>
    <montantfinal>35424.000000</montantfinal>
    <nomcontractant>GROUPE SANTÉ UNIVERSELLE INC.</nomcontractant>
    <neqcontractant>1173315707</neqcontractant>
  </contrat>
  <contrat>
    <numeroseao>1483735</numeroseao>
    <numero>21-316-GG-S</numero>
    <datefinale>2021-10-31</datefinale>
    <datepublicationfinale>2022-02-16</datepublicationfinale>
    <montantfinal>7150.000000</montantfinal>
    <nomcontractant>KINATEX SPORTS PHYSIO CHÂTEAUGUAY INC.</nomcontractant>
    <neqcontractant>1170360771</neqcontractant>
  </contrat>
  <contrat>
    <numeroseao>1491791</numeroseao>
    <numero>21-415-GG-S</numero>
    <datefinale>2021-10-31</datefinale>
    <datepublicationfinale>2022-02-16</datepublicationfinale>
    <montantfinal>15325.000000</montantfinal>
    <nomcontractant>IMPACT RÉADAPTATION (9190-9689 QUÉBEC INC.)</nomcontractant>
    <neqcontractant>1164890130</neqcontractant>
  </contrat>
  <contrat>
    <numeroseao>1493543</numeroseao>
    <numero>21-313-GG-S</numero>
    <datefinale>2021-10-31</datefinale>
    <datepublicationfinale>2022-02-16</datepublicationfinale>
    <montantfinal>32650.000000</montantfinal>
    <nomcontractant>GROUPE ERGO RESSOURCES INC.</nomcontractant>
    <neqcontractant>1149581929</neqcontractant>
  </contrat>
  <contrat>
    <numeroseao>1509772</numeroseao>
    <numero>46001680</numero>
    <datefinale>2022-11-18</datefinale>
    <datepublicationfinale>2022-11-18</datepublicationfinale>
    <montantfinal>102520.570000</montantfinal>
    <nomcontractant>JNA Leblanc électrique Inc</nomcontractant>
    <neqcontractant>1173644031</neqcontractant>
  </contrat>
  <contrat>
    <numeroseao>1514998</numeroseao>
    <numero>DR21-DDP-043</numero>
    <datefinale>2021-06-04</datefinale>
    <datepublicationfinale>2022-08-05</datepublicationfinale>
    <montantfinal>41391.000000</montantfinal>
    <nomcontractant>LUMEN, DIVISION DE SONEPAR CANADA INC.</nomcontractant>
    <neqcontractant>1161248001</neqcontractant>
  </contrat>
  <contrat>
    <numeroseao>1515635</numeroseao>
    <numero>DR21-PUB-053</numero>
    <datefinale>2022-04-30</datefinale>
    <datepublicationfinale>2022-08-05</datepublicationfinale>
    <montantfinal>913511.500000</montantfinal>
    <nomcontractant>Mines Seleine, une division de Sel Windsor Ltée</nomcontractant>
    <neqcontractant>1175851279</neqcontractant>
  </contrat>
  <contrat>
    <numeroseao>1529290</numeroseao>
    <numero>2021-075-CP-GI</numero>
    <datefinale>2022-01-06</datefinale>
    <datepublicationfinale>2022-01-28</datepublicationfinale>
    <montantfinal>115444.100000</montantfinal>
    <nomcontractant>Rénovation A.J Premier Choix Inc.</nomcontractant>
    <neqcontractant>1173748568</neqcontractant>
  </contrat>
  <contrat>
    <numeroseao>1546302</numeroseao>
    <numero>44523093</numero>
    <datefinale>2023-07-11</datefinale>
    <datepublicationfinale>2023-07-18</datepublicationfinale>
    <montantfinal>57192.000000</montantfinal>
    <nomcontractant>9310-2499 Québec inc.</nomcontractant>
    <neqcontractant>1170387766</neqcontractant>
  </contrat>
  <contrat>
    <numeroseao>1547485</numeroseao>
    <numero>2021-0300-GG</numero>
    <datefinale>2022-04-04</datefinale>
    <datepublicationfinale>2022-06-28</datepublicationfinale>
    <montantfinal>59426.260000</montantfinal>
    <nomcontractant>Groupe Sûreté Inc.</nomcontractant>
    <neqcontractant>1173929234</neqcontractant>
  </contrat>
  <contrat>
    <numeroseao>1552200</numeroseao>
    <numero>21-1040-GG-S</numero>
    <datefinale>2022-03-31</datefinale>
    <datepublicationfinale>2022-06-07</datepublicationfinale>
    <montantfinal>8200.000000</montantfinal>
    <nomcontractant>Physio St-Hubert inc.</nomcontractant>
    <neqcontractant>1172043094</neqcontractant>
  </contrat>
  <contrat>
    <numeroseao>1574633</numeroseao>
    <numero>DDP-2022-213</numero>
    <datefinale>2023-02-28</datefinale>
    <datepublicationfinale>2023-03-28</datepublicationfinale>
    <montantfinal>75573.000000</montantfinal>
    <nomcontractant>Bureau Veritas Canada (2019) Inc.</nomcontractant>
    <neqcontractant>1165936080</neqcontractant>
  </contrat>
  <contrat>
    <numeroseao>1579425</numeroseao>
    <numero>9006-22-4532</numero>
    <datefinale>2023-05-31</datefinale>
    <datepublicationfinale>2023-06-26</datepublicationfinale>
    <montantfinal>124148.770000</montantfinal>
    <nomcontractant>R. PARÉ EXCAVATION INC.</nomcontractant>
    <neqcontractant>1142963579</neqcontractant>
  </contrat>
  <contrat>
    <numeroseao>1602328</numeroseao>
    <numero>117840502-2022-04</numero>
    <datefinale>2023-05-09</datefinale>
    <datepublicationfinale>2023-05-09</datepublicationfinale>
    <montantfinal>395433.080000</montantfinal>
    <nomcontractant>LA COMPAGNIE DE LOCATION D'AUTOS ENTERPRISE CANADA</nomcontractant>
    <neqcontractant>1173066813</neqcontractant>
  </contrat>
  <contrat>
    <numeroseao>1616155</numeroseao>
    <numero>703307684</numero>
    <datefinale>2023-03-31</datefinale>
    <datepublicationfinale>2023-06-27</datepublicationfinale>
    <montantfinal>62346.000000</montantfinal>
    <nomcontractant>7729944 Canada Inc.</nomcontractant>
    <neqcontractant>1167482992</neqcontractant>
  </contrat>
  <contrat>
    <numeroseao>1629753</numeroseao>
    <numero>S 280 429 388</numero>
    <datefinale>2023-08-07</datefinale>
    <datepublicationfinale>2023-07-26</datepublicationfinale>
    <montantfinal>119715.000000</montantfinal>
    <nomcontractant>PARDEUX INC.</nomcontractant>
    <neqcontractant>1166981309</neqcontractant>
  </contrat>
  <contrat>
    <numeroseao>1631577</numeroseao>
    <numero>22779</numero>
    <datefinale>2023-05-15</datefinale>
    <datepublicationfinale>2023-07-24</datepublicationfinale>
    <montantfinal>44500.000000</montantfinal>
    <nomcontractant>HARKINS INC.</nomcontractant>
    <neqcontractant>1162659560</neqcontractant>
  </contrat>
  <contrat>
    <numeroseao>1634453</numeroseao>
    <numero>2022-70-149</numero>
    <datefinale>2022-12-09</datefinale>
    <datepublicationfinale>2023-06-01</datepublicationfinale>
    <montantfinal>31991.970000</montantfinal>
    <nomcontractant>LES HUILES DESROCHES INC.</nomcontractant>
    <neqcontractant>1143435940</neqcontractant>
  </contrat>
  <contrat>
    <numeroseao>1661294</numeroseao>
    <numero>DP-22-120 (2022-GDE-640)</numero>
    <datefinale>2023-03-31</datefinale>
    <datepublicationfinale>2023-07-28</datepublicationfinale>
    <montantfinal>94761.940000</montantfinal>
    <nomcontractant>LE GROUPE SIMONEAU INC.</nomcontractant>
    <neqcontractant>1160017381</neqcontractant>
  </contrat>
  <contrat>
    <numeroseao>1667101</numeroseao>
    <numero>44531079</numero>
    <datefinale>2023-07-06</datefinale>
    <datepublicationfinale>2023-07-06</datepublicationfinale>
    <montantfinal>30180.000000</montantfinal>
    <nomcontractant>9024-8121 QUÉBEC INC.</nomcontractant>
    <neqcontractant>1145000759</neqcontractant>
  </contrat>
  <contrat>
    <numeroseao>1669353</numeroseao>
    <numero>BON222301546</numero>
    <datefinale>2023-04-07</datefinale>
    <datepublicationfinale>2023-05-08</datepublicationfinale>
    <montantfinal>34410.000000</montantfinal>
    <nomcontractant>Collecto Services regroupés en éducation</nomcontractant>
    <neqcontractant>1175563098</neqcontractant>
  </contrat>
  <contrat>
    <numeroseao>1670376</numeroseao>
    <numero>2901-22-AR02</numero>
    <datefinale>2023-05-31</datefinale>
    <datepublicationfinale>2023-05-31</datepublicationfinale>
    <montantfinal>70683.140000</montantfinal>
    <nomcontractant>Bauval Tech-Mix</nomcontractant>
    <neqcontractant>1161846663</neqcontractant>
  </contrat>
  <contrat>
    <numeroseao>1673943</numeroseao>
    <numero>45002240</numero>
    <datefinale>2023-04-06</datefinale>
    <datepublicationfinale>2023-04-11</datepublicationfinale>
    <montantfinal>28929.220000</montantfinal>
    <nomcontractant>Cossette média inc.</nomcontractant>
    <neqcontractant>1174211624</neqcontractant>
  </contrat>
  <contrat>
    <numeroseao>1674848</numeroseao>
    <numero>DDP-2022-263</numero>
    <datefinale>2023-02-28</datefinale>
    <datepublicationfinale>2023-03-07</datepublicationfinale>
    <montantfinal>68203.920000</montantfinal>
    <nomcontractant>FERICAR INC.</nomcontractant>
    <neqcontractant>1143333939</neqcontractant>
  </contrat>
  <contrat>
    <numeroseao>1677410</numeroseao>
    <numero>61923</numero>
    <datefinale>2022-12-31</datefinale>
    <datepublicationfinale>2023-01-05</datepublicationfinale>
    <montantfinal>848726.040000</montantfinal>
    <nomcontractant>SOCIÉTÉ D'AMÉNAGEMENT ET D'EXPLOITATION DES PARCS DE BAIE-COMEAU INC.</nomcontractant>
    <neqcontractant>1142086835</neqcontractant>
  </contrat>
  <contrat>
    <numeroseao>1685608</numeroseao>
    <numero>37876401 </numero>
    <datefinale>2023-06-15</datefinale>
    <datepublicationfinale>2023-06-19</datepublicationfinale>
    <montantfinal>34842.570000</montantfinal>
    <nomcontractant>SPMS Inc.</nomcontractant>
    <neqcontractant>1172916851</neqcontractant>
  </contrat>
  <contrat>
    <numeroseao>1698708</numeroseao>
    <numero>666110-230112</numero>
    <datefinale>2023-04-19</datefinale>
    <datepublicationfinale>2023-07-20</datepublicationfinale>
    <montantfinal>82701.000000</montantfinal>
    <nomcontractant>PRÉVENTION NOCTIS INC.</nomcontractant>
    <neqcontractant>1173222994</neqcontractant>
  </contrat>
  <contrat>
    <numeroseao>1708857</numeroseao>
    <numero>2622297</numero>
    <datefinale>2023-03-23</datefinale>
    <datepublicationfinale>2023-04-05</datepublicationfinale>
    <montantfinal>34496.090000</montantfinal>
    <nomcontractant>SOCIÉTÉ CANADIENNE DES POSTES</nomcontractant>
    <neqcontractant>8821276050</neqcontractant>
  </contrat>
  <contrat>
    <numeroseao>1723371</numeroseao>
    <numero>2021-70-190</numero>
    <datefinale>2023-05-10</datefinale>
    <datepublicationfinale>2023-05-10</datepublicationfinale>
    <montantfinal>21593.220000</montantfinal>
    <nomcontractant>GROUPE LD INC.</nomcontractant>
    <neqcontractant>1169104891</neqcontractant>
  </contrat>
  <contrat>
    <numeroseao>1727305</numeroseao>
    <numero>CS103827</numero>
    <datefinale>2023-01-01</datefinale>
    <datepublicationfinale>2023-05-23</datepublicationfinale>
    <montantfinal>108703.690000</montantfinal>
    <nomcontractant>SERVICES DE SÉCURITÉ SPÉCIALISÉE S3-K9 INC.</nomcontractant>
    <neqcontractant>1173422180</neqcontractant>
  </contrat>
</export>