<?xml version="1.0" encoding="UTF-8"?>
<metadata xml:lang="fr"><Esri><CreaDate>20230606</CreaDate><CreaTime>14341800</CreaTime><ArcGISFormat>1.0</ArcGISFormat><SyncOnce>TRUE</SyncOnce><DataProperties><itemProps><itemLocation><linkage Sync="TRUE">file://\\P111490\C$\_NouvoBuro\travail_geomatique\test_2023-06-06\novo_index\FeuilletsCourbes1mCopier</linkage><protocol Sync="TRUE">Local Area Network</protocol></itemLocation></itemProps><copyHistory><copy source="C:\_NouvoBuro\travail_geomatique\test_2023-06-06\novo_index\FeuilletsCourbes1m" dest="\\P111490\C$\_NouvoBuro\travail_geomatique\test_2023-06-06\novo_index\FeuilletsCourbes1mCopier" date="20230606" time="14341800"></copy></copyHistory></DataProperties></Esri></metadata>
