<metadata xml:lang="fr"><Esri><CreaDate>20240105</CreaDate><CreaTime>16542600</CreaTime><ArcGISFormat>1.0</ArcGISFormat><SyncOnce>FALSE</SyncOnce><DataProperties><itemProps><itemName Sync="TRUE">Aire_repartition_caribouMontagnard_Gaspesie</itemName><imsContentType Sync="TRUE">002</imsContentType><itemLocation><linkage Sync="TRUE">file://\\Seapriv\usagers\RICDO3\Données Ouvertes\Aires_repartition_caribou\dec2013\diffusion\Montagnard\SHP\Aire_repartition_caribouMontagnard_Gaspesie.shp</linkage><protocol Sync="TRUE">Local Area Network</protocol></itemLocation><itemSize Sync="TRUE">0.000</itemSize></itemProps><coordRef><type Sync="TRUE">Projected</type><geogcsn Sync="TRUE">GCS_North_American_1983</geogcsn><csUnits Sync="TRUE">Linear Unit: Meter (1.000000)</csUnits><projcsn Sync="TRUE">NAD_1983_Quebec_Lambert</projcsn><peXml Sync="TRUE">&lt;ProjectedCoordinateSystem xsi:type='typens:ProjectedCoordinateSystem' xmlns:xsi='http://www.w3.org/2001/XMLSchema-instance' xmlns:xs='http://www.w3.org/2001/XMLSchema' xmlns:typens='http://www.esri.com/schemas/ArcGIS/2.9.0'&gt;&lt;WKT&gt;PROJCS[&amp;quot;NAD_1983_Quebec_Lambert&amp;quot;,GEOGCS[&amp;quot;GCS_North_American_1983&amp;quot;,DATUM[&amp;quot;D_North_American_1983&amp;quot;,SPHEROID[&amp;quot;GRS_1980&amp;quot;,6378137.0,298.257222101]],PRIMEM[&amp;quot;Greenwich&amp;quot;,0.0],UNIT[&amp;quot;Degree&amp;quot;,0.0174532925199433]],PROJECTION[&amp;quot;Lambert_Conformal_Conic&amp;quot;],PARAMETER[&amp;quot;False_Easting&amp;quot;,0.0],PARAMETER[&amp;quot;False_Northing&amp;quot;,0.0],PARAMETER[&amp;quot;Central_Meridian&amp;quot;,-68.5],PARAMETER[&amp;quot;Standard_Parallel_1&amp;quot;,46.0],PARAMETER[&amp;quot;Standard_Parallel_2&amp;quot;,60.0],PARAMETER[&amp;quot;Latitude_Of_Origin&amp;quot;,44.0],UNIT[&amp;quot;Meter&amp;quot;,1.0],AUTHORITY[&amp;quot;EPSG&amp;quot;,32198]]&lt;/WKT&gt;&lt;XOrigin&gt;-35683500&lt;/XOrigin&gt;&lt;YOrigin&gt;-29917500&lt;/YOrigin&gt;&lt;XYScale&gt;126209582.22625288&lt;/XYScale&gt;&lt;ZOrigin&gt;-100000&lt;/ZOrigin&gt;&lt;ZScale&gt;10000&lt;/ZScale&gt;&lt;MOrigin&gt;-100000&lt;/MOrigin&gt;&lt;MScale&gt;10000&lt;/MScale&gt;&lt;XYTolerance&gt;0.001&lt;/XYTolerance&gt;&lt;ZTolerance&gt;0.001&lt;/ZTolerance&gt;&lt;MTolerance&gt;0.001&lt;/MTolerance&gt;&lt;HighPrecision&gt;true&lt;/HighPrecision&gt;&lt;WKID&gt;32198&lt;/WKID&gt;&lt;LatestWKID&gt;32198&lt;/LatestWKID&gt;&lt;/ProjectedCoordinateSystem&gt;</peXml></coordRef><lineage><Process ToolSource="c:\program files\arcgis\pro\Resources\ArcToolbox\toolboxes\Conversion Tools.tbx\FeatureClassToFeatureClass" Date="20240105" Time="165428">FeatureClassToFeatureClass Aire_repartition_population_caribouMontagnard_2023-11-30 "U:\Données Ouvertes\Aires_repartition_caribou\dec2013\diffusion\Montagnard\Aire_repartition_caribouMontagnard_Gaspesie.gdb" Aire_repartition_caribouMontagnard_Gaspesie # "EO_ID "EO_ID" true true false 24 Double 15 23,First,#,Aire_repartition_population_caribouMontagnard_2023-11-30,EO_ID,-1,-1;NOM_POP "NOM_POP" true true false 80 Text 0 0,First,#,Aire_repartition_population_caribouMontagnard_2023-11-30,NOM_POP,0,80;NOM_FRANCA "NOM_FRANCA" true true false 80 Text 0 0,First,#,Aire_repartition_population_caribouMontagnard_2023-11-30,NOM_FRANCA,0,80;AUTRES_NM "AUTRES_NM" true true false 80 Text 0 0,First,#,Aire_repartition_population_caribouMontagnard_2023-11-30,AUTRES_NM,0,80;NOM_ANGLA "NOM_ANGLA" true true false 80 Text 0 0,First,#,Aire_repartition_population_caribouMontagnard_2023-11-30,NOM_ANGLA,0,80;NOM_SCIEN "NOM_SCIEN" true true false 80 Text 0 0,First,#,Aire_repartition_population_caribouMontagnard_2023-11-30,NOM_SCIEN,0,80;EOTYPE "EOTYPE" true true false 80 Text 0 0,First,#,Aire_repartition_population_caribouMontagnard_2023-11-30,EOTYPE,0,80;Rang_S "Rang_S" true true false 80 Text 0 0,First,#,Aire_repartition_population_caribouMontagnard_2023-11-30,Rang_S,0,80;LEMV "LEMV" true true false 80 Text 0 0,First,#,Aire_repartition_population_caribouMontagnard_2023-11-30,LEMV,0,80;Tempo "Tempo" true true false 80 Text 0 0,First,#,Aire_repartition_population_caribouMontagnard_2023-11-30,Tempo,0,80;METHODE "METHODE" true true false 80 Text 0 0,First,#,Aire_repartition_population_caribouMontagnard_2023-11-30,METHODE,0,80;SUP_KM2 "SUP_KM2" true true false 24 Double 15 23,First,#,Aire_repartition_population_caribouMontagnard_2023-11-30,SUP_KM2,-1,-1;SUP_HA "SUP_HA" true true false 24 Double 15 23,First,#,Aire_repartition_population_caribouMontagnard_2023-11-30,SUP_HA,-1,-1;DATE_MAJ "DATE_MAJ" true true false 80 Text 0 0,First,#,Aire_repartition_population_caribouMontagnard_2023-11-30,DATE_MAJ,0,80" #</Process><Process ToolSource="c:\program files\arcgis\pro\Resources\ArcToolbox\toolboxes\Data Management Tools.tbx\CopyFeatures" Date="20240108" Time="160829">CopyFeatures Aire_repartition_caribouMontagnard_Gaspesie "U:\Données Ouvertes\Aires_repartition_caribou\dec2013\diffusion\Montagnard\SHP\Aire_repartition_caribouMontagnard_Gaspesie.shp" # # # #</Process></lineage></DataProperties><SyncDate>20240108</SyncDate><SyncTime>16082900</SyncTime><ModDate>20240108</ModDate><ModTime>16082900</ModTime></Esri><dataIdInfo><envirDesc Sync="TRUE">Microsoft Windows 10 Version 10.0 (Build 19045) ; Esri ArcGIS 12.9.3.32739</envirDesc><dataLang><languageCode value="fra" Sync="TRUE"></languageCode><countryCode value="CAN" Sync="TRUE"></countryCode></dataLang><idCitation><resTitle Sync="TRUE">Aire_repartition_caribouMontagnard_Gaspesie</resTitle><presForm><PresFormCd value="005" Sync="TRUE"></PresFormCd></presForm></idCitation><spatRpType><SpatRepTypCd value="001" Sync="TRUE"></SpatRepTypCd></spatRpType></dataIdInfo><mdLang><languageCode value="fra" Sync="TRUE"></languageCode><countryCode value="CAN" Sync="TRUE"></countryCode></mdLang><distInfo><distFormat><formatName Sync="TRUE">Shapefile</formatName></distFormat><distTranOps><transSize Sync="TRUE">0.000</transSize></distTranOps></distInfo><mdHrLv><ScopeCd value="005" Sync="TRUE"></ScopeCd></mdHrLv><mdHrLvName Sync="TRUE">dataset</mdHrLvName><refSysInfo><RefSystem><refSysID><identCode code="32198" Sync="TRUE"></identCode><idCodeSpace Sync="TRUE">EPSG</idCodeSpace><idVersion Sync="TRUE">8.3.1(8.1.0)</idVersion></refSysID></RefSystem></refSysInfo><spatRepInfo><VectSpatRep><geometObjs Name="Aire_repartition_caribouMontagnard_Gaspesie"><geoObjTyp><GeoObjTypCd value="002" Sync="TRUE"></GeoObjTypCd></geoObjTyp><geoObjCnt Sync="TRUE">0</geoObjCnt></geometObjs><topLvl><TopoLevCd value="001" Sync="TRUE"></TopoLevCd></topLvl></VectSpatRep></spatRepInfo><spdoinfo><ptvctinf><esriterm Name="Aire_repartition_caribouMontagnard_Gaspesie"><efeatyp Sync="TRUE">Simple</efeatyp><efeageom code="4" Sync="TRUE"></efeageom><esritopo Sync="TRUE">FALSE</esritopo><efeacnt Sync="TRUE">0</efeacnt><spindex Sync="TRUE">FALSE</spindex><linrefer Sync="TRUE">FALSE</linrefer></esriterm></ptvctinf></spdoinfo><eainfo><detailed Name="Aire_repartition_caribouMontagnard_Gaspesie"><enttyp><enttypl Sync="TRUE">Aire_repartition_caribouMontagnard_Gaspesie</enttypl><enttypt Sync="TRUE">Feature Class</enttypt><enttypc Sync="TRUE">0</enttypc></enttyp><attr><attrlabl Sync="TRUE">FID</attrlabl><attalias Sync="TRUE">FID</attalias><attrtype Sync="TRUE">OID</attrtype><attwidth Sync="TRUE">4</attwidth><atprecis Sync="TRUE">0</atprecis><attscale Sync="TRUE">0</attscale><attrdef Sync="TRUE">Internal feature number.</attrdef><attrdefs Sync="TRUE">Esri</attrdefs><attrdomv><udom Sync="TRUE">Sequential unique whole numbers that are automatically generated.</udom></attrdomv></attr><attr><attrlabl Sync="TRUE">Shape</attrlabl><attalias Sync="TRUE">Shape</attalias><attrtype Sync="TRUE">Geometry</attrtype><attwidth Sync="TRUE">0</attwidth><atprecis Sync="TRUE">0</atprecis><attscale Sync="TRUE">0</attscale><attrdef Sync="TRUE">Feature geometry.</attrdef><attrdefs Sync="TRUE">Esri</attrdefs><attrdomv><udom Sync="TRUE">Coordinates defining the features.</udom></attrdomv></attr><attr><attrlabl Sync="TRUE">EO_ID</attrlabl><attalias Sync="TRUE">EO_ID</attalias><attrtype Sync="TRUE">Double</attrtype><attwidth Sync="TRUE">19</attwidth><atprecis Sync="TRUE">0</atprecis><attscale Sync="TRUE">0</attscale></attr><attr><attrlabl Sync="TRUE">NOM_POP</attrlabl><attalias Sync="TRUE">NOM_POP</attalias><attrtype Sync="TRUE">String</attrtype><attwidth Sync="TRUE">80</attwidth><atprecis Sync="TRUE">0</atprecis><attscale Sync="TRUE">0</attscale></attr><attr><attrlabl Sync="TRUE">NOM_FRANCA</attrlabl><attalias Sync="TRUE">NOM_FRANCA</attalias><attrtype Sync="TRUE">String</attrtype><attwidth Sync="TRUE">80</attwidth><atprecis Sync="TRUE">0</atprecis><attscale Sync="TRUE">0</attscale></attr><attr><attrlabl Sync="TRUE">AUTRES_NM</attrlabl><attalias Sync="TRUE">AUTRES_NM</attalias><attrtype Sync="TRUE">String</attrtype><attwidth Sync="TRUE">80</attwidth><atprecis Sync="TRUE">0</atprecis><attscale Sync="TRUE">0</attscale></attr><attr><attrlabl Sync="TRUE">NOM_ANGLA</attrlabl><attalias Sync="TRUE">NOM_ANGLA</attalias><attrtype Sync="TRUE">String</attrtype><attwidth Sync="TRUE">80</attwidth><atprecis Sync="TRUE">0</atprecis><attscale Sync="TRUE">0</attscale></attr><attr><attrlabl Sync="TRUE">NOM_SCIEN</attrlabl><attalias Sync="TRUE">NOM_SCIEN</attalias><attrtype Sync="TRUE">String</attrtype><attwidth Sync="TRUE">80</attwidth><atprecis Sync="TRUE">0</atprecis><attscale Sync="TRUE">0</attscale></attr><attr><attrlabl Sync="TRUE">EOTYPE</attrlabl><attalias Sync="TRUE">EOTYPE</attalias><attrtype Sync="TRUE">String</attrtype><attwidth Sync="TRUE">80</attwidth><atprecis Sync="TRUE">0</atprecis><attscale Sync="TRUE">0</attscale></attr><attr><attrlabl Sync="TRUE">Rang_S</attrlabl><attalias Sync="TRUE">Rang_S</attalias><attrtype Sync="TRUE">String</attrtype><attwidth Sync="TRUE">80</attwidth><atprecis Sync="TRUE">0</atprecis><attscale Sync="TRUE">0</attscale></attr><attr><attrlabl Sync="TRUE">LEMV</attrlabl><attalias Sync="TRUE">LEMV</attalias><attrtype Sync="TRUE">String</attrtype><attwidth Sync="TRUE">80</attwidth><atprecis Sync="TRUE">0</atprecis><attscale Sync="TRUE">0</attscale></attr><attr><attrlabl Sync="TRUE">Tempo</attrlabl><attalias Sync="TRUE">Tempo</attalias><attrtype Sync="TRUE">String</attrtype><attwidth Sync="TRUE">80</attwidth><atprecis Sync="TRUE">0</atprecis><attscale Sync="TRUE">0</attscale></attr><attr><attrlabl Sync="TRUE">METHODE</attrlabl><attalias Sync="TRUE">METHODE</attalias><attrtype Sync="TRUE">String</attrtype><attwidth Sync="TRUE">80</attwidth><atprecis Sync="TRUE">0</atprecis><attscale Sync="TRUE">0</attscale></attr><attr><attrlabl Sync="TRUE">SUP_KM2</attrlabl><attalias Sync="TRUE">SUP_KM2</attalias><attrtype Sync="TRUE">Double</attrtype><attwidth Sync="TRUE">19</attwidth><atprecis Sync="TRUE">0</atprecis><attscale Sync="TRUE">0</attscale></attr><attr><attrlabl Sync="TRUE">SUP_HA</attrlabl><attalias Sync="TRUE">SUP_HA</attalias><attrtype Sync="TRUE">Double</attrtype><attwidth Sync="TRUE">19</attwidth><atprecis Sync="TRUE">0</atprecis><attscale Sync="TRUE">0</attscale></attr><attr><attrlabl Sync="TRUE">DATE_MAJ</attrlabl><attalias Sync="TRUE">DATE_MAJ</attalias><attrtype Sync="TRUE">String</attrtype><attwidth Sync="TRUE">80</attwidth><atprecis Sync="TRUE">0</atprecis><attscale Sync="TRUE">0</attscale></attr><attr><attrlabl Sync="TRUE">Shape_Leng</attrlabl><attalias Sync="TRUE">Shape_Leng</attalias><attrtype Sync="TRUE">Double</attrtype><attwidth Sync="TRUE">19</attwidth><atprecis Sync="TRUE">0</atprecis><attscale Sync="TRUE">0</attscale></attr><attr><attrlabl Sync="TRUE">Shape_Area</attrlabl><attalias Sync="TRUE">Shape_Area</attalias><attrtype Sync="TRUE">Double</attrtype><attwidth Sync="TRUE">19</attwidth><atprecis Sync="TRUE">0</atprecis><attscale Sync="TRUE">0</attscale><attrdef Sync="TRUE">Area of feature in internal units squared.</attrdef><attrdefs Sync="TRUE">Esri</attrdefs><attrdomv><udom Sync="TRUE">Positive real numbers that are automatically generated.</udom></attrdomv></attr></detailed></eainfo><mdDateSt Sync="TRUE">20240108</mdDateSt></metadata>
