<?xml version="1.0" encoding="utf-8"?>
<export xmlns:xsi="http://www.w3.org/2001/XMLSchema-instance" xmlns:xsd="http://www.w3.org/2001/XMLSchema" datedebut="2023-06-01" datefin="2023-06-30">
  <contrat>
    <numeroseao>926270</numeroseao>
    <numero>2015-55-88</numero>
    <datefinale>2023-05-11</datefinale>
    <datepublicationfinale>2020-03-16</datepublicationfinale>
    <montantfinal>360158.620000</montantfinal>
    <nomcontractant>ACA ARCHITECTURE INC.</nomcontractant>
    <neqcontractant>1168787902</neqcontractant>
  </contrat>
  <contrat>
    <numeroseao>953940</numeroseao>
    <numero>5815</numero>
    <datefinale>2023-05-03</datefinale>
    <datepublicationfinale>2019-11-01</datepublicationfinale>
    <montantfinal>8563405.340000</montantfinal>
    <nomcontractant>LES ENTREPRISES QMD INC.</nomcontractant>
    <neqcontractant>1163241574</neqcontractant>
  </contrat>
  <contrat>
    <numeroseao>1017582</numeroseao>
    <numero>Q005477 v2.0</numero>
    <datefinale>2022-05-31</datefinale>
    <datepublicationfinale>2022-04-04</datepublicationfinale>
    <montantfinal>7927717.680000</montantfinal>
    <nomcontractant>Siemens Healthcare Limited / Siemens Santé limitée</nomcontractant>
    <neqcontractant>1161355988</neqcontractant>
  </contrat>
  <contrat>
    <numeroseao>1098357</numeroseao>
    <numero>17-18-75</numero>
    <datefinale>2022-11-21</datefinale>
    <datepublicationfinale>2021-07-14</datepublicationfinale>
    <montantfinal>399102.690000</montantfinal>
    <nomcontractant>BOUTHILLETTE PARIZEAU INC.</nomcontractant>
    <neqcontractant>1178237419</neqcontractant>
  </contrat>
  <contrat>
    <numeroseao>1124430</numeroseao>
    <numero>7183-18-0302</numero>
    <datefinale>2023-06-16</datefinale>
    <datepublicationfinale>2020-06-05</datepublicationfinale>
    <montantfinal>1591111.850000</montantfinal>
    <nomcontractant>ENTREPRISE TECHLINE INC.</nomcontractant>
    <neqcontractant>1166422437</neqcontractant>
  </contrat>
  <contrat>
    <numeroseao>1131409</numeroseao>
    <numero>7183-18-0301</numero>
    <datefinale>2023-05-31</datefinale>
    <datepublicationfinale>2021-07-30</datepublicationfinale>
    <montantfinal>3050169.660000</montantfinal>
    <nomcontractant>ARTHUR ROUSSEL INC.</nomcontractant>
    <neqcontractant>1149675424</neqcontractant>
  </contrat>
  <contrat>
    <numeroseao>1149994</numeroseao>
    <numero>6603-18-NM01</numero>
    <datefinale>2020-05-13</datefinale>
    <datepublicationfinale>2022-02-01</datepublicationfinale>
    <montantfinal>234852.300000</montantfinal>
    <nomcontractant>Construction &amp; Location Jenik inc.</nomcontractant>
    <neqcontractant>1166320045</neqcontractant>
  </contrat>
  <contrat>
    <numeroseao>1195217</numeroseao>
    <numero>2018-NEIGE-RM</numero>
    <datefinale>2022-10-25</datefinale>
    <datepublicationfinale>2021-09-07</datepublicationfinale>
    <montantfinal>169500.000000</montantfinal>
    <nomcontractant>3887952 CANADA INC.</nomcontractant>
    <neqcontractant>1160274297</neqcontractant>
  </contrat>
  <contrat>
    <numeroseao>1208319</numeroseao>
    <numero>SRM023340</numero>
    <datefinale>2020-01-15</datefinale>
    <datepublicationfinale>2020-02-14</datepublicationfinale>
    <montantfinal>29041.770000</montantfinal>
    <nomcontractant>Les Architectes Bertrand Paquette</nomcontractant>
    <neqcontractant>3340275703</neqcontractant>
  </contrat>
  <contrat>
    <numeroseao>1297285</numeroseao>
    <numero>BL005112</numero>
    <datefinale>2023-06-01</datefinale>
    <datepublicationfinale>2023-05-10</datepublicationfinale>
    <montantfinal>198000.000000</montantfinal>
    <nomcontractant>LES SERVICES BENOIT LAPIERRE INC.</nomcontractant>
    <neqcontractant>1140485005</neqcontractant>
  </contrat>
  <contrat>
    <numeroseao>1312149</numeroseao>
    <numero>6807-19-4503</numero>
    <datefinale>2023-06-02</datefinale>
    <datepublicationfinale>2022-08-11</datepublicationfinale>
    <montantfinal>2719610.640000</montantfinal>
    <nomcontractant>9150-8234 QUÉBEC INC.</nomcontractant>
    <neqcontractant>1162705264</neqcontractant>
  </contrat>
  <contrat>
    <numeroseao>1326487</numeroseao>
    <numero>2020-3354</numero>
    <datefinale>2020-12-31</datefinale>
    <datepublicationfinale>2023-05-04</datepublicationfinale>
    <montantfinal>52000.000000</montantfinal>
    <nomcontractant>La Maison Cameleon de l'Esrie Inc</nomcontractant>
    <neqcontractant>1146584645</neqcontractant>
  </contrat>
  <contrat>
    <numeroseao>1333081</numeroseao>
    <numero>19-3756</numero>
    <datefinale>2023-06-27</datefinale>
    <datepublicationfinale>2023-03-28</datepublicationfinale>
    <montantfinal>34756.890000</montantfinal>
    <nomcontractant>DG3A Architectes</nomcontractant>
    <neqcontractant>1165102451</neqcontractant>
  </contrat>
  <contrat>
    <numeroseao>1335986</numeroseao>
    <numero>7183-20-0301</numero>
    <datefinale>2022-06-06</datefinale>
    <datepublicationfinale>2022-06-08</datepublicationfinale>
    <montantfinal>1534930.700000</montantfinal>
    <nomcontractant>Lignes-Fit Inc.</nomcontractant>
    <neqcontractant>1171357180</neqcontractant>
  </contrat>
  <contrat>
    <numeroseao>1346110</numeroseao>
    <numero>8601-19-ST01</numero>
    <datefinale>2023-04-17</datefinale>
    <datepublicationfinale>2023-04-19</datepublicationfinale>
    <montantfinal>903365.500000</montantfinal>
    <nomcontractant>LOCATION JESNA INC.</nomcontractant>
    <neqcontractant>1170964333</neqcontractant>
  </contrat>
  <contrat>
    <numeroseao>1358321</numeroseao>
    <numero>36607500</numero>
    <datefinale>2023-05-31</datefinale>
    <datepublicationfinale>2023-05-02</datepublicationfinale>
    <montantfinal>22370.910000</montantfinal>
    <nomcontractant>Les entreprises d'électricité J.M.N. inc.</nomcontractant>
    <neqcontractant>1143125228</neqcontractant>
  </contrat>
  <contrat>
    <numeroseao>1364155</numeroseao>
    <numero>8906-20-4501</numero>
    <datefinale>2023-06-01</datefinale>
    <datepublicationfinale>2023-05-31</datepublicationfinale>
    <montantfinal>1717948.450000</montantfinal>
    <nomcontractant>LES PAVAGES LAFLEUR &amp; FILS INC.</nomcontractant>
    <neqcontractant>1163205132</neqcontractant>
  </contrat>
  <contrat>
    <numeroseao>1370641</numeroseao>
    <numero>6608-20-4573</numero>
    <datefinale>2023-06-01</datefinale>
    <datepublicationfinale>2022-09-01</datepublicationfinale>
    <montantfinal>1331611.900000</montantfinal>
    <nomcontractant>MARTIN MERCIER INC.</nomcontractant>
    <neqcontractant>1141838038</neqcontractant>
  </contrat>
  <contrat>
    <numeroseao>1386977</numeroseao>
    <numero>45000597</numero>
    <datefinale>2020-02-13</datefinale>
    <datepublicationfinale>2020-06-30</datepublicationfinale>
    <montantfinal>54064.410000</montantfinal>
    <nomcontractant>Centre de services partagés du Québec-CSPQ</nomcontractant>
    <neqcontractant />
  </contrat>
  <contrat>
    <numeroseao>1387953</numeroseao>
    <numero>6706-20-NL02</numero>
    <datefinale>2023-05-31</datefinale>
    <datepublicationfinale>2023-05-31</datepublicationfinale>
    <montantfinal>550596.510000</montantfinal>
    <nomcontractant>Valosphère Environnement</nomcontractant>
    <neqcontractant>1162059548</neqcontractant>
  </contrat>
  <contrat>
    <numeroseao>1408014</numeroseao>
    <numero>45001131</numero>
    <datefinale>2021-01-19</datefinale>
    <datepublicationfinale>2022-04-12</datepublicationfinale>
    <montantfinal>110743.430000</montantfinal>
    <nomcontractant>Centre de services partagés du Québec-CSPQ</nomcontractant>
    <neqcontractant />
  </contrat>
  <contrat>
    <numeroseao>1434169</numeroseao>
    <numero>BON202101241</numero>
    <datefinale>2022-12-16</datefinale>
    <datepublicationfinale>2023-01-10</datepublicationfinale>
    <montantfinal>37660.000000</montantfinal>
    <nomcontractant>ITI  inc.</nomcontractant>
    <neqcontractant>1173638405</neqcontractant>
  </contrat>
  <contrat>
    <numeroseao>1448775</numeroseao>
    <numero>2020-21</numero>
    <datefinale>2021-09-07</datefinale>
    <datepublicationfinale>2021-09-13</datepublicationfinale>
    <montantfinal>184528.950000</montantfinal>
    <nomcontractant>CONSTRUCTIONS ANOR (1992) INC.</nomcontractant>
    <neqcontractant>1142123372</neqcontractant>
  </contrat>
  <contrat>
    <numeroseao>1462446</numeroseao>
    <numero>38093500</numero>
    <datefinale>2023-06-02</datefinale>
    <datepublicationfinale>2023-04-17</datepublicationfinale>
    <montantfinal>45698.080000</montantfinal>
    <nomcontractant>Englobe</nomcontractant>
    <neqcontractant>1167280206</neqcontractant>
  </contrat>
  <contrat>
    <numeroseao>1503651</numeroseao>
    <numero>2021-033-9516-CS-AOP </numero>
    <datefinale>2023-05-14</datefinale>
    <datepublicationfinale>2023-05-30</datepublicationfinale>
    <montantfinal>582995.930000</montantfinal>
    <nomcontractant>AGENCE 4 VENTS INC.</nomcontractant>
    <neqcontractant>1175381996</neqcontractant>
  </contrat>
  <contrat>
    <numeroseao>1504463</numeroseao>
    <numero>38495700</numero>
    <datefinale>2023-06-13</datefinale>
    <datepublicationfinale>2022-07-29</datepublicationfinale>
    <montantfinal>15106.450000</montantfinal>
    <nomcontractant>J.P. Lessard Canada Inc</nomcontractant>
    <neqcontractant>1143041763</neqcontractant>
  </contrat>
  <contrat>
    <numeroseao>1508842</numeroseao>
    <numero>2022-0696</numero>
    <datefinale>2022-11-30</datefinale>
    <datepublicationfinale>2023-04-20</datepublicationfinale>
    <montantfinal>72336.300000</montantfinal>
    <nomcontractant>BELL CANADA</nomcontractant>
    <neqcontractant>1172462849</neqcontractant>
  </contrat>
  <contrat>
    <numeroseao>1510546</numeroseao>
    <numero>44488 / E 354-05-07-21</numero>
    <datefinale>2023-04-30</datefinale>
    <datepublicationfinale>2023-02-01</datepublicationfinale>
    <montantfinal>103106.530000</montantfinal>
    <nomcontractant>ASDR Canada inc.</nomcontractant>
    <neqcontractant>1170989934</neqcontractant>
  </contrat>
  <contrat>
    <numeroseao>1519680</numeroseao>
    <numero>45001340</numero>
    <datefinale>2022-04-06</datefinale>
    <datepublicationfinale>2022-07-06</datepublicationfinale>
    <montantfinal>103565.090000</montantfinal>
    <nomcontractant>Centre de services partagés du Québec-CSPQ</nomcontractant>
    <neqcontractant />
  </contrat>
  <contrat>
    <numeroseao>1519844</numeroseao>
    <numero>45001262</numero>
    <datefinale>2022-03-25</datefinale>
    <datepublicationfinale>2022-07-05</datepublicationfinale>
    <montantfinal>36932.300000</montantfinal>
    <nomcontractant>Centre de services partagés du Québec-CSPQ</nomcontractant>
    <neqcontractant />
  </contrat>
  <contrat>
    <numeroseao>1550080</numeroseao>
    <numero>BC 1505935</numero>
    <datefinale>2022-03-09</datefinale>
    <datepublicationfinale>2022-04-29</datepublicationfinale>
    <montantfinal>51911.210000</montantfinal>
    <nomcontractant>SERVICES UNIQUES J.M. INC.</nomcontractant>
    <neqcontractant>1140137986</neqcontractant>
  </contrat>
  <contrat>
    <numeroseao>1554993</numeroseao>
    <numero>NIC-2020-044-012</numero>
    <datefinale>2023-05-05</datefinale>
    <datepublicationfinale>2023-05-17</datepublicationfinale>
    <montantfinal>1030958.000000</montantfinal>
    <nomcontractant>CONSTRUCTIONS GUY SÉBAS INC.</nomcontractant>
    <neqcontractant>1144279677</neqcontractant>
  </contrat>
  <contrat>
    <numeroseao>1574641</numeroseao>
    <numero>2021-09</numero>
    <datefinale>2023-06-15</datefinale>
    <datepublicationfinale>2023-05-03</datepublicationfinale>
    <montantfinal>414110.850000</montantfinal>
    <nomcontractant>MOBILIER DE BUREAU LOGIFLEX INC.</nomcontractant>
    <neqcontractant>1170997887</neqcontractant>
  </contrat>
  <contrat>
    <numeroseao>1589722</numeroseao>
    <numero>2021-1071-GG</numero>
    <datefinale />
    <datepublicationfinale>2022-08-26</datepublicationfinale>
    <montantfinal>0.000000</montantfinal>
    <nomcontractant>WSP CANADA INC.</nomcontractant>
    <neqcontractant>1148357057</neqcontractant>
  </contrat>
  <contrat>
    <numeroseao>1608579</numeroseao>
    <numero>22-5390</numero>
    <datefinale>2022-10-31</datefinale>
    <datepublicationfinale>2022-10-03</datepublicationfinale>
    <montantfinal>42925.570000</montantfinal>
    <nomcontractant>Laerdal Médical</nomcontractant>
    <neqcontractant />
  </contrat>
  <contrat>
    <numeroseao>1619409</numeroseao>
    <numero>1222004</numero>
    <datefinale>2023-04-30</datefinale>
    <datepublicationfinale>2022-08-10</datepublicationfinale>
    <montantfinal>86625.000000</montantfinal>
    <nomcontractant>CARRIER INFORMATIQUE INC.</nomcontractant>
    <neqcontractant>1148520050</neqcontractant>
  </contrat>
  <contrat>
    <numeroseao>1624024</numeroseao>
    <numero>CA-0122865</numero>
    <datefinale />
    <datepublicationfinale>2023-01-06</datepublicationfinale>
    <montantfinal>0.000000</montantfinal>
    <nomcontractant>SNC-LAVALIN INC.</nomcontractant>
    <neqcontractant>1142775999</neqcontractant>
  </contrat>
  <contrat>
    <numeroseao>1630244</numeroseao>
    <numero>44524056</numero>
    <datefinale>2022-09-16</datefinale>
    <datepublicationfinale>2023-02-01</datepublicationfinale>
    <montantfinal>27000.000000</montantfinal>
    <nomcontractant>BOUTHILLETTE PARIZEAU INC.</nomcontractant>
    <neqcontractant>1142591438</neqcontractant>
  </contrat>
  <contrat>
    <numeroseao>1638206</numeroseao>
    <numero>2022APP374 / GG</numero>
    <datefinale>2023-04-25</datefinale>
    <datepublicationfinale>2023-05-09</datepublicationfinale>
    <montantfinal>170081.560000</montantfinal>
    <nomcontractant>Rayus Radiology</nomcontractant>
    <neqcontractant />
  </contrat>
  <contrat>
    <numeroseao>1641643</numeroseao>
    <numero>BON222300480</numero>
    <datefinale>2023-01-24</datefinale>
    <datepublicationfinale>2023-05-17</datepublicationfinale>
    <montantfinal>35189.340000</montantfinal>
    <nomcontractant>Therrien, Vincent</nomcontractant>
    <neqcontractant>2277693778</neqcontractant>
  </contrat>
  <contrat>
    <numeroseao>1641743</numeroseao>
    <numero>BON222300202</numero>
    <datefinale>2022-12-13</datefinale>
    <datepublicationfinale>2022-12-21</datepublicationfinale>
    <montantfinal>153733.140000</montantfinal>
    <nomcontractant>FESTO DIDACTIQUE LTÉE</nomcontractant>
    <neqcontractant>1142545871</neqcontractant>
  </contrat>
  <contrat>
    <numeroseao>1642796</numeroseao>
    <numero>2022-0546-GG</numero>
    <datefinale>2022-12-31</datefinale>
    <datepublicationfinale>2023-04-03</datepublicationfinale>
    <montantfinal>57000.000000</montantfinal>
    <nomcontractant>CONSULTAXE LTÉE</nomcontractant>
    <neqcontractant>1173098279</neqcontractant>
  </contrat>
  <contrat>
    <numeroseao>1649860</numeroseao>
    <numero>45002071</numero>
    <datefinale>2023-01-17</datefinale>
    <datepublicationfinale>2023-02-03</datepublicationfinale>
    <montantfinal>47150.870000</montantfinal>
    <nomcontractant>Cossette média inc.</nomcontractant>
    <neqcontractant>1174211624</neqcontractant>
  </contrat>
  <contrat>
    <numeroseao>1653769</numeroseao>
    <numero>45002106</numero>
    <datefinale>2023-02-17</datefinale>
    <datepublicationfinale>2023-03-16</datepublicationfinale>
    <montantfinal>47530.080000</montantfinal>
    <nomcontractant>Cossette média inc.</nomcontractant>
    <neqcontractant>1174211624</neqcontractant>
  </contrat>
  <contrat>
    <numeroseao>1657659</numeroseao>
    <numero>109543</numero>
    <datefinale>2023-06-20</datefinale>
    <datepublicationfinale>2023-05-11</datepublicationfinale>
    <montantfinal>66707.650000</montantfinal>
    <nomcontractant>Cummins Canada ULC</nomcontractant>
    <neqcontractant>1173335531</neqcontractant>
  </contrat>
  <contrat>
    <numeroseao>1658292</numeroseao>
    <numero>BON222301019</numero>
    <datefinale>2022-12-01</datefinale>
    <datepublicationfinale>2022-12-08</datepublicationfinale>
    <montantfinal>83416.830000</montantfinal>
    <nomcontractant>ITI INC.</nomcontractant>
    <neqcontractant>1173638405</neqcontractant>
  </contrat>
  <contrat>
    <numeroseao>1659605</numeroseao>
    <numero>6706-22-0501</numero>
    <datefinale>2023-05-30</datefinale>
    <datepublicationfinale>2023-05-31</datepublicationfinale>
    <montantfinal>37000.000000</montantfinal>
    <nomcontractant>Donald Morency Construction inc</nomcontractant>
    <neqcontractant>1172832249</neqcontractant>
  </contrat>
  <contrat>
    <numeroseao>1678228</numeroseao>
    <numero>BON20212204</numero>
    <datefinale />
    <datepublicationfinale>2023-01-09</datepublicationfinale>
    <montantfinal>0.000000</montantfinal>
    <nomcontractant>Ponton Guillot Inc.</nomcontractant>
    <neqcontractant>1170404579</neqcontractant>
  </contrat>
  <contrat>
    <numeroseao>1690379</numeroseao>
    <numero>07-13143 20230210</numero>
    <datefinale>2023-03-15</datefinale>
    <datepublicationfinale>2023-02-10</datepublicationfinale>
    <montantfinal>54976.000000</montantfinal>
    <nomcontractant>Can-Explore inc.</nomcontractant>
    <neqcontractant>1169863447</neqcontractant>
  </contrat>
  <contrat>
    <numeroseao>1714402</numeroseao>
    <numero>BC-64002686</numero>
    <datefinale>2023-06-03</datefinale>
    <datepublicationfinale>2023-05-04</datepublicationfinale>
    <montantfinal>27120.870000</montantfinal>
    <nomcontractant>CONSTRUCTION MARTIN LETOURNEAU INC.</nomcontractant>
    <neqcontractant>1169846020</neqcontractant>
  </contrat>
</export>