<metadata xml:lang="fr"><Esri><CreaDate>20230404</CreaDate><CreaTime>06384600</CreaTime><ArcGISFormat>1.0</ArcGISFormat><SyncOnce>FALSE</SyncOnce><DataProperties><itemProps><itemName Sync="TRUE">STF_CERTIF_FOR</itemName><imsContentType Sync="TRUE">002</imsContentType><itemLocation><linkage Sync="TRUE">file://\\SEF1271A\F1271I\Cartographie_STF\Diffusion\Diffusion_externe\Kit complet par produit_a diffuser_Donnees_Qc\CERTIFICATION_FORESTIERE\STF_CERTIF_FOR.shp</linkage><protocol Sync="TRUE">Local Area Network</protocol></itemLocation><itemSize Sync="TRUE">0.000</itemSize></itemProps><coordRef><type Sync="TRUE">Projected</type><geogcsn Sync="TRUE">GCS_North_American_1983</geogcsn><csUnits Sync="TRUE">Linear Unit: Meter (1.000000)</csUnits><projcsn Sync="TRUE">NAD_1983_Quebec_Lambert</projcsn><peXml Sync="TRUE">&lt;ProjectedCoordinateSystem xsi:type='typens:ProjectedCoordinateSystem' xmlns:xsi='http://www.w3.org/2001/XMLSchema-instance' xmlns:xs='http://www.w3.org/2001/XMLSchema' xmlns:typens='http://www.esri.com/schemas/ArcGIS/10.4'&gt;&lt;WKT&gt;PROJCS[&amp;quot;NAD_1983_Quebec_Lambert&amp;quot;,GEOGCS[&amp;quot;GCS_North_American_1983&amp;quot;,DATUM[&amp;quot;D_North_American_1983&amp;quot;,SPHEROID[&amp;quot;GRS_1980&amp;quot;,6378137.0,298.257222101]],PRIMEM[&amp;quot;Greenwich&amp;quot;,0.0],UNIT[&amp;quot;Degree&amp;quot;,0.0174532925199433]],PROJECTION[&amp;quot;Lambert_Conformal_Conic&amp;quot;],PARAMETER[&amp;quot;False_Easting&amp;quot;,0.0],PARAMETER[&amp;quot;False_Northing&amp;quot;,0.0],PARAMETER[&amp;quot;Central_Meridian&amp;quot;,-68.5],PARAMETER[&amp;quot;Standard_Parallel_1&amp;quot;,46.0],PARAMETER[&amp;quot;Standard_Parallel_2&amp;quot;,60.0],PARAMETER[&amp;quot;Latitude_Of_Origin&amp;quot;,44.0],UNIT[&amp;quot;Meter&amp;quot;,1.0],AUTHORITY[&amp;quot;EPSG&amp;quot;,32198]]&lt;/WKT&gt;&lt;XOrigin&gt;-35683500&lt;/XOrigin&gt;&lt;YOrigin&gt;-29917500&lt;/YOrigin&gt;&lt;XYScale&gt;126209582.22625288&lt;/XYScale&gt;&lt;ZOrigin&gt;-100000&lt;/ZOrigin&gt;&lt;ZScale&gt;10000&lt;/ZScale&gt;&lt;MOrigin&gt;-100000&lt;/MOrigin&gt;&lt;MScale&gt;10000&lt;/MScale&gt;&lt;XYTolerance&gt;0.001&lt;/XYTolerance&gt;&lt;ZTolerance&gt;0.001&lt;/ZTolerance&gt;&lt;MTolerance&gt;0.001&lt;/MTolerance&gt;&lt;HighPrecision&gt;true&lt;/HighPrecision&gt;&lt;WKID&gt;32198&lt;/WKID&gt;&lt;LatestWKID&gt;32198&lt;/LatestWKID&gt;&lt;/ProjectedCoordinateSystem&gt;</peXml></coordRef><lineage><Process ToolSource="c:\program files (x86)\arcgis\desktop10.4\ArcToolbox\Toolboxes\Conversion Tools.tbx\FeatureClassToFeatureClass" Date="20230404" Time="063845">FeatureClassToFeatureClass DDE_STF_20K_CERTI_FOR_VUE_S C:\MrnMicro\Temp\APG\Vectoriel\8960380\019a9c67-8b2e-47cc-a66e-53651ad633ea.gdb DDE_STF_20K_CERTI_FOR_VUE_S # "DOMANIALIT "DOMANIALIT" true true false 2 Text 0 0 ,First,#,DDE_STF_20K_CERTI_FOR_VUE_S,DOMANIALIT,-1,-1;NO_TERRI "NO_TERRI" true true false 6 Text 0 0 ,First,#,DDE_STF_20K_CERTI_FOR_VUE_S,NO_TERRI,-1,-1;TYPE_TERRI "TYPE_TERRI" true true false 3 Text 0 0 ,First,#,DDE_STF_20K_CERTI_FOR_VUE_S,TYPE_TERRI,-1,-1;FSC "FSC" true true false 1 Text 0 0 ,First,#,DDE_STF_20K_CERTI_FOR_VUE_S,FSC,-1,-1;SFI "SFI" true true false 1 Text 0 0 ,First,#,DDE_STF_20K_CERTI_FOR_VUE_S,SFI,-1,-1;CERT_PARTI "CERT_PARTI" true true false 7 Text 0 0 ,First,#,DDE_STF_20K_CERTI_FOR_VUE_S,CERT_PARTI,-1,-1;REMARQUES "REMARQUES" true true false 250 Text 0 0 ,First,#,DDE_STF_20K_CERTI_FOR_VUE_S,REMARQUES,-1,-1;DATE_PUBLI "DATE_PUBLI" true true false 8 Date 0 0 ,First,#,DDE_STF_20K_CERTI_FOR_VUE_S,DATE_PUBLI,-1,-1;SUP_TERRI "SUP_TERRI" true true false 8 Double 1 9 ,First,#,DDE_STF_20K_CERTI_FOR_VUE_S,SUP_TERRI,-1,-1;SHAPE_AREA "SHAPE_AREA" false true true 0 Double 0 0 ,First,#,DDE_STF_20K_CERTI_FOR_VUE_S,SHAPE.AREA,-1,-1;SHAPE_LEN "SHAPE_LEN" false true true 0 Double 0 0 ,First,#,DDE_STF_20K_CERTI_FOR_VUE_S,SHAPE.LEN,-1,-1" #</Process><Process ToolSource="c:\program files (x86)\arcgis\desktop10.4\ArcToolbox\Toolboxes\Data Management Tools.tbx\Project" Date="20230404" Time="063847">Project C:\Mrnmicro\Temp\APG\Vectoriel\8960380\019a9c67-8b2e-47cc-a66e-53651ad633ea.gdb\DDE_STF_20K_CERTI_FOR_VUE_S C:\MrnMicro\Temp\APG\Vectoriel\8960380\019a9c67-8b2e-47cc-a66e-53651ad633ea.gdb\DDE_STF_20K_CERTI_FOR_VUE_S_PROJETE "PROJCS['NAD_1983_Quebec_Lambert',GEOGCS['GCS_North_American_1983',DATUM['D_North_American_1983',SPHEROID['GRS_1980',6378137.0,298.257222101]],PRIMEM['Greenwich',0.0],UNIT['Degree',0.0174532925199433]],PROJECTION['Lambert_Conformal_Conic'],PARAMETER['False_Easting',0.0],PARAMETER['False_Northing',0.0],PARAMETER['Central_Meridian',-68.5],PARAMETER['Standard_Parallel_1',46.0],PARAMETER['Standard_Parallel_2',60.0],PARAMETER['Latitude_Of_Origin',44.0],UNIT['Meter',1.0]];-35683500 -29917500 999,999952502551;-100000 10000;-100000 10000;2,0000000949949E-03;0,001;0,001;IsHighPrecision" # PROJCS['NAD_1983_Quebec_Lambert',GEOGCS['GCS_North_American_1983',DATUM['D_North_American_1983',SPHEROID['GRS_1980',6378137.0,298.257222101]],PRIMEM['Greenwich',0.0],UNIT['Degree',0.0174532925199433]],PROJECTION['Lambert_Conformal_Conic'],PARAMETER['False_Easting',0.0],PARAMETER['False_Northing',0.0],PARAMETER['Central_Meridian',-68.5],PARAMETER['Standard_Parallel_1',46.0],PARAMETER['Standard_Parallel_2',60.0],PARAMETER['Latitude_Of_Origin',44.0],UNIT['Meter',1.0]] NO_PRESERVE_SHAPE # NO_VERTICAL</Process><Process ToolSource="c:\program files (x86)\arcgis\desktop10.4\ArcToolbox\Toolboxes\Data Management Tools.tbx\CopyFeatures" Date="20230404" Time="063851">CopyFeatures C:\Mrnmicro\Temp\APG\Vectoriel\8960380\019a9c67-8b2e-47cc-a66e-53651ad633ea.gdb\DDE_STF_20K_CERTI_FOR_VUE_S \\Vulcain\RAIGEOP\Depot_Dde\Catalogue_du_systeme_DDE\Couches_de_donnees\Subdivision_territoriale_forestiere_STF\CERTIFICATION_FORESTIERE_S\FGDB_CCL\CERTI_FOR\CERTI_FOR.gdb\DDE_STF_20K_CERTI_FOR_VUE_S # 0 0 0</Process></lineage></DataProperties><SyncDate>20230411</SyncDate><SyncTime>09175600</SyncTime><ModDate>20230411</ModDate><ModTime>09175600</ModTime></Esri><dataIdInfo><envirDesc Sync="TRUE"> Version 6.2 (Build 9200) ; Esri ArcGIS 10.4.1.5686</envirDesc><dataLang><languageCode value="fra" Sync="TRUE"></languageCode><countryCode value="CAN" Sync="TRUE"></countryCode></dataLang><idCitation><resTitle Sync="TRUE">STF_CERTIF_FOR</resTitle><presForm><PresFormCd value="005" Sync="TRUE"></PresFormCd></presForm></idCitation><spatRpType><SpatRepTypCd value="001" Sync="TRUE"></SpatRepTypCd></spatRpType></dataIdInfo><mdLang><languageCode value="fra" Sync="TRUE"></languageCode><countryCode value="CAN" Sync="TRUE"></countryCode></mdLang><distInfo><distFormat><formatName Sync="TRUE">Fichier de formes</formatName></distFormat><distTranOps><transSize Sync="TRUE">0.000</transSize></distTranOps></distInfo><mdHrLv><ScopeCd value="005" Sync="TRUE"></ScopeCd></mdHrLv><mdHrLvName Sync="TRUE">dataset</mdHrLvName><refSysInfo><RefSystem><refSysID><identCode code="32198" Sync="TRUE"></identCode><idCodeSpace Sync="TRUE">EPSG</idCodeSpace><idVersion Sync="TRUE">8.3.1(8.1.0)</idVersion></refSysID></RefSystem></refSysInfo><spatRepInfo><VectSpatRep><geometObjs Name="STF_CERTIF_FOR"><geoObjTyp><GeoObjTypCd value="002" Sync="TRUE"></GeoObjTypCd></geoObjTyp><geoObjCnt Sync="TRUE">0</geoObjCnt></geometObjs><topLvl><TopoLevCd value="001" Sync="TRUE"></TopoLevCd></topLvl></VectSpatRep></spatRepInfo><spdoinfo><ptvctinf><esriterm Name="STF_CERTIF_FOR"><efeatyp Sync="TRUE">Simple</efeatyp><efeageom code="4" Sync="TRUE"></efeageom><esritopo Sync="TRUE">FALSE</esritopo><efeacnt Sync="TRUE">0</efeacnt><spindex Sync="TRUE">FALSE</spindex><linrefer Sync="TRUE">FALSE</linrefer></esriterm></ptvctinf></spdoinfo><eainfo><detailed Name="STF_CERTIF_FOR"><enttyp><enttypl Sync="TRUE">STF_CERTIF_FOR</enttypl><enttypt Sync="TRUE">Feature Class</enttypt><enttypc Sync="TRUE">0</enttypc></enttyp><attr><attrlabl Sync="TRUE">FID</attrlabl><attalias Sync="TRUE">FID</attalias><attrtype Sync="TRUE">OID</attrtype><attwidth Sync="TRUE">4</attwidth><atprecis Sync="TRUE">0</atprecis><attscale Sync="TRUE">0</attscale><attrdef Sync="TRUE">Internal feature number.</attrdef><attrdefs Sync="TRUE">Esri</attrdefs><attrdomv><udom Sync="TRUE">Sequential unique whole numbers that are automatically generated.</udom></attrdomv></attr><attr><attrlabl Sync="TRUE">Shape</attrlabl><attalias Sync="TRUE">Shape</attalias><attrtype Sync="TRUE">Geometry</attrtype><attwidth Sync="TRUE">0</attwidth><atprecis Sync="TRUE">0</atprecis><attscale Sync="TRUE">0</attscale><attrdef Sync="TRUE">Feature geometry.</attrdef><attrdefs Sync="TRUE">Esri</attrdefs><attrdomv><udom Sync="TRUE">Coordinates defining the features.</udom></attrdomv></attr><attr><attrlabl Sync="TRUE">DOMANIALIT</attrlabl><attalias Sync="TRUE">DOMANIALIT</attalias><attrtype Sync="TRUE">String</attrtype><attwidth Sync="TRUE">2</attwidth><atprecis Sync="TRUE">0</atprecis><attscale Sync="TRUE">0</attscale></attr><attr><attrlabl Sync="TRUE">NO_TERRI</attrlabl><attalias Sync="TRUE">NO_TERRI</attalias><attrtype Sync="TRUE">String</attrtype><attwidth Sync="TRUE">6</attwidth><atprecis Sync="TRUE">0</atprecis><attscale Sync="TRUE">0</attscale></attr><attr><attrlabl Sync="TRUE">TYPE_TERRI</attrlabl><attalias Sync="TRUE">TYPE_TERRI</attalias><attrtype Sync="TRUE">String</attrtype><attwidth Sync="TRUE">3</attwidth><atprecis Sync="TRUE">0</atprecis><attscale Sync="TRUE">0</attscale></attr><attr><attrlabl Sync="TRUE">FSC</attrlabl><attalias Sync="TRUE">FSC</attalias><attrtype Sync="TRUE">String</attrtype><attwidth Sync="TRUE">1</attwidth><atprecis Sync="TRUE">0</atprecis><attscale Sync="TRUE">0</attscale></attr><attr><attrlabl Sync="TRUE">SFI</attrlabl><attalias Sync="TRUE">SFI</attalias><attrtype Sync="TRUE">String</attrtype><attwidth Sync="TRUE">1</attwidth><atprecis Sync="TRUE">0</atprecis><attscale Sync="TRUE">0</attscale></attr><attr><attrlabl Sync="TRUE">CERT_PARTI</attrlabl><attalias Sync="TRUE">CERT_PARTI</attalias><attrtype Sync="TRUE">String</attrtype><attwidth Sync="TRUE">7</attwidth><atprecis Sync="TRUE">0</atprecis><attscale Sync="TRUE">0</attscale></attr><attr><attrlabl Sync="TRUE">REMARQUES</attrlabl><attalias Sync="TRUE">REMARQUES</attalias><attrtype Sync="TRUE">String</attrtype><attwidth Sync="TRUE">250</attwidth><atprecis Sync="TRUE">0</atprecis><attscale Sync="TRUE">0</attscale></attr><attr><attrlabl Sync="TRUE">DATE_PUBLI</attrlabl><attalias Sync="TRUE">DATE_PUBLI</attalias><attrtype Sync="TRUE">Date</attrtype><attwidth Sync="TRUE">8</attwidth><atprecis Sync="TRUE">0</atprecis><attscale Sync="TRUE">0</attscale></attr><attr><attrlabl Sync="TRUE">SUP_TERRI</attrlabl><attalias Sync="TRUE">SUP_TERRI</attalias><attrtype Sync="TRUE">Double</attrtype><attwidth Sync="TRUE">19</attwidth><atprecis Sync="TRUE">0</atprecis><attscale Sync="TRUE">0</attscale></attr><attr><attrlabl Sync="TRUE">Shape_Leng</attrlabl><attalias Sync="TRUE">Shape_Leng</attalias><attrtype Sync="TRUE">Double</attrtype><attwidth Sync="TRUE">19</attwidth><atprecis Sync="TRUE">0</atprecis><attscale Sync="TRUE">0</attscale></attr><attr><attrlabl Sync="TRUE">Shape_Area</attrlabl><attalias Sync="TRUE">Shape_Area</attalias><attrtype Sync="TRUE">Double</attrtype><attwidth Sync="TRUE">19</attwidth><atprecis Sync="TRUE">0</atprecis><attscale Sync="TRUE">0</attscale><attrdef Sync="TRUE">Area of feature in internal units squared.</attrdef><attrdefs Sync="TRUE">Esri</attrdefs><attrdomv><udom Sync="TRUE">Positive real numbers that are automatically generated.</udom></attrdomv></attr></detailed></eainfo><mdDateSt Sync="TRUE">20230411</mdDateSt></metadata>
