<metadata xml:lang="fr"><Esri><CreaDate>20210225</CreaDate><CreaTime>11351000</CreaTime><ArcGISFormat>1.0</ArcGISFormat><SyncOnce>FALSE</SyncOnce><DataProperties><lineage><Process ToolSource="c:\arcgis\pro\Resources\ArcToolbox\toolboxes\Conversion Tools.tbx\FeatureClassToFeatureClass" Date="20210225" Time="113510">FeatureClassToFeatureClass E:\Projet\REGISTRE\EXTRACTION\ZIP\dc_applsde7ap@appsd12.sde\SDE_AP.AP_V_T_IMP_S E:\Projet\REGISTRE\EXTRACTION\ZIP\registre_aires_prot_FGDB\registre_aires_prot.gdb T_IMP_S # "OID "OID" true true false 8 Double 10 38,First,#,E:\Projet\REGISTRE\EXTRACTION\ZIP\dc_applsde7ap@appsd12.sde\SDE_AP.AP_V_T_IMP_S,OID,-1,-1;MACODE "MACODE" true true false 8 Double 10 38,First,#,E:\Projet\REGISTRE\EXTRACTION\ZIP\dc_applsde7ap@appsd12.sde\SDE_AP.AP_V_T_IMP_S,MACODE,-1,-1;TOPONYME "TOPONYME" true true false 200 Text 0 0,First,#,E:\Projet\REGISTRE\EXTRACTION\ZIP\dc_applsde7ap@appsd12.sde\SDE_AP.AP_V_T_IMP_S,TOPONYME,0,200;NOM "NOM" true true false 150 Text 0 0,First,#,E:\Projet\REGISTRE\EXTRACTION\ZIP\dc_applsde7ap@appsd12.sde\SDE_AP.AP_V_T_IMP_S,NOM,0,150;ARTICLE "ARTICLE" true true false 10 Text 0 0,First,#,E:\Projet\REGISTRE\EXTRACTION\ZIP\dc_applsde7ap@appsd12.sde\SDE_AP.AP_V_T_IMP_S,ARTICLE,0,10;DESIGNOM "DESIGNOM" true true false 75 Text 0 0,First,#,E:\Projet\REGISTRE\EXTRACTION\ZIP\dc_applsde7ap@appsd12.sde\SDE_AP.AP_V_T_IMP_S,DESIGNOM,0,75;RESPONSABL "RESPONSABL" true true false 255 Text 0 0,First,#,E:\Projet\REGISTRE\EXTRACTION\ZIP\dc_applsde7ap@appsd12.sde\SDE_AP.AP_V_T_IMP_S,RESPONSABL,0,255;CORESPONSA "CORESPONSA" true true false 255 Text 0 0,First,#,E:\Projet\REGISTRE\EXTRACTION\ZIP\dc_applsde7ap@appsd12.sde\SDE_AP.AP_V_T_IMP_S,CORESPONSA,0,255;HA_LEGAL "HA_LEGAL" true true false 8 Double 8 38,First,#,E:\Projet\REGISTRE\EXTRACTION\ZIP\dc_applsde7ap@appsd12.sde\SDE_AP.AP_V_T_IMP_S,HA_LEGAL,-1,-1;LONDMS "LONDMS" true true false 20 Text 0 0,First,#,E:\Projet\REGISTRE\EXTRACTION\ZIP\dc_applsde7ap@appsd12.sde\SDE_AP.AP_V_T_IMP_S,LONDMS,0,20;LATDMS "LATDMS" true true false 20 Text 0 0,First,#,E:\Projet\REGISTRE\EXTRACTION\ZIP\dc_applsde7ap@appsd12.sde\SDE_AP.AP_V_T_IMP_S,LATDMS,0,20;DA_CREATIO "DA_CREATIO" true true false 10 Text 0 0,First,#,E:\Projet\REGISTRE\EXTRACTION\ZIP\dc_applsde7ap@appsd12.sde\SDE_AP.AP_V_T_IMP_S,DA_CREATIO,0,10;LIEN "LIEN" true true false 250 Text 0 0,First,#,E:\Projet\REGISTRE\EXTRACTION\ZIP\dc_applsde7ap@appsd12.sde\SDE_AP.AP_V_T_IMP_S,LIEN,0,250" #</Process><Process ToolSource="c:\arcgis\pro\Resources\ArcToolbox\toolboxes\Data Management Tools.tbx\AddIndex" Date="20210225" Time="113656">AddIndex E:\Projet\REGISTRE\EXTRACTION\ZIP\registre_aires_prot_FGDB\registre_aires_prot.gdb\T_IMP_S TOPONYME IDX_TOPONYME NON_UNIQUE NON_ASCENDING</Process><Process ToolSource="c:\arcgis\pro\Resources\ArcToolbox\toolboxes\Data Management Tools.tbx\AddIndex" Date="20210225" Time="113657">AddIndex E:\Projet\REGISTRE\EXTRACTION\ZIP\registre_aires_prot_FGDB\registre_aires_prot.gdb\T_IMP_S DESIGNOM IDX_DESIGNOM NON_UNIQUE NON_ASCENDING</Process><Process ToolSource="c:\arcgis\pro\Resources\ArcToolbox\toolboxes\Data Management Tools.tbx\AddIndex" Date="20210225" Time="113658">AddIndex E:\Projet\REGISTRE\EXTRACTION\ZIP\registre_aires_prot_FGDB\registre_aires_prot.gdb\T_IMP_S RESPONSABL IDX_RESPONSABL NON_UNIQUE NON_ASCENDING</Process><Process ToolSource="c:\arcgis\pro\Resources\ArcToolbox\toolboxes\Data Management Tools.tbx\AddIndex" Date="20210225" Time="113659">AddIndex E:\Projet\REGISTRE\EXTRACTION\ZIP\registre_aires_prot_FGDB\registre_aires_prot.gdb\T_IMP_S MACODE IDX_MACODE NON_UNIQUE NON_ASCENDING</Process><Process ToolSource="c:\arcgis\pro\Resources\ArcToolbox\toolboxes\Data Management Tools.tbx\DeleteField" Date="20210225" Time="113730">DeleteField E:\Projet\Registre\EXTRACTION\ZIP\registre_aires_prot_FGDB\registre_aires_prot.gdb\T_IMP_S OID_1</Process><Process ToolSource="c:\arcgis\desktop10.8\ArcToolbox\Toolboxes\Data Management Tools.tbx\AlterField" Date="20210924" Time="163828">AlterField E:\Projet\REGISTRE\EXTRACTION\ZIP\_ModeleFGDB\AP_MODELE.gdb\T_IMP_S OBJECTID # OBJECTID # 4 NON_NULLABLE false</Process><Process ToolSource="c:\arcgis\desktop10.8\ArcToolbox\Toolboxes\Data Management Tools.tbx\AlterField" Date="20210924" Time="163855">AlterField E:\Projet\REGISTRE\EXTRACTION\ZIP\_ModeleFGDB\AP_MODELE.gdb\T_IMP_S OBJECTID # OBJECTID # 4 NON_NULLABLE false</Process><Process ToolSource="c:\arcgis\desktop10.8\ArcToolbox\Toolboxes\Data Management Tools.tbx\AlterField" Date="20210924" Time="163857">AlterField E:\Projet\REGISTRE\EXTRACTION\ZIP\_ModeleFGDB\AP_MODELE.gdb\T_IMP_S MACODE # "Clé interne" DOUBLE 8 NULLABLE false</Process><Process ToolSource="c:\arcgis\desktop10.8\ArcToolbox\Toolboxes\Data Management Tools.tbx\AlterField" Date="20210924" Time="163859">AlterField E:\Projet\REGISTRE\EXTRACTION\ZIP\_ModeleFGDB\AP_MODELE.gdb\T_IMP_S TOPONYME # Toponyme TEXT 200 NULLABLE false</Process><Process ToolSource="c:\arcgis\desktop10.8\ArcToolbox\Toolboxes\Data Management Tools.tbx\AlterField" Date="20210924" Time="163901">AlterField E:\Projet\REGISTRE\EXTRACTION\ZIP\_ModeleFGDB\AP_MODELE.gdb\T_IMP_S NOM # Nom TEXT 150 NULLABLE false</Process><Process ToolSource="c:\arcgis\desktop10.8\ArcToolbox\Toolboxes\Data Management Tools.tbx\AlterField" Date="20210924" Time="163903">AlterField E:\Projet\REGISTRE\EXTRACTION\ZIP\_ModeleFGDB\AP_MODELE.gdb\T_IMP_S ARTICLE # Article TEXT 10 NULLABLE false</Process><Process ToolSource="c:\arcgis\desktop10.8\ArcToolbox\Toolboxes\Data Management Tools.tbx\AlterField" Date="20210924" Time="163905">AlterField E:\Projet\REGISTRE\EXTRACTION\ZIP\_ModeleFGDB\AP_MODELE.gdb\T_IMP_S DESIGNOM # Désignation TEXT 75 NULLABLE false</Process><Process ToolSource="c:\arcgis\desktop10.8\ArcToolbox\Toolboxes\Data Management Tools.tbx\AlterField" Date="20210924" Time="163907">AlterField E:\Projet\REGISTRE\EXTRACTION\ZIP\_ModeleFGDB\AP_MODELE.gdb\T_IMP_S RESPONSABL # Responsable TEXT 255 NULLABLE false</Process><Process ToolSource="c:\arcgis\desktop10.8\ArcToolbox\Toolboxes\Data Management Tools.tbx\AlterField" Date="20210924" Time="163909">AlterField E:\Projet\REGISTRE\EXTRACTION\ZIP\_ModeleFGDB\AP_MODELE.gdb\T_IMP_S CORESPONSA # Coresponsable TEXT 255 NULLABLE false</Process><Process ToolSource="c:\arcgis\desktop10.8\ArcToolbox\Toolboxes\Data Management Tools.tbx\AlterField" Date="20210924" Time="163911">AlterField E:\Projet\REGISTRE\EXTRACTION\ZIP\_ModeleFGDB\AP_MODELE.gdb\T_IMP_S HA_LEGAL # HA_LEGAL DOUBLE 8 NULLABLE false</Process><Process ToolSource="c:\arcgis\desktop10.8\ArcToolbox\Toolboxes\Data Management Tools.tbx\AlterField" Date="20210924" Time="163913">AlterField E:\Projet\REGISTRE\EXTRACTION\ZIP\_ModeleFGDB\AP_MODELE.gdb\T_IMP_S LONDMS # "Longitude (degrés minutes secondes)" TEXT 20 NULLABLE false</Process><Process ToolSource="c:\arcgis\desktop10.8\ArcToolbox\Toolboxes\Data Management Tools.tbx\AlterField" Date="20210924" Time="163914">AlterField E:\Projet\REGISTRE\EXTRACTION\ZIP\_ModeleFGDB\AP_MODELE.gdb\T_IMP_S LATDMS # "Latitude (degrés minutes secondes)" TEXT 20 NULLABLE false</Process><Process ToolSource="c:\arcgis\desktop10.8\ArcToolbox\Toolboxes\Data Management Tools.tbx\AlterField" Date="20210924" Time="163916">AlterField E:\Projet\REGISTRE\EXTRACTION\ZIP\_ModeleFGDB\AP_MODELE.gdb\T_IMP_S DA_CREATIO # "Date de création" TEXT 10 NULLABLE false</Process><Process ToolSource="c:\arcgis\desktop10.8\ArcToolbox\Toolboxes\Data Management Tools.tbx\AlterField" Date="20210924" Time="163918">AlterField E:\Projet\REGISTRE\EXTRACTION\ZIP\_ModeleFGDB\AP_MODELE.gdb\T_IMP_S LIEN # LIEN TEXT 250 NULLABLE false</Process><Process ToolSource="c:\program files\arcgis\pro\Resources\ArcToolbox\toolboxes\Data Management Tools.tbx\Append" Date="20240405" Time="113134">Append ap_lyr C:\DMU\Aire_prot\extraction_dq\ZIP\registre_aires_prot_FGDB\registre_aires_protegees.gdb\T_IMP_S "Utiliser l’appariement des champs pour réconcilier les différences de champs" "MACODE "Clé interne" true true false 4 Long 0 0,First,#,C:\DMU\Aire_prot\extraction_dq\ZIP\registre_aires_prot_FGDB\registre_aires_protegees.gdb\T_IMP_S,MACODE,-1,-1,C:\DMU\Aire_prot\extraction_dq\ZIP\dc_applsde7ap@appsd12.sde\SDE_AP.AP_DATASET\SDE_AP.AP_AIRE_PROT,MACODE,-1,-1;TOPONYME "Toponyme" true true false 200 Text 0 0,First,#,C:\DMU\Aire_prot\extraction_dq\ZIP\registre_aires_prot_FGDB\registre_aires_protegees.gdb\T_IMP_S,TOPONYME,0,199,C:\DMU\Aire_prot\extraction_dq\ZIP\dc_applsde7ap@appsd12.sde\SDE_AP.AP_DATASET\SDE_AP.AP_AIRE_PROT,TOPONYME,0,199;NOM "Nom" true true false 150 Text 0 0,First,#,C:\DMU\Aire_prot\extraction_dq\ZIP\registre_aires_prot_FGDB\registre_aires_protegees.gdb\T_IMP_S,NOM,0,149,C:\DMU\Aire_prot\extraction_dq\ZIP\dc_applsde7ap@appsd12.sde\SDE_AP.AP_DATASET\SDE_AP.AP_AIRE_PROT,NOM,0,149;ARTICLE "Article" true true false 10 Text 0 0,First,#,C:\DMU\Aire_prot\extraction_dq\ZIP\registre_aires_prot_FGDB\registre_aires_protegees.gdb\T_IMP_S,ARTICLE,0,9,C:\DMU\Aire_prot\extraction_dq\ZIP\dc_applsde7ap@appsd12.sde\SDE_AP.AP_DATASET\SDE_AP.AP_AIRE_PROT,ARTICLE,0,9;DESIGNOM "Désignation" true true false 75 Text 0 0,First,#,C:\DMU\Aire_prot\extraction_dq\ZIP\registre_aires_prot_FGDB\registre_aires_protegees.gdb\T_IMP_S,DESIGNOM,0,74,C:\DMU\Aire_prot\extraction_dq\ZIP\dc_applsde7ap@appsd12.sde\SDE_AP.AP_DATASET\SDE_AP.AP_AIRE_PROT,DESIGNOM,0,74;HA_LEGAL "Superficie (ha)" true true false 8 Double 0 0,First,#,C:\DMU\Aire_prot\extraction_dq\ZIP\registre_aires_prot_FGDB\registre_aires_protegees.gdb\T_IMP_S,HA_LEGAL,-1,-1,C:\DMU\Aire_prot\extraction_dq\ZIP\dc_applsde7ap@appsd12.sde\SDE_AP.AP_DATASET\SDE_AP.AP_AIRE_PROT,HA_LEGAL,-1,-1;LONDMS "Longitude (degrés minutes secondes)" true true false 20 Text 0 0,First,#,C:\DMU\Aire_prot\extraction_dq\ZIP\registre_aires_prot_FGDB\registre_aires_protegees.gdb\T_IMP_S,LONDMS,0,19,C:\DMU\Aire_prot\extraction_dq\ZIP\dc_applsde7ap@appsd12.sde\SDE_AP.AP_DATASET\SDE_AP.AP_AIRE_PROT,LONDMS,0,19;LATDMS "Latitude (degrés minutes secondes)" true true false 20 Text 0 0,First,#,C:\DMU\Aire_prot\extraction_dq\ZIP\registre_aires_prot_FGDB\registre_aires_protegees.gdb\T_IMP_S,LATDMS,0,19,C:\DMU\Aire_prot\extraction_dq\ZIP\dc_applsde7ap@appsd12.sde\SDE_AP.AP_DATASET\SDE_AP.AP_AIRE_PROT,LATDMS,0,19;LIEN "Lien internet" true true false 250 Text 0 0,First,#,C:\DMU\Aire_prot\extraction_dq\ZIP\registre_aires_prot_FGDB\registre_aires_protegees.gdb\T_IMP_S,LIEN,0,249,C:\DMU\Aire_prot\extraction_dq\ZIP\dc_applsde7ap@appsd12.sde\SDE_AP.AP_DATASET\SDE_AP.AP_AIRE_PROT,LIEN,0,249;NOTE "Note" true true false 2000 Text 0 0,First,#,C:\DMU\Aire_prot\extraction_dq\ZIP\registre_aires_prot_FGDB\registre_aires_protegees.gdb\T_IMP_S,NOTE,0,1999,C:\DMU\Aire_prot\extraction_dq\ZIP\dc_applsde7ap@appsd12.sde\SDE_AP.AP_DATASET\SDE_AP.AP_AIRE_PROT,NOTE,0,1999" # # # NOT_UPDATE_GEOMETRY</Process><Process ToolSource="c:\program files\arcgis\pro\Resources\ArcToolbox\toolboxes\Data Management Tools.tbx\AddIndex" Date="20240405" Time="113135">AddIndex C:\DMU\Aire_prot\extraction_dq\ZIP\registre_aires_prot_FGDB\registre_aires_protegees.gdb\T_IMP_S TOPONYME IDX_TOPONYME NON_UNIQUE NON_ASCENDING</Process><Process ToolSource="c:\program files\arcgis\pro\Resources\ArcToolbox\toolboxes\Data Management Tools.tbx\AddIndex" Date="20240405" Time="113135">AddIndex C:\DMU\Aire_prot\extraction_dq\ZIP\registre_aires_prot_FGDB\registre_aires_protegees.gdb\T_IMP_S DESIGNOM IDX_DESIGNOM NON_UNIQUE NON_ASCENDING</Process><Process ToolSource="c:\program files\arcgis\pro\Resources\ArcToolbox\toolboxes\Data Management Tools.tbx\AddIndex" Date="20240405" Time="113135">AddIndex C:\DMU\Aire_prot\extraction_dq\ZIP\registre_aires_prot_FGDB\registre_aires_protegees.gdb\T_IMP_S RESPONSABL IDX_RESPONSABL NON_UNIQUE NON_ASCENDING</Process><Process ToolSource="c:\program files\arcgis\pro\Resources\ArcToolbox\toolboxes\Data Management Tools.tbx\AddIndex" Date="20240405" Time="113135">AddIndex C:\DMU\Aire_prot\extraction_dq\ZIP\registre_aires_prot_FGDB\registre_aires_protegees.gdb\T_IMP_S MACODE IDX_MACODE NON_UNIQUE NON_ASCENDING</Process><Process ToolSource="c:\program files\arcgis\pro\Resources\ArcToolbox\toolboxes\Data Management Tools.tbx\CopyFeatures" Date="20240405" Time="113140">CopyFeatures C:\DMU\Aire_prot\extraction_dq\ZIP\registre_aires_prot_FGDB\registre_aires_protegees.gdb\T_IMP_S C:\DMU\Aire_prot\extraction_dq\ZIP\registre_aires_prot\T_IMP_S.shp # # # #</Process></lineage><itemProps><itemName Sync="TRUE">T_IMP_S</itemName><imsContentType Sync="TRUE">002</imsContentType><itemSize Sync="TRUE">0.000</itemSize><itemLocation><linkage Sync="TRUE">file://\\C00046067\DMU\Aire_prot\extraction_dq\ZIP\registre_aires_prot\T_IMP_S.shp</linkage><protocol Sync="TRUE">Local Area Network</protocol></itemLocation></itemProps><coordRef><type Sync="TRUE">Projected</type><geogcsn Sync="TRUE">GCS_North_American_1983</geogcsn><csUnits Sync="TRUE">Linear Unit: Meter (1.000000)</csUnits><projcsn Sync="TRUE">NAD_1983_Quebec_Lambert</projcsn><peXml Sync="TRUE">&lt;ProjectedCoordinateSystem xsi:type='typens:ProjectedCoordinateSystem' xmlns:xsi='http://www.w3.org/2001/XMLSchema-instance' xmlns:xs='http://www.w3.org/2001/XMLSchema' xmlns:typens='http://www.esri.com/schemas/ArcGIS/3.2.0'&gt;&lt;WKT&gt;PROJCS[&amp;quot;NAD_1983_Quebec_Lambert&amp;quot;,GEOGCS[&amp;quot;GCS_North_American_1983&amp;quot;,DATUM[&amp;quot;D_North_American_1983&amp;quot;,SPHEROID[&amp;quot;GRS_1980&amp;quot;,6378137.0,298.257222101]],PRIMEM[&amp;quot;Greenwich&amp;quot;,0.0],UNIT[&amp;quot;Degree&amp;quot;,0.0174532925199433]],PROJECTION[&amp;quot;Lambert_Conformal_Conic&amp;quot;],PARAMETER[&amp;quot;False_Easting&amp;quot;,0.0],PARAMETER[&amp;quot;False_Northing&amp;quot;,0.0],PARAMETER[&amp;quot;Central_Meridian&amp;quot;,-68.5],PARAMETER[&amp;quot;Standard_Parallel_1&amp;quot;,46.0],PARAMETER[&amp;quot;Standard_Parallel_2&amp;quot;,60.0],PARAMETER[&amp;quot;Latitude_Of_Origin&amp;quot;,44.0],UNIT[&amp;quot;Meter&amp;quot;,1.0],AUTHORITY[&amp;quot;EPSG&amp;quot;,32198]]&lt;/WKT&gt;&lt;XOrigin&gt;-35683500&lt;/XOrigin&gt;&lt;YOrigin&gt;-29917500&lt;/YOrigin&gt;&lt;XYScale&gt;126209582.22625288&lt;/XYScale&gt;&lt;ZOrigin&gt;-100000&lt;/ZOrigin&gt;&lt;ZScale&gt;10000&lt;/ZScale&gt;&lt;MOrigin&gt;-100000&lt;/MOrigin&gt;&lt;MScale&gt;10000&lt;/MScale&gt;&lt;XYTolerance&gt;0.001&lt;/XYTolerance&gt;&lt;ZTolerance&gt;0.001&lt;/ZTolerance&gt;&lt;MTolerance&gt;0.001&lt;/MTolerance&gt;&lt;HighPrecision&gt;true&lt;/HighPrecision&gt;&lt;WKID&gt;32198&lt;/WKID&gt;&lt;LatestWKID&gt;32198&lt;/LatestWKID&gt;&lt;/ProjectedCoordinateSystem&gt;</peXml></coordRef></DataProperties><SyncDate>20240405</SyncDate><SyncTime>11314000</SyncTime><ModDate>20240405</ModDate><ModTime>11314000</ModTime></Esri><dataIdInfo><envirDesc Sync="TRUE">Microsoft Windows 10 Version 10.0 (Build 19045) ; Esri ArcGIS 13.2.2.49743</envirDesc><dataLang><languageCode value="fra" Sync="TRUE"></languageCode><countryCode value="CAN" Sync="TRUE"></countryCode></dataLang><idCitation><resTitle Sync="TRUE">T_IMP_S</resTitle><presForm><PresFormCd value="005" Sync="TRUE"></PresFormCd></presForm></idCitation><spatRpType><SpatRepTypCd value="001" Sync="TRUE"></SpatRepTypCd></spatRpType></dataIdInfo><mdLang><languageCode value="fra" Sync="TRUE"></languageCode><countryCode value="CAN" Sync="TRUE"></countryCode></mdLang><distInfo><distFormat><formatName Sync="TRUE">Shapefile</formatName></distFormat><distTranOps><transSize Sync="TRUE">0.000</transSize></distTranOps></distInfo><mdHrLv><ScopeCd value="005" Sync="TRUE"></ScopeCd></mdHrLv><mdHrLvName Sync="TRUE">dataset</mdHrLvName><refSysInfo><RefSystem><refSysID><identCode code="32198" Sync="TRUE"></identCode><idCodeSpace Sync="TRUE">EPSG</idCodeSpace><idVersion Sync="TRUE">8.3.1(8.1.0)</idVersion></refSysID></RefSystem></refSysInfo><spatRepInfo><VectSpatRep><geometObjs Name="T_IMP_S"><geoObjTyp><GeoObjTypCd value="002" Sync="TRUE"></GeoObjTypCd></geoObjTyp><geoObjCnt Sync="TRUE">0</geoObjCnt></geometObjs><topLvl><TopoLevCd value="001" Sync="TRUE"></TopoLevCd></topLvl></VectSpatRep></spatRepInfo><spdoinfo><ptvctinf><esriterm Name="T_IMP_S"><efeatyp Sync="TRUE">Simple</efeatyp><efeageom code="4" Sync="TRUE"></efeageom><esritopo Sync="TRUE">FALSE</esritopo><efeacnt Sync="TRUE">0</efeacnt><spindex Sync="TRUE">FALSE</spindex><linrefer Sync="TRUE">FALSE</linrefer></esriterm></ptvctinf></spdoinfo><eainfo><detailed Name="T_IMP_S"><enttyp><enttypl Sync="TRUE">T_IMP_S</enttypl><enttypt Sync="TRUE">Feature Class</enttypt><enttypc Sync="TRUE">0</enttypc></enttyp><attr><attrlabl Sync="TRUE">FID</attrlabl><attalias Sync="TRUE">FID</attalias><attrtype Sync="TRUE">OID</attrtype><attwidth Sync="TRUE">4</attwidth><atprecis Sync="TRUE">0</atprecis><attscale Sync="TRUE">0</attscale><attrdef Sync="TRUE">Internal feature number.</attrdef><attrdefs Sync="TRUE">Esri</attrdefs><attrdomv><udom Sync="TRUE">Sequential unique whole numbers that are automatically generated.</udom></attrdomv></attr><attr><attrlabl Sync="TRUE">Shape</attrlabl><attalias Sync="TRUE">Shape</attalias><attrtype Sync="TRUE">Geometry</attrtype><attwidth Sync="TRUE">0</attwidth><atprecis Sync="TRUE">0</atprecis><attscale Sync="TRUE">0</attscale><attrdef Sync="TRUE">Feature geometry.</attrdef><attrdefs Sync="TRUE">Esri</attrdefs><attrdomv><udom Sync="TRUE">Coordinates defining the features.</udom></attrdomv></attr><attr><attrlabl Sync="TRUE">MACODE</attrlabl><attalias Sync="TRUE">MACODE</attalias><attrtype Sync="TRUE">Integer</attrtype><attwidth Sync="TRUE">10</attwidth><atprecis Sync="TRUE">10</atprecis><attscale Sync="TRUE">0</attscale></attr><attr><attrlabl Sync="TRUE">TOPONYME</attrlabl><attalias Sync="TRUE">TOPONYME</attalias><attrtype Sync="TRUE">String</attrtype><attwidth Sync="TRUE">200</attwidth><atprecis Sync="TRUE">0</atprecis><attscale Sync="TRUE">0</attscale></attr><attr><attrlabl Sync="TRUE">NOM</attrlabl><attalias Sync="TRUE">NOM</attalias><attrtype Sync="TRUE">String</attrtype><attwidth Sync="TRUE">150</attwidth><atprecis Sync="TRUE">0</atprecis><attscale Sync="TRUE">0</attscale></attr><attr><attrlabl Sync="TRUE">ARTICLE</attrlabl><attalias Sync="TRUE">ARTICLE</attalias><attrtype Sync="TRUE">String</attrtype><attwidth Sync="TRUE">10</attwidth><atprecis Sync="TRUE">0</atprecis><attscale Sync="TRUE">0</attscale></attr><attr><attrlabl Sync="TRUE">DESIGNOM</attrlabl><attalias Sync="TRUE">DESIGNOM</attalias><attrtype Sync="TRUE">String</attrtype><attwidth Sync="TRUE">75</attwidth><atprecis Sync="TRUE">0</atprecis><attscale Sync="TRUE">0</attscale></attr><attr><attrlabl Sync="TRUE">RESPONSABL</attrlabl><attalias Sync="TRUE">RESPONSABL</attalias><attrtype Sync="TRUE">String</attrtype><attwidth Sync="TRUE">254</attwidth><atprecis Sync="TRUE">0</atprecis><attscale Sync="TRUE">0</attscale></attr><attr><attrlabl Sync="TRUE">CORESPONSA</attrlabl><attalias Sync="TRUE">CORESPONSA</attalias><attrtype Sync="TRUE">String</attrtype><attwidth Sync="TRUE">254</attwidth><atprecis Sync="TRUE">0</atprecis><attscale Sync="TRUE">0</attscale></attr><attr><attrlabl Sync="TRUE">HA_LEGAL</attrlabl><attalias Sync="TRUE">HA_LEGAL</attalias><attrtype Sync="TRUE">Double</attrtype><attwidth Sync="TRUE">19</attwidth><atprecis Sync="TRUE">0</atprecis><attscale Sync="TRUE">0</attscale></attr><attr><attrlabl Sync="TRUE">LONDMS</attrlabl><attalias Sync="TRUE">LONDMS</attalias><attrtype Sync="TRUE">String</attrtype><attwidth Sync="TRUE">20</attwidth><atprecis Sync="TRUE">0</atprecis><attscale Sync="TRUE">0</attscale></attr><attr><attrlabl Sync="TRUE">LATDMS</attrlabl><attalias Sync="TRUE">LATDMS</attalias><attrtype Sync="TRUE">String</attrtype><attwidth Sync="TRUE">20</attwidth><atprecis Sync="TRUE">0</atprecis><attscale Sync="TRUE">0</attscale></attr><attr><attrlabl Sync="TRUE">DA_CREATIO</attrlabl><attalias Sync="TRUE">DA_CREATIO</attalias><attrtype Sync="TRUE">String</attrtype><attwidth Sync="TRUE">10</attwidth><atprecis Sync="TRUE">0</atprecis><attscale Sync="TRUE">0</attscale></attr><attr><attrlabl Sync="TRUE">LIEN</attrlabl><attalias Sync="TRUE">LIEN</attalias><attrtype Sync="TRUE">String</attrtype><attwidth Sync="TRUE">250</attwidth><atprecis Sync="TRUE">0</atprecis><attscale Sync="TRUE">0</attscale></attr><attr><attrlabl Sync="TRUE">NOTE</attrlabl><attalias Sync="TRUE">NOTE</attalias><attrtype Sync="TRUE">String</attrtype><attwidth Sync="TRUE">254</attwidth><atprecis Sync="TRUE">0</atprecis><attscale Sync="TRUE">0</attscale></attr><attr><attrlabl Sync="TRUE">Shape_Leng</attrlabl><attalias Sync="TRUE">Shape_Leng</attalias><attrtype Sync="TRUE">Double</attrtype><attwidth Sync="TRUE">19</attwidth><atprecis Sync="TRUE">0</atprecis><attscale Sync="TRUE">0</attscale></attr><attr><attrlabl Sync="TRUE">Shape_Area</attrlabl><attalias Sync="TRUE">Shape_Area</attalias><attrtype Sync="TRUE">Double</attrtype><attwidth Sync="TRUE">19</attwidth><atprecis Sync="TRUE">0</atprecis><attscale Sync="TRUE">0</attscale><attrdef Sync="TRUE">Area of feature in internal units squared.</attrdef><attrdefs Sync="TRUE">Esri</attrdefs><attrdomv><udom Sync="TRUE">Positive real numbers that are automatically generated.</udom></attrdomv></attr></detailed></eainfo><mdDateSt Sync="TRUE">20240405</mdDateSt></metadata>
