<?xml version="1.0" encoding="UTF-8"?>
<metadata xml:lang="fr"><Esri><CreaDate>20151021</CreaDate><CreaTime>08305500</CreaTime><ArcGISFormat>1.0</ArcGISFormat><ArcGISstyle>ISO 19139 Metadata Implementation Specification</ArcGISstyle><SyncOnce>TRUE</SyncOnce><DataProperties><lineage><Process ToolSource="c:\program files (x86)\arcgis\desktop10.3\ArcToolbox\Toolboxes\Spatial Analyst Tools.tbx\Reclassify" Date="20151021" Time="083055">Reclassify Temp_CL_1_9_Qc.tif Value "0 NODATA;1 1;2 2;3 3;4 4;5 5;6 6;7 7;8 8;9 9" "M:\2015\15-0743-INSPQ-MAJ carto îlots chaleur et fraîcheur\Données\Livrables_INSPQ_2015\null\null\Temp_CL_1_9_Qc.tif" DATA</Process></lineage></DataProperties></Esri></metadata>
