<?xml version="1.0" encoding="UTF-8"?>
<metadata xml:lang="fr"><Esri><CreaDate>20151021</CreaDate><CreaTime>08331600</CreaTime><ArcGISFormat>1.0</ArcGISFormat><ArcGISstyle>ISO 19139 Metadata Implementation Specification</ArcGISstyle><SyncOnce>TRUE</SyncOnce><DataProperties><lineage><Process ToolSource="c:\program files (x86)\arcgis\desktop10.3\ArcToolbox\Toolboxes\Data Management Tools.tbx\BuildRasterAttributeTable" Date="20151021" Time="083316">BuildRasterAttributeTable Temp_CL_1_9_Qc.tif Overwrite</Process></lineage></DataProperties></Esri></metadata>
