<PAMDataset>
  <Metadata>
    <MDI key="DataType">Generic</MDI>
  </Metadata>
  <Metadata domain="Esri">
    <MDI key="PyramidResamplingType">NEAREST</MDI>
  </Metadata>
  <PAMRasterBand band="1">
    <Histograms>
      <HistItem>
        <HistMin>-0,5</HistMin>
        <HistMax>15,5</HistMax>
        <BucketCount>16</BucketCount>
        <IncludeOutOfRange>1</IncludeOutOfRange>
        <Approximate>0</Approximate>
        <HistCounts>0|0|0|0|0|0|0|0|0|909664|0|0|0|0|0|1556693426</HistCounts>
      </HistItem>
    </Histograms>
    <GDALRasterAttributeTable>
      <FieldDefn index="0">
        <Name>OID</Name>
        <Type>0</Type>
        <Usage>0</Usage>
      </FieldDefn>
      <FieldDefn index="1">
        <Name>Value</Name>
        <Type>0</Type>
        <Usage>0</Usage>
      </FieldDefn>
      <FieldDefn index="2">
        <Name>Count</Name>
        <Type>1</Type>
        <Usage>0</Usage>
      </FieldDefn>
      <Row index="0">
        <F>0</F>
        <F>9</F>
        <F>909664</F>
      </Row>
    </GDALRasterAttributeTable>
    <Metadata>
      <MDI key="STATISTICS_COVARIANCES">0.02101227132566047</MDI>
      <MDI key="STATISTICS_EXCLUDEDVALUES"></MDI>
      <MDI key="STATISTICS_MAXIMUM">15</MDI>
      <MDI key="STATISTICS_MEAN">14,996495908338</MDI>
      <MDI key="STATISTICS_MINIMUM">9</MDI>
      <MDI key="STATISTICS_SKIPFACTORX">1</MDI>
      <MDI key="STATISTICS_SKIPFACTORY">1</MDI>
      <MDI key="STATISTICS_STDDEV">0,14495610137438</MDI>
    </Metadata>
  </PAMRasterBand>
</PAMDataset>
