<?xml version="1.0" encoding="utf-8"?>
<export xmlns:xsi="http://www.w3.org/2001/XMLSchema-instance" xmlns:xsd="http://www.w3.org/2001/XMLSchema" datedebut="2021-05-01" datefin="2021-05-31">
  <contrat>
    <numeroseao>1052858</numeroseao>
    <numero>999108053</numero>
    <datefinale>2020-04-09</datefinale>
    <datepublicationfinale>2020-12-08</datepublicationfinale>
    <montantfinal>2474157.640000</montantfinal>
    <nomcontractant>Consortium Levio conseils inc./Momentum technologies inc.</nomcontractant>
    <neqcontractant />
  </contrat>
  <contrat>
    <numeroseao>1059749</numeroseao>
    <numero>APP-17-025 (2017-DEV-312)</numero>
    <datefinale>2020-12-31</datefinale>
    <datepublicationfinale>2019-10-08</datepublicationfinale>
    <montantfinal>56912.630000</montantfinal>
    <nomcontractant>Brodeur Frenette</nomcontractant>
    <neqcontractant>1171447106</neqcontractant>
  </contrat>
  <contrat>
    <numeroseao>1060092</numeroseao>
    <numero>AOP-2016-S-132</numero>
    <datefinale>2021-05-07</datefinale>
    <datepublicationfinale>2021-03-01</datepublicationfinale>
    <montantfinal>3623024.580000</montantfinal>
    <nomcontractant>Levio Conseils inc.</nomcontractant>
    <neqcontractant>1169672574</neqcontractant>
  </contrat>
  <contrat>
    <numeroseao>1079611</numeroseao>
    <numero>148/2017</numero>
    <datefinale>2021-05-11</datefinale>
    <datepublicationfinale>2019-12-16</datepublicationfinale>
    <montantfinal>863036.130000</montantfinal>
    <nomcontractant>S.C.E. Électrique Inc.</nomcontractant>
    <neqcontractant>1163890891</neqcontractant>
  </contrat>
  <contrat>
    <numeroseao>1086676</numeroseao>
    <numero>33105900</numero>
    <datefinale>2020-09-30</datefinale>
    <datepublicationfinale>2021-04-21</datepublicationfinale>
    <montantfinal>88690.660000</montantfinal>
    <nomcontractant>exterminapro inc.</nomcontractant>
    <neqcontractant>1166932583</neqcontractant>
  </contrat>
  <contrat>
    <numeroseao>1096756</numeroseao>
    <numero>999108242</numero>
    <datefinale>2020-10-22</datefinale>
    <datepublicationfinale>2021-04-22</datepublicationfinale>
    <montantfinal>775775.000000</montantfinal>
    <nomcontractant>Solution Vumetric Inc.</nomcontractant>
    <neqcontractant>1164849615</neqcontractant>
  </contrat>
  <contrat>
    <numeroseao>1123795</numeroseao>
    <numero>AO-SAA-17-01</numero>
    <datefinale>2021-03-11</datefinale>
    <datepublicationfinale>2020-09-10</datepublicationfinale>
    <montantfinal>110980.080000</montantfinal>
    <nomcontractant>GDA Québec inc</nomcontractant>
    <neqcontractant>1169489961</neqcontractant>
  </contrat>
  <contrat>
    <numeroseao>1124389</numeroseao>
    <numero>6803-17-0201</numero>
    <datefinale>2020-03-02</datefinale>
    <datepublicationfinale>2019-06-20</datepublicationfinale>
    <montantfinal>1876241.270000</montantfinal>
    <nomcontractant>Équipements JVC Inc. (Les)</nomcontractant>
    <neqcontractant>1143285303</neqcontractant>
  </contrat>
  <contrat>
    <numeroseao>1131978</numeroseao>
    <numero>S210025740</numero>
    <datefinale>2021-03-31</datefinale>
    <datepublicationfinale>2019-03-07</datepublicationfinale>
    <montantfinal>30922.500000</montantfinal>
    <nomcontractant>Intrasécure inc.</nomcontractant>
    <neqcontractant>1165414179</neqcontractant>
  </contrat>
  <contrat>
    <numeroseao>1151576</numeroseao>
    <numero>CHUSJ-585.5</numero>
    <datefinale>2020-02-06</datefinale>
    <datepublicationfinale>2020-02-06</datepublicationfinale>
    <montantfinal>106656.110000</montantfinal>
    <nomcontractant>ConnecTalk.</nomcontractant>
    <neqcontractant>1163552376</neqcontractant>
  </contrat>
  <contrat>
    <numeroseao>1164482</numeroseao>
    <numero>34206200</numero>
    <datefinale>2021-01-27</datefinale>
    <datepublicationfinale>2021-02-19</datepublicationfinale>
    <montantfinal>93500.000000</montantfinal>
    <nomcontractant>paysagiste montreal  (9200-2427 quebec inc)</nomcontractant>
    <neqcontractant>1165345639</neqcontractant>
  </contrat>
  <contrat>
    <numeroseao>1213104</numeroseao>
    <numero>44510336</numero>
    <datefinale>2020-10-31</datefinale>
    <datepublicationfinale>2020-12-07</datepublicationfinale>
    <montantfinal>34500.000000</montantfinal>
    <nomcontractant>Consultant Solutions d'Ouvertures (CSO)</nomcontractant>
    <neqcontractant>1164713860</neqcontractant>
  </contrat>
  <contrat>
    <numeroseao>1220021</numeroseao>
    <numero>QC-RAMQ-20180557 </numero>
    <datefinale>2021-05-07</datefinale>
    <datepublicationfinale>2021-02-17</datepublicationfinale>
    <montantfinal>275976.900000</montantfinal>
    <nomcontractant>Société Conseil Groupe LGS</nomcontractant>
    <neqcontractant>1142691709</neqcontractant>
  </contrat>
  <contrat>
    <numeroseao>1225106</numeroseao>
    <numero>SA-181221-PDS</numero>
    <datefinale>2021-03-19</datefinale>
    <datepublicationfinale>2021-04-20</datepublicationfinale>
    <montantfinal>65906.720000</montantfinal>
    <nomcontractant>Les Services EXP Inc</nomcontractant>
    <neqcontractant>1167268128</neqcontractant>
  </contrat>
  <contrat>
    <numeroseao>1259192</numeroseao>
    <numero>44513529</numero>
    <datefinale>2020-06-30</datefinale>
    <datepublicationfinale>2020-09-09</datepublicationfinale>
    <montantfinal>48330.830000</montantfinal>
    <nomcontractant>ABCP architecture et urbanisme</nomcontractant>
    <neqcontractant>1168446459</neqcontractant>
  </contrat>
  <contrat>
    <numeroseao>1259499</numeroseao>
    <numero>2019-013_MG</numero>
    <datefinale>2020-08-06</datefinale>
    <datepublicationfinale>2020-01-23</datepublicationfinale>
    <montantfinal>197650.080000</montantfinal>
    <nomcontractant>XYZ Technologie Culturelle Inc</nomcontractant>
    <neqcontractant>1162680186</neqcontractant>
  </contrat>
  <contrat>
    <numeroseao>1262197</numeroseao>
    <numero>SM-354.3</numero>
    <datefinale>2020-12-07</datefinale>
    <datepublicationfinale>2020-12-21</datepublicationfinale>
    <montantfinal>142077.810000</montantfinal>
    <nomcontractant>Constructions Anor (1992) INC</nomcontractant>
    <neqcontractant>1142123372</neqcontractant>
  </contrat>
  <contrat>
    <numeroseao>1263779</numeroseao>
    <numero>1001967</numero>
    <datefinale>2021-01-22</datefinale>
    <datepublicationfinale>2021-01-22</datepublicationfinale>
    <montantfinal>157589.380000</montantfinal>
    <nomcontractant>FNX-INNOV inc.</nomcontractant>
    <neqcontractant>1174002437</neqcontractant>
  </contrat>
  <contrat>
    <numeroseao>1266973</numeroseao>
    <numero>1001946</numero>
    <datefinale>2020-03-19</datefinale>
    <datepublicationfinale>2020-10-30</datepublicationfinale>
    <montantfinal>1804428.860000</montantfinal>
    <nomcontractant>Les Constructions Berka Inc.</nomcontractant>
    <neqcontractant>1160248853</neqcontractant>
  </contrat>
  <contrat>
    <numeroseao>1287810</numeroseao>
    <numero>1001917</numero>
    <datefinale>2021-01-21</datefinale>
    <datepublicationfinale>2021-01-21</datepublicationfinale>
    <montantfinal>218174.330000</montantfinal>
    <nomcontractant>L'Archevêque et Rivest Ltée</nomcontractant>
    <neqcontractant>1163230627</neqcontractant>
  </contrat>
  <contrat>
    <numeroseao>1303253</numeroseao>
    <numero>44510831</numero>
    <datefinale />
    <datepublicationfinale>2021-04-14</datepublicationfinale>
    <montantfinal>0.000000</montantfinal>
    <nomcontractant>Éric Lirette, architecte inc.</nomcontractant>
    <neqcontractant>1168715432</neqcontractant>
  </contrat>
  <contrat>
    <numeroseao>1319721</numeroseao>
    <numero>44515005</numero>
    <datefinale>2020-09-21</datefinale>
    <datepublicationfinale>2020-06-05</datepublicationfinale>
    <montantfinal>999510.520000</montantfinal>
    <nomcontractant>Société en commandite 140 Grande Allee Est </nomcontractant>
    <neqcontractant>3340622714</neqcontractant>
  </contrat>
  <contrat>
    <numeroseao>1322934</numeroseao>
    <numero>44516204</numero>
    <datefinale>2020-11-17</datefinale>
    <datepublicationfinale>2021-01-11</datepublicationfinale>
    <montantfinal>123701.220000</montantfinal>
    <nomcontractant>Édifice 200 chemin Ste-Foy</nomcontractant>
    <neqcontractant>1171245849</neqcontractant>
  </contrat>
  <contrat>
    <numeroseao>1345707</numeroseao>
    <numero>0920-400/42286</numero>
    <datefinale>2020-11-05</datefinale>
    <datepublicationfinale>2020-12-21</datepublicationfinale>
    <montantfinal>57823.760000</montantfinal>
    <nomcontractant>BF-Tech inc.</nomcontractant>
    <neqcontractant>1165424681</neqcontractant>
  </contrat>
  <contrat>
    <numeroseao>1350105</numeroseao>
    <numero>P0857019</numero>
    <datefinale>2020-02-27</datefinale>
    <datepublicationfinale>2020-03-02</datepublicationfinale>
    <montantfinal>91837.500000</montantfinal>
    <nomcontractant>Kurt J. Lesker Canada Inc</nomcontractant>
    <neqcontractant />
  </contrat>
  <contrat>
    <numeroseao>1350110</numeroseao>
    <numero>P0862005</numero>
    <datefinale>2020-03-31</datefinale>
    <datepublicationfinale>2020-04-01</datepublicationfinale>
    <montantfinal>286503.300000</montantfinal>
    <nomcontractant>Olympus Canada Inc.</nomcontractant>
    <neqcontractant />
  </contrat>
  <contrat>
    <numeroseao>1360297</numeroseao>
    <numero>P0845022</numero>
    <datefinale>2020-06-10</datefinale>
    <datepublicationfinale>2020-07-08</datepublicationfinale>
    <montantfinal>228559.300000</montantfinal>
    <nomcontractant>Veeco Process Equipment Inc.</nomcontractant>
    <neqcontractant />
  </contrat>
  <contrat>
    <numeroseao>1360299</numeroseao>
    <numero>P0852149</numero>
    <datefinale>2020-09-16</datefinale>
    <datepublicationfinale>2020-11-09</datepublicationfinale>
    <montantfinal>174360.000000</montantfinal>
    <nomcontractant>Controlled Environments Limited</nomcontractant>
    <neqcontractant />
  </contrat>
  <contrat>
    <numeroseao>1360759</numeroseao>
    <numero>CR20190117</numero>
    <datefinale>2020-08-01</datefinale>
    <datepublicationfinale>2020-10-05</datepublicationfinale>
    <montantfinal>31110.000000</montantfinal>
    <nomcontractant>CPU SERVICE D'ORDINATEUR</nomcontractant>
    <neqcontractant>1143002211</neqcontractant>
  </contrat>
  <contrat>
    <numeroseao>1361225</numeroseao>
    <numero>553060019</numero>
    <datefinale>2021-02-28</datefinale>
    <datepublicationfinale>2021-03-22</datepublicationfinale>
    <montantfinal>334013.140000</montantfinal>
    <nomcontractant>Microsoft Canada Inc.</nomcontractant>
    <neqcontractant>1168494905</neqcontractant>
  </contrat>
  <contrat>
    <numeroseao>1373831</numeroseao>
    <numero>5311-20-PF14</numero>
    <datefinale>2021-02-17</datefinale>
    <datepublicationfinale>2021-04-28</datepublicationfinale>
    <montantfinal>13339.620000</montantfinal>
    <nomcontractant>SADA Systems, Inc</nomcontractant>
    <neqcontractant />
  </contrat>
  <contrat>
    <numeroseao>1379449</numeroseao>
    <numero>44518730</numero>
    <datefinale>2020-09-16</datefinale>
    <datepublicationfinale>2021-03-24</datepublicationfinale>
    <montantfinal>8391.000000</montantfinal>
    <nomcontractant>Soft DB Inc</nomcontractant>
    <neqcontractant>1161116240</neqcontractant>
  </contrat>
  <contrat>
    <numeroseao>1380077</numeroseao>
    <numero>20-426-GG-S/20-427-GG-S</numero>
    <datefinale>2020-06-30</datefinale>
    <datepublicationfinale>2020-06-30</datepublicationfinale>
    <montantfinal>48150.000000</montantfinal>
    <nomcontractant>Hôpitel Inc.</nomcontractant>
    <neqcontractant>1142710566</neqcontractant>
  </contrat>
  <contrat>
    <numeroseao>1384304</numeroseao>
    <numero>211/2020</numero>
    <datefinale>2020-07-23</datefinale>
    <datepublicationfinale>2020-10-15</datepublicationfinale>
    <montantfinal>28737.010000</montantfinal>
    <nomcontractant>GHD Consultants Ltée</nomcontractant>
    <neqcontractant>1171077796</neqcontractant>
  </contrat>
  <contrat>
    <numeroseao>1385046</numeroseao>
    <numero>44518404</numero>
    <datefinale>2020-10-23</datefinale>
    <datepublicationfinale>2021-01-13</datepublicationfinale>
    <montantfinal>68134.640000</montantfinal>
    <nomcontractant>GL Mécanique du Batiment</nomcontractant>
    <neqcontractant>1140560161</neqcontractant>
  </contrat>
  <contrat>
    <numeroseao>1389906</numeroseao>
    <numero>5311-20-AP25</numero>
    <datefinale>2021-02-05</datefinale>
    <datepublicationfinale>2021-04-28</datepublicationfinale>
    <montantfinal>9590.000000</montantfinal>
    <nomcontractant>Précicom Technologies inc.</nomcontractant>
    <neqcontractant>1169472645</neqcontractant>
  </contrat>
  <contrat>
    <numeroseao>1390302</numeroseao>
    <numero>20-627-GG-A</numero>
    <datefinale>2020-07-14</datefinale>
    <datepublicationfinale>2020-07-14</datepublicationfinale>
    <montantfinal>58950.000000</montantfinal>
    <nomcontractant>Grandchamp Chapiteaux inc.</nomcontractant>
    <neqcontractant>1160075199</neqcontractant>
  </contrat>
  <contrat>
    <numeroseao>1392411</numeroseao>
    <numero>SA-190510-PB</numero>
    <datefinale>2020-03-17</datefinale>
    <datepublicationfinale>2021-04-20</datepublicationfinale>
    <montantfinal>29064.710000</montantfinal>
    <nomcontractant>Vincent Leclerc architecte inc.</nomcontractant>
    <neqcontractant>1164249667</neqcontractant>
  </contrat>
  <contrat>
    <numeroseao>1392890</numeroseao>
    <numero>R-0003-20CP</numero>
    <datefinale>2021-05-05</datefinale>
    <datepublicationfinale>2021-03-15</datepublicationfinale>
    <montantfinal>461522.320000</montantfinal>
    <nomcontractant>Controlnet services d'entretien d'immeubles inc.</nomcontractant>
    <neqcontractant>1142479162</neqcontractant>
  </contrat>
  <contrat>
    <numeroseao>1403497</numeroseao>
    <numero>3301-20-PZ03</numero>
    <datefinale>2021-02-26</datefinale>
    <datepublicationfinale>2021-04-28</datepublicationfinale>
    <montantfinal>15979.500000</montantfinal>
    <nomcontractant>Nordco inc.</nomcontractant>
    <neqcontractant>1171060396</neqcontractant>
  </contrat>
  <contrat>
    <numeroseao>1408545</numeroseao>
    <numero>44518195</numero>
    <datefinale>2020-12-15</datefinale>
    <datepublicationfinale>2021-01-07</datepublicationfinale>
    <montantfinal>36337.950000</montantfinal>
    <nomcontractant>Cimota inc</nomcontractant>
    <neqcontractant>1169588333</neqcontractant>
  </contrat>
  <contrat>
    <numeroseao>1432964</numeroseao>
    <numero>44521292</numero>
    <datefinale>2021-01-15</datefinale>
    <datepublicationfinale>2021-01-26</datepublicationfinale>
    <montantfinal>53361.450000</montantfinal>
    <nomcontractant>Laplante Construction (2006) inc.</nomcontractant>
    <neqcontractant>1142390633</neqcontractant>
  </contrat>
  <contrat>
    <numeroseao>1437860</numeroseao>
    <numero>4105-20-PF04</numero>
    <datefinale>2021-02-23</datefinale>
    <datepublicationfinale>2021-04-28</datepublicationfinale>
    <montantfinal>16828.930000</montantfinal>
    <nomcontractant>Brendel Associates Limited</nomcontractant>
    <neqcontractant />
  </contrat>
  <contrat>
    <numeroseao>1440387</numeroseao>
    <numero>US-20-C2-865-00</numero>
    <datefinale>2021-05-13</datefinale>
    <datepublicationfinale>2021-04-20</datepublicationfinale>
    <montantfinal>35692.300000</montantfinal>
    <nomcontractant>Constructions Guy Sébas inc.</nomcontractant>
    <neqcontractant>1144279677</neqcontractant>
  </contrat>
  <contrat>
    <numeroseao>1445574</numeroseao>
    <numero>9001-20-ZZ24</numero>
    <datefinale>2021-02-16</datefinale>
    <datepublicationfinale>2021-04-28</datepublicationfinale>
    <montantfinal>13730.250000</montantfinal>
    <nomcontractant>Altitude Aerospace inc.</nomcontractant>
    <neqcontractant>1163536205</neqcontractant>
  </contrat>
  <contrat>
    <numeroseao>1449507</numeroseao>
    <numero>5311-20-PF92</numero>
    <datefinale>2021-03-03</datefinale>
    <datepublicationfinale>2021-04-28</datepublicationfinale>
    <montantfinal>142387.280000</montantfinal>
    <nomcontractant>AgileAssets Inc.</nomcontractant>
    <neqcontractant />
  </contrat>
  <contrat>
    <numeroseao>1458955</numeroseao>
    <numero>44512799</numero>
    <datefinale>2021-02-24</datefinale>
    <datepublicationfinale>2021-03-01</datepublicationfinale>
    <montantfinal>26175.000000</montantfinal>
    <nomcontractant>St-Gelais Montminy &amp; Associés architectes inc</nomcontractant>
    <neqcontractant>3360024775</neqcontractant>
  </contrat>
  <contrat>
    <numeroseao>1461503</numeroseao>
    <numero>9001-21-AP26</numero>
    <datefinale>2021-03-05</datefinale>
    <datepublicationfinale>2021-04-28</datepublicationfinale>
    <montantfinal>16305.330000</montantfinal>
    <nomcontractant>Aircrafters</nomcontractant>
    <neqcontractant />
  </contrat>
  <contrat>
    <numeroseao>1463377</numeroseao>
    <numero>9001-21-PZ11</numero>
    <datefinale>2021-02-15</datefinale>
    <datepublicationfinale>2021-04-28</datepublicationfinale>
    <montantfinal>14941.010000</montantfinal>
    <nomcontractant>Newcastle Aviation Partners LLC</nomcontractant>
    <neqcontractant />
  </contrat>
  <contrat>
    <numeroseao>1463384</numeroseao>
    <numero>9001-21-PV12</numero>
    <datefinale>2021-03-08</datefinale>
    <datepublicationfinale>2021-04-28</datepublicationfinale>
    <montantfinal>14463.000000</montantfinal>
    <nomcontractant>Aircrafters</nomcontractant>
    <neqcontractant />
  </contrat>
  <contrat>
    <numeroseao>1472379</numeroseao>
    <numero>BC0000030725</numero>
    <datefinale>2021-05-12</datefinale>
    <datepublicationfinale>2021-04-15</datepublicationfinale>
    <montantfinal>26670.000000</montantfinal>
    <nomcontractant>COOP HEC Montréal</nomcontractant>
    <neqcontractant>1144263382</neqcontractant>
  </contrat>
  <contrat>
    <numeroseao>1478885</numeroseao>
    <numero>9001-21-PZ10</numero>
    <datefinale>2021-02-07</datefinale>
    <datepublicationfinale>2021-04-28</datepublicationfinale>
    <montantfinal>17549.410000</montantfinal>
    <nomcontractant>Pratt &amp; Whitney Canada Cie.</nomcontractant>
    <neqcontractant>1170696497</neqcontractant>
  </contrat>
  <contrat>
    <numeroseao>1479313</numeroseao>
    <numero>9001-21-AP21</numero>
    <datefinale>2021-02-16</datefinale>
    <datepublicationfinale>2021-04-28</datepublicationfinale>
    <montantfinal>17345.720000</montantfinal>
    <nomcontractant>S &amp; P Global Inc.</nomcontractant>
    <neqcontractant />
  </contrat>
  <contrat>
    <numeroseao>1479423</numeroseao>
    <numero>9001-20-AP12</numero>
    <datefinale>2020-06-16</datefinale>
    <datepublicationfinale>2021-04-28</datepublicationfinale>
    <montantfinal>563596.000000</montantfinal>
    <nomcontractant>Ascent Helicopters Ltd</nomcontractant>
    <neqcontractant />
  </contrat>
  <contrat>
    <numeroseao>1479677</numeroseao>
    <numero>9001-21-PV24</numero>
    <datefinale>2021-02-22</datefinale>
    <datepublicationfinale>2021-04-28</datepublicationfinale>
    <montantfinal>13752.600000</montantfinal>
    <nomcontractant>Newcastle Aviation Partners LLC</nomcontractant>
    <neqcontractant />
  </contrat>
</export>