<?xml version="1.0" encoding="utf-8"?>
<export xmlns:xsi="http://www.w3.org/2001/XMLSchema-instance" xmlns:xsd="http://www.w3.org/2001/XMLSchema" datedebut="2021-05-01" datefin="2021-05-31">
  <avis>
    <numeroseao>848514</numeroseao>
    <numero>24-333P</numero>
    <depenses>
      <depense>
        <datedepense>2018-09-24</datedepense>
        <datepublicationdepense>2018-10-22</datepublicationdepense>
        <montantdepense>230160.850000</montantdepense>
        <description>SRM023786</description>
        <nomcontractant>Birtz Bastien Beaudoin Laforest architectes</nomcontractant>
        <neqcontractant>1143998624</neqcontractant>
      </depense>
      <depense>
        <datedepense>2021-04-19</datedepense>
        <datepublicationdepense>2020-12-01</datepublicationdepense>
        <montantdepense>11200.000000</montantdepense>
        <description>SRM035136 (101024230)</description>
        <nomcontractant>Birtz Bastien Beaudoin Laforest architectes</nomcontractant>
        <neqcontractant>1143998624</neqcontractant>
      </depense>
    </depenses>
  </avis>
  <avis>
    <numeroseao>921145</numeroseao>
    <numero>24-456P</numero>
    <depenses>
      <depense>
        <datedepense>2019-10-21</datedepense>
        <datepublicationdepense>2019-11-05</datepublicationdepense>
        <montantdepense>170073.770000</montantdepense>
        <description>SRM028330 (223 014 390)</description>
        <nomcontractant>BGLA | Architecture + Design Urbain</nomcontractant>
        <neqcontractant>1140294530</neqcontractant>
      </depense>
      <depense>
        <datedepense>2020-09-29</datedepense>
        <datepublicationdepense>2020-10-04</datepublicationdepense>
        <montantdepense>46413.090000</montantdepense>
        <description>SRM032672 (223 014 390)</description>
        <nomcontractant>BGLA | Architecture + Design Urbain</nomcontractant>
        <neqcontractant>1140294530</neqcontractant>
      </depense>
      <depense>
        <datedepense>2021-05-11</datedepense>
        <datepublicationdepense>2021-05-21</datepublicationdepense>
        <montantdepense>154000.000000</montantdepense>
        <description> SRM035606 - 261 014 450 - Rapport A-33-1721 </description>
        <nomcontractant>BGLA | Architecture + Design Urbain</nomcontractant>
        <neqcontractant>1140294530</neqcontractant>
      </depense>
      <depense>
        <datedepense>2019-12-03</datedepense>
        <datepublicationdepense>2019-12-13</datepublicationdepense>
        <montantdepense>104758.720000</montantdepense>
        <description>SRM028953 - 223 014 390</description>
        <nomcontractant>Exp Services inc.</nomcontractant>
        <neqcontractant>1167268128</neqcontractant>
      </depense>
      <depense>
        <datedepense>2020-02-03</datedepense>
        <datepublicationdepense>2020-02-17</datepublicationdepense>
        <montantdepense>36634.050000</montantdepense>
        <description>SRM029518 (223 014 390)</description>
        <nomcontractant>Exp Services inc.</nomcontractant>
        <neqcontractant>1167268128</neqcontractant>
      </depense>
      <depense>
        <datedepense>2020-05-22</datedepense>
        <datepublicationdepense>2020-05-27</datepublicationdepense>
        <montantdepense>114154.590000</montantdepense>
        <description>SRM030552 - 223014390</description>
        <nomcontractant>Exp Services inc.</nomcontractant>
        <neqcontractant>1167268128</neqcontractant>
      </depense>
      <depense>
        <datedepense>2021-05-14</datedepense>
        <datepublicationdepense>2021-05-21</datepublicationdepense>
        <montantdepense>90000.000000</montantdepense>
        <description> SRM035609 - (261 014 450) - Rapport A-33-1721 </description>
        <nomcontractant>Exp Services inc.</nomcontractant>
        <neqcontractant>1167268128</neqcontractant>
      </depense>
    </depenses>
  </avis>
  <avis>
    <numeroseao>971613</numeroseao>
    <numero>30715600</numero>
    <depenses>
      <depense>
        <datedepense>2021-01-01</datedepense>
        <datepublicationdepense>2021-05-04</datepublicationdepense>
        <montantdepense>47550.000000</montantdepense>
        <description>Imprévu dû à la pandémie</description>
        <nomcontractant>Entretien Fabien Perron</nomcontractant>
        <neqcontractant>1160032216</neqcontractant>
      </depense>
    </depenses>
  </avis>
  <avis>
    <numeroseao>1029820</numeroseao>
    <numero>16-17-17</numero>
    <depenses>
      <depense>
        <datedepense>2021-04-23</datedepense>
        <datepublicationdepense>2021-05-20</datepublicationdepense>
        <montantdepense>29336.410000</montantdepense>
        <description>Honoraires additionnels accordés dans le cadre des ordres de changements nos 27 à 126 de l'entrepreneur en construction.</description>
        <nomcontractant>BTAA - BBBL | Architectes en consortium</nomcontractant>
        <neqcontractant />
      </depense>
      <depense>
        <datedepense>2021-05-11</datedepense>
        <datepublicationdepense>2021-05-20</datepublicationdepense>
        <montantdepense>25771.910000</montantdepense>
        <description>Honoraires supplémentaires en raison de la surveillance des travaux après la date prévue de fin des travaux.</description>
        <nomcontractant>BTAA - BBBL | Architectes en consortium</nomcontractant>
        <neqcontractant />
      </depense>
    </depenses>
  </avis>
  <avis>
    <numeroseao>1050870</numeroseao>
    <numero>6401-16-FA03</numero>
    <depenses>
      <depense>
        <datedepense>2019-01-31</datedepense>
        <datepublicationdepense>2019-06-18</datepublicationdepense>
        <montantdepense>24987.750000</montantdepense>
        <description>Dépassement relié à des modifications au contrat de services professionnels</description>
        <nomcontractant>WSP Canada inc.</nomcontractant>
        <neqcontractant>1148357057</neqcontractant>
      </depense>
    </depenses>
  </avis>
  <avis>
    <numeroseao>1064653</numeroseao>
    <numero>17-023-AO-S</numero>
    <depenses>
      <depense>
        <datedepense>2019-09-09</datedepense>
        <datepublicationdepense>2021-05-25</datepublicationdepense>
        <montantdepense>3500.000000</montantdepense>
        <description>Avenant 01: Ajout d'honoraire pour une expertise en structure ( 6.15%)</description>
        <nomcontractant>Bouthillette Parizeau Inc.</nomcontractant>
        <neqcontractant>1142591438</neqcontractant>
      </depense>
    </depenses>
  </avis>
  <avis>
    <numeroseao>1131409</numeroseao>
    <numero>7183-18-0301</numero>
    <depenses>
      <depense>
        <datedepense>2021-02-12</datedepense>
        <datepublicationdepense>2021-03-08</datepublicationdepense>
        <montantdepense>535363.000000</montantdepense>
        <description>Dépassement relié à des variations de quantité et/ou des modifications au contrat de construction ou de services de nature technique</description>
        <nomcontractant>Arthur Roussel Inc.</nomcontractant>
        <neqcontractant>1149675424</neqcontractant>
      </depense>
    </depenses>
  </avis>
  <avis>
    <numeroseao>1157139</numeroseao>
    <numero>07-11201</numero>
    <depenses>
      <depense>
        <datedepense>2019-10-30</datedepense>
        <datepublicationdepense>2020-06-26</datepublicationdepense>
        <montantdepense>52774.000000</montantdepense>
        <description>Ajout services au contrat</description>
        <nomcontractant>Tetra Tech QI inc - Est</nomcontractant>
        <neqcontractant>1169411510</neqcontractant>
      </depense>
      <depense>
        <datedepense>2019-11-11</datedepense>
        <datepublicationdepense>2020-06-26</datepublicationdepense>
        <montantdepense>386454.000000</montantdepense>
        <description>Augmentation du coût des travaux </description>
        <nomcontractant>Tetra Tech QI inc - Est</nomcontractant>
        <neqcontractant>1169411510</neqcontractant>
      </depense>
      <depense>
        <datedepense>2020-06-25</datedepense>
        <datepublicationdepense>2020-06-26</datepublicationdepense>
        <montantdepense>227714.400000</montantdepense>
        <description>Augmentation du coût des travaux </description>
        <nomcontractant>Tetra Tech QI inc - Est</nomcontractant>
        <neqcontractant>1169411510</neqcontractant>
      </depense>
      <depense>
        <datedepense>2020-08-28</datedepense>
        <datepublicationdepense>2020-08-31</datepublicationdepense>
        <montantdepense>395534.000000</montantdepense>
        <description>Modification du mandat</description>
        <nomcontractant>Tetra Tech QI inc - Est</nomcontractant>
        <neqcontractant>1169411510</neqcontractant>
      </depense>
      <depense>
        <datedepense>2021-05-19</datedepense>
        <datepublicationdepense>2021-05-25</datepublicationdepense>
        <montantdepense>125273.000000</montantdepense>
        <description>Modification du mandat</description>
        <nomcontractant>Tetra Tech QI inc - Est</nomcontractant>
        <neqcontractant>1169411510</neqcontractant>
      </depense>
    </depenses>
  </avis>
  <avis>
    <numeroseao>1158967</numeroseao>
    <numero>SA-180419-PB</numero>
    <depenses>
      <depense>
        <datedepense>2018-12-05</datedepense>
        <datepublicationdepense>2018-12-10</datepublicationdepense>
        <montantdepense>91189.740000</montantdepense>
        <description>Aménagement de la radiographie salle 4 &amp;6 </description>
        <nomcontractant>CGA Architectes inc</nomcontractant>
        <neqcontractant>1168745256</neqcontractant>
      </depense>
    </depenses>
  </avis>
  <avis>
    <numeroseao>1168291</numeroseao>
    <numero>CGER 745801</numero>
    <depenses>
      <depense>
        <datedepense>2021-05-06</datedepense>
        <datepublicationdepense>2021-05-26</datepublicationdepense>
        <montantdepense>0.000000</montantdepense>
        <description>Erreur à la lecture des dates du rapport de consommation. Supplément non requis.</description>
        <nomcontractant>Unifirst Canada Ltee</nomcontractant>
        <neqcontractant>1143993468</neqcontractant>
      </depense>
    </depenses>
  </avis>
  <avis>
    <numeroseao>1171389</numeroseao>
    <numero>24-520P1</numero>
    <depenses>
      <depense>
        <datedepense>2019-11-19</datedepense>
        <datepublicationdepense>2019-12-19</datepublicationdepense>
        <montantdepense>6060.000000</montantdepense>
        <description>SRM028986 - 177 013 680</description>
        <nomcontractant>GR7 Architecture inc.</nomcontractant>
        <neqcontractant>1143500214</neqcontractant>
      </depense>
      <depense>
        <datedepense>2019-12-09</datedepense>
        <datepublicationdepense>2020-01-13</datepublicationdepense>
        <montantdepense>8888.000000</montantdepense>
        <description>SRM029371 Projet : 135A01060</description>
        <nomcontractant>GR7 Architecture inc.</nomcontractant>
        <neqcontractant>1143500214</neqcontractant>
      </depense>
      <depense>
        <datedepense>2020-03-12</datedepense>
        <datepublicationdepense>2020-04-01</datepublicationdepense>
        <montantdepense>44988.170000</montantdepense>
        <description>SRM029878 (303 019 940)</description>
        <nomcontractant>GR7 Architecture inc.</nomcontractant>
        <neqcontractant>1143500214</neqcontractant>
      </depense>
      <depense>
        <datedepense>2020-06-22</datedepense>
        <datepublicationdepense>2020-06-30</datepublicationdepense>
        <montantdepense>45812.670000</montantdepense>
        <description>SRM031556  (111 046 920) </description>
        <nomcontractant>GR7 Architecture inc.</nomcontractant>
        <neqcontractant>1143500214</neqcontractant>
      </depense>
      <depense>
        <datedepense>2020-08-18</datedepense>
        <datepublicationdepense>2020-08-28</datepublicationdepense>
        <montantdepense>87354.220000</montantdepense>
        <description>SRM031748 (199 015 450) Rapport A-33-1543-A Résolution no.16</description>
        <nomcontractant>GR7 Architecture inc.</nomcontractant>
        <neqcontractant>1143500214</neqcontractant>
      </depense>
      <depense>
        <datedepense>2020-08-18</datedepense>
        <datepublicationdepense>2020-09-02</datepublicationdepense>
        <montantdepense>8165.140000</montantdepense>
        <description>SRM031915 (177 013 680)</description>
        <nomcontractant>GR7 Architecture inc.</nomcontractant>
        <neqcontractant>1143500214</neqcontractant>
      </depense>
      <depense>
        <datedepense>2020-09-24</datedepense>
        <datepublicationdepense>2020-10-21</datepublicationdepense>
        <montantdepense>2367.160000</montantdepense>
        <description>SRM033042 (111 046 920) A-33-1543 résolution no.16</description>
        <nomcontractant>GR7 Architecture inc.</nomcontractant>
        <neqcontractant>1143500214</neqcontractant>
      </depense>
      <depense>
        <datedepense>2020-10-29</datedepense>
        <datepublicationdepense>2020-11-12</datepublicationdepense>
        <montantdepense>41173.760000</montantdepense>
        <description>SRM029896 (303 019 940) - Rapport A-33-1564</description>
        <nomcontractant>GR7 Architecture inc.</nomcontractant>
        <neqcontractant>1143500214</neqcontractant>
      </depense>
      <depense>
        <datedepense>2019-12-09</datedepense>
        <datepublicationdepense>2021-01-19</datepublicationdepense>
        <montantdepense>8888.000000</montantdepense>
        <description>SRM029371 - 135 A01 060 - 1er Ajout du BC initial (APP31955)		</description>
        <nomcontractant>GR7 Architecture inc.</nomcontractant>
        <neqcontractant>1143500214</neqcontractant>
      </depense>
      <depense>
        <datedepense>2020-12-07</datedepense>
        <datepublicationdepense>2021-01-19</datepublicationdepense>
        <montantdepense>23382.000000</montantdepense>
        <description>SRM033078 - 135 A01 060 - 2e Ajout au BC initial (APP31955)</description>
        <nomcontractant>GR7 Architecture inc.</nomcontractant>
        <neqcontractant>1143500214</neqcontractant>
      </depense>
      <depense>
        <datedepense>2021-01-06</datedepense>
        <datepublicationdepense>2021-01-29</datepublicationdepense>
        <montantdepense>19889.690000</montantdepense>
        <description>SRM032661 - 135 A01 060 - rapport A-33-1564</description>
        <nomcontractant>GR7 Architecture inc.</nomcontractant>
        <neqcontractant>1143500214</neqcontractant>
      </depense>
      <depense>
        <datedepense>2021-01-26</datedepense>
        <datepublicationdepense>2021-02-24</datepublicationdepense>
        <montantdepense>3550.000000</montantdepense>
        <description>SRM034399 (111 046 920) - Résolution 16 du rapport A-33-1543-A</description>
        <nomcontractant>GR7 Architecture inc.</nomcontractant>
        <neqcontractant>1143500214</neqcontractant>
      </depense>
      <depense>
        <datedepense>2021-02-02</datedepense>
        <datepublicationdepense>2021-02-24</datepublicationdepense>
        <montantdepense>2775.730000</montantdepense>
        <description>SRM034170 (177 013 680)</description>
        <nomcontractant>GR7 Architecture inc.</nomcontractant>
        <neqcontractant>1143500214</neqcontractant>
      </depense>
      <depense>
        <datedepense>2021-03-10</datedepense>
        <datepublicationdepense>2021-03-17</datepublicationdepense>
        <montantdepense>39100.000000</montantdepense>
        <description>SRM034894 (303 019 940) - Rapport A-33-1564</description>
        <nomcontractant>GR7 Architecture inc.</nomcontractant>
        <neqcontractant>1143500214</neqcontractant>
      </depense>
      <depense>
        <datedepense>2021-05-11</datedepense>
        <datepublicationdepense>2021-05-18</datepublicationdepense>
        <montantdepense>123914.000000</montantdepense>
        <description>SRM035514 - (199 015 450) - Rapport A-33-1723-A  résolution 32</description>
        <nomcontractant>GR7 Architecture inc.</nomcontractant>
        <neqcontractant>1143500214</neqcontractant>
      </depense>
    </depenses>
  </avis>
  <avis>
    <numeroseao>1194783</numeroseao>
    <numero>CSF DEN 2018-2021-042</numero>
    <depenses>
      <depense>
        <datedepense>2019-03-15</datedepense>
        <datepublicationdepense>2021-04-28</datepublicationdepense>
        <montantdepense>22302.550000</montantdepense>
        <description>L'année 2018-2019 a été un gros hiver et un surplus de neige accumulé dans les stationnements était problématique.Seul notre déneigeur habituel à pu nous dépanner à sortir de la neige en trop à nos polyvalentes et envoyer cette neige au dépôt à neige.</description>
        <nomcontractant>Location J.S.B</nomcontractant>
        <neqcontractant>2273945602</neqcontractant>
      </depense>
      <depense>
        <datedepense>2019-03-15</datedepense>
        <datepublicationdepense>2021-04-28</datepublicationdepense>
        <montantdepense>3544.800000</montantdepense>
        <description>L'année 2018-2019 a été un gros hiver et un surplus de neige accumulé dans les stationnements était problématique.Seul notre déneigeur habituel à pu nous dépanner à sortir de la neige en trop à notre Centre administratif et envoyer cette neige au dépôt à neige.</description>
        <nomcontractant>Location J.S.B</nomcontractant>
        <neqcontractant>2273945602</neqcontractant>
      </depense>
      <depense>
        <datedepense>2019-03-15</datedepense>
        <datepublicationdepense>2021-04-28</datepublicationdepense>
        <montantdepense>6675.000000</montantdepense>
        <description>L'année 2018-2019 a été un gros hiver et un surplus de neige accumulé dans les stationnements était problématique.Seul notre déneigeur habituel à pu nous dépanner à sortir de la neige en trop à notre Centre de Formation Professionnelle et envoyer cette neige au dépôt à neige.</description>
        <nomcontractant>Location J.S.B</nomcontractant>
        <neqcontractant>2273945602</neqcontractant>
      </depense>
      <depense>
        <datedepense>2019-03-15</datedepense>
        <datepublicationdepense>2021-04-28</datepublicationdepense>
        <montantdepense>2775.000000</montantdepense>
        <description>L'année 2018-2019 a été un gros hiver et un surplus de neige accumulé dans les stationnements était problématique.Seul notre déneigeur habituel à pu nous dépanner à sortir de la neige en trop à nos polyvalentes et envoyer cette neige au dépôt à neige.</description>
        <nomcontractant>Location J.S.B</nomcontractant>
        <neqcontractant>2273945602</neqcontractant>
      </depense>
      <depense>
        <datedepense>2019-03-26</datedepense>
        <datepublicationdepense>2021-04-28</datepublicationdepense>
        <montantdepense>150.000000</montantdepense>
        <description>L'année 2018-2019 a été un gros hiver. Il y a eu une accumulation de glace dans les stationnements et de fort vent qui balayait notre sable mis  par le déneigeur. Nous avons donc demandé à notre déneigeur habituel de revenir mettre du sable, car c'était très dangereux et glissant.</description>
        <nomcontractant>Location J.S.B</nomcontractant>
        <neqcontractant>2273945602</neqcontractant>
      </depense>
    </depenses>
  </avis>
  <avis>
    <numeroseao>1201463</numeroseao>
    <numero>33478400</numero>
    <depenses>
      <depense>
        <datedepense>2021-04-27</datedepense>
        <datepublicationdepense>2021-05-06</datepublicationdepense>
        <montantdepense>13000.000000</montantdepense>
        <description>Les services correctifs sanitaires de désinfection Covid 19 sont ajoutés au contrat </description>
        <nomcontractant>DOLORES HEBERT</nomcontractant>
        <neqcontractant />
      </depense>
    </depenses>
  </avis>
  <avis>
    <numeroseao>1233775</numeroseao>
    <numero>CHUSJ-631</numero>
    <depenses>
      <depense>
        <datedepense>2020-03-02</datedepense>
        <datepublicationdepense>2021-04-28</datepublicationdepense>
        <montantdepense>10695.200000</montantdepense>
        <description>Diverses demandes de changements (DC 02, DC 05, DC 10, DC 11 et GP-07)</description>
        <nomcontractant>Sutera Inc.</nomcontractant>
        <neqcontractant>1167160945</neqcontractant>
      </depense>
      <depense>
        <datedepense>2020-03-24</datedepense>
        <datepublicationdepense>2021-04-28</datepublicationdepense>
        <montantdepense>120651.240000</montantdepense>
        <description>Diverses demandes de changements (DC 01, DC-03, DC-08, DC-09, DC-12, DC-14, DC-16, GP-01, GP-03, GP-05 et modification 26)</description>
        <nomcontractant>Sutera Inc.</nomcontractant>
        <neqcontractant>1167160945</neqcontractant>
      </depense>
      <depense>
        <datedepense>2020-07-20</datedepense>
        <datepublicationdepense>2021-04-28</datepublicationdepense>
        <montantdepense>38384.630000</montantdepense>
        <description>Diverses demandes de changement (DC-23, DC-32, GP-05R01 et GP-08)</description>
        <nomcontractant>Sutera Inc.</nomcontractant>
        <neqcontractant>1167160945</neqcontractant>
      </depense>
      <depense>
        <datedepense>2020-08-31</datedepense>
        <datepublicationdepense>2021-04-28</datepublicationdepense>
        <montantdepense>53761.580000</montantdepense>
        <description>Diverses demandes de changement (DC-06, DC-07, DC-15, DC-17, DC-20, DC-22, DC-25, DC-28, DC-29, DC-30, DC-34 et DC-35, GP-04 et GP-06)</description>
        <nomcontractant>Sutera Inc.</nomcontractant>
        <neqcontractant>1167160945</neqcontractant>
      </depense>
      <depense>
        <datedepense>2020-08-31</datedepense>
        <datepublicationdepense>2021-04-28</datepublicationdepense>
        <montantdepense>101350.420000</montantdepense>
        <description>Diverses demandes de changement (DC-13, DC-41 et DC-47)</description>
        <nomcontractant>Sutera Inc.</nomcontractant>
        <neqcontractant>1167160945</neqcontractant>
      </depense>
      <depense>
        <datedepense>2020-09-11</datedepense>
        <datepublicationdepense>2021-04-28</datepublicationdepense>
        <montantdepense>13247.940000</montantdepense>
        <description>DC-38, DC-40</description>
        <nomcontractant>Sutera Inc.</nomcontractant>
        <neqcontractant>1167160945</neqcontractant>
      </depense>
      <depense>
        <datedepense>2020-09-11</datedepense>
        <datepublicationdepense>2021-04-28</datepublicationdepense>
        <montantdepense>24855.490000</montantdepense>
        <description>DC-27, DC-39</description>
        <nomcontractant>Sutera Inc.</nomcontractant>
        <neqcontractant>1167160945</neqcontractant>
      </depense>
      <depense>
        <datedepense>2020-10-20</datedepense>
        <datepublicationdepense>2021-04-28</datepublicationdepense>
        <montantdepense>3227.010000</montantdepense>
        <description>DC-04R1 (A-21)</description>
        <nomcontractant>Sutera Inc.</nomcontractant>
        <neqcontractant>1167160945</neqcontractant>
      </depense>
      <depense>
        <datedepense>2020-11-05</datedepense>
        <datepublicationdepense>2021-04-28</datepublicationdepense>
        <montantdepense>40686.560000</montantdepense>
        <description>DC-04R1 (M-03R1), DC-21 (M-10), DC-26 (M-14 et DC-29R1 (E-05)</description>
        <nomcontractant>Sutera Inc.</nomcontractant>
        <neqcontractant>1167160945</neqcontractant>
      </depense>
      <depense>
        <datedepense>2020-11-19</datedepense>
        <datepublicationdepense>2021-04-28</datepublicationdepense>
        <montantdepense>63214.560000</montantdepense>
        <description>DC-40R1 (M-20R2) et DC-43 (M-25)</description>
        <nomcontractant>Sutera Inc.</nomcontractant>
        <neqcontractant>1167160945</neqcontractant>
      </depense>
      <depense>
        <datedepense>2020-11-19</datedepense>
        <datepublicationdepense>2021-04-28</datepublicationdepense>
        <montantdepense>8130.710000</montantdepense>
        <description>DC-45 (M-16), DC-53 (M-30R1) et GP-10</description>
        <nomcontractant>Sutera Inc.</nomcontractant>
        <neqcontractant>1167160945</neqcontractant>
      </depense>
      <depense>
        <datedepense>2020-12-08</datedepense>
        <datepublicationdepense>2021-04-28</datepublicationdepense>
        <montantdepense>59048.320000</montantdepense>
        <description>DC-37 (M-22), DC-42 (A-19), DC-46 (A-20), DC-52 (M-28), DC-55 (A-27), Modification 79, GP-05 R1 et GP-12</description>
        <nomcontractant>Sutera Inc.</nomcontractant>
        <neqcontractant>1167160945</neqcontractant>
      </depense>
      <depense>
        <datedepense>2021-03-18</datedepense>
        <datepublicationdepense>2021-04-28</datepublicationdepense>
        <montantdepense>29638.030000</montantdepense>
        <description>DC-30 (A-14), DC-67 (M-37) et GP-06</description>
        <nomcontractant>Sutera Inc.</nomcontractant>
        <neqcontractant>1167160945</neqcontractant>
      </depense>
      <depense>
        <datedepense>2021-03-15</datedepense>
        <datepublicationdepense>2021-04-28</datepublicationdepense>
        <montantdepense>38280.890000</montantdepense>
        <description>DC-18 (E-01), DC-19 (A-11), DC-44 (M-26), DC-50 (A23), DC-53(M-30R1), DC-57 (A-26), DC-62 (E-09 et E-10), DC-65 (A-28), GP-02, GP-09 et MOD. 106</description>
        <nomcontractant>Sutera Inc.</nomcontractant>
        <neqcontractant>1167160945</neqcontractant>
      </depense>
      <depense>
        <datedepense>2021-03-15</datedepense>
        <datepublicationdepense>2021-04-28</datepublicationdepense>
        <montantdepense>32402.000000</montantdepense>
        <description>DC31R1 (A-15R1), DC-58 (M-29) et GP-13</description>
        <nomcontractant>Sutera Inc.</nomcontractant>
        <neqcontractant>1167160945</neqcontractant>
      </depense>
      <depense>
        <datedepense>2021-02-22</datedepense>
        <datepublicationdepense>2021-04-28</datepublicationdepense>
        <montantdepense>16509.170000</montantdepense>
        <description>GP-16-Pause Covid 19</description>
        <nomcontractant>Sutera Inc.</nomcontractant>
        <neqcontractant>1167160945</neqcontractant>
      </depense>
      <depense>
        <datedepense>2021-04-14</datedepense>
        <datepublicationdepense>2021-04-28</datepublicationdepense>
        <montantdepense>23250.160000</montantdepense>
        <description>DC40 (M-20R2), DC-60 (M-32), DC-61 (M-33), DC-64 (M-34), DC-69 (E-11 et E-12) et mod. 93</description>
        <nomcontractant>Sutera Inc.</nomcontractant>
        <neqcontractant>1167160945</neqcontractant>
      </depense>
      <depense>
        <datedepense>2021-04-26</datedepense>
        <datepublicationdepense>2021-05-07</datepublicationdepense>
        <montantdepense>81472.990000</montantdepense>
        <description>DC-24 (E-03), DC-36 (E-02), DC-51 (A-24), DC-63 (M-35), DC-66R1 (M-36R1), DC-67 (M-37), DC-68 (A-29), DC-69 (M-38), DC-72 (A-31), DC-73 (M-40), DC-77 (M-42), GP-17 et Mod. 100</description>
        <nomcontractant>Sutera Inc.</nomcontractant>
        <neqcontractant>1167160945</neqcontractant>
      </depense>
      <depense>
        <datedepense>2021-05-12</datedepense>
        <datepublicationdepense>2021-05-28</datepublicationdepense>
        <montantdepense>13902.340000</montantdepense>
        <description>DC-56 (E-08) et DC-61 (en lien avec M-33)</description>
        <nomcontractant>Sutera Inc.</nomcontractant>
        <neqcontractant>1167160945</neqcontractant>
      </depense>
    </depenses>
  </avis>
  <avis>
    <numeroseao>1238847</numeroseao>
    <numero>25-2616P</numero>
    <depenses>
      <depense>
        <datedepense>2020-03-04</datedepense>
        <datepublicationdepense>2020-03-11</datepublicationdepense>
        <montantdepense>1220821.280000</montantdepense>
        <description>SRM030198 - 032 023 830 - A-33-1486-A - réso 26 séance ordinaire 14 janvier 2020</description>
        <nomcontractant>ARTI CONSTRUCTION INC.</nomcontractant>
        <neqcontractant>1166196585</neqcontractant>
      </depense>
      <depense>
        <datedepense>2020-12-10</datedepense>
        <datepublicationdepense>2020-12-16</datepublicationdepense>
        <montantdepense>86811.540000</montantdepense>
        <description>SRM034100 - 032 023 830 - A-33-1486-A rés 26</description>
        <nomcontractant>ARTI CONSTRUCTION INC.</nomcontractant>
        <neqcontractant>1166196585</neqcontractant>
      </depense>
      <depense>
        <datedepense>2021-05-04</datedepense>
        <datepublicationdepense>2021-05-21</datepublicationdepense>
        <montantdepense>36389.800000</montantdepense>
        <description>ODC 21 - SRM035466 - Résolution 26. A-33-1486</description>
        <nomcontractant>ARTI CONSTRUCTION INC.</nomcontractant>
        <neqcontractant>1166196585</neqcontractant>
      </depense>
      <depense>
        <datedepense>2021-05-04</datedepense>
        <datepublicationdepense>2021-05-21</datepublicationdepense>
        <montantdepense>0.000000</montantdepense>
        <description>ODC 21 - SRM035466 - Résolution 26. A-33-1486 20 janvier 2020-dépense annulée doublon</description>
        <nomcontractant>ARTI CONSTRUCTION INC.</nomcontractant>
        <neqcontractant>1166196585</neqcontractant>
      </depense>
    </depenses>
  </avis>
  <avis>
    <numeroseao>1241618</numeroseao>
    <numero>20190225-01</numero>
    <depenses>
      <depense>
        <datedepense>2019-10-10</datedepense>
        <datepublicationdepense>2021-05-21</datepublicationdepense>
        <montantdepense>17427.230000</montantdepense>
        <description>Travaux d'architecture et travaux mécaniques</description>
        <nomcontractant>Lévis Construction</nomcontractant>
        <neqcontractant>1140477598</neqcontractant>
      </depense>
      <depense>
        <datedepense>2020-03-31</datedepense>
        <datepublicationdepense>2021-05-21</datepublicationdepense>
        <montantdepense>6486.820000</montantdepense>
        <description>Travaux installation ascenseur</description>
        <nomcontractant>Lévis Construction</nomcontractant>
        <neqcontractant>1140477598</neqcontractant>
      </depense>
    </depenses>
  </avis>
  <avis>
    <numeroseao>1242945</numeroseao>
    <numero>183600013</numero>
    <depenses>
      <depense>
        <datedepense>2019-08-30</datedepense>
        <datepublicationdepense>2021-05-06</datepublicationdepense>
        <montantdepense>824.250000</montantdepense>
        <description>annulation travaux secteur administration et gymnase, ajout de cloison de gypse au dessus mur de bloc - </description>
        <nomcontractant>Construction GCP Inc.</nomcontractant>
        <neqcontractant>1143366657</neqcontractant>
      </depense>
      <depense>
        <datedepense>2019-12-16</datedepense>
        <datepublicationdepense>2021-05-06</datepublicationdepense>
        <montantdepense>2924.210000</montantdepense>
        <description>modification retombé, ajout retenu latéral rangement gymnase, déplacement conduit , annulation travaux secteur administration </description>
        <nomcontractant>Construction GCP Inc.</nomcontractant>
        <neqcontractant>1143366657</neqcontractant>
      </depense>
    </depenses>
  </avis>
  <avis>
    <numeroseao>1245203</numeroseao>
    <numero>183600015</numero>
    <depenses>
      <depense>
        <datedepense>2019-09-25</datedepense>
        <datepublicationdepense>2021-05-06</datepublicationdepense>
        <montantdepense>0.000000</montantdepense>
        <description>crédit pour sceau ingénieur mur rideau - crédit 1 500,00 $</description>
        <nomcontractant>B. Frégeau &amp; Fils Inc</nomcontractant>
        <neqcontractant>1144350247</neqcontractant>
      </depense>
      <depense>
        <datedepense>2019-09-25</datedepense>
        <datepublicationdepense>2021-05-06</datepublicationdepense>
        <montantdepense>1034.000000</montantdepense>
        <description>nouvelle enseigne débarcadère</description>
        <nomcontractant>B. Frégeau &amp; Fils Inc</nomcontractant>
        <neqcontractant>1144350247</neqcontractant>
      </depense>
      <depense>
        <datedepense>2019-09-25</datedepense>
        <datepublicationdepense>2021-05-06</datepublicationdepense>
        <montantdepense>1840.120000</montantdepense>
        <description>crédit pour diamètre différant du conduit : 466,00 $, épaisseur de l'asphalte de la cour 100 mm au lieu de 50 mm - 2 306,15 $</description>
        <nomcontractant>B. Frégeau &amp; Fils Inc</nomcontractant>
        <neqcontractant>1144350247</neqcontractant>
      </depense>
      <depense>
        <datedepense>2020-05-08</datedepense>
        <datepublicationdepense>2021-05-06</datepublicationdepense>
        <montantdepense>346.460000</montantdepense>
        <description>joint entre bâtiment et nouveau perron </description>
        <nomcontractant>B. Frégeau &amp; Fils Inc</nomcontractant>
        <neqcontractant>1144350247</neqcontractant>
      </depense>
      <depense>
        <datedepense>2020-03-11</datedepense>
        <datepublicationdepense>2021-05-06</datepublicationdepense>
        <montantdepense>0.000000</montantdepense>
        <description>Contrôle d'accès  crédit : 1 914.77 $</description>
        <nomcontractant>B. Frégeau &amp; Fils Inc</nomcontractant>
        <neqcontractant>1144350247</neqcontractant>
      </depense>
      <depense>
        <datedepense>2020-05-08</datedepense>
        <datepublicationdepense>2021-05-06</datepublicationdepense>
        <montantdepense>0.000000</montantdepense>
        <description>crédit pour modification architectural : 636,89 $</description>
        <nomcontractant>B. Frégeau &amp; Fils Inc</nomcontractant>
        <neqcontractant>1144350247</neqcontractant>
      </depense>
    </depenses>
  </avis>
  <avis>
    <numeroseao>1248001</numeroseao>
    <numero>2018-2306a</numero>
    <depenses>
      <depense>
        <datedepense>2019-12-05</datedepense>
        <datepublicationdepense>2019-12-13</datepublicationdepense>
        <montantdepense>71601.390000</montantdepense>
        <description>Ajustement des honoraires en fonction de l'estimation préliminaire des travaux de construction</description>
        <nomcontractant>St-Pierre Architecture inc.</nomcontractant>
        <neqcontractant>1172351760</neqcontractant>
      </depense>
      <depense>
        <datedepense>2020-06-15</datedepense>
        <datepublicationdepense>2020-09-01</datepublicationdepense>
        <montantdepense>0.000000</montantdepense>
        <description>C'est une Annexe 2 art. 16 qui demande une autorisation pour un contrat de services qui comporte une dépense de 25 000$ et plus. Ce n'est pas une modification au contrat qui occasionne une dépense supplémentaire comme l'Annexe 2 art. 17</description>
        <nomcontractant>St-Pierre Architecture inc.</nomcontractant>
        <neqcontractant>1172351760</neqcontractant>
      </depense>
      <depense>
        <datedepense>2020-08-31</datedepense>
        <datepublicationdepense>2020-09-01</datepublicationdepense>
        <montantdepense>3187.960000</montantdepense>
        <description>Ajustement des honoraires afin de modifier l'aménagement intérieur afin de respecter la distanciation sociale</description>
        <nomcontractant>St-Pierre Architecture inc.</nomcontractant>
        <neqcontractant>1172351760</neqcontractant>
      </depense>
    </depenses>
  </avis>
  <avis>
    <numeroseao>1253229</numeroseao>
    <numero>2019CNT006</numero>
    <depenses>
      <depense>
        <datedepense>2020-01-08</datedepense>
        <datepublicationdepense>2020-01-08</datepublicationdepense>
        <montantdepense>10493.310000</montantdepense>
        <description>ODC 1 a 10 </description>
        <nomcontractant>Lévesque et Associées Construction Inc.</nomcontractant>
        <neqcontractant>1149139215</neqcontractant>
      </depense>
      <depense>
        <datedepense>2020-02-26</datedepense>
        <datepublicationdepense>2020-02-26</datepublicationdepense>
        <montantdepense>28721.750000</montantdepense>
        <description>ODC 11 A 14 </description>
        <nomcontractant>Lévesque et Associées Construction Inc.</nomcontractant>
        <neqcontractant>1149139215</neqcontractant>
      </depense>
      <depense>
        <datedepense>2020-10-08</datedepense>
        <datepublicationdepense>2020-10-08</datepublicationdepense>
        <montantdepense>1651.630000</montantdepense>
        <description>ODC-15</description>
        <nomcontractant>Lévesque et Associées Construction Inc.</nomcontractant>
        <neqcontractant>1149139215</neqcontractant>
      </depense>
      <depense>
        <datedepense>2020-11-18</datedepense>
        <datepublicationdepense>2020-11-18</datepublicationdepense>
        <montantdepense>45976.120000</montantdepense>
        <description>ODC 16 a 23</description>
        <nomcontractant>Lévesque et Associées Construction Inc.</nomcontractant>
        <neqcontractant>1149139215</neqcontractant>
      </depense>
      <depense>
        <datedepense>2021-01-18</datedepense>
        <datepublicationdepense>2021-01-18</datepublicationdepense>
        <montantdepense>65237.270000</montantdepense>
        <description>ODC 24 a 32</description>
        <nomcontractant>Lévesque et Associées Construction Inc.</nomcontractant>
        <neqcontractant>1149139215</neqcontractant>
      </depense>
    </depenses>
  </avis>
  <avis>
    <numeroseao>1257176</numeroseao>
    <numero>CGER 18 690144</numero>
    <depenses>
      <depense>
        <datedepense>2021-04-29</datedepense>
        <datepublicationdepense>2021-05-26</datepublicationdepense>
        <montantdepense>0.000000</montantdepense>
        <description>La dépense supp indiquée pour ce contrat est une erreur. La dépense doit être placée sur le contrat CGER 18 690058. (Pare-brise)</description>
        <nomcontractant>Lubrifiants Petro Canada Inc</nomcontractant>
        <neqcontractant>1172531718</neqcontractant>
      </depense>
    </depenses>
  </avis>
  <avis>
    <numeroseao>1260594</numeroseao>
    <numero>25-2695P</numero>
    <depenses>
      <depense>
        <datedepense>2021-05-11</datedepense>
        <datepublicationdepense>2021-05-13</datepublicationdepense>
        <montantdepense>1289870.550000</montantdepense>
        <description> SRM035531 - 235 000 860 - Rapport  A-33-1464A -  résolution 19</description>
        <nomcontractant>Edilbec Construction inc.</nomcontractant>
        <neqcontractant>1143661172</neqcontractant>
      </depense>
    </depenses>
  </avis>
  <avis>
    <numeroseao>1266549</numeroseao>
    <numero>MB-17-18-78</numero>
    <depenses>
      <depense>
        <datedepense>2020-10-02</datedepense>
        <datepublicationdepense>2020-10-02</datepublicationdepense>
        <montantdepense>11385.000000</montantdepense>
        <description>Ajustement de la passerelle aux conditions existantes à la PDM, Modifications de fixation au béton coulé par des fixations sur bloc de maçonnerie et ancrages pour échelle modifiée à ANM</description>
        <nomcontractant>Toitures V. Perreault</nomcontractant>
        <neqcontractant>1167778902</neqcontractant>
      </depense>
      <depense>
        <datedepense>2020-10-02</datedepense>
        <datepublicationdepense>2020-10-02</datepublicationdepense>
        <montantdepense>18982.660000</montantdepense>
        <description>Prolongement des supports pour atteindre les dalles de béton. Ajout de contreventement aux supports étant donné l'augmentation de la hauteur des éléments à ESCM</description>
        <nomcontractant>Toitures V. Perreault</nomcontractant>
        <neqcontractant>1167778902</neqcontractant>
      </depense>
      <depense>
        <datedepense>2021-04-30</datedepense>
        <datepublicationdepense>2021-05-03</datepublicationdepense>
        <montantdepense>1707.750000</montantdepense>
        <description>Différence entre l'oDC 1 et l'ODC 1 rev</description>
        <nomcontractant>Toitures V. Perreault</nomcontractant>
        <neqcontractant>1167778902</neqcontractant>
      </depense>
      <depense>
        <datedepense>2021-04-30</datedepense>
        <datepublicationdepense>2021-05-03</datepublicationdepense>
        <montantdepense>2847.400000</montantdepense>
        <description>Différence entre l'ODC 2 et l'ODC 2 rev</description>
        <nomcontractant>Toitures V. Perreault</nomcontractant>
        <neqcontractant>1167778902</neqcontractant>
      </depense>
    </depenses>
  </avis>
  <avis>
    <numeroseao>1270278</numeroseao>
    <numero>IS505</numero>
    <depenses>
      <depense>
        <datedepense>2018-10-05</datedepense>
        <datepublicationdepense>2019-05-21</datepublicationdepense>
        <montantdepense>28352.950000</montantdepense>
        <description>Honoraires professionnels supplémentaires </description>
        <nomcontractant>Ædifica Architecture + Design</nomcontractant>
        <neqcontractant>1148160998</neqcontractant>
      </depense>
      <depense>
        <datedepense>2019-05-06</datedepense>
        <datepublicationdepense>2019-05-21</datepublicationdepense>
        <montantdepense>9844.000000</montantdepense>
        <description>Honoraires professionnels supplémentaires </description>
        <nomcontractant>Ædifica Architecture + Design</nomcontractant>
        <neqcontractant>1148160998</neqcontractant>
      </depense>
      <depense>
        <datedepense>2021-04-23</datedepense>
        <datepublicationdepense>2021-05-26</datepublicationdepense>
        <montantdepense>2690.850000</montantdepense>
        <description>Rehaussement au mandat</description>
        <nomcontractant>Ædifica Architecture + Design</nomcontractant>
        <neqcontractant>1148160998</neqcontractant>
      </depense>
    </depenses>
  </avis>
  <avis>
    <numeroseao>1281771</numeroseao>
    <numero>BR7478</numero>
    <depenses>
      <depense>
        <datedepense>2019-08-16</datedepense>
        <datepublicationdepense>2019-08-21</datepublicationdepense>
        <montantdepense>15410.000000</montantdepense>
        <description>Ajout d'heures de location de la niveleuse incluant l'opérateur pour l'entretien de la route dû au retard des travaux de rechargement.</description>
        <nomcontractant>Proulx &amp; Genesse inc.</nomcontractant>
        <neqcontractant>1169422467</neqcontractant>
      </depense>
      <depense>
        <datedepense>2021-04-22</datedepense>
        <datepublicationdepense>2021-05-06</datepublicationdepense>
        <montantdepense>13462.290000</montantdepense>
        <description>Travaux additionnels réalisés du 26 au 30 septembre 2019.</description>
        <nomcontractant>Proulx &amp; Genesse inc.</nomcontractant>
        <neqcontractant>1169422467</neqcontractant>
      </depense>
    </depenses>
  </avis>
  <avis>
    <numeroseao>1294199</numeroseao>
    <numero>BAnQ 2019-06 CT-2019-4485</numero>
    <depenses>
      <depense>
        <datedepense>2021-05-03</datedepense>
        <datepublicationdepense>2021-05-05</datepublicationdepense>
        <montantdepense>136955.000000</montantdepense>
        <description>Des travaux supplémentaires pour devenir une agence ISNI, pour analyse et développement SQLA, pour besoins en RH et pour évaluation SEO/Analytics.</description>
        <nomcontractant>Cofomo inc.</nomcontractant>
        <neqcontractant>1142126664</neqcontractant>
      </depense>
    </depenses>
  </avis>
  <avis>
    <numeroseao>1299894</numeroseao>
    <numero>QC-RAMQ-20190272-A</numero>
    <depenses>
      <depense>
        <datedepense>2021-04-19</datedepense>
        <datepublicationdepense>2021-05-19</datepublicationdepense>
        <montantdepense>116250.000000</montantdepense>
        <description>Dépenses supplémentaires de 116 250 $ requises et report de la date de fin du contrat au 15 novembre 2021 afin d'assurer la continuite des services.</description>
        <nomcontractant>Société Conseil Groupe LGS</nomcontractant>
        <neqcontractant>1142691709</neqcontractant>
      </depense>
    </depenses>
  </avis>
  <avis>
    <numeroseao>1312222</numeroseao>
    <numero>242944</numero>
    <depenses>
      <depense>
        <datedepense>2021-04-28</datedepense>
        <datepublicationdepense>2021-05-07</datepublicationdepense>
        <montantdepense>0.000000</montantdepense>
        <description>Dépense inférieure à 10% du montant du contrat</description>
        <nomcontractant>MCEConseils</nomcontractant>
        <neqcontractant>1142426130</neqcontractant>
      </depense>
    </depenses>
  </avis>
  <avis>
    <numeroseao>1314421</numeroseao>
    <numero>44513991</numero>
    <depenses>
      <depense>
        <datedepense>2021-01-14</datedepense>
        <datepublicationdepense>2021-05-07</datepublicationdepense>
        <montantdepense>52196.670000</montantdepense>
        <description>Modifier le contrat intervenu entre elles afin de reporter à MARS 2020 LA DATE DE DÉBUT DES TRAVAUX</description>
        <nomcontractant>TEM Entrepreneur général</nomcontractant>
        <neqcontractant>1148657373</neqcontractant>
      </depense>
      <depense>
        <datedepense>2021-01-14</datedepense>
        <datepublicationdepense>2021-05-07</datepublicationdepense>
        <montantdepense>0.000000</montantdepense>
        <description>Saisie en double</description>
        <nomcontractant>TEM Entrepreneur général</nomcontractant>
        <neqcontractant>1148657373</neqcontractant>
      </depense>
    </depenses>
  </avis>
  <avis>
    <numeroseao>1318225</numeroseao>
    <numero>SRM028226</numero>
    <depenses>
      <depense>
        <datedepense>2020-06-01</datedepense>
        <datepublicationdepense>2020-06-19</datepublicationdepense>
        <montantdepense>33678.000000</montantdepense>
        <description>SRM030880 (199 015 450)</description>
        <nomcontractant>François Goulet Enr.</nomcontractant>
        <neqcontractant>2240902603</neqcontractant>
      </depense>
      <depense>
        <datedepense>2020-08-18</datedepense>
        <datepublicationdepense>2020-08-19</datepublicationdepense>
        <montantdepense>0.000000</montantdepense>
        <description>publier par erreur</description>
        <nomcontractant>François Goulet Enr.</nomcontractant>
        <neqcontractant>2240902603</neqcontractant>
      </depense>
      <depense>
        <datedepense>2021-05-11</datedepense>
        <datepublicationdepense>2021-05-18</datepublicationdepense>
        <montantdepense>63019.500000</montantdepense>
        <description>SRM035489 - (199 015 450) - Rapport A-33-1723-A  résolution 32</description>
        <nomcontractant>François Goulet Enr.</nomcontractant>
        <neqcontractant>2240902603</neqcontractant>
      </depense>
    </depenses>
  </avis>
  <avis>
    <numeroseao>1320550</numeroseao>
    <numero>2018-2513a</numero>
    <depenses>
      <depense>
        <datedepense>2020-06-17</datedepense>
        <datepublicationdepense>2020-07-09</datepublicationdepense>
        <montantdepense>0.000000</montantdepense>
        <description>C'est une Annexe 2 art. 16 qui demande une autorisation pour un contrat de services qui comporte une dépense de 25 000$ et plus. Ce n'est pas une modification au contrat qui occasionne une dépense supplémentaire comme l'Annexe 2 art. 17</description>
        <nomcontractant>Delort et Brochu, architectes sencrl</nomcontractant>
        <neqcontractant>3366705708</neqcontractant>
      </depense>
    </depenses>
  </avis>
  <avis>
    <numeroseao>1324817</numeroseao>
    <numero>2019-1290 ( DST-2019-123)</numero>
    <depenses>
      <depense>
        <datedepense>2021-05-28</datedepense>
        <datepublicationdepense>2021-05-28</datepublicationdepense>
        <montantdepense>61758.270000</montantdepense>
        <description>ODC 1 à 9 modification des travaux sur la toitures et autres</description>
        <nomcontractant>Boytech Démo. inc.</nomcontractant>
        <neqcontractant>1160695293</neqcontractant>
      </depense>
      <depense>
        <datedepense>2021-05-26</datedepense>
        <datepublicationdepense>2021-05-28</datepublicationdepense>
        <montantdepense>32708.910000</montantdepense>
        <description>ODC 19 et 20 travaux d'électricité</description>
        <nomcontractant>Boytech Démo. inc.</nomcontractant>
        <neqcontractant>1160695293</neqcontractant>
      </depense>
      <depense>
        <datedepense>2021-05-12</datedepense>
        <datepublicationdepense>2021-05-28</datepublicationdepense>
        <montantdepense>59129.040000</montantdepense>
        <description>ODC 10 à 18  remplacement de luminaire, modification des conduits..etc</description>
        <nomcontractant>Boytech Démo. inc.</nomcontractant>
        <neqcontractant>1160695293</neqcontractant>
      </depense>
    </depenses>
  </avis>
  <avis>
    <numeroseao>1327150</numeroseao>
    <numero>AOP20191118FM-SRM-MR-IAF</numero>
    <depenses>
      <depense>
        <datedepense>2021-05-11</datedepense>
        <datepublicationdepense>2021-05-12</datepublicationdepense>
        <montantdepense>25544.380000</montantdepense>
        <description>-	Vérification du sens de rotation des phases des réseaux normal et urgence  -	Enlever les cadres au plancher des drains trouvés en dessous de la plateforme en bois de la salle électrique -	Enlèvement du crépi cimentaire contenant de l’amiante -	Réparation fenêtre, isolant, chauffage  -	</description>
        <nomcontractant>Quantum Électrique inc.</nomcontractant>
        <neqcontractant>1172558943</neqcontractant>
      </depense>
    </depenses>
  </avis>
  <avis>
    <numeroseao>1327956</numeroseao>
    <numero>17-052</numero>
    <depenses>
      <depense>
        <datedepense>2020-11-19</datedepense>
        <datepublicationdepense>2020-11-20</datepublicationdepense>
        <montantdepense>30856.500000</montantdepense>
        <description>ODC-08</description>
        <nomcontractant>Tro-Chaînes Inc.</nomcontractant>
        <neqcontractant>1167620021</neqcontractant>
      </depense>
      <depense>
        <datedepense>2021-01-26</datedepense>
        <datepublicationdepense>2021-01-27</datepublicationdepense>
        <montantdepense>13557.040000</montantdepense>
        <description>ODC-09</description>
        <nomcontractant>Tro-Chaînes Inc.</nomcontractant>
        <neqcontractant>1167620021</neqcontractant>
      </depense>
      <depense>
        <datedepense>2021-01-26</datedepense>
        <datepublicationdepense>2021-01-27</datepublicationdepense>
        <montantdepense>16997.630000</montantdepense>
        <description>ODC-10</description>
        <nomcontractant>Tro-Chaînes Inc.</nomcontractant>
        <neqcontractant>1167620021</neqcontractant>
      </depense>
      <depense>
        <datedepense>2021-02-03</datedepense>
        <datepublicationdepense>2021-02-22</datepublicationdepense>
        <montantdepense>21869.490000</montantdepense>
        <description>ODC-12</description>
        <nomcontractant>Tro-Chaînes Inc.</nomcontractant>
        <neqcontractant>1167620021</neqcontractant>
      </depense>
      <depense>
        <datedepense>2021-02-12</datedepense>
        <datepublicationdepense>2021-03-17</datepublicationdepense>
        <montantdepense>16733.380000</montantdepense>
        <description>ODC-11</description>
        <nomcontractant>Tro-Chaînes Inc.</nomcontractant>
        <neqcontractant>1167620021</neqcontractant>
      </depense>
      <depense>
        <datedepense>2021-04-26</datedepense>
        <datepublicationdepense>2021-05-05</datepublicationdepense>
        <montantdepense>31019.550000</montantdepense>
        <description>ODC-13</description>
        <nomcontractant>Tro-Chaînes Inc.</nomcontractant>
        <neqcontractant>1167620021</neqcontractant>
      </depense>
      <depense>
        <datedepense>2021-04-26</datedepense>
        <datepublicationdepense>2021-05-05</datepublicationdepense>
        <montantdepense>22500.390000</montantdepense>
        <description>ODC-14</description>
        <nomcontractant>Tro-Chaînes Inc.</nomcontractant>
        <neqcontractant>1167620021</neqcontractant>
      </depense>
      <depense>
        <datedepense>2021-05-17</datedepense>
        <datepublicationdepense>2021-05-17</datepublicationdepense>
        <montantdepense>2100.940000</montantdepense>
        <description>ODC-15</description>
        <nomcontractant>Tro-Chaînes Inc.</nomcontractant>
        <neqcontractant>1167620021</neqcontractant>
      </depense>
    </depenses>
  </avis>
  <avis>
    <numeroseao>1332472</numeroseao>
    <numero>619092-200107</numero>
    <depenses>
      <depense>
        <datedepense>2020-09-30</datedepense>
        <datepublicationdepense>2021-04-06</datepublicationdepense>
        <montantdepense>16069.010000</montantdepense>
        <description>IMPRÉVUS DE CHANTIER PLOMBERIE</description>
        <nomcontractant>Marcel Charest et Fils Inc</nomcontractant>
        <neqcontractant>1142157040</neqcontractant>
      </depense>
      <depense>
        <datedepense>2020-10-31</datedepense>
        <datepublicationdepense>2021-04-06</datepublicationdepense>
        <montantdepense>62343.710000</montantdepense>
        <description>ODC 2 Ajouts de montants suite à l'inspection renforts des solives et poutrelles de plancher</description>
        <nomcontractant>Marcel Charest et Fils Inc</nomcontractant>
        <neqcontractant>1142157040</neqcontractant>
      </depense>
      <depense>
        <datedepense>2020-11-30</datedepense>
        <datepublicationdepense>2021-04-06</datepublicationdepense>
        <montantdepense>3376.760000</montantdepense>
        <description>ODC 3 ajout de mobilier intégré</description>
        <nomcontractant>Marcel Charest et Fils Inc</nomcontractant>
        <neqcontractant>1142157040</neqcontractant>
      </depense>
      <depense>
        <datedepense>2021-01-28</datedepense>
        <datepublicationdepense>2021-04-06</datepublicationdepense>
        <montantdepense>8358.630000</montantdepense>
        <description>ODC 4 correctifs en ventilation, plomberie et renfort de structure</description>
        <nomcontractant>Marcel Charest et Fils Inc</nomcontractant>
        <neqcontractant>1142157040</neqcontractant>
      </depense>
      <depense>
        <datedepense>2021-02-26</datedepense>
        <datepublicationdepense>2021-04-06</datepublicationdepense>
        <montantdepense>149.970000</montantdepense>
        <description>ODC 5 Ajouts de coins protecteurs dans la salle commune</description>
        <nomcontractant>Marcel Charest et Fils Inc</nomcontractant>
        <neqcontractant>1142157040</neqcontractant>
      </depense>
    </depenses>
  </avis>
  <avis>
    <numeroseao>1333395</numeroseao>
    <numero>1909EG</numero>
    <depenses>
      <depense>
        <datedepense>2021-03-10</datedepense>
        <datepublicationdepense>2021-03-24</datepublicationdepense>
        <montantdepense>20693.010000</montantdepense>
        <description>AM-01 : crédit pour annulation du la modernisation du système de contrôle d'accès</description>
        <nomcontractant>Immobilier Belmon inc. (Belmon Construction)</nomcontractant>
        <neqcontractant>1166752940</neqcontractant>
      </depense>
      <depense>
        <datedepense>2021-02-19</datedepense>
        <datepublicationdepense>2021-03-24</datepublicationdepense>
        <montantdepense>14310.160000</montantdepense>
        <description>AM-02 : E-02 Rév1: Ajout de travaux de démantèlement et relocalisation à l'étage, E-03 Rév1 : Modification du système de détection du monoxyde de carbone CO</description>
        <nomcontractant>Immobilier Belmon inc. (Belmon Construction)</nomcontractant>
        <neqcontractant>1166752940</neqcontractant>
      </depense>
      <depense>
        <datedepense>2021-02-23</datedepense>
        <datepublicationdepense>2021-03-24</datepublicationdepense>
        <montantdepense>8539.010000</montantdepense>
        <description>AM-03: DIR-A-08: Modification de la hauteur des comptoirs de toutes les salles de classe à 32 pouces, DIR-A-15 : revêtement de plancher de la cuisine #102 et du bureau #104</description>
        <nomcontractant>Immobilier Belmon inc. (Belmon Construction)</nomcontractant>
        <neqcontractant>1166752940</neqcontractant>
      </depense>
      <depense>
        <datedepense>2021-02-23</datedepense>
        <datepublicationdepense>2021-03-24</datepublicationdepense>
        <montantdepense>1740.480000</montantdepense>
        <description>AM-04: E-06 : Crédit pour annulation des travaux concernant les conduits vides pour les caméras de sécurité intérieures et extérieures</description>
        <nomcontractant>Immobilier Belmon inc. (Belmon Construction)</nomcontractant>
        <neqcontractant>1166752940</neqcontractant>
      </depense>
      <depense>
        <datedepense>2021-02-24</datedepense>
        <datepublicationdepense>2021-03-24</datepublicationdepense>
        <montantdepense>3377.790000</montantdepense>
        <description>AM-09 : DIR-A-03: Modification de l'aménagement des toilettes homme #6 et #19, DIR -04 rév1 : Remplacement de la nouvelle porte de garage P37 du dépôt du gymnase par une porte double</description>
        <nomcontractant>Immobilier Belmon inc. (Belmon Construction)</nomcontractant>
        <neqcontractant>1166752940</neqcontractant>
      </depense>
      <depense>
        <datedepense>2021-02-23</datedepense>
        <datepublicationdepense>2021-03-24</datepublicationdepense>
        <montantdepense>1458.970000</montantdepense>
        <description>AM-10, M07 : Refaire 4 nouveau syphon des 4 blocs sanitaires principaux</description>
        <nomcontractant>Immobilier Belmon inc. (Belmon Construction)</nomcontractant>
        <neqcontractant>1166752940</neqcontractant>
      </depense>
      <depense>
        <datedepense>2021-04-09</datedepense>
        <datepublicationdepense>2021-04-14</datepublicationdepense>
        <montantdepense>7955.650000</montantdepense>
        <description>AM-08rev1 : E-01erv1 : Déplacer les boites de sortie des toilettes hommes #6 et #19, E-04rev1 : Divers travaux de démantèlement et de branchement et ajout de  plinthes à l'étage, E-05 : Travaux de démolition et de raccordement en éclairage extérieur</description>
        <nomcontractant>Immobilier Belmon inc. (Belmon Construction)</nomcontractant>
        <neqcontractant>1166752940</neqcontractant>
      </depense>
      <depense>
        <datedepense>2021-04-06</datedepense>
        <datepublicationdepense>2021-04-14</datepublicationdepense>
        <montantdepense>2317.230000</montantdepense>
        <description>AM-11 : M-04: Collecteur sanitaire du vide technique diamètre de 4'' au lieu de 5'' pou se brancher au collecteur principal du corridor</description>
        <nomcontractant>Immobilier Belmon inc. (Belmon Construction)</nomcontractant>
        <neqcontractant>1166752940</neqcontractant>
      </depense>
      <depense>
        <datedepense>2021-04-19</datedepense>
        <datepublicationdepense>2021-05-04</datepublicationdepense>
        <montantdepense>2990.080000</montantdepense>
        <description>AM-07 rév1 : Dir A05 : Divers travaux à l'étage et modification du soufflage locale 38B, Dir A07 : Modification des pictogrammes des toilettes, DirA18 : Ajout de structure de basketball </description>
        <nomcontractant>Immobilier Belmon inc. (Belmon Construction)</nomcontractant>
        <neqcontractant>1166752940</neqcontractant>
      </depense>
      <depense>
        <datedepense>2021-05-21</datedepense>
        <datepublicationdepense>2021-05-04</datepublicationdepense>
        <montantdepense>2646.690000</montantdepense>
        <description>AM-12 : Dir A-10 : Ajout de temps de main d'œuvre pour la démolition de treillis métallique dans les chapes de béton des salle de toilettes</description>
        <nomcontractant>Immobilier Belmon inc. (Belmon Construction)</nomcontractant>
        <neqcontractant>1166752940</neqcontractant>
      </depense>
      <depense>
        <datedepense>2021-04-19</datedepense>
        <datepublicationdepense>2021-05-04</datepublicationdepense>
        <montantdepense>407.980000</montantdepense>
        <description>AM-15 : Dir-S-02 : crédit pour réfection de la dalle de béton incluant les conduits encastrés, épaisseur de la dalle extérieure de 300mm à 150mm, réfection de la dalle pour les zones des ancrages est annulée</description>
        <nomcontractant>Immobilier Belmon inc. (Belmon Construction)</nomcontractant>
        <neqcontractant>1166752940</neqcontractant>
      </depense>
      <depense>
        <datedepense>2021-04-23</datedepense>
        <datepublicationdepense>2021-05-27</datepublicationdepense>
        <montantdepense>4700.020000</montantdepense>
        <description>AM-14, DirA12 : Nivellement des blocs de béton dans les salles de bain</description>
        <nomcontractant>Immobilier Belmon inc. (Belmon Construction)</nomcontractant>
        <neqcontractant>1166752940</neqcontractant>
      </depense>
      <depense>
        <datedepense>2021-05-24</datedepense>
        <datepublicationdepense>2021-05-27</datepublicationdepense>
        <montantdepense>971.000000</montantdepense>
        <description>AM-17, DirA06 : une grille de ventilation existante à obturer a été rajoutée</description>
        <nomcontractant>Immobilier Belmon inc. (Belmon Construction)</nomcontractant>
        <neqcontractant>1166752940</neqcontractant>
      </depense>
      <depense>
        <datedepense>2021-04-30</datedepense>
        <datepublicationdepense>2021-05-27</datepublicationdepense>
        <montantdepense>556.370000</montantdepense>
        <description>AM-18, DirA13 : crédit pour annulation de la démolition des murs existant des salle de bain 35A et38B</description>
        <nomcontractant>Immobilier Belmon inc. (Belmon Construction)</nomcontractant>
        <neqcontractant>1166752940</neqcontractant>
      </depense>
      <depense>
        <datedepense>2021-05-14</datedepense>
        <datepublicationdepense>2021-05-27</datepublicationdepense>
        <montantdepense>3322.620000</montantdepense>
        <description>AM-21 : DirA02, credit pour epaisseur du stratifié des comptoirs des classes, DirA09 : modification de l'obturation des grilles extérieurs, DirA16 : annulation des travaux de porte d'accès des mobiliers, DirA25 : travaux de ragréage à l'étage, DirA26 :déplacement des pictogrammes des toilettes</description>
        <nomcontractant>Immobilier Belmon inc. (Belmon Construction)</nomcontractant>
        <neqcontractant>1166752940</neqcontractant>
      </depense>
      <depense>
        <datedepense>2021-05-14</datedepense>
        <datepublicationdepense>2021-05-27</datepublicationdepense>
        <montantdepense>809.000000</montantdepense>
        <description>AM-22 : DirA11 : nouveau blocage pré-membrané sur tout le périmètre </description>
        <nomcontractant>Immobilier Belmon inc. (Belmon Construction)</nomcontractant>
        <neqcontractant>1166752940</neqcontractant>
      </depense>
      <depense>
        <datedepense>2021-05-14</datedepense>
        <datepublicationdepense>2021-05-27</datepublicationdepense>
        <montantdepense>123.830000</montantdepense>
        <description>AM-24 : DirA22 : annulation du seuil de granite et ajout de seuil de douche de type kerdi-board-FC de shluter recouvert de céramique</description>
        <nomcontractant>Immobilier Belmon inc. (Belmon Construction)</nomcontractant>
        <neqcontractant>1166752940</neqcontractant>
      </depense>
    </depenses>
  </avis>
  <avis>
    <numeroseao>1338529</numeroseao>
    <numero>6703-20-0905</numero>
    <depenses>
      <depense>
        <datedepense>2021-01-29</datedepense>
        <datepublicationdepense>2020-09-18</datepublicationdepense>
        <montantdepense>630610.410000</montantdepense>
        <description>Dépassement relié à des variations de quantité et/ou des modifications au contrat de construction ou de services de nature technique</description>
        <nomcontractant>EJD Construction inc.</nomcontractant>
        <neqcontractant>1169925311</neqcontractant>
      </depense>
    </depenses>
  </avis>
  <avis>
    <numeroseao>1339826</numeroseao>
    <numero>SRM029575</numero>
    <depenses>
      <depense>
        <datedepense>2020-03-30</datedepense>
        <datepublicationdepense>2020-04-25</datepublicationdepense>
        <montantdepense>23012.000000</montantdepense>
        <description>SRM030653 - 325 060 380 </description>
        <nomcontractant>Cima+s.e.n.c.</nomcontractant>
        <neqcontractant>3340563140</neqcontractant>
      </depense>
      <depense>
        <datedepense>2021-04-26</datedepense>
        <datepublicationdepense>2021-05-21</datepublicationdepense>
        <montantdepense>29950.000000</montantdepense>
        <description>M05630A -  </description>
        <nomcontractant>Cima+s.e.n.c.</nomcontractant>
        <neqcontractant>3340563140</neqcontractant>
      </depense>
    </depenses>
  </avis>
  <avis>
    <numeroseao>1342592</numeroseao>
    <numero>1905-EG</numero>
    <depenses>
      <depense>
        <datedepense>2020-07-08</datedepense>
        <datepublicationdepense>2021-05-13</datepublicationdepense>
        <montantdepense>7177.610000</montantdepense>
        <description>AM-01_Modification de l'étendu des travaux du réseau pluvial suite aux constats des conditions existantes durant la démolition (AV-04)</description>
        <nomcontractant>Anjalec Construction inc.</nomcontractant>
        <neqcontractant>1146549275</neqcontractant>
      </depense>
      <depense>
        <datedepense>2020-07-13</datedepense>
        <datepublicationdepense>2021-05-13</datepublicationdepense>
        <montantdepense>1948.100000</montantdepense>
        <description>AM02_L'avis de changement AV-01 consiste à préciser les travaux de démolition :Toutes les bordures préfabriquées situées dans la zones des travaux doivent être sorties hors du site</description>
        <nomcontractant>Anjalec Construction inc.</nomcontractant>
        <neqcontractant>1146549275</neqcontractant>
      </depense>
      <depense>
        <datedepense>2020-07-14</datedepense>
        <datepublicationdepense>2021-05-13</datepublicationdepense>
        <montantdepense>648.690000</montantdepense>
        <description>AM03-L'avis de changement AV-05 consiste à remplacer une conduite qui a été endommagé lors de l'excavation (la présence de cette conduite était inconnue</description>
        <nomcontractant>Anjalec Construction inc.</nomcontractant>
        <neqcontractant>1146549275</neqcontractant>
      </depense>
      <depense>
        <datedepense>2020-08-11</datedepense>
        <datepublicationdepense>2021-05-13</datepublicationdepense>
        <montantdepense>6329.320000</montantdepense>
        <description>AM04_L'avis de changement AV-03 consiste à modifier l'étendu des travaux de clôtures</description>
        <nomcontractant>Anjalec Construction inc.</nomcontractant>
        <neqcontractant>1146549275</neqcontractant>
      </depense>
      <depense>
        <datedepense>2020-08-24</datedepense>
        <datepublicationdepense>2021-05-13</datepublicationdepense>
        <montantdepense>4825.980000</montantdepense>
        <description>AM05_L'avis de changement AV-10 consiste à remplacer le puisard existant du stationnement avant (cause : détériorée)</description>
        <nomcontractant>Anjalec Construction inc.</nomcontractant>
        <neqcontractant>1146549275</neqcontractant>
      </depense>
      <depense>
        <datedepense>2020-08-24</datedepense>
        <datepublicationdepense>2021-05-13</datepublicationdepense>
        <montantdepense>2890.530000</montantdepense>
        <description>AM06_L'avis de changement AV-08 consiste à modifier l'AV-04 afin d'adapter les conduites en prévision d'un nouveau système de rétention demandé tardivement par la ville</description>
        <nomcontractant>Anjalec Construction inc.</nomcontractant>
        <neqcontractant>1146549275</neqcontractant>
      </depense>
      <depense>
        <datedepense>2020-08-24</datedepense>
        <datepublicationdepense>2021-05-13</datepublicationdepense>
        <montantdepense>2017.590000</montantdepense>
        <description>AM07_L'avis de changement AV-11 consiste à augmenter les quantités de gazon et de pavage afin d'adoucir la pente entre l'existant et le nouveau stationnement</description>
        <nomcontractant>Anjalec Construction inc.</nomcontractant>
        <neqcontractant>1146549275</neqcontractant>
      </depense>
      <depense>
        <datedepense>2020-09-11</datedepense>
        <datepublicationdepense>2021-05-13</datepublicationdepense>
        <montantdepense>9790.000000</montantdepense>
        <description>AM08_Ajout du nettoyage du système de ventilation des gymnase, S-04.</description>
        <nomcontractant>Anjalec Construction inc.</nomcontractant>
        <neqcontractant>1146549275</neqcontractant>
      </depense>
      <depense>
        <datedepense>2020-08-24</datedepense>
        <datepublicationdepense>2021-05-13</datepublicationdepense>
        <montantdepense>1035.000000</montantdepense>
        <description>AM09_Ajout de protection des planchers du gymnase lors du nettoyage du système S4-du gymnase.</description>
        <nomcontractant>Anjalec Construction inc.</nomcontractant>
        <neqcontractant>1146549275</neqcontractant>
      </depense>
      <depense>
        <datedepense>2020-08-24</datedepense>
        <datepublicationdepense>2021-05-13</datepublicationdepense>
        <montantdepense>11518.200000</montantdepense>
        <description>AM10_Mise au point sur systèmes de ventilations devant être débranchés et rebranchés pour les travaux de toitures (MEC-01)</description>
        <nomcontractant>Anjalec Construction inc.</nomcontractant>
        <neqcontractant>1146549275</neqcontractant>
      </depense>
      <depense>
        <datedepense>2020-08-24</datedepense>
        <datepublicationdepense>2021-05-13</datepublicationdepense>
        <montantdepense>16259.530000</montantdepense>
        <description>AM11_Identification des panneaux (erronée ou manquante) et des conduits/filage de la partie d'installation concernée par la portée des travaux.  </description>
        <nomcontractant>Anjalec Construction inc.</nomcontractant>
        <neqcontractant>1146549275</neqcontractant>
      </depense>
      <depense>
        <datedepense>2020-08-24</datedepense>
        <datepublicationdepense>2021-05-13</datepublicationdepense>
        <montantdepense>1019.220000</montantdepense>
        <description>AM12_Suite à l'utilisation des drains de plancher dans les salles mécaniques au toit, une fuite est apparue dans les p-trap au plafond du corridor inférieur.  La réparation de ceux-ci a été effectuée.</description>
        <nomcontractant>Anjalec Construction inc.</nomcontractant>
        <neqcontractant>1146549275</neqcontractant>
      </depense>
      <depense>
        <datedepense>2020-08-28</datedepense>
        <datepublicationdepense>2021-05-23</datepublicationdepense>
        <montantdepense>5126.540000</montantdepense>
        <description>AM-13_Modification du plan de marquage du stationnement et modifier la configuration suite à la démolition afin d'optimiser les places de stationnement du restaurant. </description>
        <nomcontractant>Anjalec Construction inc.</nomcontractant>
        <neqcontractant>1146549275</neqcontractant>
      </depense>
      <depense>
        <datedepense>2020-09-11</datedepense>
        <datepublicationdepense>2021-05-23</datepublicationdepense>
        <montantdepense>4965.130000</montantdepense>
        <description>AM-14_Suite aux commentaires de la Ville, un plan d'aménagement incluant l'ajout d'arbres fut produit.</description>
        <nomcontractant>Anjalec Construction inc.</nomcontractant>
        <neqcontractant>1146549275</neqcontractant>
      </depense>
      <depense>
        <datedepense>2020-09-11</datedepense>
        <datepublicationdepense>2021-05-23</datepublicationdepense>
        <montantdepense>1391.500000</montantdepense>
        <description>AM-15_Remplacement d'un arbre qui interfère avec les travaux de bordures</description>
        <nomcontractant>Anjalec Construction inc.</nomcontractant>
        <neqcontractant>1146549275</neqcontractant>
      </depense>
      <depense>
        <datedepense>2020-09-14</datedepense>
        <datepublicationdepense>2021-05-23</datepublicationdepense>
        <montantdepense>24948.520000</montantdepense>
        <description>AM-17_Modifications du revêtement extérieur du mur entre les bassins M1 / M3 et M2 / M4  suite à une ouverture pendant la démolition des bassins adjacents;</description>
        <nomcontractant>Anjalec Construction inc.</nomcontractant>
        <neqcontractant>1146549275</neqcontractant>
      </depense>
      <depense>
        <datedepense>2020-09-14</datedepense>
        <datepublicationdepense>2021-05-23</datepublicationdepense>
        <montantdepense>10600.000000</montantdepense>
        <description>AM-18_Correction des zones instables de la fondation granulaire due à la nature des sols en place, des conditions climatiques ainsi que le remaniment des sols lors de l'installation de la nouvelle conduite de drainage.</description>
        <nomcontractant>Anjalec Construction inc.</nomcontractant>
        <neqcontractant>1146549275</neqcontractant>
      </depense>
      <depense>
        <datedepense>2020-09-11</datedepense>
        <datepublicationdepense>2021-05-23</datepublicationdepense>
        <montantdepense>373.180000</montantdepense>
        <description>AM-19_Suite à la vérification des conditions de chantier nous avons du ajouter l'enlevement de tuiles de vinyle en amiante à risque faible dans le local 237 qui étaient sous le tapis collé.</description>
        <nomcontractant>Anjalec Construction inc.</nomcontractant>
        <neqcontractant>1146549275</neqcontractant>
      </depense>
      <depense>
        <datedepense>2020-09-15</datedepense>
        <datepublicationdepense>2021-05-23</datepublicationdepense>
        <montantdepense>575.000000</montantdepense>
        <description>AM-21_Augmentation de la quantité de réparation de dalle sur sol (RAG) majoritairement situés dans la section "préposé aux bénéficiaires" </description>
        <nomcontractant>Anjalec Construction inc.</nomcontractant>
        <neqcontractant>1146549275</neqcontractant>
      </depense>
      <depense>
        <datedepense>2020-10-06</datedepense>
        <datepublicationdepense>2021-05-23</datepublicationdepense>
        <montantdepense>18201.300000</montantdepense>
        <description>AM-22_1- réaliser la modification de l’agencement des panneaux électriques et Remplacement des plinthes électriques rouillées dans les locaux 154B et 154C (fourniture seulement, la main d’oeuvre étant déjà prévue au contrat).</description>
        <nomcontractant>Anjalec Construction inc.</nomcontractant>
        <neqcontractant>1146549275</neqcontractant>
      </depense>
    </depenses>
  </avis>
  <avis>
    <numeroseao>1349123</numeroseao>
    <numero>25-2810P</numero>
    <depenses>
      <depense>
        <datedepense>2021-05-25</datedepense>
        <datepublicationdepense>2021-05-28</datepublicationdepense>
        <montantdepense>39352.710000</montantdepense>
        <description>SRM035585 (286 014 670) - A-33-1699 - Résol. num. 34</description>
        <nomcontractant>Desjardins Sécurité du Bâtiment</nomcontractant>
        <neqcontractant>1142667907</neqcontractant>
      </depense>
    </depenses>
  </avis>
  <avis>
    <numeroseao>1351519</numeroseao>
    <numero>18-055</numero>
    <depenses>
      <depense>
        <datedepense>2021-05-03</datedepense>
        <datepublicationdepense>2021-05-05</datepublicationdepense>
        <montantdepense>249773.790000</montantdepense>
        <description>ODC-09</description>
        <nomcontractant>Construction Anjinnov Inc</nomcontractant>
        <neqcontractant>1141909169</neqcontractant>
      </depense>
    </depenses>
  </avis>
  <avis>
    <numeroseao>1372909</numeroseao>
    <numero>M16M11301</numero>
    <depenses>
      <depense>
        <datedepense>2020-10-19</datedepense>
        <datepublicationdepense>2021-05-11</datepublicationdepense>
        <montantdepense>1406.160000</montantdepense>
        <description>Directive R-001, Travaux électriques</description>
        <nomcontractant>Ferblanterie Climair</nomcontractant>
        <neqcontractant>1148427686</neqcontractant>
      </depense>
      <depense>
        <datedepense>2020-11-10</datedepense>
        <datepublicationdepense>2021-05-11</datepublicationdepense>
        <montantdepense>5651.100000</montantdepense>
        <description>R-002 Ajout de deux silencieux sur système de ventilation</description>
        <nomcontractant>Ferblanterie Climair</nomcontractant>
        <neqcontractant>1148427686</neqcontractant>
      </depense>
    </depenses>
  </avis>
  <avis>
    <numeroseao>1376620</numeroseao>
    <numero>CS11866</numero>
    <depenses>
      <depense>
        <datedepense>2020-05-14</datedepense>
        <datepublicationdepense>2021-04-27</datepublicationdepense>
        <montantdepense>72000.000000</montantdepense>
        <description>situation d'urgence sanitaire COVID</description>
        <nomcontractant>Enock Turenne</nomcontractant>
        <neqcontractant>1169169415</neqcontractant>
      </depense>
      <depense>
        <datedepense>2021-02-17</datedepense>
        <datepublicationdepense>2021-04-27</datepublicationdepense>
        <montantdepense>72000.000000</montantdepense>
        <description>situation d'urgence sanitaire COVID</description>
        <nomcontractant>Enock Turenne</nomcontractant>
        <neqcontractant>1169169415</neqcontractant>
      </depense>
      <depense>
        <datedepense>2021-04-26</datedepense>
        <datepublicationdepense>2021-04-27</datepublicationdepense>
        <montantdepense>57900.000000</montantdepense>
        <description>situation d'urgence sanitaire COVID</description>
        <nomcontractant>Enock Turenne</nomcontractant>
        <neqcontractant>1169169415</neqcontractant>
      </depense>
      <depense>
        <datedepense>2020-02-03</datedepense>
        <datepublicationdepense>2021-05-21</datepublicationdepense>
        <montantdepense>27999.000000</montantdepense>
        <description> situation d'urgence sanitaire COVID  </description>
        <nomcontractant>Enock Turenne</nomcontractant>
        <neqcontractant>1169169415</neqcontractant>
      </depense>
      <depense>
        <datedepense>2020-04-17</datedepense>
        <datepublicationdepense>2021-05-21</datepublicationdepense>
        <montantdepense>7040.000000</montantdepense>
        <description> situation d'urgence sanitaire COVID  </description>
        <nomcontractant>Enock Turenne</nomcontractant>
        <neqcontractant>1169169415</neqcontractant>
      </depense>
      <depense>
        <datedepense>2020-04-17</datedepense>
        <datepublicationdepense>2021-05-21</datepublicationdepense>
        <montantdepense>72000.000000</montantdepense>
        <description>situation d'urgence sanitaire COVID </description>
        <nomcontractant>Enock Turenne</nomcontractant>
        <neqcontractant>1169169415</neqcontractant>
      </depense>
    </depenses>
  </avis>
  <avis>
    <numeroseao>1376715</numeroseao>
    <numero>196110125</numero>
    <depenses>
      <depense>
        <datedepense>2020-04-22</datedepense>
        <datepublicationdepense>2020-06-26</datepublicationdepense>
        <montantdepense>2291.910000</montantdepense>
        <description>#1 - Amendement pour Ajustement des honoraires pour plans et devis définitifs, selon la méthode à pourcentage</description>
        <nomcontractant>Bergeron Bouthillier architectes</nomcontractant>
        <neqcontractant>1166980830</neqcontractant>
      </depense>
      <depense>
        <datedepense>2020-06-03</datedepense>
        <datepublicationdepense>2020-11-26</datepublicationdepense>
        <montantdepense>139.880000</montantdepense>
        <description>#2 - Ajustemtent des honoraires de surveillance selon la méthode à pourcentage.</description>
        <nomcontractant>Bergeron Bouthillier architectes</nomcontractant>
        <neqcontractant>1166980830</neqcontractant>
      </depense>
      <depense>
        <datedepense>2021-03-24</datedepense>
        <datepublicationdepense>2021-05-25</datepublicationdepense>
        <montantdepense>94.070000</montantdepense>
        <description>#3 - Ajustement des honoraires de Plans/devis préliminaires pour Gestion des changements en extra selon la méthode à pourcentage.</description>
        <nomcontractant>Bergeron Bouthillier architectes</nomcontractant>
        <neqcontractant>1166980830</neqcontractant>
      </depense>
      <depense>
        <datedepense>2021-03-24</datedepense>
        <datepublicationdepense>2021-05-25</datepublicationdepense>
        <montantdepense>130.280000</montantdepense>
        <description>#4 - Ajustement des honoraires de plans et devis définitifs pour Gestion des changements en extra selon la méthode à pourcentage.</description>
        <nomcontractant>Bergeron Bouthillier architectes</nomcontractant>
        <neqcontractant>1166980830</neqcontractant>
      </depense>
      <depense>
        <datedepense>2021-03-24</datedepense>
        <datepublicationdepense>2021-05-25</datepublicationdepense>
        <montantdepense>308.790000</montantdepense>
        <description>#5 - Ajustement des honoraires de Surveillance pour Gestion des changements en extra selon la méthode à pourcentage.</description>
        <nomcontractant>Bergeron Bouthillier architectes</nomcontractant>
        <neqcontractant>1166980830</neqcontractant>
      </depense>
    </depenses>
  </avis>
  <avis>
    <numeroseao>1379163</numeroseao>
    <numero>19-077-AOP-91920</numero>
    <depenses>
      <depense>
        <datedepense>2020-12-16</datedepense>
        <datepublicationdepense>2021-05-21</datepublicationdepense>
        <montantdepense>24000.000000</montantdepense>
        <description>Travaux supplémentaires d'agrandissement et de rehaussement, correction de contre-pente et ajout d'un mini-puisard</description>
        <nomcontractant>Univert Paysagement Inc. - Division Excavation et Travaux Civils</nomcontractant>
        <neqcontractant>1165710824</neqcontractant>
      </depense>
    </depenses>
  </avis>
  <avis>
    <numeroseao>1389003</numeroseao>
    <numero>2020-8010-06</numero>
    <depenses>
      <depense>
        <datedepense>2021-03-31</datedepense>
        <datepublicationdepense>2021-05-20</datepublicationdepense>
        <montantdepense>105000.000000</montantdepense>
        <description>Contrat à exécution sur demande qui a dépassé les prévisions </description>
        <nomcontractant>Cabinet Guy Bertrand</nomcontractant>
        <neqcontractant>1171248595</neqcontractant>
      </depense>
    </depenses>
  </avis>
  <avis>
    <numeroseao>1389863</numeroseao>
    <numero>2018-2302-B (a)</numero>
    <depenses>
      <depense>
        <datedepense>2020-07-13</datedepense>
        <datepublicationdepense>2020-07-16</datepublicationdepense>
        <montantdepense>0.000000</montantdepense>
        <description>C'est une Annexe 2 art. 16 qui demande une autorisation pour un contrat de services qui comporte une dépense de 25 000$ et plus. Ce n'est pas une modification au contrat qui occasionne une dépense supplémentaire comme l'Annexe 2 art. 17</description>
        <nomcontractant>Nivo 9</nomcontractant>
        <neqcontractant>1171789150</neqcontractant>
      </depense>
    </depenses>
  </avis>
  <avis>
    <numeroseao>1391414</numeroseao>
    <numero>AO20200714</numero>
    <depenses>
      <depense>
        <datedepense>2020-08-24</datedepense>
        <datepublicationdepense>2020-09-29</datepublicationdepense>
        <montantdepense>22477.390000</montantdepense>
        <description>Ajout d'équipements</description>
        <nomcontractant>CBCI Telecom Canada Inc.</nomcontractant>
        <neqcontractant>1147421458</neqcontractant>
      </depense>
      <depense>
        <datedepense>2020-11-17</datedepense>
        <datepublicationdepense>2021-04-21</datepublicationdepense>
        <montantdepense>22845.620000</montantdepense>
        <description>Ajout équipement</description>
        <nomcontractant>CBCI Telecom Canada Inc.</nomcontractant>
        <neqcontractant>1147421458</neqcontractant>
      </depense>
      <depense>
        <datedepense>2021-04-21</datedepense>
        <datepublicationdepense>2021-05-10</datepublicationdepense>
        <montantdepense>21475.000000</montantdepense>
        <description>Programmation et installation supplémentaires</description>
        <nomcontractant>CBCI Telecom Canada Inc.</nomcontractant>
        <neqcontractant>1147421458</neqcontractant>
      </depense>
    </depenses>
  </avis>
  <avis>
    <numeroseao>1400868</numeroseao>
    <numero>SRM032043</numero>
    <depenses>
      <depense>
        <datedepense>2021-05-12</datedepense>
        <datepublicationdepense>2021-05-18</datepublicationdepense>
        <montantdepense>65700.000000</montantdepense>
        <description> SRM035310 - 023 092 560 </description>
        <nomcontractant>Les Services exp inc Montréal</nomcontractant>
        <neqcontractant>1167268128</neqcontractant>
      </depense>
    </depenses>
  </avis>
  <avis>
    <numeroseao>1410008</numeroseao>
    <numero>GRM-2109</numero>
    <depenses>
      <depense>
        <datedepense>2020-08-10</datedepense>
        <datepublicationdepense>2020-09-25</datepublicationdepense>
        <montantdepense>9800.000000</montantdepense>
        <description>PROLONGATION DU MANDAT</description>
        <nomcontractant>Patrick Dufort</nomcontractant>
        <neqcontractant />
      </depense>
      <depense>
        <datedepense>2020-09-24</datedepense>
        <datepublicationdepense>2020-10-02</datepublicationdepense>
        <montantdepense>31850.000000</montantdepense>
        <description>prolongation du mandat</description>
        <nomcontractant>Patrick Dufort</nomcontractant>
        <neqcontractant />
      </depense>
      <depense>
        <datedepense>2021-05-21</datedepense>
        <datepublicationdepense>2021-05-17</datepublicationdepense>
        <montantdepense>9800.000000</montantdepense>
        <description>Rehaussement du bon de commande pour terminer le mandat</description>
        <nomcontractant>Patrick Dufort</nomcontractant>
        <neqcontractant />
      </depense>
    </depenses>
  </avis>
  <avis>
    <numeroseao>1411135</numeroseao>
    <numero>MAO-331</numero>
    <depenses>
      <depense>
        <datedepense>2021-05-14</datedepense>
        <datepublicationdepense>2021-05-14</datepublicationdepense>
        <montantdepense>580.000000</montantdepense>
        <description>Ajout de quincaillerie spéciale</description>
        <nomcontractant>Distribution International Foyer FC Inc (INOX MILTON)</nomcontractant>
        <neqcontractant>1169502722</neqcontractant>
      </depense>
      <depense>
        <datedepense>2021-05-14</datedepense>
        <datepublicationdepense>2021-05-14</datepublicationdepense>
        <montantdepense>18000.000000</montantdepense>
        <description>Dû au report de la date de livraison de janvier à juillet 2021, le frs a subi une importante hausse du prix de l'acier. Une compensation a été calculée et ajoutée au contrat. Cet ajout ne modifie pas le rang du soumissionnaire.</description>
        <nomcontractant>Distribution International Foyer FC Inc (INOX MILTON)</nomcontractant>
        <neqcontractant>1169502722</neqcontractant>
      </depense>
    </depenses>
  </avis>
  <avis>
    <numeroseao>1417390</numeroseao>
    <numero>44520697</numero>
    <depenses>
      <depense>
        <datedepense>2021-02-02</datedepense>
        <datepublicationdepense>2021-02-02</datepublicationdepense>
        <montantdepense>1365.250000</montantdepense>
        <description>Remplacement du panneau électrique</description>
        <nomcontractant>SBP Entrepreneur</nomcontractant>
        <neqcontractant>1165587933</neqcontractant>
      </depense>
      <depense>
        <datedepense>2021-02-02</datedepense>
        <datepublicationdepense>2021-02-02</datepublicationdepense>
        <montantdepense>752.000000</montantdepense>
        <description>Prévoir l'installation d'une trappe d'accès </description>
        <nomcontractant>SBP Entrepreneur</nomcontractant>
        <neqcontractant>1165587933</neqcontractant>
      </depense>
      <depense>
        <datedepense>2021-02-15</datedepense>
        <datepublicationdepense>2021-02-17</datepublicationdepense>
        <montantdepense>5520.000000</montantdepense>
        <description>Ajout de contreplaqué sur les murs </description>
        <nomcontractant>SBP Entrepreneur</nomcontractant>
        <neqcontractant>1165587933</neqcontractant>
      </depense>
      <depense>
        <datedepense>2021-05-03</datedepense>
        <datepublicationdepense>2021-05-03</datepublicationdepense>
        <montantdepense>2374.750000</montantdepense>
        <description>Ajout de cloches système alarme incendie (ODC 5)</description>
        <nomcontractant>SBP Entrepreneur</nomcontractant>
        <neqcontractant>1165587933</neqcontractant>
      </depense>
      <depense>
        <datedepense>2021-05-03</datedepense>
        <datepublicationdepense>2021-05-03</datepublicationdepense>
        <montantdepense>364.760000</montantdepense>
        <description>Ajout de cloches système alarme incendie - correction montant ODC 5 (ODC 6)</description>
        <nomcontractant>SBP Entrepreneur</nomcontractant>
        <neqcontractant>1165587933</neqcontractant>
      </depense>
    </depenses>
  </avis>
  <avis>
    <numeroseao>1447689</numeroseao>
    <numero>196110182</numero>
    <depenses>
      <depense>
        <datedepense>2020-04-21</datedepense>
        <datepublicationdepense>2021-05-07</datepublicationdepense>
        <montantdepense>8606.050000</montantdepense>
        <description>#1- Ajustement des honoraires pour Rapport concept selon la méthode à taux horaire.</description>
        <nomcontractant>DWB Consultant</nomcontractant>
        <neqcontractant>1160969102</neqcontractant>
      </depense>
      <depense>
        <datedepense>2020-04-21</datedepense>
        <datepublicationdepense>2021-05-07</datepublicationdepense>
        <montantdepense>0.000000</montantdepense>
        <description>#2- Crédit (-5 133,67) - Ajustement des honoraires pour P&amp;D selon la méthode à pourcentage.</description>
        <nomcontractant>DWB Consultant</nomcontractant>
        <neqcontractant>1160969102</neqcontractant>
      </depense>
      <depense>
        <datedepense>2020-04-21</datedepense>
        <datepublicationdepense>2021-05-07</datepublicationdepense>
        <montantdepense>0.000000</montantdepense>
        <description>#3- Crédit (-7 700,51) Ajustement des honoraires pour P&amp;D selon la méthode à pourcentage.</description>
        <nomcontractant>DWB Consultant</nomcontractant>
        <neqcontractant>1160969102</neqcontractant>
      </depense>
      <depense>
        <datedepense>2020-04-21</datedepense>
        <datepublicationdepense>2021-05-07</datepublicationdepense>
        <montantdepense>0.000000</montantdepense>
        <description>#4- Crédit (-5 081,90) Ajustement des honoraires de surveillance selon la méthode à pourcentage.</description>
        <nomcontractant>DWB Consultant</nomcontractant>
        <neqcontractant>1160969102</neqcontractant>
      </depense>
      <depense>
        <datedepense>2020-04-21</datedepense>
        <datepublicationdepense>2021-05-07</datepublicationdepense>
        <montantdepense>500.000000</montantdepense>
        <description>#5- Provision pour frais remboursables.</description>
        <nomcontractant>DWB Consultant</nomcontractant>
        <neqcontractant>1160969102</neqcontractant>
      </depense>
      <depense>
        <datedepense>2021-04-16</datedepense>
        <datepublicationdepense>2021-05-07</datepublicationdepense>
        <montantdepense>0.000000</montantdepense>
        <description>#6- Crédit (-500,00) Ajustement de la provision pour frais remboursables.</description>
        <nomcontractant>DWB Consultant</nomcontractant>
        <neqcontractant>1160969102</neqcontractant>
      </depense>
    </depenses>
  </avis>
  <avis>
    <numeroseao>1461547</numeroseao>
    <numero>7185-21-AP01</numero>
    <depenses>
      <depense>
        <datedepense>2021-03-31</datedepense>
        <datepublicationdepense>2021-05-28</datepublicationdepense>
        <montantdepense>1973.240000</montantdepense>
        <description>Dépassement relié à des variations de quantité sur un contrat à commandes en approvisionnement</description>
        <nomcontractant>Fortier 2000 ltée</nomcontractant>
        <neqcontractant>1146506861</neqcontractant>
      </depense>
    </depenses>
  </avis>
  <avis>
    <numeroseao>1484083</numeroseao>
    <numero>INV-9396-101-ING-1</numero>
    <depenses>
      <depense>
        <datedepense>2021-05-06</datedepense>
        <datepublicationdepense>2021-05-05</datepublicationdepense>
        <montantdepense>0.000000</montantdepense>
        <description>Erreur de saisie</description>
        <nomcontractant>Tetra Tech Qe inc - bureau Québec</nomcontractant>
        <neqcontractant>1169411650</neqcontractant>
      </depense>
    </depenses>
  </avis>
  <avis>
    <numeroseao>1484141</numeroseao>
    <numero>178_RI Simon Inc.</numero>
    <depenses>
      <depense>
        <datedepense>2015-09-02</datedepense>
        <datepublicationdepense>2021-05-18</datepublicationdepense>
        <montantdepense>41841.880000</montantdepense>
        <description>Coût annuel pour ajout d'une cinquième place au contrat initial</description>
        <nomcontractant>RI Simon Inc.</nomcontractant>
        <neqcontractant>1168775279</neqcontractant>
      </depense>
      <depense>
        <datedepense>2016-08-25</datedepense>
        <datepublicationdepense>2021-05-18</datepublicationdepense>
        <montantdepense>41841.880000</montantdepense>
        <description>Coût annuel pour ajout d'une sixième place au contrat initial</description>
        <nomcontractant>RI Simon Inc.</nomcontractant>
        <neqcontractant>1168775279</neqcontractant>
      </depense>
      <depense>
        <datedepense>2017-03-10</datedepense>
        <datepublicationdepense>2021-05-18</datepublicationdepense>
        <montantdepense>41843.600000</montantdepense>
        <description>Coût annuel pour ajout d'une septième place au contrat initial</description>
        <nomcontractant>RI Simon Inc.</nomcontractant>
        <neqcontractant>1168775279</neqcontractant>
      </depense>
    </depenses>
  </avis>
  <avis>
    <numeroseao>1488154</numeroseao>
    <numero>SC-2997</numero>
    <depenses>
      <depense>
        <datedepense>2021-01-27</datedepense>
        <datepublicationdepense>2021-05-12</datepublicationdepense>
        <montantdepense>4500.000000</montantdepense>
        <description>Avenant 1 - prolongation et augmentation du nombre d'heures </description>
        <nomcontractant>Rémi St-Onge</nomcontractant>
        <neqcontractant />
      </depense>
      <depense>
        <datedepense>2021-03-20</datedepense>
        <datepublicationdepense>2021-05-12</datepublicationdepense>
        <montantdepense>1935.000000</montantdepense>
        <description>Avenant 2 - prolongation du contrat et nombre d'heures </description>
        <nomcontractant>Rémi St-Onge</nomcontractant>
        <neqcontractant />
      </depense>
      <depense>
        <datedepense>2021-03-20</datedepense>
        <datepublicationdepense>2021-05-12</datepublicationdepense>
        <montantdepense>0.000000</montantdepense>
        <description>Avenant 2 - prolongation du contrat</description>
        <nomcontractant>Rémi St-Onge</nomcontractant>
        <neqcontractant />
      </depense>
    </depenses>
  </avis>
  <avis>
    <numeroseao>1492405</numeroseao>
    <numero>2018-1-SCBMH-028</numero>
    <depenses>
      <depense>
        <datedepense>2020-02-18</datedepense>
        <datepublicationdepense>2021-05-25</datepublicationdepense>
        <montantdepense>9000.000000</montantdepense>
        <description>Supplément et report de date de fin</description>
        <nomcontractant>Jean-François Jetté</nomcontractant>
        <neqcontractant />
      </depense>
      <depense>
        <datedepense>2020-10-23</datedepense>
        <datepublicationdepense>2021-05-25</datepublicationdepense>
        <montantdepense>14000.000000</montantdepense>
        <description>Supplément et report de date de fin</description>
        <nomcontractant>Jean-François Jetté</nomcontractant>
        <neqcontractant />
      </depense>
    </depenses>
  </avis>
</export>