﻿CD_CS_ANG,NOM_OFFCL_CS_ANG,NOM_SITE_WEB_GDUNO,VALR_SUPRF_KM2,VALR_PERMT_KM,CD_COULR,NOM_VERSN
883000,CS Eastern Townships,www.etsb.qc.ca,17595.29712156,1012.43916425,4,V2024-07
885000,CS Sir-Wilfrid-Laurier,www.swlauriersb.qc.ca,36282.74590687,1174.70508933,2,V2024-07
881000,CS Central Québec,www.cqsb.qc.ca,530755.44795207,6523.19416853,3,V2024-07
882000,CS Eastern Shores,www.essb.qc.ca,415708.62072827,7277.63401629,2,V2024-07
884000,CS Riverside,www.rsb.qc.ca,4809.64332865,433.00746488,1,V2024-07
889000,CS New Frontiers,www.nfsb.qc.ca,2483.66368809,298.17951251,3,V2024-07
888000,CS Lester-B.-Pearson,www.lbpsb.qc.ca,1315.30081225,228.94386943,4,V2024-07
887000,CS English-Montréal,www.emsb.qc.ca,333.82772393,101.25049889,3,V2024-07
886000,CS Western Québec,www.wqsb.qc.ca,98644.29554465,1757.89843908,1,V2024-07
