﻿CD_CS_FRA,NOM_OFFCL_CS_FRA,NOM_SITE_WEB_GDUNO,VALR_SUPRF_KM2,VALR_PERMT_KM,CD_COULR,NOM_VERSN
873000,CSS des Chênes,https://www.cssdeschenes.gouv.qc.ca/,1626.43834347,249.39953426,2,V2024-07
781000,CSS du Lac-Témiscamingue,www.csslt.gouv.qc.ca,19235.20084237,962.61605437,2,V2024-07
784000,CSS de l'Or-et-des-Bois,www.csob.qc.ca,27727.29095189,1274.04731355,3,V2024-07
868000,CSS de la Vallée-des-Tisserands,www.csvt.qc.ca,1847.33631499,219.29225307,4,V2024-07
861000,CSS de Sorel-Tracy,www.cs-soreltracy.qc.ca,637.84534849,132.57717281,1,V2024-07
712000,CSS des Phares,www.cssphares.gouv.qc.ca,6969.6936642,387.79216617,4,V2024-07
823000,CSS de la Beauce-Etchemin,www.csbe.qc.ca,6201.86453694,542.92030884,4,V2024-07
853000,CSS des Laurentides,www.cslaurentides.qc.ca,3970.89724903,362.53824897,1,V2024-07
842000,CSS des Samares,www.csssamares.gouv.qc.ca,12559.9174831,853.98796951,4,V2024-07
785000,CSS du Lac-Abitibi,www.csdla.qc.ca,3614.4469156,261.61005108,2,V2024-07
734000,CSS des Premières-Seigneuries,www.cssps.gouv.qc.ca,8421.70015473,442.40922496,1,V2024-07
771000,CSS des Draveurs,www.cssd.gouv.qc.ca,972.51722998,169.97531605,4,V2024-07
812000,CSS des Chic-Chocs,www.csscc.gouv.qc.ca,23917.11897779,756.07876017,1,V2024-07
793000,CSS de la Moyenne-Côte-Nord,www.csmcn.qc.ca,130511.79992612,2740.88640149,4,V2024-07
866000,CSS du Val-des-Cerfs,www.csvdc.qc.ca,2352.40604452,254.83897043,1,V2024-07
751000,CSS des Hauts-Cantons,www.cshc.qc.ca,5619.22175957,562.44312566,1,V2024-07
731000,CSS de Charlevoix,www.cscharlevoix.qc.ca,7065.23524058,402.63753848,2,V2024-07
872000,CSS des Bois-Francs,www.cssbf.gouv.qc.ca,3129.05887996,360.69858522,3,V2024-07
867000,CSS des Grandes-Seigneuries,www.csdgs.qc.ca,1228.68993227,204.73277122,3,V2024-07
783000,CSS Harricana,www.csharricana.qc.ca,7931.3879638,417.7209025,1,V2024-07
822000,CSS des Appalaches,www.csappalaches.qc.ca,2415.78131174,262.60784318,2,V2024-07
741000,CSS du Chemin-du-Roy,www.csduroy.qc.ca,1975.29897153,318.15306767,1,V2024-07
773000,CSS au Coeur-des-Vallées,www.csscv.gouv.qc.ca,3459.04850987,322.47687012,2,V2024-07
735000,CSS de Portneuf,www.csportneuf.qc.ca,4146.11877735,376.00231608,3,V2024-07
752000,CSS de la Région-de-Sherbrooke,www.csrs.qc.ca,1108.26087725,211.93735721,2,V2024-07
813000,CSS René-Lévesque,www.cssrl.gouv.qc.ca,20195.45452456,1103.00805707,2,V2024-07
723000,CSS des Rives-du-Saguenay,www.csrsaguenay.qc.ca,44537.20397424,1453.06698978,1,V2024-07
722000,CSS du Lac-Saint-Jean,https://php.cslsj.qc.ca/,3298.80719612,388.31888051,4,V2024-07
792000,CSS du Fer,www.cssdufer.gouv.qc.ca,120764.57200246,3625.76312338,2,V2024-07
864000,CSS Marie-Victorin,http://www.csmv.qc.ca,187.01057324,65.53186009,1,V2024-07
871000,CSS de la Riveraine,www.cssdlr.gouv.qc.ca,2348.93119223,308.7758907,4,V2024-07
862000,CSS de Saint-Hyacinthe,www.cssh.qc.ca,1895.287396,265.97888417,3,V2024-07
824000,CSS des Navigateurs,www.csdn.qc.ca,2087.56838563,281.85884199,1,V2024-07
831000,CSS de Laval,https://www.csslaval.ca/,267.11194493,83.50310661,4,V2024-07
713000,CSS du Fleuve-et-des-Lacs,http://www.csfl.qc.ca,5656.59223084,465.7261007,1,V2024-07
721000,CSS du Pays-des-Bleuets,www.cspaysbleuets.qc.ca,57902.36784675,1708.12030978,3,V2024-07
869000,CSS des Trois-Lacs,www.csstl.gouv.qc.ca,1023.86888452,154.98997028,2,V2024-07
854000,CSS des Hautes-Laurentides,www.csshl.gouv.qc.ca,16292.0044211,859.60833779,3,V2024-07
811000,CSS des Îles,www.csdesiles.qc.ca,33983.46780988,717.91339498,3,V2024-07
732000,CSS de la Capitale,cssc.gouv.qc.ca,880.9889464,187.85908116,4,V2024-07
772000,CSS des Portages-de-l'Outaouais,www.cspo.qc.ca,1382.62385288,195.50637021,3,V2024-07
801000,CSS de la Baie-James,http://csbj.qc.ca/,343552.68293915,5757.16548812,4,V2024-07
763000,CSS Marguerite-Bourgeoys,www.csmb.qc.ca,356.21675637,133.06303782,1,V2024-07
761000,CSS de la Pointe-de-l'Île,https://www.csspi.gouv.qc.ca/,105.04679902,56.18500374,3,V2024-07
742000,CSS de l'Énergie,www.csenergie.qc.ca,37903.4101902,1189.74120318,2,V2024-07
762000,CSS de Montréal,www.cssdm.gouv.qc.ca,163.99609627,112.22007783,2,V2024-07
711000,CSS des Monts-et-Marées,https://www.cssmm.gouv.qc.ca/,10930.61163994,545.61233934,3,V2024-07
753000,CSS des Sommets,www.csdessommets.qc.ca,3161.97708941,405.1784647,4,V2024-07
852000,CSS de la Rivière-du-Nord,http://www2.cssrdn.qc.ca/,2049.55294684,322.40025361,3,V2024-07
724000,CSS De La Jonquière,www.csjonquiere.qc.ca,1001.83023865,169.10289145,2,V2024-07
863000,CSS des Hautes-Rivières,www.cssdhr.gouv.qc.ca,1554.29555939,283.07018795,4,V2024-07
841000,CSS des Affluents,https://cssda.gouv.qc.ca/,522.21336555,148.71376633,2,V2024-07
733000,CSS des Découvreurs,www.cssdd.gouv.qc.ca,220.73446763,79.66327561,2,V2024-07
821000,CSS de la Côte-du-Sud,http://www.cscotesud.qc.ca,5960.06839847,418.45727818,3,V2024-07
714000,CSS de Kamouraska-Rivière-du-Loup,www.csskamloup.gouv.qc.ca,5054.53912434,413.10272649,2,V2024-07
851000,CSS des Mille-Îles,www.cssmi.qc.ca,788.43711602,177.91021752,1,V2024-07
782000,CSS de Rouyn-Noranda,www.csrn.qc.ca,6073.59496397,416.44382904,4,V2024-07
791000,CSS de l'Estuaire,www.cssestuaire.gouv.qc.ca,57965.01202222,1241.96584337,3,V2024-07
774000,CSS des Hauts-Bois-de-l'Outaouais,www.cshbo.qc.ca,28080.79569458,1363.04393376,1,V2024-07
865000,CSS des Patriotes,www.cssp.ca,1135.39000939,225.93873431,2,V2024-07
