,,"Ville de Montréal",,,,,
"Arts urbains",,,,,,,
"Répartition des activités régulières offertes en arts urbains par arrondissement et par groupe d'âge",,,,,,,
"Arts urbains","0-14 ans Nb d'activités","15-34 ans Nb d'activités","35-54 ans Nb d'activités","55 ans et + Nb d'activités","Multi-âge","Parents enfants","Total"
"Ahuntsic-Cartierville",26,14,,,,,40
"Anjou",,,,,,,0
"Côte-des-Neiges-Notre-Dame-de-Grâce",11,32,,,,,43
"Lachine",,8,,,,,8
"LaSalle",5,8,,,,,13
"Le Plateau Mont-Royal",28,20,,,,,48
"Le Sud-Ouest",7,6,,,,,13
"L'Île-Bizard-Sainte-Geneviève",2,1,,,,,3
"Mercier-Hochelaga-Maisonneuve",37,33,,,,,70
"Montréal-Nord",,6,,,,,6
"Outremont",4,4,,,,,8
"Pierrefonds-Roxboro",1,2,,,,,3
"Rivière-des-Prairies-Pointe-aux-Trembles",10,19,,,,,29
"Rosemont-La-Petite-Patrie",6,13,,,,,19
"Saint-Laurent",,,,,,,0
"Saint-Léonard",1,1,,,,,2
"Verdun",,6,,,,,6
"Ville-Marie",14,12,,,,,26
"Villeray-Saint-Michel-Parc-Extension",16,10,,,,,26
"TOTAL",168,195,0,0,0,0,363
