,,"Ville de Montréal",,,,,
"Danse",,,,,,,
"Répartition des activités régulières offertes en danse par arrondissement et par groupe d'âge",,,,,,,
"Danse","0-14 ans Nb d'activités","15-34 ans Nb d'activités","35-54 ans Nb d'activités","55 ans et + Nb d'activités","Multi-âge","Parents enfants","Total"
"Ahuntsic-Cartierville",67,11,68,6,,,152
"Anjou",,,2,10,2,,14
"Côte-des-Neiges-Notre-Dame-de-Grâce",25,24,44,26,1,3,123
"Lachine",8,16,47,4,3,,78
"LaSalle",15,9,13,21,4,,62
"Le Plateau Mont-Royal",44,9,53,10,,6,122
"Le Sud-Ouest",8,5,19,16,,,48
"L'Île-Bizard-Sainte-Geneviève",12,7,5,1,,,25
"Mercier-Hochelaga-Maisonneuve",81,36,77,20,1,1,216
"Montréal-Nord",,8,2,2,,,12
"Outremont",27,23,18,2,,,70
"Pierrefonds-Roxboro",1,2,15,2,,,20
"Rivière-des-Prairies-Pointe-aux-Trembles",29,27,47,57,,7,167
"Rosemont-La-Petite-Patrie",77,34,88,18,,4,221
"Saint-Laurent",,,11,,,,11
"Saint-Léonard",6,,13,,,,19
"Verdun",21,15,3,5,,,44
"Ville-Marie",12,14,69,4,,,99
"Villeray-Saint-Michel-Parc-Extension",15,3,37,18,4,,77
"TOTAL",448,243,631,222,15,21,1580
