,,"Ville de Montréal",,,,,
"Création et performance littéraire",,,,,,,
"Répartition des activités régulières offertes en création et performances littéraires par arrondissement et par groupe d'âge",,,,,,,
"Création et performance littéraire","0-14 ans Nb d'activités","15-34 ans Nb d'activités","35-54 ans Nb d'activités","55 ans et + Nb d'activités","Multi-âge","Parents enfants","Total"
"Ahuntsic-Cartierville",,,1,,,,1
"Anjou",,,,,,,0
"Côte-des-Neiges-Notre-Dame-de-Grâce",,,2,2,,,4
"Lachine",,,,,,,0
"LaSalle",,1,,2,,,3
"Le Plateau Mont-Royal",,,1,1,,,2
"Le Sud-Ouest",,,,,,,0
"L'Île-Bizard-Sainte-Geneviève",,,,,,,0
"Mercier-Hochelaga-Maisonneuve",,,,,,,0
"Montréal-Nord",,,,,,,0
"Outremont",,,,,,,0
"Pierrefonds-Roxboro",,,,,,,0
"Rivière-des-Prairies-Pointe-aux-Trembles",,,,,,,0
"Rosemont-La-Petite-Patrie",1,,8,6,,,15
"Saint-Laurent",,,,,,,0
"Saint-Léonard",,,,,,,0
"Verdun",,,,2,,,2
"Ville-Marie",,1,,,,,1
"Villeray-Saint-Michel-Parc-Extension",1,,1,1,,,3
"TOTAL",2,2,13,14,0,0,31
