,,"Ville de Montréal",,,,,
"Musique",,,,,,,
"Répartition des activités régulières offertes en musique par arrondissement et par groupe d'âge",,,,,,,
"Musique","0-14 ans Nb d'activités","15-34 ans Nb d'activités","35-54 ans Nb d'activités","55 ans et + Nb d'activités","Multi-âge","Parents enfants","Total"
"Ahuntsic-Cartierville",11,,3,,43,,57
"Anjou",6,2,2,,,,10
"Côte-des-Neiges-Notre-Dame-de-Grâce",26,31,30,9,18,,114
"Lachine",10,5,12,1,13,,41
"LaSalle",2,4,4,2,7,,19
"Le Plateau Mont-Royal",8,,15,3,,,26
"Le Sud-Ouest",16,3,5,1,6,,31
"L'Île-Bizard-Sainte-Geneviève",,,,,,,0
"Mercier-Hochelaga-Maisonneuve",19,23,14,1,9,,66
"Montréal-Nord",,,8,,7,,15
"Outremont",,1,2,,16,,19
"Pierrefonds-Roxboro",,,2,,9,,11
"Rivière-des-Prairies-Pointe-aux-Trembles",13,13,12,7,,,45
"Rosemont-La-Petite-Patrie",25,22,43,4,5,2,101
"Saint-Laurent",,,,,,,0
"Saint-Léonard",3,,2,2,,,7
"Verdun",17,10,11,3,3,2,46
"Ville-Marie",,9,25,3,9,,46
"Villeray-Saint-Michel-Parc-Extension",15,4,19,6,58,1,103
"TOTAL",171,127,209,42,203,5,757
