,,,,,,,
,,"Ville de Montréal",,,,,
"Arts visuels",,,,,,,
"Répartition des activités régulières offertes en arts visuels par arrondissement et par groupe d'âge",,,,,,,
"Arts visuels","0-14 ans Nb d'activités","15-34 ans Nb d'activités","35-54 ans Nb d'activités","55 ans et + Nb d'activités","Multi-âge","Parents enfants","Total"
"Ahuntsic-Cartierville",32,7,99,3,,1,142
"Anjou",2,,14,2,,,18
"Côte-des-Neiges-Notre-Dame-de-Grâce",14,4,46,30,,,94
"Lachine",10,1,21,,,,32
"LaSalle",4,3,16,12,,,35
"Le Plateau Mont-Royal",11,,57,9,,,77
"Le Sud-Ouest",2,3,11,3,,,19
"L'Île-Bizard-Sainte-Geneviève",3,,,,,,3
"Mercier-Hochelaga-Maisonneuve",24,15,80,18,,,137
"Montréal-Nord",1,,3,,,,4
"Outremont",,4,17,,,,21
"Pierrefonds-Roxboro",1,2,20,2,,1,26
"Rivière-des-Prairies-Pointe-aux-Trembles",6,8,49,3,,1,67
"Rosemont-La-Petite-Patrie",36,9,40,7,,,92
"Saint-Laurent",16,15,77,,,,108
"Saint-Léonard",6,2,37,,,,45
"Verdun",4,2,15,,,,21
"Ville-Marie",2,4,27,4,,,37
"Villeray-Saint-Michel-Parc-Extension",25,2,25,17,3,1,73
"TOTAL",199,81,654,110,3,4,1051
