,,"Ville de Montréal",,,,,
"Arts dramatiques",,,,,,,
"Répartition des activités régulières offertes en arts dramatiques par arrondissement et par groupe d'âge",,,,,,,
"Arts dramatiques","0-14 ans Nb d'activités","15-34 ans Nb d'activités","35-54 ans Nb d'activités","55 ans et + Nb d'activités","Multi-âge","Parents enfants","Total"
"Ahuntsic-Cartierville",15,4,4,,,,23
"Anjou",2,1,,,,,3
"Côte-des-Neiges-Notre-Dame-de-Grâce",1,4,6,,,,11
"Lachine",4,5,2,,,,11
"LaSalle",5,4,3,1,,,13
"Le Plateau Mont-Royal",20,5,12,3,,,40
"Le Sud-Ouest",1,1,1,,,,3
"L'Île-Bizard-Sainte-Geneviève",1,2,,,,,3
"Mercier-Hochelaga-Maisonneuve",18,17,12,1,,,48
"Montréal-Nord",,3,1,,,,4
"Outremont",,,,,,,0
"Pierrefonds-Roxboro",7,4,3,,,,14
"Rivière-des-Prairies-Pointe-aux-Trembles",3,6,6,,,,15
"Rosemont-La-Petite-Patrie",25,27,9,4,,,65
"Saint-Laurent",1,1,,,,,2
"Saint-Léonard",,,2,,,,2
"Verdun",,,,,,,0
"Ville-Marie",2,3,3,,,,8
"Villeray-Saint-Michel-Parc-Extension",3,,9,2,1,,15
"TOTAL",108,87,73,11,1,0,280
