,,"Ville de Montréal",,,,,
"Arts du cirque",,,,,,,
"Répartition des activités régulières offertes en arts du cirque par arrondissement et par groupe d'âge",,,,,,,
"Arts du cirque","0-14 ans Nb d'activités","15-34 ans Nb d'activités","35-54 ans Nb d'activités","55 ans et + Nb d'activités","Multi-âge","Parents enfants","Total"
"Ahuntsic-Cartierville",2,,,,,,2
"Anjou",,,,,,,0
"Côte-des-Neiges-Notre-Dame-de-Grâce",,3,,,,,3
"Lachine",,1,,,1,,2
"LaSalle",1,,,,,,1
"Le Plateau Mont-Royal",,,,,,,0
"Le Sud-Ouest",3,1,,,,,4
"L'Île-Bizard-Sainte-Geneviève",,,,,,,0
"Mercier-Hochelaga-Maisonneuve",7,11,8,,,,26
"Montréal-Nord",,,,,,,0
"Outremont",,,,,,,0
"Pierrefonds-Roxboro",,,,,,,0
"Rivière-des-Prairies-Pointe-aux-Trembles",1,,,,,,1
"Rosemont-La-Petite-Patrie",2,7,,,,,9
"Saint-Laurent",,,,,,,0
"Saint-Léonard",,,,,,,0
"Verdun",7,14,,,,,21
"Ville-Marie",,,,,,,0
"Villeray-Saint-Michel-Parc-Extension",6,,,,,,6
"TOTAL",29,37,8,0,1,0,75
