,,"Ville de Montréal",,,,,
"Arts médiatiques",,,,,,,
"Répartition des activités régulières offertes en arts médiatiques par arrondissement et par groupe d'âge",,,,,,,
"Arts médiatiques","0-14 ans Nb d'activités","15-34 ans Nb d'activités","35-54 ans Nb d'activités","55 ans et + Nb d'activités","Multi-âge","Parents enfants","Total"
"Ahuntsic-Cartierville",,,8,,,,8
"Anjou",,,,,,,0
"Côte-des-Neiges-Notre-Dame-de-Grâce",,5,,,,,5
"Lachine",,,1,,,,1
"LaSalle",1,,7,,,,8
"Le Plateau Mont-Royal",,,17,,,,17
"Le Sud-Ouest",,,,,,,0
"L'Île-Bizard-Sainte-Geneviève",,,4,,,,4
"Mercier-Hochelaga-Maisonneuve",,11,22,,,,33
"Montréal-Nord",,2,,,,,2
"Outremont",,,,,,,0
"Pierrefonds-Roxboro",1,,3,,,,4
"Rivière-des-Prairies-Pointe-aux-Trembles",1,4,12,,,,17
"Rosemont-La-Petite-Patrie",7,2,13,18,,,40
"Saint-Laurent",,,10,,,,10
"Saint-Léonard",,,,,,,0
"Verdun",,,8,,,,8
"Ville-Marie",1,3,18,,,,22
"Villeray-Saint-Michel-Parc-Extension",,10,6,1,2,,19
"TOTAL",11,37,129,19,2,0,198
