,,"Ville de Montréal",,,,,
"Métiers d'art",,,,,,,
"Répartition des activités régulières offertes en métiers d'art par arrondissement et par groupe d'âge",,,,,,,
"Métiers d'art","0-14 ans Nb d'activités","15-34 ans Nb d'activités","35-54 ans Nb d'activités","55 ans et + Nb d'activités","Multi-âge","Parents enfants","Total"
"Ahuntsic-Cartierville",8,4,31,,,,43
"Anjou",,,14,,,,14
"Côte-des-Neiges-Notre-Dame-de-Grâce",9,4,44,,,,57
"Lachine",,,6,1,1,,8
"LaSalle",,,9,12,,,21
"Le Plateau Mont-Royal",,,30,,,,30
"Le Sud-Ouest",,,8,,,,8
"L'Île-Bizard-Sainte-Geneviève",1,1,1,,,,3
"Mercier-Hochelaga-Maisonneuve",2,6,72,8,,,88
"Montréal-Nord",1,3,5,1,,,10
"Outremont",,,,,,,0
"Pierrefonds-Roxboro",,,2,5,,,7
"Rivière-des-Prairies-Pointe-aux-Trembles",5,,33,,,,38
"Rosemont-La-Petite-Patrie",4,9,24,12,,,49
"Saint-Laurent",11,6,72,,,1,90
"Saint-Léonard",,,4,,,,4
"Verdun",1,,,9,,,10
"Ville-Marie",,,24,,,,24
"Villeray-Saint-Michel-Parc-Extension",,,25,12,1,,38
"TOTAL",42,33,404,60,2,1,542
