<?xml version="1.0" encoding="utf-8"?>
<export xmlns:xsi="http://www.w3.org/2001/XMLSchema-instance" xmlns:xsd="http://www.w3.org/2001/XMLSchema" datedebut="2021-11-01" datefin="2021-11-30">
  <contrat>
    <numeroseao>303591</numeroseao>
    <numero>8603-09-0901</numero>
    <datefinale>2017-01-13</datefinale>
    <datepublicationfinale>2015-01-29</datepublicationfinale>
    <montantfinal>69557735.380000</montantfinal>
    <nomcontractant>EBC-TNT, s.e.n.c.</nomcontractant>
    <neqcontractant />
  </contrat>
  <contrat>
    <numeroseao>335767</numeroseao>
    <numero>8908-09-0901</numero>
    <datefinale>2015-05-08</datefinale>
    <datepublicationfinale>2013-12-13</datepublicationfinale>
    <montantfinal>2044979.940000</montantfinal>
    <nomcontractant>CARRIÈRES EDELWEISS INC.</nomcontractant>
    <neqcontractant>1162595558</neqcontractant>
  </contrat>
  <contrat>
    <numeroseao>374451</numeroseao>
    <numero>8701-10-0203</numero>
    <datefinale>2015-03-09</datefinale>
    <datepublicationfinale>2015-04-14</datepublicationfinale>
    <montantfinal>3643063.220000</montantfinal>
    <nomcontractant>LOISELLE INC.</nomcontractant>
    <neqcontractant>1142482703</neqcontractant>
  </contrat>
  <contrat>
    <numeroseao>458969</numeroseao>
    <numero>8401-09-HE12</numero>
    <datefinale>2015-04-17</datefinale>
    <datepublicationfinale>2014-03-06</datepublicationfinale>
    <montantfinal>872967.650000</montantfinal>
    <nomcontractant>Dessau inc.</nomcontractant>
    <neqcontractant />
  </contrat>
  <contrat>
    <numeroseao>466492</numeroseao>
    <numero>8903-10-HA09</numero>
    <datefinale>2017-09-06</datefinale>
    <datepublicationfinale>2015-04-14</datepublicationfinale>
    <montantfinal>347962.500000</montantfinal>
    <nomcontractant>Aecom Tecsult inc.</nomcontractant>
    <neqcontractant />
  </contrat>
  <contrat>
    <numeroseao>642350</numeroseao>
    <numero>8909-13-4505</numero>
    <datefinale>2017-10-13</datefinale>
    <datepublicationfinale>2014-09-08</datepublicationfinale>
    <montantfinal>2805665.700000</montantfinal>
    <nomcontractant>CSL - Loma Inc.</nomcontractant>
    <neqcontractant>1148466874</neqcontractant>
  </contrat>
  <contrat>
    <numeroseao>864412</numeroseao>
    <numero>P624-015B</numero>
    <datefinale>2020-09-30</datefinale>
    <datepublicationfinale>2018-11-30</datepublicationfinale>
    <montantfinal>136460.000000</montantfinal>
    <nomcontractant>OLYMPUS CANADA INC.</nomcontractant>
    <neqcontractant>1163495170</neqcontractant>
  </contrat>
  <contrat>
    <numeroseao>908268</numeroseao>
    <numero>7007-15-AU15</numero>
    <datefinale>2016-03-31</datefinale>
    <datepublicationfinale>2016-05-12</datepublicationfinale>
    <montantfinal>64900.730000</montantfinal>
    <nomcontractant>Maskimo Construction inc.</nomcontractant>
    <neqcontractant>1164900954</neqcontractant>
  </contrat>
  <contrat>
    <numeroseao>924746</numeroseao>
    <numero>29581400</numero>
    <datefinale>2021-09-30</datefinale>
    <datepublicationfinale>2021-10-25</datepublicationfinale>
    <montantfinal>919504.330000</montantfinal>
    <nomcontractant>Service d'entretien Perform-Net (9063-4825 Québec Inc)</nomcontractant>
    <neqcontractant>1147696000</neqcontractant>
  </contrat>
  <contrat>
    <numeroseao>939885</numeroseao>
    <numero>2016-760-00-01</numero>
    <datefinale>2021-04-30</datefinale>
    <datepublicationfinale>2021-06-02</datepublicationfinale>
    <montantfinal>4721399.750000</montantfinal>
    <nomcontractant>Corporation AbbVie</nomcontractant>
    <neqcontractant>1168194513</neqcontractant>
  </contrat>
  <contrat>
    <numeroseao>939885</numeroseao>
    <numero>2016-760-00-01</numero>
    <datefinale>2021-04-30</datefinale>
    <datepublicationfinale>2021-06-02</datepublicationfinale>
    <montantfinal>4793175.190000</montantfinal>
    <nomcontractant>Corporation Baxter</nomcontractant>
    <neqcontractant>1171462808</neqcontractant>
  </contrat>
  <contrat>
    <numeroseao>964812</numeroseao>
    <numero>1229-15</numero>
    <datefinale>2021-08-19</datefinale>
    <datepublicationfinale>2021-10-18</datepublicationfinale>
    <montantfinal>133178.200000</montantfinal>
    <nomcontractant>GRAP CLINIQUE DE PSYCHOLOGIE AU TRAVAIL INC.</nomcontractant>
    <neqcontractant>1170228978</neqcontractant>
  </contrat>
  <contrat>
    <numeroseao>969090</numeroseao>
    <numero>ES-2016-110</numero>
    <datefinale>2021-06-30</datefinale>
    <datepublicationfinale>2021-07-12</datepublicationfinale>
    <montantfinal>437942.500000</montantfinal>
    <nomcontractant>Service d'Entretien Bérubé inc.</nomcontractant>
    <neqcontractant>1172055122</neqcontractant>
  </contrat>
  <contrat>
    <numeroseao>971613</numeroseao>
    <numero>30715600</numero>
    <datefinale>2021-08-31</datefinale>
    <datepublicationfinale>2021-08-31</datepublicationfinale>
    <montantfinal>187954.880000</montantfinal>
    <nomcontractant>ENTRETIEN FABIEN PERRON INC.</nomcontractant>
    <neqcontractant>1160032216</neqcontractant>
  </contrat>
  <contrat>
    <numeroseao>977519</numeroseao>
    <numero>2016-SI-109</numero>
    <datefinale>2018-07-26</datefinale>
    <datepublicationfinale>2018-08-16</datepublicationfinale>
    <montantfinal>42515.400000</montantfinal>
    <nomcontractant>P.E. BOISVERT AUTO LTÉE</nomcontractant>
    <neqcontractant>1141849233</neqcontractant>
  </contrat>
  <contrat>
    <numeroseao>978254</numeroseao>
    <numero>2016A012</numero>
    <datefinale>2021-08-31</datefinale>
    <datepublicationfinale>2021-10-30</datepublicationfinale>
    <montantfinal>733349.810000</montantfinal>
    <nomcontractant>MARQUIS IMPRIMEUR INC.</nomcontractant>
    <neqcontractant>1163413249</neqcontractant>
  </contrat>
  <contrat>
    <numeroseao>1011939</numeroseao>
    <numero>31082300</numero>
    <datefinale>2021-08-31</datefinale>
    <datepublicationfinale>2021-10-27</datepublicationfinale>
    <montantfinal>288322.360000</montantfinal>
    <nomcontractant>SERVICE SANITAIRE FRONTENAC LTÉE</nomcontractant>
    <neqcontractant>1142883132</neqcontractant>
  </contrat>
  <contrat>
    <numeroseao>1091888</numeroseao>
    <numero>32407900</numero>
    <datefinale>2020-07-31</datefinale>
    <datepublicationfinale>2020-12-04</datepublicationfinale>
    <montantfinal>97085.950000</montantfinal>
    <nomcontractant>Les spécialistes AVA inc.</nomcontractant>
    <neqcontractant>1171457683</neqcontractant>
  </contrat>
  <contrat>
    <numeroseao>1101207</numeroseao>
    <numero>SG2017-031 P </numero>
    <datefinale>2019-05-29</datefinale>
    <datepublicationfinale>2021-01-20</datepublicationfinale>
    <montantfinal>198568.730000</montantfinal>
    <nomcontractant>Gestion UHTM Inc.</nomcontractant>
    <neqcontractant>1170467824</neqcontractant>
  </contrat>
  <contrat>
    <numeroseao>1123853</numeroseao>
    <numero>P25293</numero>
    <datefinale>2021-02-14</datefinale>
    <datepublicationfinale>2021-04-12</datepublicationfinale>
    <montantfinal>2219511.000000</montantfinal>
    <nomcontractant>ATELIER DU MARTIN-PÊCHEUR INC.</nomcontractant>
    <neqcontractant>1142301614</neqcontractant>
  </contrat>
  <contrat>
    <numeroseao>1140558</numeroseao>
    <numero>SG2018-002 P</numero>
    <datefinale>2019-11-08</datefinale>
    <datepublicationfinale>2021-01-20</datepublicationfinale>
    <montantfinal>632717.150000</montantfinal>
    <nomcontractant>UNIROC CONSTRUCTION INC.</nomcontractant>
    <neqcontractant>1168784057</neqcontractant>
  </contrat>
  <contrat>
    <numeroseao>1146609</numeroseao>
    <numero>288101BC1241972</numero>
    <datefinale>2017-12-14</datefinale>
    <datepublicationfinale>2018-03-16</datepublicationfinale>
    <montantfinal>27641.990000</montantfinal>
    <nomcontractant>Techno Électrique 2007</nomcontractant>
    <neqcontractant>1164564131</neqcontractant>
  </contrat>
  <contrat>
    <numeroseao>1146704</numeroseao>
    <numero>BC1239921</numero>
    <datefinale>2018-01-08</datefinale>
    <datepublicationfinale>2018-03-13</datepublicationfinale>
    <montantfinal>61269.550000</montantfinal>
    <nomcontractant>ESRI Canada inc</nomcontractant>
    <neqcontractant />
  </contrat>
  <contrat>
    <numeroseao>1147702</numeroseao>
    <numero>9094</numero>
    <datefinale>2019-07-02</datefinale>
    <datepublicationfinale>2021-08-18</datepublicationfinale>
    <montantfinal>1442880.590000</montantfinal>
    <nomcontractant>CONSTRUCTIONS BSL INC.</nomcontractant>
    <neqcontractant>1141120692</neqcontractant>
  </contrat>
  <contrat>
    <numeroseao>1150192</numeroseao>
    <numero>P25486</numero>
    <datefinale>2021-07-31</datefinale>
    <datepublicationfinale>2021-10-29</datepublicationfinale>
    <montantfinal>1805883.700000</montantfinal>
    <nomcontractant>STRATÉGIE ORGANISATION ET MÉTHODE SOM INC.</nomcontractant>
    <neqcontractant>1148466015</neqcontractant>
  </contrat>
  <contrat>
    <numeroseao>1160639</numeroseao>
    <numero>39A1701</numero>
    <datefinale>2019-02-20</datefinale>
    <datepublicationfinale>2021-06-23</datepublicationfinale>
    <montantfinal>289278.030000</montantfinal>
    <nomcontractant>9140-0663 Québec inc. (G7 Construction)</nomcontractant>
    <neqcontractant>1162104666</neqcontractant>
  </contrat>
  <contrat>
    <numeroseao>1169308</numeroseao>
    <numero>9009-18-4573</numero>
    <datefinale>2021-09-23</datefinale>
    <datepublicationfinale>2019-10-30</datepublicationfinale>
    <montantfinal>714738.290000</montantfinal>
    <nomcontractant>R.P. Verpaelst Inc.</nomcontractant>
    <neqcontractant>1140035735</neqcontractant>
  </contrat>
  <contrat>
    <numeroseao>1173666</numeroseao>
    <numero>6407-18-4529</numero>
    <datefinale>2021-11-24</datefinale>
    <datepublicationfinale>2019-09-25</datepublicationfinale>
    <montantfinal>664081.520000</montantfinal>
    <nomcontractant>EXCAVATIONS TOURIGNY INC.</nomcontractant>
    <neqcontractant>1147893409</neqcontractant>
  </contrat>
  <contrat>
    <numeroseao>1175381</numeroseao>
    <numero>1718-103-001SRM</numero>
    <datefinale>2021-08-31</datefinale>
    <datepublicationfinale>2021-09-07</datepublicationfinale>
    <montantfinal>34148.910000</montantfinal>
    <nomcontractant>Centre Culturel de Joliette inc.</nomcontractant>
    <neqcontractant>1142119263</neqcontractant>
  </contrat>
  <contrat>
    <numeroseao>1175514</numeroseao>
    <numero>8610-18-4506</numero>
    <datefinale>2021-10-19</datefinale>
    <datepublicationfinale>2021-10-20</datepublicationfinale>
    <montantfinal>464381.710000</montantfinal>
    <nomcontractant>9132-5902 QUÉBEC INC.</nomcontractant>
    <neqcontractant>1161685772</neqcontractant>
  </contrat>
  <contrat>
    <numeroseao>1177158</numeroseao>
    <numero>33-04-2018</numero>
    <datefinale>2019-12-06</datefinale>
    <datepublicationfinale>2021-01-07</datepublicationfinale>
    <montantfinal>452302.250000</montantfinal>
    <nomcontractant>CONSTRUCTION COUTURE &amp; TANGUAY INC.</nomcontractant>
    <neqcontractant>1161224309</neqcontractant>
  </contrat>
  <contrat>
    <numeroseao>1193737</numeroseao>
    <numero>34135000</numero>
    <datefinale>2021-08-05</datefinale>
    <datepublicationfinale>2021-08-05</datepublicationfinale>
    <montantfinal>46000.060000</montantfinal>
    <nomcontractant>9148-0772 Québec Inc.</nomcontractant>
    <neqcontractant>1162569694</neqcontractant>
  </contrat>
  <contrat>
    <numeroseao>1195095</numeroseao>
    <numero>32487600</numero>
    <datefinale>2021-08-31</datefinale>
    <datepublicationfinale>2021-10-27</datepublicationfinale>
    <montantfinal>293066.060000</montantfinal>
    <nomcontractant>MULTI-ENERGIE BEST INC.</nomcontractant>
    <neqcontractant>1144040194</neqcontractant>
  </contrat>
  <contrat>
    <numeroseao>1198501</numeroseao>
    <numero>1509977</numero>
    <datefinale>2020-09-03</datefinale>
    <datepublicationfinale>2021-03-19</datepublicationfinale>
    <montantfinal>653062.030000</montantfinal>
    <nomcontractant>ÉQUIPEMENTS PLANNORD LTÉE</nomcontractant>
    <neqcontractant>1143540954</neqcontractant>
  </contrat>
  <contrat>
    <numeroseao>1200291</numeroseao>
    <numero>9299</numero>
    <datefinale>2021-09-30</datefinale>
    <datepublicationfinale>2020-08-12</datepublicationfinale>
    <montantfinal>479380.710000</montantfinal>
    <nomcontractant>Institut Polytechnique Rural de Formation et de recherche Appliquée De Katibougou</nomcontractant>
    <neqcontractant />
  </contrat>
  <contrat>
    <numeroseao>1201355</numeroseao>
    <numero>2506-18-HE01</numero>
    <datefinale>2021-01-27</datefinale>
    <datepublicationfinale>2021-03-24</datepublicationfinale>
    <montantfinal>574158.200000</montantfinal>
    <nomcontractant>CIMA+ S.E.N.C.</nomcontractant>
    <neqcontractant>3340563140</neqcontractant>
  </contrat>
  <contrat>
    <numeroseao>1211070</numeroseao>
    <numero>999733156</numero>
    <datefinale>2021-09-30</datefinale>
    <datepublicationfinale>2021-10-20</datepublicationfinale>
    <montantfinal>103068.210000</montantfinal>
    <nomcontractant>Ebsco Canada Ltée</nomcontractant>
    <neqcontractant>1149035389</neqcontractant>
  </contrat>
  <contrat>
    <numeroseao>1222921</numeroseao>
    <numero>1288338</numero>
    <datefinale>2018-08-23</datefinale>
    <datepublicationfinale>2019-02-13</datepublicationfinale>
    <montantfinal>38773.790000</montantfinal>
    <nomcontractant>Les Entreprises Ventec Inc</nomcontractant>
    <neqcontractant>1145668878</neqcontractant>
  </contrat>
  <contrat>
    <numeroseao>1227129</numeroseao>
    <numero>MA100428</numero>
    <datefinale>2021-10-21</datefinale>
    <datepublicationfinale>2021-03-26</datepublicationfinale>
    <montantfinal>91446.300000</montantfinal>
    <nomcontractant>Tetra Tech QI inc - Est</nomcontractant>
    <neqcontractant>1169411510</neqcontractant>
  </contrat>
  <contrat>
    <numeroseao>1247112</numeroseao>
    <numero>2019-2341</numero>
    <datefinale>2021-08-04</datefinale>
    <datepublicationfinale>2021-08-04</datepublicationfinale>
    <montantfinal>219555.000000</montantfinal>
    <nomcontractant>Cardinal Health Canada inc.</nomcontractant>
    <neqcontractant>1146265252</neqcontractant>
  </contrat>
  <contrat>
    <numeroseao>1251319</numeroseao>
    <numero>1538448</numero>
    <datefinale>2020-02-26</datefinale>
    <datepublicationfinale>2021-04-22</datepublicationfinale>
    <montantfinal>262118.990000</montantfinal>
    <nomcontractant>TOROMONT CAT (Québec)</nomcontractant>
    <neqcontractant>1144694263</neqcontractant>
  </contrat>
  <contrat>
    <numeroseao>1256143</numeroseao>
    <numero>MEI-P243</numero>
    <datefinale>2021-06-30</datefinale>
    <datepublicationfinale>2021-10-13</datepublicationfinale>
    <montantfinal>251794.040000</montantfinal>
    <nomcontractant>FUJITSU CONSEIL (CANADA) INC.</nomcontractant>
    <neqcontractant>1143039486</neqcontractant>
  </contrat>
  <contrat>
    <numeroseao>1275109</numeroseao>
    <numero>2019-2324</numero>
    <datefinale>2021-05-31</datefinale>
    <datepublicationfinale>2021-08-09</datepublicationfinale>
    <montantfinal>50554.000000</montantfinal>
    <nomcontractant>RYAN MEDICAL DISTRIBUTORS INC.</nomcontractant>
    <neqcontractant />
  </contrat>
  <contrat>
    <numeroseao>1281029</numeroseao>
    <numero>Contrat 2019-13-TR</numero>
    <datefinale>2019-11-25</datefinale>
    <datepublicationfinale>2020-05-26</datepublicationfinale>
    <montantfinal>277365.520000</montantfinal>
    <nomcontractant>LES ENTREPRISES STEEVE COUTURE INC.</nomcontractant>
    <neqcontractant>1143536325</neqcontractant>
  </contrat>
  <contrat>
    <numeroseao>1284762</numeroseao>
    <numero>BON192000098</numero>
    <datefinale />
    <datepublicationfinale>2021-05-18</datepublicationfinale>
    <montantfinal>0.000000</montantfinal>
    <nomcontractant>MSB</nomcontractant>
    <neqcontractant>1167620419</neqcontractant>
  </contrat>
  <contrat>
    <numeroseao>1315385</numeroseao>
    <numero>19-248 - 048108250</numero>
    <datefinale>2021-03-31</datefinale>
    <datepublicationfinale>2021-08-24</datepublicationfinale>
    <montantfinal>331133.560000</montantfinal>
    <nomcontractant>L.K. INDUSTRIES INC.</nomcontractant>
    <neqcontractant>1146714994</neqcontractant>
  </contrat>
  <contrat>
    <numeroseao>1315743</numeroseao>
    <numero>2020-3169</numero>
    <datefinale>2021-05-31</datefinale>
    <datepublicationfinale>2021-06-25</datepublicationfinale>
    <montantfinal>87600.000000</montantfinal>
    <nomcontractant>Alco Service</nomcontractant>
    <neqcontractant>1165496549</neqcontractant>
  </contrat>
  <contrat>
    <numeroseao>1319207</numeroseao>
    <numero>SP-29865</numero>
    <datefinale>2021-01-31</datefinale>
    <datepublicationfinale>2021-07-20</datepublicationfinale>
    <montantfinal>1477116.340000</montantfinal>
    <nomcontractant>SEL ICECAT INC.</nomcontractant>
    <neqcontractant>1174727777</neqcontractant>
  </contrat>
  <contrat>
    <numeroseao>1320001</numeroseao>
    <numero>19-297- 5LAUR.AGR</numero>
    <datefinale>2021-07-02</datefinale>
    <datepublicationfinale>2021-08-23</datepublicationfinale>
    <montantfinal>31542.220000</montantfinal>
    <nomcontractant>Tennis Mapa inc.</nomcontractant>
    <neqcontractant>1167155960</neqcontractant>
  </contrat>
  <contrat>
    <numeroseao>1326423</numeroseao>
    <numero>19-304 - 068-125967</numero>
    <datefinale>2021-03-10</datefinale>
    <datepublicationfinale>2021-10-05</datepublicationfinale>
    <montantfinal>241861.290000</montantfinal>
    <nomcontractant>CONSTRUCTION ENCORE LTÉE</nomcontractant>
    <neqcontractant>1141864257</neqcontractant>
  </contrat>
  <contrat>
    <numeroseao>1329006</numeroseao>
    <numero>APL192000243</numero>
    <datefinale>2021-04-08</datefinale>
    <datepublicationfinale>2021-06-14</datepublicationfinale>
    <montantfinal>255732.410000</montantfinal>
    <nomcontractant>9116-0093 QUÉBEC INC.</nomcontractant>
    <neqcontractant>1160768595</neqcontractant>
  </contrat>
  <contrat>
    <numeroseao>1331816</numeroseao>
    <numero>MH-2019-2020-09</numero>
    <datefinale>2021-10-26</datefinale>
    <datepublicationfinale>2021-10-26</datepublicationfinale>
    <montantfinal>149885.000000</montantfinal>
    <nomcontractant>LES ÉQUIPEMENTS D'ARPENTAGE CANSEL INC.</nomcontractant>
    <neqcontractant>1165037962</neqcontractant>
  </contrat>
  <contrat>
    <numeroseao>1334109</numeroseao>
    <numero>20-064 - 069125971</numero>
    <datefinale>2021-02-10</datefinale>
    <datepublicationfinale>2021-08-23</datepublicationfinale>
    <montantfinal>498992.830000</montantfinal>
    <nomcontractant>CONSTRUCTION PLANIT INC.</nomcontractant>
    <neqcontractant>1161768842</neqcontractant>
  </contrat>
  <contrat>
    <numeroseao>1334772</numeroseao>
    <numero>INV-3290</numero>
    <datefinale>2021-05-04</datefinale>
    <datepublicationfinale>2021-09-22</datepublicationfinale>
    <montantfinal>74393.760000</montantfinal>
    <nomcontractant>Location Kiroule inc.</nomcontractant>
    <neqcontractant>1143876242</neqcontractant>
  </contrat>
  <contrat>
    <numeroseao>1335613</numeroseao>
    <numero>20-044 - 042145074 </numero>
    <datefinale>2020-09-23</datefinale>
    <datepublicationfinale>2021-08-24</datepublicationfinale>
    <montantfinal>137460.000000</montantfinal>
    <nomcontractant>REGULVAR INC.</nomcontractant>
    <neqcontractant>1146502761</neqcontractant>
  </contrat>
  <contrat>
    <numeroseao>1335892</numeroseao>
    <numero>2020-155-19BLH173</numero>
    <datefinale>2020-12-17</datefinale>
    <datepublicationfinale>2021-01-20</datepublicationfinale>
    <montantfinal>281877.300000</montantfinal>
    <nomcontractant>CONSTRUCTION ÉRIC LONGPRÉ</nomcontractant>
    <neqcontractant>1147207568</neqcontractant>
  </contrat>
  <contrat>
    <numeroseao>1337466</numeroseao>
    <numero>Contrat 2020-04-TR</numero>
    <datefinale>2021-08-24</datefinale>
    <datepublicationfinale>2021-09-09</datepublicationfinale>
    <montantfinal>327567.970000</montantfinal>
    <nomcontractant>LES ENTREPRISES DANIEL ROBERT INC.</nomcontractant>
    <neqcontractant>1140155889</neqcontractant>
  </contrat>
  <contrat>
    <numeroseao>1341851</numeroseao>
    <numero>AO-CSI-PPFI-02</numero>
    <datefinale>2020-05-19</datefinale>
    <datepublicationfinale>2021-05-03</datepublicationfinale>
    <montantfinal>36738.720000</montantfinal>
    <nomcontractant>SONEPAR CANADA INC.</nomcontractant>
    <neqcontractant>1161248001</neqcontractant>
  </contrat>
  <contrat>
    <numeroseao>1345792</numeroseao>
    <numero>Contrat 2020-05-TR</numero>
    <datefinale>2021-02-28</datefinale>
    <datepublicationfinale>2021-03-31</datepublicationfinale>
    <montantfinal>303618.830000</montantfinal>
    <nomcontractant>GESTION SEPTEM INC.</nomcontractant>
    <neqcontractant>1174215385</neqcontractant>
  </contrat>
  <contrat>
    <numeroseao>1346370</numeroseao>
    <numero>INV-3305</numero>
    <datefinale>2020-07-23</datefinale>
    <datepublicationfinale>2021-04-27</datepublicationfinale>
    <montantfinal>98694.310000</montantfinal>
    <nomcontractant>Pièces d'auto Jarry Ltée</nomcontractant>
    <neqcontractant>1142610006</neqcontractant>
  </contrat>
  <contrat>
    <numeroseao>1348411</numeroseao>
    <numero>44515971</numero>
    <datefinale>2021-09-09</datefinale>
    <datepublicationfinale>2021-10-25</datepublicationfinale>
    <montantfinal>110325.000000</montantfinal>
    <nomcontractant>Les Entreprises Géniam</nomcontractant>
    <neqcontractant>1166655861</neqcontractant>
  </contrat>
  <contrat>
    <numeroseao>1349299</numeroseao>
    <numero>Contrat 2020-09-TR</numero>
    <datefinale>2020-08-28</datefinale>
    <datepublicationfinale>2021-01-22</datepublicationfinale>
    <montantfinal>1090231.750000</montantfinal>
    <nomcontractant>LES PAVAGES CÉKA INC.</nomcontractant>
    <neqcontractant>1160427812</neqcontractant>
  </contrat>
  <contrat>
    <numeroseao>1351918</numeroseao>
    <numero>MH-2019-2020-23</numero>
    <datefinale>2021-10-28</datefinale>
    <datepublicationfinale>2021-10-28</datepublicationfinale>
    <montantfinal>103112.230000</montantfinal>
    <nomcontractant>AGILENT TECHNOLOGIES CANADA INC.</nomcontractant>
    <neqcontractant>1148717821</neqcontractant>
  </contrat>
  <contrat>
    <numeroseao>1356183</numeroseao>
    <numero>Contrat 2020-07-SP</numero>
    <datefinale>2020-10-19</datefinale>
    <datepublicationfinale>2020-11-05</datepublicationfinale>
    <montantfinal>42425.780000</montantfinal>
    <nomcontractant>MLC ASSOCIÉS INC.</nomcontractant>
    <neqcontractant>1148027114</neqcontractant>
  </contrat>
  <contrat>
    <numeroseao>1362353</numeroseao>
    <numero>44514783</numero>
    <datefinale>2021-02-01</datefinale>
    <datepublicationfinale>2021-09-14</datepublicationfinale>
    <montantfinal>346998.660000</montantfinal>
    <nomcontractant>Construction Fluet Inc.</nomcontractant>
    <neqcontractant>1169370047</neqcontractant>
  </contrat>
  <contrat>
    <numeroseao>1362536</numeroseao>
    <numero>20-3911</numero>
    <datefinale>2021-03-31</datefinale>
    <datepublicationfinale>2021-04-12</datepublicationfinale>
    <montantfinal>26000.000000</montantfinal>
    <nomcontractant>Jean-Pierre Julien</nomcontractant>
    <neqcontractant />
  </contrat>
  <contrat>
    <numeroseao>1363588</numeroseao>
    <numero>RPPC20-03034-GG</numero>
    <datefinale>2021-07-31</datefinale>
    <datepublicationfinale>2021-08-30</datepublicationfinale>
    <montantfinal>40328.000000</montantfinal>
    <nomcontractant>Bouffe-action de Rosemont</nomcontractant>
    <neqcontractant>1143782804</neqcontractant>
  </contrat>
  <contrat>
    <numeroseao>1364486</numeroseao>
    <numero>BON192001701</numero>
    <datefinale>2020-05-25</datefinale>
    <datepublicationfinale>2020-06-02</datepublicationfinale>
    <montantfinal>40692.420000</montantfinal>
    <nomcontractant>Heliceo</nomcontractant>
    <neqcontractant />
  </contrat>
  <contrat>
    <numeroseao>1370140</numeroseao>
    <numero>Contrat 2020-11-TR</numero>
    <datefinale>2020-11-13</datefinale>
    <datepublicationfinale>2021-03-17</datepublicationfinale>
    <montantfinal>225412.280000</montantfinal>
    <nomcontractant>CONSTRUCTION LAROTEK INC.</nomcontractant>
    <neqcontractant>1168625821</neqcontractant>
  </contrat>
  <contrat>
    <numeroseao>1370546</numeroseao>
    <numero>1071</numero>
    <datefinale>2020-11-13</datefinale>
    <datepublicationfinale>2020-12-21</datepublicationfinale>
    <montantfinal>203794.040000</montantfinal>
    <nomcontractant>LES TERRASSEMENTS MULTI-PAYSAGES INC.</nomcontractant>
    <neqcontractant>1140382590</neqcontractant>
  </contrat>
  <contrat>
    <numeroseao>1370967</numeroseao>
    <numero>1410858</numero>
    <datefinale>2020-05-30</datefinale>
    <datepublicationfinale>2020-06-25</datepublicationfinale>
    <montantfinal>26940.570000</montantfinal>
    <nomcontractant>Systèmes Urbains Inc.</nomcontractant>
    <neqcontractant>1168008721</neqcontractant>
  </contrat>
  <contrat>
    <numeroseao>1371652</numeroseao>
    <numero>9829</numero>
    <datefinale>2021-06-30</datefinale>
    <datepublicationfinale>2021-08-17</datepublicationfinale>
    <montantfinal>735803.770000</montantfinal>
    <nomcontractant>Les Entreprises Raymond Denis (1990) inc</nomcontractant>
    <neqcontractant>1142614735</neqcontractant>
  </contrat>
  <contrat>
    <numeroseao>1372524</numeroseao>
    <numero>1377407</numero>
    <datefinale>2020-03-03</datefinale>
    <datepublicationfinale>2020-05-20</datepublicationfinale>
    <montantfinal>31907.860000</montantfinal>
    <nomcontractant>Les Fourgons Transit inc.</nomcontractant>
    <neqcontractant>1160907052</neqcontractant>
  </contrat>
  <contrat>
    <numeroseao>1376977</numeroseao>
    <numero>1296785</numero>
    <datefinale>2018-10-04</datefinale>
    <datepublicationfinale>2020-05-29</datepublicationfinale>
    <montantfinal>39593.170000</montantfinal>
    <nomcontractant>Dryco Group Inc</nomcontractant>
    <neqcontractant>1163697783</neqcontractant>
  </contrat>
  <contrat>
    <numeroseao>1378627</numeroseao>
    <numero>44518605</numero>
    <datefinale>2021-09-24</datefinale>
    <datepublicationfinale>2021-09-28</datepublicationfinale>
    <montantfinal>5254624.810000</montantfinal>
    <nomcontractant>RCM Modulaire Inc</nomcontractant>
    <neqcontractant>1149510068</neqcontractant>
  </contrat>
  <contrat>
    <numeroseao>1380355</numeroseao>
    <numero>209-CSAD</numero>
    <datefinale>2021-11-04</datefinale>
    <datepublicationfinale>2021-09-28</datepublicationfinale>
    <montantfinal>533016.730000</montantfinal>
    <nomcontractant>A PLUS CONSTRUCTION INC.</nomcontractant>
    <neqcontractant>1147105218</neqcontractant>
  </contrat>
  <contrat>
    <numeroseao>1383774</numeroseao>
    <numero>20-0107-COVID</numero>
    <datefinale>2021-03-14</datefinale>
    <datepublicationfinale>2021-10-05</datepublicationfinale>
    <montantfinal>1232813.070000</montantfinal>
    <nomcontractant>Bell Canada</nomcontractant>
    <neqcontractant>1172462849</neqcontractant>
  </contrat>
  <contrat>
    <numeroseao>1387789</numeroseao>
    <numero>2021-4271</numero>
    <datefinale>2021-05-31</datefinale>
    <datepublicationfinale>2021-08-13</datepublicationfinale>
    <montantfinal>277713.630000</montantfinal>
    <nomcontractant>Le Renaissance Cowansville, S.E.C</nomcontractant>
    <neqcontractant>3373042913</neqcontractant>
  </contrat>
  <contrat>
    <numeroseao>1394625</numeroseao>
    <numero>07-12947 - 2020-07-27</numero>
    <datefinale>2021-10-25</datefinale>
    <datepublicationfinale>2020-12-16</datepublicationfinale>
    <montantfinal>30529.170000</montantfinal>
    <nomcontractant>DHC Énergie inc.</nomcontractant>
    <neqcontractant>1169465615</neqcontractant>
  </contrat>
  <contrat>
    <numeroseao>1399020</numeroseao>
    <numero>367321186</numero>
    <datefinale>2021-10-18</datefinale>
    <datepublicationfinale>2021-10-22</datepublicationfinale>
    <montantfinal>97830.000000</montantfinal>
    <nomcontractant>Ditservice inc.</nomcontractant>
    <neqcontractant>1175537399</neqcontractant>
  </contrat>
  <contrat>
    <numeroseao>1405838</numeroseao>
    <numero>37031501</numero>
    <datefinale>2020-09-30</datefinale>
    <datepublicationfinale>2021-04-15</datepublicationfinale>
    <montantfinal>32549.020000</montantfinal>
    <nomcontractant>Gesticonfort inc</nomcontractant>
    <neqcontractant>1144506046</neqcontractant>
  </contrat>
  <contrat>
    <numeroseao>1408737</numeroseao>
    <numero>BC 1430807</numero>
    <datefinale>2020-12-03</datefinale>
    <datepublicationfinale>2021-01-12</datepublicationfinale>
    <montantfinal>40241.250000</montantfinal>
    <nomcontractant>CIMA s.e.n.c.</nomcontractant>
    <neqcontractant>3340563140</neqcontractant>
  </contrat>
  <contrat>
    <numeroseao>1410934</numeroseao>
    <numero>44518002</numero>
    <datefinale>2021-09-17</datefinale>
    <datepublicationfinale>2021-10-27</datepublicationfinale>
    <montantfinal>223440.920000</montantfinal>
    <nomcontractant>PAGUI INC.</nomcontractant>
    <neqcontractant>1141727561</neqcontractant>
  </contrat>
  <contrat>
    <numeroseao>1422535</numeroseao>
    <numero>2020-01-TR INC</numero>
    <datefinale>2021-03-29</datefinale>
    <datepublicationfinale>2021-04-15</datepublicationfinale>
    <montantfinal>73422.700000</montantfinal>
    <nomcontractant>Groupe Ameublement Focus</nomcontractant>
    <neqcontractant>1170257639</neqcontractant>
  </contrat>
  <contrat>
    <numeroseao>1426764</numeroseao>
    <numero>1439421</numero>
    <datefinale>2021-04-07</datefinale>
    <datepublicationfinale>2021-04-07</datepublicationfinale>
    <montantfinal>17246.250000</montantfinal>
    <nomcontractant>Services Uniques J.M. inc.</nomcontractant>
    <neqcontractant>1140137986</neqcontractant>
  </contrat>
  <contrat>
    <numeroseao>1428875</numeroseao>
    <numero>29556-T</numero>
    <datefinale>2021-05-31</datefinale>
    <datepublicationfinale>2021-10-06</datepublicationfinale>
    <montantfinal>54256.900000</montantfinal>
    <nomcontractant>Vantage Endoscopy Inc.</nomcontractant>
    <neqcontractant>1167732024</neqcontractant>
  </contrat>
  <contrat>
    <numeroseao>1444513</numeroseao>
    <numero>20-299-GG -A-30433</numero>
    <datefinale>2021-11-24</datefinale>
    <datepublicationfinale>2021-09-30</datepublicationfinale>
    <montantfinal>26839.000000</montantfinal>
    <nomcontractant>J. Bélanger Intercom Inc.</nomcontractant>
    <neqcontractant>1141852948</neqcontractant>
  </contrat>
  <contrat>
    <numeroseao>1445141</numeroseao>
    <numero>20-348-GG-A-100005</numero>
    <datefinale>2021-02-25</datefinale>
    <datepublicationfinale>2021-09-30</datepublicationfinale>
    <montantfinal>51897.850000</montantfinal>
    <nomcontractant>Patterson Dentaire Canada</nomcontractant>
    <neqcontractant>1143411636</neqcontractant>
  </contrat>
  <contrat>
    <numeroseao>1450484</numeroseao>
    <numero>INSPQ-10221-1</numero>
    <datefinale>2021-10-31</datefinale>
    <datepublicationfinale>2021-09-02</datepublicationfinale>
    <montantfinal>76047.750000</montantfinal>
    <nomcontractant>Novaconcept Formation inc.</nomcontractant>
    <neqcontractant>1149531833</neqcontractant>
  </contrat>
  <contrat>
    <numeroseao>1451516</numeroseao>
    <numero>44519197</numero>
    <datefinale>2021-09-15</datefinale>
    <datepublicationfinale>2021-09-15</datepublicationfinale>
    <montantfinal>28315.000000</montantfinal>
    <nomcontractant>Stantec Experts-conseils ltée</nomcontractant>
    <neqcontractant>1170241336</neqcontractant>
  </contrat>
  <contrat>
    <numeroseao>1454154</numeroseao>
    <numero>Contrat 2021-14-TR</numero>
    <datefinale>2021-05-27</datefinale>
    <datepublicationfinale>2021-06-04</datepublicationfinale>
    <montantfinal>118151.650000</montantfinal>
    <nomcontractant>RUC CONSTRUCTION INC.</nomcontractant>
    <neqcontractant>1175465930</neqcontractant>
  </contrat>
  <contrat>
    <numeroseao>1463814</numeroseao>
    <numero>202109TPGDD</numero>
    <datefinale>2021-09-28</datefinale>
    <datepublicationfinale>2021-04-22</datepublicationfinale>
    <montantfinal>72153.000000</montantfinal>
    <nomcontractant>Les fourchettes de l'espoir</nomcontractant>
    <neqcontractant>1149891633</neqcontractant>
  </contrat>
  <contrat>
    <numeroseao>1468349</numeroseao>
    <numero>CS-90021-2010</numero>
    <datefinale>2021-09-30</datefinale>
    <datepublicationfinale>2021-10-15</datepublicationfinale>
    <montantfinal>177628.050000</montantfinal>
    <nomcontractant>Résidence du Haut-Richelieu Inc.</nomcontractant>
    <neqcontractant>1162113543</neqcontractant>
  </contrat>
  <contrat>
    <numeroseao>1470732</numeroseao>
    <numero>BC 1465103</numero>
    <datefinale>2021-03-30</datefinale>
    <datepublicationfinale>2021-04-08</datepublicationfinale>
    <montantfinal>84506.630000</montantfinal>
    <nomcontractant>Manorex Inc</nomcontractant>
    <neqcontractant>1170763842</neqcontractant>
  </contrat>
  <contrat>
    <numeroseao>1483247</numeroseao>
    <numero>21-4567</numero>
    <datefinale>2021-06-03</datefinale>
    <datepublicationfinale>2021-10-29</datepublicationfinale>
    <montantfinal>52650.000000</montantfinal>
    <nomcontractant>Résidence des Bâtisseurs Baie-Saint-Paul</nomcontractant>
    <neqcontractant>3371133060</neqcontractant>
  </contrat>
  <contrat>
    <numeroseao>1499336</numeroseao>
    <numero>BC 1478153</numero>
    <datefinale>2021-09-21</datefinale>
    <datepublicationfinale>2021-09-22</datepublicationfinale>
    <montantfinal>43695.250000</montantfinal>
    <nomcontractant>SANIQUIP INC.</nomcontractant>
    <neqcontractant>1142819185</neqcontractant>
  </contrat>
  <contrat>
    <numeroseao>1513821</numeroseao>
    <numero>21-18542</numero>
    <datefinale>2021-06-30</datefinale>
    <datepublicationfinale>2021-07-27</datepublicationfinale>
    <montantfinal>64363.010000</montantfinal>
    <nomcontractant>Traffic Logix</nomcontractant>
    <neqcontractant />
  </contrat>
  <contrat>
    <numeroseao>1513930</numeroseao>
    <numero>33622400</numero>
    <datefinale>2021-04-30</datefinale>
    <datepublicationfinale>2021-07-27</datepublicationfinale>
    <montantfinal>120442.960000</montantfinal>
    <nomcontractant>AV-TECH INC.</nomcontractant>
    <neqcontractant>1143543099</neqcontractant>
  </contrat>
  <contrat>
    <numeroseao>1514225</numeroseao>
    <numero>44515471</numero>
    <datefinale>2021-08-04</datefinale>
    <datepublicationfinale>2021-08-04</datepublicationfinale>
    <montantfinal>715752.170000</montantfinal>
    <nomcontractant>CONSTRUCTION JC-7 INC.</nomcontractant>
    <neqcontractant>1164298961</neqcontractant>
  </contrat>
  <contrat>
    <numeroseao>1517533</numeroseao>
    <numero>44515471</numero>
    <datefinale>2021-08-04</datefinale>
    <datepublicationfinale>2021-08-17</datepublicationfinale>
    <montantfinal>715752.170000</montantfinal>
    <nomcontractant>CONSTRUCTION JC-7 INC.</nomcontractant>
    <neqcontractant>1164298961</neqcontractant>
  </contrat>
</export>