<metadata xml:lang="fr"><Esri><CreaDate>20230412</CreaDate><CreaTime>10012600</CreaTime><ArcGISFormat>1.0</ArcGISFormat><SyncOnce>FALSE</SyncOnce><DataProperties><lineage><Process ToolSource="c:\program files\arcgis\pro\Resources\ArcToolbox\toolboxes\Cartography Tools.tbx\GridIndexFeatures" Date="20211118" Time="121905">GridIndexFeatures C:\Users\emile\Documents\TRAVAIL\STAGE2\TRAITEMENTS.gdb\CouchesDeBase\Maillage25x25 LimitesAdm INTERSECTFEATURE NO_USEPAGEUNIT # "25 Meters" "25 Meters" "265961,230999999 5027324,0678" 1431 1635 1 NO_LABELFROMORIGIN</Process><Process ToolSource="c:\program files\arcgis\pro\Resources\ArcToolbox\toolboxes\Data Management Tools.tbx\UpdateSchema" Date="20220119" Time="150342">UpdateSchema "CIMDATA=&lt;CIMFeatureDatasetDataConnection xsi:type='typens:CIMFeatureDatasetDataConnection' xmlns:xsi='http://www.w3.org/2001/XMLSchema-instance' xmlns:xs='http://www.w3.org/2001/XMLSchema' xmlns:typens='http://www.esri.com/schemas/ArcGIS/2.7.0'&gt;&lt;FeatureDataset&gt;CouchesDeBase&lt;/FeatureDataset&gt;&lt;WorkspaceConnectionString&gt;DATABASE=D:\DESS\STAGE\PROJET_MTL_HIVER_2022\DonneesEmile2021\ProjetVulnerabilite\BD_VULNERABILITE_2022\TRAITEMENTS.gdb&lt;/WorkspaceConnectionString&gt;&lt;WorkspaceFactory&gt;FileGDB&lt;/WorkspaceFactory&gt;&lt;Dataset&gt;Maillage25x25&lt;/Dataset&gt;&lt;DatasetType&gt;esriDTFeatureClass&lt;/DatasetType&gt;&lt;/CIMFeatureDatasetDataConnection&gt;" &lt;operationSequence&gt;&lt;workflow&gt;&lt;AddField&gt;&lt;field_name&gt;Superficie&lt;/field_name&gt;&lt;field_type&gt;DOUBLE&lt;/field_type&gt;&lt;field_alias&gt;Superficie&lt;/field_alias&gt;&lt;field_is_nullable&gt;True&lt;/field_is_nullable&gt;&lt;field_is_required&gt;False&lt;/field_is_required&gt;&lt;/AddField&gt;&lt;/workflow&gt;&lt;/operationSequence&gt;</Process><Process ToolSource="c:\program files\arcgis\pro\Resources\ArcToolbox\toolboxes\Data Management Tools.tbx\CalculateField" Date="20220119" Time="150603">CalculateField Maillage25x25 Superficie 625 "Python 3" # Text</Process><Process ToolSource="c:\program files\arcgis\pro\Resources\ArcToolbox\toolboxes\Data Management Tools.tbx\DeleteField" Date="20220119" Time="150643">DeleteField Maillage25x25 Superficie</Process><Process ToolSource="c:\program files\arcgis\pro\Resources\ArcToolbox\Toolboxes\Data Management Tools.tbx\CopyMultiple" Date="20220211" Time="151857">CopyMultiple "C:\Users\jg991003\STAGE_2\ProjetVulnerabilite_Hiver2022\BD_VULNERABILITE_2022\TRAITEMENTS.gdb\CouchesDeBase\Maillage25x25 FeatureClass;C:\Users\jg991003\STAGE_2\ProjetVulnerabilite_Hiver2022\BD_VULNERABILITE_2022\TRAITEMENTS.gdb\CouchesDeBase\Maillage30x30Aerien FeatureClass;C:\Users\jg991003\STAGE_2\ProjetVulnerabilite_Hiver2022\BD_VULNERABILITE_2022\TRAITEMENTS.gdb\CouchesDeBase\Maillage30x30Landsat52011 FeatureClass;C:\Users\jg991003\STAGE_2\ProjetVulnerabilite_Hiver2022\BD_VULNERABILITE_2022\TRAITEMENTS.gdb\CouchesDeBase\Maillage250x250 FeatureClass" C:\Users\jg991003\STAGE_2\ProjetVulnerabilite_Hiver2022\BD_VULNERABILITE_2022\MAILLAGE.gdb Maillage25x25;Maillage30x30Aerien;Maillage30x30Landsat52011;Maillage250x250 "Maillage25x25 FeatureClass Maillage25x25 #;Maillage30x30Aerien FeatureClass Maillage30x30Aerien #;Maillage30x30Landsat52011 FeatureClass Maillage30x30Landsat52011 #;Maillage250x250 FeatureClass Maillage250x250 #"</Process><Process ToolSource="c:\program files\arcgis\pro\Resources\ArcToolbox\toolboxes\Data Management Tools.tbx\CopyFeatures" Date="20230313" Time="165117">CopyFeatures maillage_25x25_vector D:\projet_plantation_mtl\arcgis\criteres_1a5.gdb\criteres_shp\maillage_25x25_vector # # # #</Process><Process ToolSource="c:\program files\arcgis\pro\Resources\ArcToolbox\toolboxes\Data Management Tools.tbx\CopyFeatures" Date="20230316" Time="140450">CopyFeatures new\maillage_25x25_vect D:\projet_plantation_mtl\arcgis\criteres_1a5.gdb\shp\maillage_25x25_vect # # # #</Process><Process ToolSource="c:\program files\arcgis\pro\Resources\ArcToolbox\toolboxes\Data Management Tools.tbx\JoinField" Date="20230316" Time="170025">JoinField critere3_drsp_maille PageName maillage_25x25_ve_Statistics PageName SUM_calcul_proportion_score "Select transfer fields" #</Process><Process ToolSource="c:\program files\arcgis\pro\Resources\ArcToolbox\toolboxes\Data Management Tools.tbx\DeleteField" Date="20230316" Time="173758">DeleteField MAILLAGE\maillage_25x25_vect SUM_calcul_proportion_score "Delete Fields"</Process><Process ToolSource="c:\program files\arcgis\pro\Resources\ArcToolbox\toolboxes\Data Management Tools.tbx\JoinField" Date="20230316" Time="192511">JoinField critere4_equite_maille PageName maillage_25x25_ve_Statistics1 PageName SUM_calcul_proportion_score "Select transfer fields" #</Process><Process ToolSource="c:\program files\arcgis\pro\Resources\ArcToolbox\toolboxes\Data Management Tools.tbx\DeleteField" Date="20230316" Time="201101">DeleteField MAILLAGE\maillage_25x25_vect SUM_calcul_proportion_score "Delete Fields"</Process><Process ToolSource="c:\program files\arcgis\pro\Resources\ArcToolbox\toolboxes\Data Management Tools.tbx\JoinField" Date="20230316" Time="205251">JoinField critere5_A_et_B_milieu_vie_maille PageName maillage_25x25_ve_Statistics_crit5_A_et_B PageNumber SUM_calcul_proportion_score "Select transfer fields" #</Process><Process ToolSource="c:\program files\arcgis\pro\Resources\ArcToolbox\toolboxes\Data Management Tools.tbx\JoinField" Date="20230316" Time="205305">JoinField critere5_A_et_B_milieu_vie_maille PageName maillage_25x25_ve_Statistics_crit5_A_et_B PageNumber SUM_calcul_proportion_score "Select transfer fields" #</Process><Process ToolSource="c:\program files\arcgis\pro\Resources\ArcToolbox\toolboxes\Data Management Tools.tbx\UpdateSchema" Date="20230316" Time="205455">UpdateSchema "CIMDATA=&lt;CIMFeatureDatasetDataConnection xsi:type='typens:CIMFeatureDatasetDataConnection' xmlns:xsi='http://www.w3.org/2001/XMLSchema-instance' xmlns:xs='http://www.w3.org/2001/XMLSchema' xmlns:typens='http://www.esri.com/schemas/ArcGIS/3.0.0'&gt;&lt;FeatureDataset&gt;shp&lt;/FeatureDataset&gt;&lt;WorkspaceConnectionString&gt;DATABASE=D:\projet_plantation_mtl\arcgis\criteres_1a5.gdb&lt;/WorkspaceConnectionString&gt;&lt;WorkspaceFactory&gt;FileGDB&lt;/WorkspaceFactory&gt;&lt;Dataset&gt;maillage_25x25_vect&lt;/Dataset&gt;&lt;DatasetType&gt;esriDTFeatureClass&lt;/DatasetType&gt;&lt;/CIMFeatureDatasetDataConnection&gt;" &lt;operationSequence&gt;&lt;workflow&gt;&lt;DeleteField&gt;&lt;field_name&gt;SUM_calcul_proportion_score&lt;/field_name&gt;&lt;/DeleteField&gt;&lt;/workflow&gt;&lt;/operationSequence&gt;</Process><Process ToolSource="c:\program files\arcgis\pro\Resources\ArcToolbox\toolboxes\Data Management Tools.tbx\UpdateSchema" Date="20230316" Time="205529">UpdateSchema "CIMDATA=&lt;CIMFeatureDatasetDataConnection xsi:type='typens:CIMFeatureDatasetDataConnection' xmlns:xsi='http://www.w3.org/2001/XMLSchema-instance' xmlns:xs='http://www.w3.org/2001/XMLSchema' xmlns:typens='http://www.esri.com/schemas/ArcGIS/3.0.0'&gt;&lt;FeatureDataset&gt;shp&lt;/FeatureDataset&gt;&lt;WorkspaceConnectionString&gt;DATABASE=D:\projet_plantation_mtl\arcgis\criteres_1a5.gdb&lt;/WorkspaceConnectionString&gt;&lt;WorkspaceFactory&gt;FileGDB&lt;/WorkspaceFactory&gt;&lt;Dataset&gt;maillage_25x25_vect&lt;/Dataset&gt;&lt;DatasetType&gt;esriDTFeatureClass&lt;/DatasetType&gt;&lt;/CIMFeatureDatasetDataConnection&gt;" &lt;operationSequence&gt;&lt;workflow&gt;&lt;DeleteField&gt;&lt;field_name&gt;SUM_calcul_proportion_score_1&lt;/field_name&gt;&lt;/DeleteField&gt;&lt;/workflow&gt;&lt;/operationSequence&gt;</Process><Process ToolSource="c:\program files\arcgis\pro\Resources\ArcToolbox\toolboxes\Data Management Tools.tbx\JoinField" Date="20230320" Time="181055">JoinField critere5_milieu_vie_maille PageName maillage_25x25_ve_Statistics_crit5 PageName SUM_calcul_proportion_score "Select transfer fields" #</Process><Process ToolSource="c:\program files\arcgis\pro\Resources\ArcToolbox\toolboxes\Data Management Tools.tbx\CopyFeatures" Date="20230321" Time="131214">CopyFeatures critere5_milieu_vie_maille D:\projet_plantation_mtl\arcgis\criteres_uniformises_maillage.gdb\criteres_shp\critere5_milieu_vie_maille # # # #</Process><Process ToolSource="c:\program files\arcgis\pro\Resources\ArcToolbox\toolboxes\Analysis Tools.tbx\Clip" Date="20230408" Time="100442">Clip critere5_milieu_vie_maille critere3_drsp_maille D:\Analyse_Multicritere_25m\GDB\criteres_uniformises_maillage.gdb\criteres_shp\critere5_milieu_vie_maille_clip #</Process><Process ToolSource="c:\program files\arcgis\pro\Resources\ArcToolbox\toolboxes\Data Management Tools.tbx\Rename" Date="20230408" Time="100527">Rename D:\Analyse_Multicritere_25m\GDB\criteres_uniformises_maillage.gdb\criteres_shp\critere5_milieu_vie_maille_clip D:\Analyse_Multicritere_25m\GDB\criteres_uniformises_maillage.gdb\criteres_shp\critere5_milieu_vie_maille FeatureClass</Process><Process Name="Calculate Field (5)" ToolSource="c:\program files\arcgis\pro\Resources\ArcToolbox\toolboxes\Data Management Tools.tbx\CalculateField" Date="20230411" Time="133238">CalculateField D:\projet_mtl\projet_arcgis\data\criteres_uniformises_maillage.gdb\criteres_shp\critere5_milieu_vie_maille score_analyse_multi (!SUM_calcul_proportion_score!)*2 "Python 3" # "Double (64-bit floating point)" NO_ENFORCE_DOMAINS</Process><Process Name="Calculate Field (5)" ToolSource="c:\program files\arcgis\pro\Resources\ArcToolbox\toolboxes\Data Management Tools.tbx\CalculateField" Date="20230411" Time="164451">CalculateField D:\projet_mtl\projet_arcgis\data\criteres_uniformises_maillage.gdb\criteres_shp\critere5_milieu_vie_maille score_analyse_multi (!SUM_calcul_proportion_score!)*2 "Python 3" # "Double (64-bit floating point)" NO_ENFORCE_DOMAINS</Process><Process Name="Calculate Field (5)" ToolSource="c:\program files\arcgis\pro\Resources\ArcToolbox\toolboxes\Data Management Tools.tbx\CalculateField" Date="20230411" Time="165751">CalculateField D:\projet_mtl\projet_arcgis\data\criteres_uniformises_maillage.gdb\criteres_shp\critere5_milieu_vie_maille score_analyse_multi (!SUM_calcul_proportion_score!)*2 "Python 3" # "Double (64-bit floating point)" NO_ENFORCE_DOMAINS</Process><Process ToolSource="c:\program files\arcgis\pro\Resources\ArcToolbox\toolboxes\Data Management Tools.tbx\CopyMultiple" Date="20230412" Time="100126">CopyMultiple "D:\projet_mtl\projet_arcgis\data\criteres_uniformises_maillage.gdb\criteres_shp\critere5_milieu_vie_maille FeatureClass" D:\projet_mtl\projet_arcgis\data\criteres_uniformises_maillage.gdb\criteres_shp critere5_milieu_vie_maille_1 "critere5_milieu_vie_maille FeatureClass critere5_milieu_vie_maille_1 #"</Process><Process ToolSource="c:\program files\arcgis\pro\Resources\ArcToolbox\toolboxes\Data Management Tools.tbx\Rename" Date="20230412" Time="100211">Rename D:\projet_mtl\projet_arcgis\data\criteres_uniformises_maillage.gdb\criteres_shp\critere5_milieu_vie_maille_1 D:\projet_mtl\projet_arcgis\data\criteres_uniformises_maillage.gdb\criteres_shp\maillage_25x25_vectoriel FeatureClass</Process><Process ToolSource="c:\program files\arcgis\pro\Resources\ArcToolbox\toolboxes\Data Management Tools.tbx\UpdateSchema" Date="20230412" Time="100329">UpdateSchema "CIMDATA=&lt;CIMFeatureDatasetDataConnection xsi:type='typens:CIMFeatureDatasetDataConnection' xmlns:xsi='http://www.w3.org/2001/XMLSchema-instance' xmlns:xs='http://www.w3.org/2001/XMLSchema' xmlns:typens='http://www.esri.com/schemas/ArcGIS/3.0.0'&gt;&lt;FeatureDataset&gt;criteres_shp&lt;/FeatureDataset&gt;&lt;WorkspaceConnectionString&gt;DATABASE=D:\projet_mtl\projet_arcgis\data\criteres_uniformises_maillage.gdb&lt;/WorkspaceConnectionString&gt;&lt;WorkspaceFactory&gt;FileGDB&lt;/WorkspaceFactory&gt;&lt;Dataset&gt;maillage_25x25_vectoriel&lt;/Dataset&gt;&lt;DatasetType&gt;esriDTFeatureClass&lt;/DatasetType&gt;&lt;/CIMFeatureDatasetDataConnection&gt;" &lt;operationSequence&gt;&lt;workflow&gt;&lt;DeleteField&gt;&lt;field_name&gt;SUM_calcul_proportion_score&lt;/field_name&gt;&lt;field_name&gt;score_analyse_multi&lt;/field_name&gt;&lt;/DeleteField&gt;&lt;/workflow&gt;&lt;/operationSequence&gt;</Process><Process ToolSource="c:\program files\arcgis\pro\Resources\ArcToolbox\toolboxes\Data Management Tools.tbx\JoinField" Date="20230529" Time="114811">JoinField critere5_AB_buffer25m_vect PageName critere5_AB_buffe_Statistics PageName SUM_calcul_proportion_score "Select transfer fields" #</Process><Process ToolSource="c:\program files\arcgis\pro\Resources\ArcToolbox\toolboxes\Data Management Tools.tbx\JoinField" Date="20230529" Time="160651">JoinField critere5_occup_sol_maille PageName fusion_Dissolve_I_Statistics PageName SUM_score "Select transfer fields" #</Process><Process ToolSource="c:\program files\arcgis\pro\Resources\ArcToolbox\toolboxes\Data Management Tools.tbx\DeleteField" Date="20230529" Time="161454">DeleteField maillage_25x25_vectoriel SUM_calcul_proportion_score "Delete Fields"</Process><Process ToolSource="c:\program files\arcgis\pro\Resources\ArcToolbox\toolboxes\Data Management Tools.tbx\DeleteField" Date="20230529" Time="161504">DeleteField maillage_25x25_vectoriel SUM_score "Delete Fields"</Process><Process ToolSource="c:\program files\arcgis\pro\Resources\ArcToolbox\toolboxes\Conversion Tools.tbx\ExportFeatures" Date="20230529" Time="161544">ExportFeatures maillage_25x25_vectoriel D:\projet_plantation_arbres\projet_plantation_retour_chicago\SIG\DATA\GDB\criteres_uniformises_maillage.gdb\criteres_shp\maillage_25x25_crit5 # NOT_USE_ALIAS "PageName "PageName" true true false 255 Text 0 0,First,#,maillage_25x25_vectoriel,PageName,0,255;PageNumber "PageNumber" true true false 4 Long 0 0,First,#,maillage_25x25_vectoriel,PageNumber,-1,-1;Shape_Length "Shape_Length" false true true 8 Double 0 0,First,#,maillage_25x25_vectoriel,Shape_Length,-1,-1;Shape_Area "Shape_Area" false true true 8 Double 0 0,First,#,maillage_25x25_vectoriel,Shape_Area,-1,-1" #</Process><Process ToolSource="c:\program files\arcgis\pro\Resources\ArcToolbox\toolboxes\Data Management Tools.tbx\JoinField" Date="20230529" Time="163915">JoinField maillage_25x25_crit5 PageName fusion_Dissolve_crit5_Statistics PageName SUM_calcul_proportion_score "Select transfer fields" #</Process><Process ToolSource="c:\program files\arcgis\pro\Resources\ArcToolbox\toolboxes\Data Management Tools.tbx\CalculateField" Date="20230529" Time="170315">CalculateField maillage_25x25_crit5 SUM_calcul_proportion_score 0 "Python 3" # Text NO_ENFORCE_DOMAINS</Process><Process ToolSource="c:\program files\arcgis\pro\Resources\ArcToolbox\toolboxes\Data Management Tools.tbx\CalculateField" Date="20230529" Time="170533">CalculateField maillage_25x25_crit5 SUM_calcul_proportion_score None "Python 3" # Text NO_ENFORCE_DOMAINS</Process><Process ToolSource="c:\program files\arcgis\pro\Resources\ArcToolbox\toolboxes\Data Management Tools.tbx\Rename" Date="20230529" Time="170812">Rename D:\projet_plantation_arbres\projet_plantation_retour_chicago\SIG\DATA\GDB\criteres_uniformises_maillage.gdb\criteres_shp\maillage_25x25_crit5 D:\projet_plantation_arbres\projet_plantation_retour_chicago\SIG\DATA\GDB\criteres_uniformises_maillage.gdb\criteres_shp\critere5_occup_sol_maille FeatureClass</Process><Process ToolSource="c:\program files\arcgis\pro\Resources\ArcToolbox\toolboxes\Conversion Tools.tbx\ExportFeatures" Date="20230620" Time="151200">ExportFeatures critere5_occup_sol_maille D:\PLANTATION_MTL\PLANTATION_MTL.gdb\PLANTATION_MTL\Critere5_Occup_Sol_Maille # NOT_USE_ALIAS "PageName "PageName" true true false 255 Text 0 0,First,#,critere5_occup_sol_maille,PageName,0,255;PageNumber "PageNumber" true true false 4 Long 0 0,First,#,critere5_occup_sol_maille,PageNumber,-1,-1;Shape_Length "Shape_Length" false true true 8 Double 0 0,First,#,critere5_occup_sol_maille,Shape_Length,-1,-1;Shape_Area "Shape_Area" false true true 8 Double 0 0,First,#,critere5_occup_sol_maille,Shape_Area,-1,-1;SUM_calcul_proportion_score "SUM_calcul_proportion_score" true true false 8 Double 0 0,First,#,critere5_occup_sol_maille,SUM_calcul_proportion_score,-1,-1" #</Process><Process ToolSource="c:\program files\arcgis\pro\Resources\ArcToolbox\toolboxes\Conversion Tools.tbx\ExportFeatures" Date="20230705" Time="132804">ExportFeatures Critere5_Occup_Sol_Maille C:\Users\duche\Desktop\PLANTATION_20juin2023\PLANTATION_MTL.gdb\PLANTATION_MTL\Maillage25x25_SansFleuve # NOT_USE_ALIAS "PageName "PageName" true true false 255 Text 0 0,First,#,Critere5_Occup_Sol_Maille,PageName,0,255;PageNumber "PageNumber" true true false 4 Long 0 0,First,#,Critere5_Occup_Sol_Maille,PageNumber,-1,-1;Shape_Length "Shape_Length" false true true 8 Double 0 0,First,#,Critere5_Occup_Sol_Maille,Shape_Length,-1,-1;Shape_Area "Shape_Area" false true true 8 Double 0 0,First,#,Critere5_Occup_Sol_Maille,Shape_Area,-1,-1" #</Process><Process Name="Export Features" ToolSource="c:\program files\arcgis\pro\Resources\ArcToolbox\toolboxes\Conversion Tools.tbx\ExportFeatures" Date="20230705" Time="180813">ExportFeatures Maillage25x25_SansFleuve C:\Users\duche\Desktop\PLANTATION_20juin2023\PLANTATION_MTL.gdb\PLANTATION_MTL\AMC_Plantation # NOT_USE_ALIAS "PageName "PageName" true true false 255 Text 0 0,First,#,Maillage25x25_SansFleuve,PageName,0,255;PageNumber "PageNumber" true true false 4 Long 0 0,First,#,Maillage25x25_SansFleuve,PageNumber,-1,-1;Shape_Length "Shape_Length" false true true 8 Double 0 0,First,#,Maillage25x25_SansFleuve,Shape_Length,-1,-1;Shape_Area "Shape_Area" false true true 8 Double 0 0,First,#,Maillage25x25_SansFleuve,Shape_Area,-1,-1" #</Process><Process Name="Join Field" ToolSource="c:\program files\arcgis\pro\Resources\ArcToolbox\toolboxes\Data Management Tools.tbx\JoinField" Date="20230705" Time="180928">JoinField C:\Users\duche\Desktop\PLANTATION_20juin2023\PLANTATION_MTL.gdb\PLANTATION_MTL\AMC_Plantation PageName AMC_PLANTATION_0a1 PageName Crit6_Score;Crit1_Score;Crit3_Score;Crit4_Score;Crit5_Score;Crit2_Score "Select transfer fields" #</Process><Process ToolSource="c:\program files\arcgis\pro\Resources\ArcToolbox\toolboxes\Data Management Tools.tbx\CalculateField" Date="20230705" Time="181346">CalculateField AMC_Plantation Crit6_Score 0 "Python 3" # Text NO_ENFORCE_DOMAINS</Process><Process ToolSource="c:\program files\arcgis\pro\Resources\ArcToolbox\toolboxes\Data Management Tools.tbx\CalculateField" Date="20230705" Time="181509">CalculateField AMC_Plantation Crit1_Score 0 "Python 3" # Text NO_ENFORCE_DOMAINS</Process><Process ToolSource="c:\program files\arcgis\pro\Resources\ArcToolbox\toolboxes\Data Management Tools.tbx\CalculateField" Date="20230705" Time="181547">CalculateField AMC_Plantation Crit3_Score 0 "Python 3" # Text NO_ENFORCE_DOMAINS</Process><Process ToolSource="c:\program files\arcgis\pro\Resources\ArcToolbox\toolboxes\Data Management Tools.tbx\CalculateField" Date="20230705" Time="181616">CalculateField AMC_Plantation Crit4_Score 0 "Python 3" # Text NO_ENFORCE_DOMAINS</Process><Process ToolSource="c:\program files\arcgis\pro\Resources\ArcToolbox\toolboxes\Data Management Tools.tbx\CalculateField" Date="20230705" Time="181738">CalculateField AMC_Plantation Crit5_Score 0 "Python 3" # Text NO_ENFORCE_DOMAINS</Process><Process ToolSource="c:\program files\arcgis\pro\Resources\ArcToolbox\toolboxes\Data Management Tools.tbx\CalculateField" Date="20230705" Time="181808">CalculateField AMC_Plantation Crit2_Score 0 "Python 3" # Text NO_ENFORCE_DOMAINS</Process><Process Name="Calculate Field" ToolSource="c:\program files\arcgis\pro\Resources\ArcToolbox\toolboxes\Data Management Tools.tbx\CalculateField" Date="20230705" Time="182513">CalculateField AMC_Plantation Crit1_Score 0 "Python 3" # Text NO_ENFORCE_DOMAINS</Process><Process Name="Add Field" ToolSource="c:\program files\arcgis\pro\Resources\ArcToolbox\toolboxes\Data Management Tools.tbx\AddField" Date="20230705" Time="182515">AddField AMC_Plantation AMC "Double (64-bit floating point)" # # # # NULLABLE NON_REQUIRED #</Process><Process Name="Calculate Field (2)" ToolSource="c:\program files\arcgis\pro\Resources\ArcToolbox\toolboxes\Data Management Tools.tbx\CalculateField" Date="20230705" Time="182516">CalculateField AMC_Plantation AMC "!Crit1_Score! + !Crit2_Score! + !Crit3_Score! + !Crit4_Score! + !Crit5_Score! + !Crit6_Score!" "Python 3" # Text NO_ENFORCE_DOMAINS</Process><Process ToolSource="c:\program files\arcgis\pro\Resources\ArcToolbox\toolboxes\Data Management Tools.tbx\DeleteField" Date="20230705" Time="182659">DeleteField AMC_Plantation AMC "Delete Fields"</Process><Process Name="Add Field" ToolSource="c:\program files\arcgis\pro\Resources\ArcToolbox\toolboxes\Data Management Tools.tbx\AddField" Date="20230705" Time="182741">AddField AMC_Plantation AMC "Double (64-bit floating point)" # # # # NULLABLE NON_REQUIRED #</Process><Process Name="Calculate Field (2)" ToolSource="c:\program files\arcgis\pro\Resources\ArcToolbox\toolboxes\Data Management Tools.tbx\CalculateField" Date="20230705" Time="182742">CalculateField AMC_Plantation AMC "!Crit1_Score! + !Crit2_Score! + !Crit3_Score! + !Crit4_Score! + !Crit5_Score! + !Crit6_Score!" "Python 3" # Text NO_ENFORCE_DOMAINS</Process><Process ToolSource="c:\program files\arcgis\pro\Resources\ArcToolbox\toolboxes\Data Management Tools.tbx\DeleteField" Date="20230705" Time="182818">DeleteField AMC_Plantation AMC "Delete Fields"</Process><Process Name="Add Field" ToolSource="c:\program files\arcgis\pro\Resources\ArcToolbox\toolboxes\Data Management Tools.tbx\AddField" Date="20230705" Time="183003">AddField AMC_Plantation AMC "Double (64-bit floating point)" # # # # NULLABLE NON_REQUIRED #</Process><Process Name="Calculate Field (2)" ToolSource="c:\program files\arcgis\pro\Resources\ArcToolbox\toolboxes\Data Management Tools.tbx\CalculateField" Date="20230705" Time="183039">CalculateField AMC_Plantation AMC "!Crit1_Score! + !Crit2_Score! + !Crit3_Score! + !Crit4_Score! + !Crit5_Score! + !Crit6_Score!" "Python 3" # Text NO_ENFORCE_DOMAINS</Process><Process Name="Add Field (2)" ToolSource="c:\program files\arcgis\pro\Resources\ArcToolbox\toolboxes\Data Management Tools.tbx\AddField" Date="20230705" Time="183546">AddField AMC_Plantation AMC_0a1 "Double (64-bit floating point)" # # # # NULLABLE NON_REQUIRED #</Process><Process Name="Calculate Field (3)" ToolSource="c:\program files\arcgis\pro\Resources\ArcToolbox\toolboxes\Data Management Tools.tbx\CalculateField" Date="20230705" Time="183609">CalculateField AMC_Plantation AMC_0a1 "!AMC! / 5,408629200978" "Python 3" # Text NO_ENFORCE_DOMAINS</Process><Process Name="Calculate Field (3)" ToolSource="c:\program files\arcgis\pro\Resources\ArcToolbox\toolboxes\Data Management Tools.tbx\CalculateField" Date="20230705" Time="183711">CalculateField AMC_Plantation AMC_0a1 "!AMC! / 5.408629200978" "Python 3" # Text NO_ENFORCE_DOMAINS</Process><Process Name="Add Field (3)" ToolSource="c:\program files\arcgis\pro\Resources\ArcToolbox\toolboxes\Data Management Tools.tbx\AddField" Date="20230705" Time="184329">AddField AMC_Plantation AMC_0a100 "Long (32-bit integer)" # # # # NULLABLE NON_REQUIRED #</Process><Process Name="Calculate Field (4)" ToolSource="c:\program files\arcgis\pro\Resources\ArcToolbox\toolboxes\Data Management Tools.tbx\CalculateField" Date="20230705" Time="184356">CalculateField AMC_Plantation AMC_0a100 "!AMC_0a1! * 100" "Python 3" # Text NO_ENFORCE_DOMAINS</Process><Process ToolSource="c:\program files\arcgis\pro\Resources\ArcToolbox\toolboxes\Data Management Tools.tbx\DeleteField" Date="20230705" Time="211126">DeleteField AMC_Plantation Crit1_Score "Delete Fields"</Process><Process Name="Join Field" ToolSource="c:\program files\arcgis\pro\Resources\ArcToolbox\toolboxes\Data Management Tools.tbx\JoinField" Date="20230705" Time="211540">JoinField AMC_Plantation PageName Critere1_Vuln_Chaleur_Maille PageName Crit1_Score "Select transfer fields" #</Process><Process ToolSource="c:\program files\arcgis\pro\Resources\ArcToolbox\toolboxes\Data Management Tools.tbx\CalculateField" Date="20230705" Time="211802">CalculateField AMC_Plantation Crit1_Score 0 "Python 3" # Text NO_ENFORCE_DOMAINS</Process><Process Name="Calculate Field (2)" ToolSource="c:\program files\arcgis\pro\Resources\ArcToolbox\toolboxes\Data Management Tools.tbx\CalculateField" Date="20230705" Time="212048">CalculateField AMC_Plantation AMC "!Crit1_Score! + !Crit2_Score! + !Crit3_Score! + !Crit4_Score! + !Crit5_Score! + !Crit6_Score!" "Python 3" # Text NO_ENFORCE_DOMAINS</Process><Process Name="Calculate Field (2)" ToolSource="c:\program files\arcgis\pro\Resources\ArcToolbox\toolboxes\Data Management Tools.tbx\CalculateField" Date="20230705" Time="212355">CalculateField AMC_Plantation AMC "!Crit1_Score! + !Crit2_Score! + !Crit3_Score! + !Crit4_Score! + !Crit5_Score! + !Crit6_Score!" "Python 3" # Text NO_ENFORCE_DOMAINS</Process><Process Name="Calculate Field (2)" ToolSource="c:\program files\arcgis\pro\Resources\ArcToolbox\toolboxes\Data Management Tools.tbx\CalculateField" Date="20230705" Time="212546">CalculateField AMC_Plantation AMC "!Crit1_Score! + !Crit2_Score! + !Crit3_Score! + !Crit4_Score! + !Crit5_Score! + !Crit6_Score!" "Python 3" # Text NO_ENFORCE_DOMAINS</Process><Process Name="Calculate Field" ToolSource="c:\program files\arcgis\pro\Resources\ArcToolbox\toolboxes\Data Management Tools.tbx\CalculateField" Date="20230705" Time="212856">CalculateField AMC_Plantation Crit1_Score 0 "Python 3" # Text NO_ENFORCE_DOMAINS</Process><Process Name="Calculate Field (3)" ToolSource="c:\program files\arcgis\pro\Resources\ArcToolbox\toolboxes\Data Management Tools.tbx\CalculateField" Date="20230705" Time="212857">CalculateField AMC_Plantation AMC_0a1 "!AMC! / 5.752432825" "Python 3" # Text NO_ENFORCE_DOMAINS</Process><Process Name="Add Field (3)" ToolSource="c:\program files\arcgis\pro\Resources\ArcToolbox\toolboxes\Data Management Tools.tbx\AddField" Date="20230705" Time="212857">AddField AMC_Plantation AMC_0a100 "Long (32-bit integer)" # # # # NULLABLE NON_REQUIRED #</Process><Process Name="Calculate Field (4)" ToolSource="c:\program files\arcgis\pro\Resources\ArcToolbox\toolboxes\Data Management Tools.tbx\CalculateField" Date="20230705" Time="212858">CalculateField AMC_Plantation AMC_0a100 "!AMC_0a1! * 100" "Python 3" # Text NO_ENFORCE_DOMAINS</Process><Process Name="Calculate Field (3)" ToolSource="c:\program files\arcgis\pro\Resources\ArcToolbox\toolboxes\Data Management Tools.tbx\CalculateField" Date="20230705" Time="212952">CalculateField AMC_Plantation AMC_0a1 "!AMC! / 5.752432825" "Python 3" # Text NO_ENFORCE_DOMAINS</Process><Process Name="Calculate Field (3)" ToolSource="c:\program files\arcgis\pro\Resources\ArcToolbox\toolboxes\Data Management Tools.tbx\CalculateField" Date="20230705" Time="213133">CalculateField AMC_Plantation AMC_0a1 "!AMC! / 5.752432825" "Python 3" # Text NO_ENFORCE_DOMAINS</Process><Process Name="Calculate Field (4)" ToolSource="c:\program files\arcgis\pro\Resources\ArcToolbox\toolboxes\Data Management Tools.tbx\CalculateField" Date="20230705" Time="213255">CalculateField AMC_Plantation AMC_0a100 "!AMC_0a1! * 100" "Python 3" # Text NO_ENFORCE_DOMAINS</Process><Process ToolSource="c:\program files\arcgis\pro\Resources\ArcToolbox\toolboxes\Conversion Tools.tbx\ExportFeatures" Date="20230706" Time="083142">ExportFeatures AMC_Plantation C:\Users\duche\Desktop\PLANTATION_20juin2023\AMC_Plantation_6Crit\AMC_Plantation.gdb\AMC_Plantation\AMC_Plantation_6Crit # NOT_USE_ALIAS "PageName "PageName" true true false 255 Text 0 0,First,#,AMC_Plantation,PageName,0,255;PageNumber "PageNumber" true true false 4 Long 0 0,First,#,AMC_Plantation,PageNumber,-1,-1;Crit6_Score "Crit6_Score" true true false 8 Double 0 0,First,#,AMC_Plantation,Crit6_Score,-1,-1;Crit1_Score "Crit1_Score" true true false 8 Double 0 0,First,#,AMC_Plantation,Crit1_Score,-1,-1;Crit3_Score "Crit3_Score" true true false 8 Double 0 0,First,#,AMC_Plantation,Crit3_Score,-1,-1;Crit4_Score "Crit4_Score" true true false 8 Double 0 0,First,#,AMC_Plantation,Crit4_Score,-1,-1;Crit5_Score "Crit5_Score" true true false 8 Double 0 0,First,#,AMC_Plantation,Crit5_Score,-1,-1;Crit2_Score "Crit2_Score" true true false 8 Double 0 0,First,#,AMC_Plantation,Crit2_Score,-1,-1;AMC "AMC" true true false 8 Double 0 0,First,#,AMC_Plantation,AMC,-1,-1;AMC_0a1 "AMC_0a1" true true false 8 Double 0 0,First,#,AMC_Plantation,AMC_0a1,-1,-1;AMC_0a100 "AMC_0a100" true true false 4 Long 0 0,First,#,AMC_Plantation,AMC_0a100,-1,-1;Shape_Length "Shape_Length" false true true 8 Double 0 0,First,#,AMC_Plantation,Shape_Length,-1,-1;Shape_Area "Shape_Area" false true true 8 Double 0 0,First,#,AMC_Plantation,Shape_Area,-1,-1" #</Process><Process ToolSource="c:\users\umallra\appdata\local\programs\arcgis\pro\Resources\ArcToolbox\toolboxes\Analysis Tools.tbx\Clip" Date="20230706" Time="094750">Clip AMC_Plantation_6Crit limites-administratives-MTL-nad83 "C:\Users\umallra\Desktop\AMC Plantation\AMC_Plantation.gdb\AMC_Plantation_6Crit_clip" #</Process><Process ToolSource="c:\users\umallra\appdata\local\programs\arcgis\pro\Resources\ArcToolbox\toolboxes\Data Management Tools.tbx\UpdateSchema" Date="20230706" Time="100602">UpdateSchema "CIMDATA=&lt;CIMStandardDataConnection xsi:type='typens:CIMStandardDataConnection' xmlns:xsi='http://www.w3.org/2001/XMLSchema-instance' xmlns:xs='http://www.w3.org/2001/XMLSchema' xmlns:typens='http://www.esri.com/schemas/ArcGIS/3.0.0'&gt;&lt;WorkspaceConnectionString&gt;DATABASE=C:\Users\umallra\Desktop\AMC Plantation\AMC_Plantation.gdb&lt;/WorkspaceConnectionString&gt;&lt;WorkspaceFactory&gt;FileGDB&lt;/WorkspaceFactory&gt;&lt;Dataset&gt;AMC_Plantation_6Crit_clip&lt;/Dataset&gt;&lt;DatasetType&gt;esriDTFeatureClass&lt;/DatasetType&gt;&lt;/CIMStandardDataConnection&gt;" &lt;operationSequence&gt;&lt;workflow&gt;&lt;AlterField&gt;&lt;field_name&gt;Crit3_Score&lt;/field_name&gt;&lt;new_field_name&gt;Crit3_Score&lt;/new_field_name&gt;&lt;field_is_nullable&gt;True&lt;/field_is_nullable&gt;&lt;clear_field_alias&gt;False&lt;/clear_field_alias&gt;&lt;/AlterField&gt;&lt;/workflow&gt;&lt;workflow&gt;&lt;AlterField&gt;&lt;field_name&gt;Crit4_Score&lt;/field_name&gt;&lt;new_field_name&gt;Crit4_Score&lt;/new_field_name&gt;&lt;field_is_nullable&gt;True&lt;/field_is_nullable&gt;&lt;clear_field_alias&gt;False&lt;/clear_field_alias&gt;&lt;/AlterField&gt;&lt;/workflow&gt;&lt;workflow&gt;&lt;AlterField&gt;&lt;field_name&gt;Crit5_Score&lt;/field_name&gt;&lt;new_field_name&gt;Crit5_Score&lt;/new_field_name&gt;&lt;field_is_nullable&gt;True&lt;/field_is_nullable&gt;&lt;clear_field_alias&gt;False&lt;/clear_field_alias&gt;&lt;/AlterField&gt;&lt;/workflow&gt;&lt;workflow&gt;&lt;AlterField&gt;&lt;field_name&gt;Crit6_Score&lt;/field_name&gt;&lt;new_field_name&gt;Crit6_Score&lt;/new_field_name&gt;&lt;field_is_nullable&gt;True&lt;/field_is_nullable&gt;&lt;clear_field_alias&gt;False&lt;/clear_field_alias&gt;&lt;/AlterField&gt;&lt;/workflow&gt;&lt;workflow&gt;&lt;AddField&gt;&lt;field_name&gt;Priorite&lt;/field_name&gt;&lt;field_type&gt;LONG&lt;/field_type&gt;&lt;field_is_nullable&gt;True&lt;/field_is_nullable&gt;&lt;field_is_required&gt;False&lt;/field_is_required&gt;&lt;/AddField&gt;&lt;/workflow&gt;&lt;workflow&gt;&lt;AddField&gt;&lt;field_name&gt;Priorite_ICU&lt;/field_name&gt;&lt;field_type&gt;LONG&lt;/field_type&gt;&lt;field_is_nullable&gt;True&lt;/field_is_nullable&gt;&lt;field_is_required&gt;False&lt;/field_is_required&gt;&lt;/AddField&gt;&lt;/workflow&gt;&lt;/operationSequence&gt;</Process><Process ToolSource="c:\users\umallra\appdata\local\programs\arcgis\pro\Resources\ArcToolbox\toolboxes\Data Management Tools.tbx\UpdateSchema" Date="20230706" Time="101232">UpdateSchema "CIMDATA=&lt;CIMStandardDataConnection xsi:type='typens:CIMStandardDataConnection' xmlns:xsi='http://www.w3.org/2001/XMLSchema-instance' xmlns:xs='http://www.w3.org/2001/XMLSchema' xmlns:typens='http://www.esri.com/schemas/ArcGIS/3.0.0'&gt;&lt;WorkspaceConnectionString&gt;DATABASE=C:\Users\umallra\Desktop\AMC Plantation\AMC_Plantation.gdb&lt;/WorkspaceConnectionString&gt;&lt;WorkspaceFactory&gt;FileGDB&lt;/WorkspaceFactory&gt;&lt;Dataset&gt;AMC_Plantation_6Crit_clip&lt;/Dataset&gt;&lt;DatasetType&gt;esriDTFeatureClass&lt;/DatasetType&gt;&lt;/CIMStandardDataConnection&gt;" &lt;operationSequence&gt;&lt;workflow&gt;&lt;AlterField&gt;&lt;field_name&gt;Crit3_Score&lt;/field_name&gt;&lt;new_field_name&gt;Crit3_Score&lt;/new_field_name&gt;&lt;field_is_nullable&gt;True&lt;/field_is_nullable&gt;&lt;clear_field_alias&gt;False&lt;/clear_field_alias&gt;&lt;/AlterField&gt;&lt;/workflow&gt;&lt;workflow&gt;&lt;AlterField&gt;&lt;field_name&gt;Crit4_Score&lt;/field_name&gt;&lt;new_field_name&gt;Crit4_Score&lt;/new_field_name&gt;&lt;field_is_nullable&gt;True&lt;/field_is_nullable&gt;&lt;clear_field_alias&gt;False&lt;/clear_field_alias&gt;&lt;/AlterField&gt;&lt;/workflow&gt;&lt;workflow&gt;&lt;AlterField&gt;&lt;field_name&gt;Crit5_Score&lt;/field_name&gt;&lt;new_field_name&gt;Crit5_Score&lt;/new_field_name&gt;&lt;field_is_nullable&gt;True&lt;/field_is_nullable&gt;&lt;clear_field_alias&gt;False&lt;/clear_field_alias&gt;&lt;/AlterField&gt;&lt;/workflow&gt;&lt;workflow&gt;&lt;AlterField&gt;&lt;field_name&gt;Crit6_Score&lt;/field_name&gt;&lt;new_field_name&gt;Crit6_Score&lt;/new_field_name&gt;&lt;field_is_nullable&gt;True&lt;/field_is_nullable&gt;&lt;clear_field_alias&gt;False&lt;/clear_field_alias&gt;&lt;/AlterField&gt;&lt;/workflow&gt;&lt;/operationSequence&gt;</Process><Process ToolSource="c:\users\umallra\appdata\local\programs\arcgis\pro\Resources\ArcToolbox\toolboxes\Data Management Tools.tbx\CalculateField" Date="20230706" Time="101448">CalculateField AMC_Plantation_6Crit_clip Priorite 5 "Python 3" # Text NO_ENFORCE_DOMAINS</Process><Process ToolSource="c:\users\umallra\appdata\local\programs\arcgis\pro\Resources\ArcToolbox\toolboxes\Data Management Tools.tbx\CalculateField" Date="20230706" Time="101509">CalculateField AMC_Plantation_6Crit_clip Priorite_ICU 5 "Python 3" # Text NO_ENFORCE_DOMAINS</Process><Process ToolSource="c:\users\umallra\appdata\local\programs\arcgis\pro\Resources\ArcToolbox\toolboxes\Data Management Tools.tbx\CalculateField" Date="20230706" Time="101626">CalculateField AMC_Plantation_6Crit_clip Priorite_ICU 4 "Python 3" # Text NO_ENFORCE_DOMAINS</Process><Process ToolSource="c:\users\umallra\appdata\local\programs\arcgis\pro\Resources\ArcToolbox\toolboxes\Data Management Tools.tbx\CalculateField" Date="20230706" Time="101646">CalculateField AMC_Plantation_6Crit_clip Priorite 4 "Python 3" # Text NO_ENFORCE_DOMAINS</Process><Process ToolSource="c:\users\umallra\appdata\local\programs\arcgis\pro\Resources\ArcToolbox\toolboxes\Data Management Tools.tbx\CalculateField" Date="20230706" Time="101740">CalculateField AMC_Plantation_6Crit_clip Priorite 3 "Python 3" # Text NO_ENFORCE_DOMAINS</Process><Process ToolSource="c:\users\umallra\appdata\local\programs\arcgis\pro\Resources\ArcToolbox\toolboxes\Data Management Tools.tbx\CalculateField" Date="20230706" Time="101806">CalculateField AMC_Plantation_6Crit_clip Priorite_ICU 3 "Python 3" # Text NO_ENFORCE_DOMAINS</Process><Process ToolSource="c:\users\umallra\appdata\local\programs\arcgis\pro\Resources\ArcToolbox\toolboxes\Data Management Tools.tbx\CalculateField" Date="20230706" Time="101859">CalculateField AMC_Plantation_6Crit_clip Priorite_ICU 2 "Python 3" # Text NO_ENFORCE_DOMAINS</Process><Process ToolSource="c:\users\umallra\appdata\local\programs\arcgis\pro\Resources\ArcToolbox\toolboxes\Data Management Tools.tbx\CalculateField" Date="20230706" Time="101925">CalculateField AMC_Plantation_6Crit_clip Priorite 2 "Python 3" # Text NO_ENFORCE_DOMAINS</Process><Process ToolSource="c:\users\umallra\appdata\local\programs\arcgis\pro\Resources\ArcToolbox\toolboxes\Data Management Tools.tbx\CalculateField" Date="20230706" Time="101959">CalculateField AMC_Plantation_6Crit_clip Priorite 1 "Python 3" # Text NO_ENFORCE_DOMAINS</Process><Process ToolSource="c:\users\umallra\appdata\local\programs\arcgis\pro\Resources\ArcToolbox\toolboxes\Data Management Tools.tbx\CalculateField" Date="20230706" Time="102018">CalculateField AMC_Plantation_6Crit_clip Priorite_ICU 1 "Python 3" # Text NO_ENFORCE_DOMAINS</Process><Process ToolSource="c:\users\umallra\appdata\local\programs\arcgis\pro\Resources\ArcToolbox\toolboxes\Data Management Tools.tbx\CalculateField" Date="20230706" Time="102232">CalculateField AMC_Plantation_6Crit_clip Priorite_ICU 3 "Python 3" # Text NO_ENFORCE_DOMAINS</Process><Process ToolSource="c:\users\umallra\appdata\local\programs\arcgis\pro\Resources\ArcToolbox\toolboxes\Conversion Tools.tbx\ExportFeatures" Date="20230706" Time="125609">ExportFeatures "Plantation arbres\AMC - 6 Critères - Avec ICU" "C:\Users\umallra\Desktop\AMC Plantation\AMC_Plantation_Priorites_VF.shp" # NOT_USE_ALIAS "PageName "PageName" true true false 255 Text 0 0,First,#,Plantation arbres\AMC - 6 Critères - Avec ICU,PageName,0,255;PageNumber "PageNumber" true true false 4 Long 0 0,First,#,Plantation arbres\AMC - 6 Critères - Avec ICU,PageNumber,-1,-1;Crit1_Score "Crit1_Score" true true false 8 Double 0 0,First,#,Plantation arbres\AMC - 6 Critères - Avec ICU,Crit1_Score,-1,-1;Crit2_Score "Crit2_Score" true true false 8 Double 0 0,First,#,Plantation arbres\AMC - 6 Critères - Avec ICU,Crit2_Score,-1,-1;Crit3_Score "Crit3_Score" true true false 8 Double 0 0,First,#,Plantation arbres\AMC - 6 Critères - Avec ICU,Crit3_Score,-1,-1;Crit4_Score "Crit4_Score" true true false 8 Double 0 0,First,#,Plantation arbres\AMC - 6 Critères - Avec ICU,Crit4_Score,-1,-1;Crit5_Score "Crit5_Score" true true false 8 Double 0 0,First,#,Plantation arbres\AMC - 6 Critères - Avec ICU,Crit5_Score,-1,-1;Crit6_Score "Crit6_Score" true true false 8 Double 0 0,First,#,Plantation arbres\AMC - 6 Critères - Avec ICU,Crit6_Score,-1,-1;AMC "AMC" true true false 8 Double 0 0,First,#,Plantation arbres\AMC - 6 Critères - Avec ICU,AMC,-1,-1;AMC_0a1 "AMC_0a1" true true false 8 Double 0 0,First,#,Plantation arbres\AMC - 6 Critères - Avec ICU,AMC_0a1,-1,-1;AMC_0a100 "AMC_0a100" true true false 4 Long 0 0,First,#,Plantation arbres\AMC - 6 Critères - Avec ICU,AMC_0a100,-1,-1;Priorite "Priorite" true true false 4 Long 0 0,First,#,Plantation arbres\AMC - 6 Critères - Avec ICU,Priorite,-1,-1;Priorite_ICU "Priorite_ICU" true true false 4 Long 0 0,First,#,Plantation arbres\AMC - 6 Critères - Avec ICU,Priorite_ICU,-1,-1;Shape_Length "Shape_Length" false true true 8 Double 0 0,First,#,Plantation arbres\AMC - 6 Critères - Avec ICU,Shape_Length,-1,-1;Shape_Area "Shape_Area" false true true 8 Double 0 0,First,#,Plantation arbres\AMC - 6 Critères - Avec ICU,Shape_Area,-1,-1" #</Process><Process ToolSource="c:\users\umallra\appdata\local\programs\arcgis\pro\Resources\ArcToolbox\toolboxes\Data Management Tools.tbx\UpdateSchema" Date="20230706" Time="125822">UpdateSchema "CIMDATA=&lt;CIMStandardDataConnection xsi:type='typens:CIMStandardDataConnection' xmlns:xsi='http://www.w3.org/2001/XMLSchema-instance' xmlns:xs='http://www.w3.org/2001/XMLSchema' xmlns:typens='http://www.esri.com/schemas/ArcGIS/3.0.0'&gt;&lt;WorkspaceConnectionString&gt;DATABASE=C:\Users\umallra\Desktop\AMC Plantation&lt;/WorkspaceConnectionString&gt;&lt;WorkspaceFactory&gt;Shapefile&lt;/WorkspaceFactory&gt;&lt;Dataset&gt;AMC_Plantation_Priorites_VF&lt;/Dataset&gt;&lt;DatasetType&gt;esriDTFeatureClass&lt;/DatasetType&gt;&lt;/CIMStandardDataConnection&gt;" &lt;operationSequence&gt;&lt;workflow&gt;&lt;DeleteField&gt;&lt;field_name&gt;Priorite&lt;/field_name&gt;&lt;/DeleteField&gt;&lt;/workflow&gt;&lt;/operationSequence&gt;</Process><Process ToolSource="c:\users\umallra\appdata\local\programs\arcgis\pro\Resources\ArcToolbox\toolboxes\Data Management Tools.tbx\UpdateSchema" Date="20230706" Time="125947">UpdateSchema "CIMDATA=&lt;CIMStandardDataConnection xsi:type='typens:CIMStandardDataConnection' xmlns:xsi='http://www.w3.org/2001/XMLSchema-instance' xmlns:xs='http://www.w3.org/2001/XMLSchema' xmlns:typens='http://www.esri.com/schemas/ArcGIS/3.0.0'&gt;&lt;WorkspaceConnectionString&gt;DATABASE=C:\Users\umallra\Desktop\AMC Plantation&lt;/WorkspaceConnectionString&gt;&lt;WorkspaceFactory&gt;Shapefile&lt;/WorkspaceFactory&gt;&lt;Dataset&gt;AMC_Plantation_Priorites_VF&lt;/Dataset&gt;&lt;DatasetType&gt;esriDTFeatureClass&lt;/DatasetType&gt;&lt;/CIMStandardDataConnection&gt;" &lt;operationSequence&gt;&lt;workflow&gt;&lt;AddField&gt;&lt;field_name&gt;Crit3_Can&lt;/field_name&gt;&lt;field_type&gt;DOUBLE&lt;/field_type&gt;&lt;field_precision&gt;0&lt;/field_precision&gt;&lt;field_scale&gt;0&lt;/field_scale&gt;&lt;field_is_nullable&gt;False&lt;/field_is_nullable&gt;&lt;field_is_required&gt;False&lt;/field_is_required&gt;&lt;/AddField&gt;&lt;/workflow&gt;&lt;/operationSequence&gt;</Process><Process ToolSource="c:\users\umallra\appdata\local\programs\arcgis\pro\Resources\ArcToolbox\toolboxes\Data Management Tools.tbx\UpdateSchema" Date="20230706" Time="130010">UpdateSchema "CIMDATA=&lt;CIMStandardDataConnection xsi:type='typens:CIMStandardDataConnection' xmlns:xsi='http://www.w3.org/2001/XMLSchema-instance' xmlns:xs='http://www.w3.org/2001/XMLSchema' xmlns:typens='http://www.esri.com/schemas/ArcGIS/3.0.0'&gt;&lt;WorkspaceConnectionString&gt;DATABASE=C:\Users\umallra\Desktop\AMC Plantation&lt;/WorkspaceConnectionString&gt;&lt;WorkspaceFactory&gt;Shapefile&lt;/WorkspaceFactory&gt;&lt;Dataset&gt;AMC_Plantation_Priorites_VF&lt;/Dataset&gt;&lt;DatasetType&gt;esriDTFeatureClass&lt;/DatasetType&gt;&lt;/CIMStandardDataConnection&gt;" &lt;operationSequence&gt;&lt;workflow&gt;&lt;DeleteField&gt;&lt;field_name&gt;Crit3_Can&lt;/field_name&gt;&lt;/DeleteField&gt;&lt;/workflow&gt;&lt;/operationSequence&gt;</Process><Process ToolSource="c:\users\umallra\appdata\local\programs\arcgis\pro\Resources\ArcToolbox\toolboxes\Analysis Tools.tbx\Intersect" Date="20230919" Time="092535">Intersect "'Plantation arbres\AMC_Plantation_Priorites_VF' #;'Limites administratives\limites-administratives-agglomeration-nad83' #" C:\Users\umallra\Desktop\DO\VdM-BTER_Plantation_Priorites_VF.shp "All attributes" # "Same as input"</Process><Process ToolSource="c:\users\umallra\appdata\local\programs\arcgis\pro\Resources\ArcToolbox\toolboxes\Data Management Tools.tbx\UpdateSchema" Date="20230919" Time="092830">UpdateSchema "CIMDATA=&lt;CIMStandardDataConnection xsi:type='typens:CIMStandardDataConnection' xmlns:xsi='http://www.w3.org/2001/XMLSchema-instance' xmlns:xs='http://www.w3.org/2001/XMLSchema' xmlns:typens='http://www.esri.com/schemas/ArcGIS/3.0.0'&gt;&lt;WorkspaceConnectionString&gt;DATABASE=C:\Users\umallra\Desktop\DO&lt;/WorkspaceConnectionString&gt;&lt;WorkspaceFactory&gt;Shapefile&lt;/WorkspaceFactory&gt;&lt;Dataset&gt;VdM-BTER_Plantation_Priorites_VF&lt;/Dataset&gt;&lt;DatasetType&gt;esriDTFeatureClass&lt;/DatasetType&gt;&lt;/CIMStandardDataConnection&gt;" &lt;operationSequence&gt;&lt;workflow&gt;&lt;DeleteField&gt;&lt;field_name&gt;PageName&lt;/field_name&gt;&lt;field_name&gt;PageNumber&lt;/field_name&gt;&lt;field_name&gt;Crit1_Scor&lt;/field_name&gt;&lt;field_name&gt;Crit2_Scor&lt;/field_name&gt;&lt;field_name&gt;Crit3_Scor&lt;/field_name&gt;&lt;field_name&gt;Crit4_Scor&lt;/field_name&gt;&lt;field_name&gt;Crit5_Scor&lt;/field_name&gt;&lt;field_name&gt;Crit6_Scor&lt;/field_name&gt;&lt;field_name&gt;AMC&lt;/field_name&gt;&lt;field_name&gt;AMC_0a1&lt;/field_name&gt;&lt;field_name&gt;AMC_0a100&lt;/field_name&gt;&lt;field_name&gt;FID_limite&lt;/field_name&gt;&lt;field_name&gt;CODEID&lt;/field_name&gt;&lt;field_name&gt;NOM&lt;/field_name&gt;&lt;field_name&gt;CODEMAMH&lt;/field_name&gt;&lt;field_name&gt;CODE_3C&lt;/field_name&gt;&lt;field_name&gt;NUM&lt;/field_name&gt;&lt;field_name&gt;ABREV&lt;/field_name&gt;&lt;field_name&gt;TYPE&lt;/field_name&gt;&lt;field_name&gt;COMMENT&lt;/field_name&gt;&lt;field_name&gt;DATEMODIF&lt;/field_name&gt;&lt;/DeleteField&gt;&lt;/workflow&gt;&lt;/operationSequence&gt;</Process><Process ToolSource="c:\users\umallra\appdata\local\programs\arcgis\pro\Resources\ArcToolbox\toolboxes\Data Management Tools.tbx\CalculateGeometryAttributes" Date="20230919" Time="094750">CalculateGeometryAttributes VdM-BTER_Plantation_Priorites_VF "Shape_Area AREA" # "Square Meters" PROJCS["NAD_1983_CSRS_MTM_8",GEOGCS["GCS_North_American_1983_CSRS",DATUM["D_North_American_1983_CSRS",SPHEROID["GRS_1980",6378137.0,298.257222101]],PRIMEM["Greenwich",0.0],UNIT["Degree",0.0174532925199433]],PROJECTION["Transverse_Mercator"],PARAMETER["False_Easting",304800.0],PARAMETER["False_Northing",0.0],PARAMETER["Central_Meridian",-73.5],PARAMETER["Scale_Factor",0.9999],PARAMETER["Latitude_Of_Origin",0.0],UNIT["Meter",1.0]] "Same as input"</Process><Process ToolSource="c:\users\umallra\appdata\local\programs\arcgis\pro\Resources\ArcToolbox\toolboxes\Data Management Tools.tbx\UpdateSchema" Date="20230919" Time="095516">UpdateSchema "CIMDATA=&lt;CIMStandardDataConnection xsi:type='typens:CIMStandardDataConnection' xmlns:xsi='http://www.w3.org/2001/XMLSchema-instance' xmlns:xs='http://www.w3.org/2001/XMLSchema' xmlns:typens='http://www.esri.com/schemas/ArcGIS/3.0.0'&gt;&lt;WorkspaceConnectionString&gt;DATABASE=C:\Users\umallra\Desktop\DO&lt;/WorkspaceConnectionString&gt;&lt;WorkspaceFactory&gt;Shapefile&lt;/WorkspaceFactory&gt;&lt;Dataset&gt;VdM-BTER_Plantation_Priorites_VF&lt;/Dataset&gt;&lt;DatasetType&gt;esriDTFeatureClass&lt;/DatasetType&gt;&lt;/CIMStandardDataConnection&gt;" &lt;operationSequence&gt;&lt;workflow&gt;&lt;DeleteField&gt;&lt;field_name&gt;FID_AMC_Pl&lt;/field_name&gt;&lt;/DeleteField&gt;&lt;/workflow&gt;&lt;workflow&gt;&lt;AddField&gt;&lt;field_name&gt;Legende&lt;/field_name&gt;&lt;field_type&gt;LONG&lt;/field_type&gt;&lt;field_is_nullable&gt;False&lt;/field_is_nullable&gt;&lt;field_is_required&gt;False&lt;/field_is_required&gt;&lt;/AddField&gt;&lt;/workflow&gt;&lt;/operationSequence&gt;</Process><Process ToolSource="c:\users\umallra\appdata\local\programs\arcgis\pro\Resources\ArcToolbox\toolboxes\Data Management Tools.tbx\CalculateField" Date="20230919" Time="095638">CalculateField VdM-BTER_Plantation_Priorites_VF Priorite_I "Priorité 1" "Python 3" # Text NO_ENFORCE_DOMAINS</Process><Process ToolSource="c:\users\umallra\appdata\local\programs\arcgis\pro\Resources\ArcToolbox\toolboxes\Data Management Tools.tbx\CalculateField" Date="20230919" Time="095720">CalculateField VdM-BTER_Plantation_Priorites_VF Legende "Priorité 1" "Python 3" # Text NO_ENFORCE_DOMAINS</Process><Process ToolSource="c:\users\umallra\appdata\local\programs\arcgis\pro\Resources\ArcToolbox\toolboxes\Data Management Tools.tbx\UpdateSchema" Date="20230919" Time="095827">UpdateSchema "CIMDATA=&lt;CIMStandardDataConnection xsi:type='typens:CIMStandardDataConnection' xmlns:xsi='http://www.w3.org/2001/XMLSchema-instance' xmlns:xs='http://www.w3.org/2001/XMLSchema' xmlns:typens='http://www.esri.com/schemas/ArcGIS/3.0.0'&gt;&lt;WorkspaceConnectionString&gt;DATABASE=C:\Users\umallra\Desktop\DO&lt;/WorkspaceConnectionString&gt;&lt;WorkspaceFactory&gt;Shapefile&lt;/WorkspaceFactory&gt;&lt;Dataset&gt;VdM-BTER_Plantation_Priorites_VF&lt;/Dataset&gt;&lt;DatasetType&gt;esriDTFeatureClass&lt;/DatasetType&gt;&lt;/CIMStandardDataConnection&gt;" &lt;operationSequence&gt;&lt;workflow&gt;&lt;DeleteField&gt;&lt;field_name&gt;Legende&lt;/field_name&gt;&lt;/DeleteField&gt;&lt;/workflow&gt;&lt;workflow&gt;&lt;AddField&gt;&lt;field_name&gt;Legende&lt;/field_name&gt;&lt;field_type&gt;TEXT&lt;/field_type&gt;&lt;field_length&gt;255&lt;/field_length&gt;&lt;field_is_nullable&gt;False&lt;/field_is_nullable&gt;&lt;field_is_required&gt;False&lt;/field_is_required&gt;&lt;/AddField&gt;&lt;/workflow&gt;&lt;/operationSequence&gt;</Process><Process ToolSource="c:\users\umallra\appdata\local\programs\arcgis\pro\Resources\ArcToolbox\toolboxes\Data Management Tools.tbx\CalculateField" Date="20230919" Time="095918">CalculateField VdM-BTER_Plantation_Priorites_VF Legende "Priorité 1" "Python 3" # Text NO_ENFORCE_DOMAINS</Process><Process ToolSource="c:\users\umallra\appdata\local\programs\arcgis\pro\Resources\ArcToolbox\toolboxes\Data Management Tools.tbx\CalculateField" Date="20230919" Time="095956">CalculateField VdM-BTER_Plantation_Priorites_VF Legende "Priorité 2" "Python 3" # Text NO_ENFORCE_DOMAINS</Process><Process ToolSource="c:\users\umallra\appdata\local\programs\arcgis\pro\Resources\ArcToolbox\toolboxes\Data Management Tools.tbx\CalculateField" Date="20230919" Time="100039">CalculateField VdM-BTER_Plantation_Priorites_VF Legende "Priorité 3" "Python 3" # Text NO_ENFORCE_DOMAINS</Process><Process ToolSource="c:\users\umallra\appdata\local\programs\arcgis\pro\Resources\ArcToolbox\toolboxes\Data Management Tools.tbx\CalculateField" Date="20230919" Time="100124">CalculateField VdM-BTER_Plantation_Priorites_VF Legende "aucune priorité" "Python 3" # Text NO_ENFORCE_DOMAINS</Process><Process ToolSource="c:\users\umallra\appdata\local\programs\arcgis\pro\Resources\ArcToolbox\toolboxes\Data Management Tools.tbx\CalculateField" Date="20230919" Time="100206">CalculateField VdM-BTER_Plantation_Priorites_VF Legende "aucune priorité" "Python 3" # Text NO_ENFORCE_DOMAINS</Process><Process ToolSource="c:\users\umallra\appdata\local\programs\arcgis\pro\Resources\ArcToolbox\toolboxes\Data Management Tools.tbx\Dissolve" Date="20230919" Time="100603">Dissolve VdM-BTER_Plantation_Priorites_VF C:\Users\umallra\Desktop\DO\VdM-BTER_Plantation_Priorites_DissolveVF.shp Priorite_I # MULTI_PART DISSOLVE_LINES #</Process><Process ToolSource="c:\users\umallra\appdata\local\programs\arcgis\pro\Resources\ArcToolbox\toolboxes\Data Management Tools.tbx\UpdateSchema" Date="20230919" Time="100645">UpdateSchema "CIMDATA=&lt;CIMStandardDataConnection xsi:type='typens:CIMStandardDataConnection' xmlns:xsi='http://www.w3.org/2001/XMLSchema-instance' xmlns:xs='http://www.w3.org/2001/XMLSchema' xmlns:typens='http://www.esri.com/schemas/ArcGIS/3.0.0'&gt;&lt;WorkspaceConnectionString&gt;DATABASE=C:\Users\umallra\Desktop\DO&lt;/WorkspaceConnectionString&gt;&lt;WorkspaceFactory&gt;Shapefile&lt;/WorkspaceFactory&gt;&lt;Dataset&gt;VdM-BTER_Plantation_Priorites_DissolveVF&lt;/Dataset&gt;&lt;DatasetType&gt;esriDTFeatureClass&lt;/DatasetType&gt;&lt;/CIMStandardDataConnection&gt;" &lt;operationSequence&gt;&lt;workflow&gt;&lt;AddField&gt;&lt;field_name&gt;Legende&lt;/field_name&gt;&lt;field_type&gt;TEXT&lt;/field_type&gt;&lt;field_length&gt;255&lt;/field_length&gt;&lt;field_is_nullable&gt;False&lt;/field_is_nullable&gt;&lt;field_is_required&gt;False&lt;/field_is_required&gt;&lt;/AddField&gt;&lt;/workflow&gt;&lt;workflow&gt;&lt;AddField&gt;&lt;field_name&gt;Area&lt;/field_name&gt;&lt;field_type&gt;DOUBLE&lt;/field_type&gt;&lt;field_is_nullable&gt;False&lt;/field_is_nullable&gt;&lt;field_is_required&gt;False&lt;/field_is_required&gt;&lt;/AddField&gt;&lt;/workflow&gt;&lt;/operationSequence&gt;</Process><Process ToolSource="c:\users\umallra\appdata\local\programs\arcgis\pro\Resources\ArcToolbox\toolboxes\Data Management Tools.tbx\CalculateGeometryAttributes" Date="20230919" Time="100744">CalculateGeometryAttributes VdM-BTER_Plantation_Priorites_DissolveVF "Area AREA" # "Square Meters" PROJCS["NAD_1983_CSRS_MTM_8",GEOGCS["GCS_North_American_1983_CSRS",DATUM["D_North_American_1983_CSRS",SPHEROID["GRS_1980",6378137.0,298.257222101]],PRIMEM["Greenwich",0.0],UNIT["Degree",0.0174532925199433]],PROJECTION["Transverse_Mercator"],PARAMETER["False_Easting",304800.0],PARAMETER["False_Northing",0.0],PARAMETER["Central_Meridian",-73.5],PARAMETER["Scale_Factor",0.9999],PARAMETER["Latitude_Of_Origin",0.0],UNIT["Meter",1.0]] "Same as input"</Process><Process ToolSource="c:\users\umallra\appdata\local\programs\arcgis\pro\Resources\ArcToolbox\toolboxes\Data Management Tools.tbx\Rename" Date="20230919" Time="100807">Rename C:\Users\umallra\Desktop\DO\VdM-BTER_Plantation_Priorites_DissolveVF.shp C:\Users\umallra\Desktop\DO\VdM-BTER_Plantation_Priorites_Dissolve_VF.shp ShapeFile</Process></lineage><itemProps><itemLocation><linkage Sync="TRUE">file://\\VP1356131\C$\Users\umallra\Desktop\DO\VdM-BTER_Plantation_Priorites_DissolveVF.shp</linkage><protocol Sync="TRUE">Local Area Network</protocol></itemLocation><itemName Sync="TRUE">VdM-BTER_Plantation_Priorites_DissolveVF</itemName><imsContentType Sync="TRUE">002</imsContentType><itemSize Sync="TRUE">0.000</itemSize></itemProps><coordRef><type Sync="TRUE">Projected</type><geogcsn Sync="TRUE">GCS_North_American_1983_CSRS</geogcsn><csUnits Sync="TRUE">Linear Unit: Meter (1.000000)</csUnits><projcsn Sync="TRUE">NAD_1983_CSRS_MTM_8</projcsn><peXml Sync="TRUE">&lt;ProjectedCoordinateSystem xsi:type='typens:ProjectedCoordinateSystem' xmlns:xsi='http://www.w3.org/2001/XMLSchema-instance' xmlns:xs='http://www.w3.org/2001/XMLSchema' xmlns:typens='http://www.esri.com/schemas/ArcGIS/3.0.0'&gt;&lt;WKT&gt;PROJCS[&amp;quot;NAD_1983_CSRS_MTM_8&amp;quot;,GEOGCS[&amp;quot;GCS_North_American_1983_CSRS&amp;quot;,DATUM[&amp;quot;D_North_American_1983_CSRS&amp;quot;,SPHEROID[&amp;quot;GRS_1980&amp;quot;,6378137.0,298.257222101]],PRIMEM[&amp;quot;Greenwich&amp;quot;,0.0],UNIT[&amp;quot;Degree&amp;quot;,0.0174532925199433]],PROJECTION[&amp;quot;Transverse_Mercator&amp;quot;],PARAMETER[&amp;quot;False_Easting&amp;quot;,304800.0],PARAMETER[&amp;quot;False_Northing&amp;quot;,0.0],PARAMETER[&amp;quot;Central_Meridian&amp;quot;,-73.5],PARAMETER[&amp;quot;Scale_Factor&amp;quot;,0.9999],PARAMETER[&amp;quot;Latitude_Of_Origin&amp;quot;,0.0],UNIT[&amp;quot;Meter&amp;quot;,1.0],AUTHORITY[&amp;quot;EPSG&amp;quot;,2950]]&lt;/WKT&gt;&lt;XOrigin&gt;-5317800&lt;/XOrigin&gt;&lt;YOrigin&gt;-10001100&lt;/YOrigin&gt;&lt;XYScale&gt;450310428.58990461&lt;/XYScale&gt;&lt;ZOrigin&gt;-100000&lt;/ZOrigin&gt;&lt;ZScale&gt;10000&lt;/ZScale&gt;&lt;MOrigin&gt;-100000&lt;/MOrigin&gt;&lt;MScale&gt;10000&lt;/MScale&gt;&lt;XYTolerance&gt;0.001&lt;/XYTolerance&gt;&lt;ZTolerance&gt;0.001&lt;/ZTolerance&gt;&lt;MTolerance&gt;0.001&lt;/MTolerance&gt;&lt;HighPrecision&gt;true&lt;/HighPrecision&gt;&lt;WKID&gt;2145&lt;/WKID&gt;&lt;LatestWKID&gt;2950&lt;/LatestWKID&gt;&lt;/ProjectedCoordinateSystem&gt;</peXml></coordRef><LayerFile>{"type":"CIMLayerDocument","version":"2.7.0","build":26828,"layers":["CIMPATH=Map/66beb6e76a354f6b85d271aec9f69256.xml"],"layerDefinitions":[{"type":"CIMFeatureLayer","name":"Maillage25x25","uRI":"CIMPATH=Map/66beb6e76a354f6b85d271aec9f69256.xml","sourceModifiedTime":{"type":"TimeInstant"},"useSourceMetadata":true,"description":"Maillage25x25","layerElevation":{"type":"CIMLayerElevationSurface","mapElevationID":"{6C92FB3F-AE57-45F4-8D14-185C0D3B5CDF}"},"expanded":true,"layerType":"Operational","showLegends":true,"visibility":true,"displayCacheType":"Permanent","maxDisplayCacheAge":5,"showPopups":true,"serviceLayerID":-1,"refreshRate":-1,"refreshRateUnit":"esriTimeUnitsSeconds","blendingMode":"Alpha","autoGenerateFeatureTemplates":true,"featureElevationExpression":"0","featureTable":{"type":"CIMFeatureTable","displayField":"PageName","editable":true,"dataConnection":{"type":"CIMFeatureDatasetDataConnection"},"studyAreaSpatialRel":"esriSpatialRelUndefined","searchOrder":"esriSearchOrderSpatial"},"htmlPopupEnabled":true,"selectable":true,"featureCacheType":"Session","displayFiltersType":"ByScale","featureBlendingMode":"Alpha","labelClasses":[{"type":"CIMLabelClass","expressionTitle":"Custom","expression":"$feature.OBJECTID","expressionEngine":"Arcade","featuresToLabel":"AllVisibleFeatures","maplexLabelPlacementProperties":{"type":"CIMMaplexLabelPlacementProperties","featureType":"Polygon","avoidPolygonHoles":true,"canOverrunFeature":true,"canPlaceLabelOutsidePolygon":true,"canRemoveOverlappingLabel":true,"canStackLabel":true,"connectionType":"Unambiguous","constrainOffset":"NoConstraint","contourAlignmentType":"Page","contourLadderType":"Straight","contourMaximumAngle":90,"enableConnection":true,"featureWeight":0,"fontHeightReductionLimit":4,"fontHeightReductionStep":0.5,"fontWidthReductionLimit":90,"fontWidthReductionStep":5,"graticuleAlignmentType":"Straight","keyNumberGroupName":"Default","labelBuffer":15,"labelLargestPolygon":true,"labelPriority":-1,"labelStackingProperties":{"type":"CIMMaplexLabelStackingProperties","stackAlignment":"ChooseBest","maximumNumberOfLines":3,"minimumNumberOfCharsPerLine":3,"maximumNumberOfCharsPerLine":24,"separators":[{"type":"CIMMaplexStackingSeparator","separator":" ","splitAfter":true},{"type":"CIMMaplexStackingSeparator","separator":",","visible":true,"splitAfter":true}]},"lineFeatureType":"General","linePlacementMethod":"OffsetCurvedFromLine","maximumLabelOverrun":80,"maximumLabelOverrunUnit":"Point","minimumFeatureSizeUnit":"Map","multiPartOption":"OneLabelPerPart","offsetAlongLineProperties":{"type":"CIMMaplexOffsetAlongLineProperties","placementMethod":"BestPositionAlongLine","labelAnchorPoint":"CenterOfLabel","distanceUnit":"Percentage","useLineDirection":true},"pointExternalZonePriorities":{"type":"CIMMaplexExternalZonePriorities","aboveLeft":4,"aboveCenter":2,"aboveRight":1,"centerRight":3,"belowRight":5,"belowCenter":7,"belowLeft":8,"centerLeft":6},"pointPlacementMethod":"AroundPoint","polygonAnchorPointType":"GeometricCenter","polygonBoundaryWeight":0,"polygonExternalZones":{"type":"CIMMaplexExternalZonePriorities","aboveLeft":4,"aboveCenter":2,"aboveRight":1,"centerRight":3,"belowRight":5,"belowCenter":7,"belowLeft":8,"centerLeft":6},"polygonFeatureType":"General","polygonInternalZones":{"type":"CIMMaplexInternalZonePriorities","center":1},"polygonPlacementMethod":"HorizontalInPolygon","primaryOffset":1,"primaryOffsetUnit":"Point","removeExtraWhiteSpace":true,"repetitionIntervalUnit":"Point","rotationProperties":{"type":"CIMMaplexRotationProperties","rotationType":"Arithmetic","alignmentType":"Straight"},"secondaryOffset":100,"strategyPriorities":{"type":"CIMMaplexStrategyPriorities","stacking":1,"overrun":2,"fontCompression":3,"fontReduction":4,"abbreviation":5},"thinningDistanceUnit":"Point","truncationMarkerCharacter":".","truncationMinimumLength":1,"truncationPreferredCharacters":"aeiou","truncationExcludedCharacters":"0123456789","polygonAnchorPointPerimeterInsetUnit":"Point"},"name":"Class 1","priority":-1,"standardLabelPlacementProperties":{"type":"CIMStandardLabelPlacementProperties","featureType":"Line","featureWeight":"None","labelWeight":"High","numLabelsOption":"OneLabelPerName","lineLabelPosition":{"type":"CIMStandardLineLabelPosition","above":true,"inLine":true,"parallel":true},"lineLabelPriorities":{"type":"CIMStandardLineLabelPriorities","aboveStart":3,"aboveAlong":3,"aboveEnd":3,"centerStart":3,"centerAlong":3,"centerEnd":3,"belowStart":3,"belowAlong":3,"belowEnd":3},"pointPlacementMethod":"AroundPoint","pointPlacementPriorities":{"type":"CIMStandardPointPlacementPriorities","aboveLeft":2,"aboveCenter":2,"aboveRight":1,"centerLeft":3,"centerRight":2,"belowLeft":3,"belowCenter":3,"belowRight":2},"rotationType":"Arithmetic","polygonPlacementMethod":"AlwaysHorizontal"},"textSymbol":{"type":"CIMSymbolReference","symbol":{"type":"CIMTextSymbol","blockProgression":"TTB","depth3D":1,"extrapolateBaselines":true,"fontEffects":"Normal","fontEncoding":"Unicode","fontFamilyName":"Tahoma","fontStyleName":"Regular","fontType":"Unspecified","haloSize":1,"height":10,"hinting":"Default","horizontalAlignment":"Left","kerning":true,"letterWidth":100,"ligatures":true,"lineGapType":"ExtraLeading","symbol":{"type":"CIMPolygonSymbol","symbolLayers":[{"type":"CIMSolidFill","enable":true,"color":{"type":"CIMRGBColor","values":[0,0,0,100]}}]},"textCase":"Normal","textDirection":"LTR","verticalAlignment":"Bottom","verticalGlyphOrientation":"Right","wordSpacing":100,"billboardMode3D":"FaceNearPlane"}},"useCodedValue":true,"visibility":true,"iD":-1}],"renderer":{"type":"CIMSimpleRenderer","patch":"Default","symbol":{"type":"CIMSymbolReference","symbol":{"type":"CIMPolygonSymbol","symbolLayers":[{"type":"CIMSolidStroke","enable":true,"capStyle":"Round","joinStyle":"Round","lineStyle3D":"Strip","miterLimit":10,"width":0.69999999999999996,"color":{"type":"CIMRGBColor","values":[110,110,110,100]}},{"type":"CIMSolidFill","enable":true,"color":{"type":"CIMRGBColor","values":[67.299999999999997,56.350000000000001,165.75,100]}}]}}},"scaleSymbols":true,"snappable":true}]}</LayerFile></DataProperties><SyncDate>20230919</SyncDate><SyncTime>10054100</SyncTime><ModDate>20230919</ModDate><ModTime>10054100</ModTime></Esri><dataIdInfo><envirDesc Sync="TRUE">Microsoft Windows 10 Version 10.0 (Build 19045) ; Esri ArcGIS 13.0.2.36056</envirDesc><dataLang><languageCode value="fra" Sync="TRUE"></languageCode><countryCode value="CAN" Sync="TRUE"></countryCode></dataLang><idCitation><resTitle Sync="TRUE">VdM-BTER_Plantation_Priorites_DissolveVF</resTitle><presForm><PresFormCd value="005" Sync="TRUE"></PresFormCd></presForm></idCitation><spatRpType><SpatRepTypCd value="001" Sync="TRUE"></SpatRepTypCd></spatRpType></dataIdInfo><mdLang><languageCode value="fra" Sync="TRUE"></languageCode><countryCode value="CAN" Sync="TRUE"></countryCode></mdLang><distInfo><distFormat><formatName Sync="TRUE">Shapefile</formatName></distFormat><distTranOps><transSize Sync="TRUE">0.000</transSize></distTranOps></distInfo><mdHrLv><ScopeCd value="005" Sync="TRUE"></ScopeCd></mdHrLv><mdHrLvName Sync="TRUE">dataset</mdHrLvName><refSysInfo><RefSystem><refSysID><identCode code="2950" Sync="TRUE"></identCode><idCodeSpace Sync="TRUE">EPSG</idCodeSpace><idVersion Sync="TRUE">6.15(9.3.0.0)</idVersion></refSysID></RefSystem></refSysInfo><spatRepInfo><VectSpatRep><geometObjs Name="VdM-BTER_Plantation_Priorites_DissolveVF"><geoObjTyp><GeoObjTypCd value="002" Sync="TRUE"></GeoObjTypCd></geoObjTyp><geoObjCnt Sync="TRUE">0</geoObjCnt></geometObjs><topLvl><TopoLevCd value="001" Sync="TRUE"></TopoLevCd></topLvl></VectSpatRep></spatRepInfo><spdoinfo><ptvctinf><esriterm Name="VdM-BTER_Plantation_Priorites_DissolveVF"><efeatyp Sync="TRUE">Simple</efeatyp><efeageom code="4" Sync="TRUE"></efeageom><esritopo Sync="TRUE">FALSE</esritopo><efeacnt Sync="TRUE">0</efeacnt><spindex Sync="TRUE">FALSE</spindex><linrefer Sync="TRUE">FALSE</linrefer></esriterm></ptvctinf></spdoinfo><eainfo><detailed Name="VdM-BTER_Plantation_Priorites_DissolveVF"><enttyp><enttypl Sync="TRUE">VdM-BTER_Plantation_Priorites_DissolveVF</enttypl><enttypt Sync="TRUE">Feature Class</enttypt><enttypc Sync="TRUE">0</enttypc></enttyp><attr><attrlabl Sync="TRUE">FID</attrlabl><attalias Sync="TRUE">FID</attalias><attrtype Sync="TRUE">OID</attrtype><attwidth Sync="TRUE">4</attwidth><atprecis Sync="TRUE">0</atprecis><attscale Sync="TRUE">0</attscale><attrdef Sync="TRUE">Internal feature number.</attrdef><attrdefs Sync="TRUE">Esri</attrdefs><attrdomv><udom Sync="TRUE">Sequential unique whole numbers that are automatically generated.</udom></attrdomv></attr><attr><attrlabl Sync="TRUE">Shape</attrlabl><attalias Sync="TRUE">Shape</attalias><attrtype Sync="TRUE">Geometry</attrtype><attwidth Sync="TRUE">0</attwidth><atprecis Sync="TRUE">0</atprecis><attscale Sync="TRUE">0</attscale><attrdef Sync="TRUE">Feature geometry.</attrdef><attrdefs Sync="TRUE">Esri</attrdefs><attrdomv><udom Sync="TRUE">Coordinates defining the features.</udom></attrdomv></attr><attr><attrlabl Sync="TRUE">Priorite_I</attrlabl><attalias Sync="TRUE">Priorite_I</attalias><attrtype Sync="TRUE">Integer</attrtype><attwidth Sync="TRUE">10</attwidth><atprecis Sync="TRUE">10</atprecis><attscale Sync="TRUE">0</attscale></attr></detailed></eainfo><mdDateSt Sync="TRUE">20230919</mdDateSt></metadata>
