<metadata xml:lang="fr"><Esri><CreaDate>20210225</CreaDate><CreaTime>11350400</CreaTime><ArcGISFormat>1.0</ArcGISFormat><SyncOnce>FALSE</SyncOnce><DataProperties><lineage><Process ToolSource="c:\arcgis\pro\Resources\ArcToolbox\toolboxes\Conversion Tools.tbx\FeatureClassToFeatureClass" Date="20210225" Time="113504">FeatureClassToFeatureClass E:\Projet\REGISTRE\EXTRACTION\ZIP\dc_applsde7ap@appsd12.sde\SDE_AP.AP_V_REGISTRE_ANALYSE_S E:\Projet\REGISTRE\EXTRACTION\ZIP\registre_aires_prot_FGDB\registre_aires_prot.gdb AP_REG_S # "OID "OID" true true false 8 Double 10 38,First,#,E:\Projet\REGISTRE\EXTRACTION\ZIP\dc_applsde7ap@appsd12.sde\SDE_AP.AP_V_REGISTRE_ANALYSE_S,OID,-1,-1;MACODE "MACODE" true true false 8 Double 10 38,First,#,E:\Projet\REGISTRE\EXTRACTION\ZIP\dc_applsde7ap@appsd12.sde\SDE_AP.AP_V_REGISTRE_ANALYSE_S,MACODE,-1,-1;TOPONYME "TOPONYME" true true false 200 Text 0 0,First,#,E:\Projet\REGISTRE\EXTRACTION\ZIP\dc_applsde7ap@appsd12.sde\SDE_AP.AP_V_REGISTRE_ANALYSE_S,TOPONYME,0,200;NOM "NOM" true true false 150 Text 0 0,First,#,E:\Projet\REGISTRE\EXTRACTION\ZIP\dc_applsde7ap@appsd12.sde\SDE_AP.AP_V_REGISTRE_ANALYSE_S,NOM,0,150;ARTICLE "ARTICLE" true true false 10 Text 0 0,First,#,E:\Projet\REGISTRE\EXTRACTION\ZIP\dc_applsde7ap@appsd12.sde\SDE_AP.AP_V_REGISTRE_ANALYSE_S,ARTICLE,0,10;DESIG_NO "DESIG_NO" true true false 8 Double 10 38,First,#,E:\Projet\REGISTRE\EXTRACTION\ZIP\dc_applsde7ap@appsd12.sde\SDE_AP.AP_V_REGISTRE_ANALYSE_S,DESIG_NO,-1,-1;DESIG_GR "DESIG_GR" true true false 100 Text 0 0,First,#,E:\Projet\REGISTRE\EXTRACTION\ZIP\dc_applsde7ap@appsd12.sde\SDE_AP.AP_V_REGISTRE_ANALYSE_S,DESIG_GR,0,100;DESIGNOM "DESIGNOM" true true false 75 Text 0 0,First,#,E:\Projet\REGISTRE\EXTRACTION\ZIP\dc_applsde7ap@appsd12.sde\SDE_AP.AP_V_REGISTRE_ANALYSE_S,DESIGNOM,0,75;RESPONSABL "RESPONSABL" true true false 255 Text 0 0,First,#,E:\Projet\REGISTRE\EXTRACTION\ZIP\dc_applsde7ap@appsd12.sde\SDE_AP.AP_V_REGISTRE_ANALYSE_S,RESPONSABL,0,255;CORESPONSA "CORESPONSA" true true false 255 Text 0 0,First,#,E:\Projet\REGISTRE\EXTRACTION\ZIP\dc_applsde7ap@appsd12.sde\SDE_AP.AP_V_REGISTRE_ANALYSE_S,CORESPONSA,0,255;HA_LEGAL "HA_LEGAL" true true false 8 Double 8 38,First,#,E:\Projet\REGISTRE\EXTRACTION\ZIP\dc_applsde7ap@appsd12.sde\SDE_AP.AP_V_REGISTRE_ANALYSE_S,HA_LEGAL,-1,-1;LIEN "LIEN" true true false 250 Text 0 0,First,#,E:\Projet\REGISTRE\EXTRACTION\ZIP\dc_applsde7ap@appsd12.sde\SDE_AP.AP_V_REGISTRE_ANALYSE_S,LIEN,0,250;LONDMS "LONDMS" true true false 20 Text 0 0,First,#,E:\Projet\REGISTRE\EXTRACTION\ZIP\dc_applsde7ap@appsd12.sde\SDE_AP.AP_V_REGISTRE_ANALYSE_S,LONDMS,0,20;LATDMS "LATDMS" true true false 20 Text 0 0,First,#,E:\Projet\REGISTRE\EXTRACTION\ZIP\dc_applsde7ap@appsd12.sde\SDE_AP.AP_V_REGISTRE_ANALYSE_S,LATDMS,0,20;DA_CREATIO "DA_CREATIO" true true false 10 Text 0 0,First,#,E:\Projet\REGISTRE\EXTRACTION\ZIP\dc_applsde7ap@appsd12.sde\SDE_AP.AP_V_REGISTRE_ANALYSE_S,DA_CREATIO,0,10;DURE_RECON "DURE_RECON" true true false 50 Text 0 0,First,#,E:\Projet\REGISTRE\EXTRACTION\ZIP\dc_applsde7ap@appsd12.sde\SDE_AP.AP_V_REGISTRE_ANALYSE_S,DURE_RECON,0,50;UICN "UICN" true true false 5 Text 0 0,First,#,E:\Projet\REGISTRE\EXTRACTION\ZIP\dc_applsde7ap@appsd12.sde\SDE_AP.AP_V_REGISTRE_ANALYSE_S,UICN,0,5;BIOME "BIOME" true true false 1 Text 0 0,First,#,E:\Projet\REGISTRE\EXTRACTION\ZIP\dc_applsde7ap@appsd12.sde\SDE_AP.AP_V_REGISTRE_ANALYSE_S,BIOME,0,1" #</Process><Process ToolSource="c:\arcgis\pro\Resources\ArcToolbox\toolboxes\Data Management Tools.tbx\AssignDomainToField" Date="20210225" Time="113517">AssignDomainToField E:\Projet\Registre\EXTRACTION\ZIP\registre_aires_prot_FGDB\registre_aires_prot.gdb\AP_REG_S UICN dUICN #</Process><Process ToolSource="c:\arcgis\pro\Resources\ArcToolbox\toolboxes\Data Management Tools.tbx\AssignDomainToField" Date="20210225" Time="113518">AssignDomainToField E:\Projet\Registre\EXTRACTION\ZIP\registre_aires_prot_FGDB\registre_aires_prot.gdb\AP_REG_S BIOME dBIOME #</Process><Process ToolSource="c:\arcgis\pro\Resources\ArcToolbox\toolboxes\Data Management Tools.tbx\CalculateField" Date="20210225" Time="113654">CalculateField MNCV_LYR CORESPONSA u"Données à valider" PYTHON #</Process><Process ToolSource="c:\arcgis\pro\Resources\ArcToolbox\toolboxes\Data Management Tools.tbx\CalculateField" Date="20210225" Time="113655">CalculateField MNCV_LYR RESPONSABL u"Données à valider" PYTHON #</Process><Process ToolSource="c:\arcgis\pro\Resources\ArcToolbox\toolboxes\Data Management Tools.tbx\CalculateField" Date="20210225" Time="113655">CalculateField MNCV_LYR TOPONYME ""MNCV_" + str( !MACODE! )" PYTHON #</Process><Process ToolSource="c:\arcgis\pro\Resources\ArcToolbox\toolboxes\Data Management Tools.tbx\CalculateField" Date="20210225" Time="113655">CalculateField MNCV_LYR NOM "'MNCV' + str( !MACODE! )" PYTHON #</Process><Process ToolSource="c:\arcgis\pro\Resources\ArcToolbox\toolboxes\Data Management Tools.tbx\AddIndex" Date="20210225" Time="113706">AddIndex E:\Projet\REGISTRE\EXTRACTION\ZIP\registre_aires_prot_FGDB\registre_aires_prot.gdb\AP_REG_S MACODE IDX_MACODE NON_UNIQUE NON_ASCENDING</Process><Process ToolSource="c:\arcgis\pro\Resources\ArcToolbox\toolboxes\Data Management Tools.tbx\AddIndex" Date="20210225" Time="113706">AddIndex E:\Projet\REGISTRE\EXTRACTION\ZIP\registre_aires_prot_FGDB\registre_aires_prot.gdb\AP_REG_S TOPONYME IDX_TOPONYME NON_UNIQUE NON_ASCENDING</Process><Process ToolSource="c:\arcgis\pro\Resources\ArcToolbox\toolboxes\Data Management Tools.tbx\AddIndex" Date="20210225" Time="113707">AddIndex E:\Projet\REGISTRE\EXTRACTION\ZIP\registre_aires_prot_FGDB\registre_aires_prot.gdb\AP_REG_S DESIG_NO IDX_DESIG_NO NON_UNIQUE NON_ASCENDING</Process><Process ToolSource="c:\arcgis\pro\Resources\ArcToolbox\toolboxes\Data Management Tools.tbx\AddIndex" Date="20210225" Time="113707">AddIndex E:\Projet\REGISTRE\EXTRACTION\ZIP\registre_aires_prot_FGDB\registre_aires_prot.gdb\AP_REG_S DESIGNOM IDX_DESIGNOM NON_UNIQUE NON_ASCENDING</Process><Process ToolSource="c:\arcgis\pro\Resources\ArcToolbox\toolboxes\Data Management Tools.tbx\AddIndex" Date="20210225" Time="113707">AddIndex E:\Projet\REGISTRE\EXTRACTION\ZIP\registre_aires_prot_FGDB\registre_aires_prot.gdb\AP_REG_S RESPONSABL IDX_RESPONSABL NON_UNIQUE NON_ASCENDING</Process><Process ToolSource="c:\arcgis\pro\Resources\ArcToolbox\toolboxes\Data Management Tools.tbx\AddIndex" Date="20210225" Time="113707">AddIndex E:\Projet\REGISTRE\EXTRACTION\ZIP\registre_aires_prot_FGDB\registre_aires_prot.gdb\AP_REG_S CORESPONSA IDX_CORESPONSA NON_UNIQUE NON_ASCENDING</Process><Process ToolSource="c:\arcgis\pro\Resources\ArcToolbox\toolboxes\Data Management Tools.tbx\AddIndex" Date="20210225" Time="113708">AddIndex E:\Projet\REGISTRE\EXTRACTION\ZIP\registre_aires_prot_FGDB\registre_aires_prot.gdb\AP_REG_S DURE_RECON IDX_DURE_RECON NON_UNIQUE NON_ASCENDING</Process><Process ToolSource="c:\arcgis\pro\Resources\ArcToolbox\toolboxes\Data Management Tools.tbx\AddIndex" Date="20210225" Time="113708">AddIndex E:\Projet\REGISTRE\EXTRACTION\ZIP\registre_aires_prot_FGDB\registre_aires_prot.gdb\AP_REG_S UICN IDX_UICN NON_UNIQUE NON_ASCENDING</Process><Process ToolSource="c:\arcgis\pro\Resources\ArcToolbox\toolboxes\Data Management Tools.tbx\DeleteField" Date="20210225" Time="113728">DeleteField E:\Projet\Registre\EXTRACTION\ZIP\registre_aires_prot_FGDB\registre_aires_prot.gdb\AP_REG_S OID_1</Process><Process ToolSource="c:\arcgis\desktop10.8\ArcToolbox\Toolboxes\Data Management Tools.tbx\CalculateField" Date="20210304" Time="143426">CalculateField AP_REG_S DESIG_NO 7 VB #</Process><Process ToolSource="c:\program files\arcgis\pro\Resources\ArcToolbox\toolboxes\Data Management Tools.tbx\Append" Date="20231027" Time="173407">Append ap_lyr C:\DMU\Aire_prot\extraction_dq\ZIP\Habitats_floristiques_FGDB\Habitats_floristiques.gdb\Habitats_floristiques "Use the field map to reconcile field differences" "MACODE "Clé interne" true true false 8 Double 0 0,First,#,C:\DMU\Aire_prot\extraction_dq\ZIP\Habitats_floristiques_FGDB\Habitats_floristiques.gdb\Habitats_floristiques,MACODE,-1,-1,C:\DMU\Aire_prot\extraction_dq\ZIP\dc_applsde7ap@appsd12.sde\SDE_AP.AP_DATASET\SDE_AP.AP_AIRE_PROT,MACODE,-1,-1;TOPONYME "Toponyme" true true false 200 Text 0 0,First,#,C:\DMU\Aire_prot\extraction_dq\ZIP\Habitats_floristiques_FGDB\Habitats_floristiques.gdb\Habitats_floristiques,TOPONYME,0,200,C:\DMU\Aire_prot\extraction_dq\ZIP\dc_applsde7ap@appsd12.sde\SDE_AP.AP_DATASET\SDE_AP.AP_AIRE_PROT,TOPONYME,0,200;NOM "Nom" true true false 150 Text 0 0,First,#,C:\DMU\Aire_prot\extraction_dq\ZIP\Habitats_floristiques_FGDB\Habitats_floristiques.gdb\Habitats_floristiques,NOM,0,150,C:\DMU\Aire_prot\extraction_dq\ZIP\dc_applsde7ap@appsd12.sde\SDE_AP.AP_DATASET\SDE_AP.AP_AIRE_PROT,NOM,0,150;ARTICLE "Article" true true false 10 Text 0 0,First,#,C:\DMU\Aire_prot\extraction_dq\ZIP\Habitats_floristiques_FGDB\Habitats_floristiques.gdb\Habitats_floristiques,ARTICLE,0,10,C:\DMU\Aire_prot\extraction_dq\ZIP\dc_applsde7ap@appsd12.sde\SDE_AP.AP_DATASET\SDE_AP.AP_AIRE_PROT,ARTICLE,0,10;DESIG_NO "Numéro de désignation" true true false 8 Double 0 0,First,#,C:\DMU\Aire_prot\extraction_dq\ZIP\Habitats_floristiques_FGDB\Habitats_floristiques.gdb\Habitats_floristiques,DESIG_NO,-1,-1,C:\DMU\Aire_prot\extraction_dq\ZIP\dc_applsde7ap@appsd12.sde\SDE_AP.AP_DATASET\SDE_AP.AP_AIRE_PROT,DESIG_NO,-1,-1;DESIG_GR "Groupe de désignation" true true false 100 Text 0 0,First,#,C:\DMU\Aire_prot\extraction_dq\ZIP\Habitats_floristiques_FGDB\Habitats_floristiques.gdb\Habitats_floristiques,DESIG_GR,0,100,C:\DMU\Aire_prot\extraction_dq\ZIP\dc_applsde7ap@appsd12.sde\SDE_AP.AP_DATASET\SDE_AP.AP_AIRE_PROT,DESIG_GR,0,100;DESIGNOM "Désignation" true true false 75 Text 0 0,First,#,C:\DMU\Aire_prot\extraction_dq\ZIP\Habitats_floristiques_FGDB\Habitats_floristiques.gdb\Habitats_floristiques,DESIGNOM,0,75,C:\DMU\Aire_prot\extraction_dq\ZIP\dc_applsde7ap@appsd12.sde\SDE_AP.AP_DATASET\SDE_AP.AP_AIRE_PROT,DESIGNOM,0,75;RESPONSABL "Responsable" true true false 255 Text 0 0,First,#,C:\DMU\Aire_prot\extraction_dq\ZIP\Habitats_floristiques_FGDB\Habitats_floristiques.gdb\Habitats_floristiques,RESPONSABL,0,255,C:\DMU\Aire_prot\extraction_dq\ZIP\dc_applsde7ap@appsd12.sde\SDE_AP.AP_DATASET\SDE_AP.AP_AIRE_PROT,RESPONSABLE,0,255;CORESPONSA "Coresponsable" true true false 255 Text 0 0,First,#,C:\DMU\Aire_prot\extraction_dq\ZIP\Habitats_floristiques_FGDB\Habitats_floristiques.gdb\Habitats_floristiques,CORESPONSA,0,255,C:\DMU\Aire_prot\extraction_dq\ZIP\dc_applsde7ap@appsd12.sde\SDE_AP.AP_DATASET\SDE_AP.AP_AIRE_PROT,CORESPONSABLE,0,255;HA_LEGAL "Superficie (ha)" true true false 8 Double 0 0,First,#,C:\DMU\Aire_prot\extraction_dq\ZIP\Habitats_floristiques_FGDB\Habitats_floristiques.gdb\Habitats_floristiques,HA_LEGAL,-1,-1,C:\DMU\Aire_prot\extraction_dq\ZIP\dc_applsde7ap@appsd12.sde\SDE_AP.AP_DATASET\SDE_AP.AP_AIRE_PROT,HA_LEGAL,-1,-1;LIEN "Lien internet" true true false 250 Text 0 0,First,#,C:\DMU\Aire_prot\extraction_dq\ZIP\Habitats_floristiques_FGDB\Habitats_floristiques.gdb\Habitats_floristiques,LIEN,0,250,C:\DMU\Aire_prot\extraction_dq\ZIP\dc_applsde7ap@appsd12.sde\SDE_AP.AP_DATASET\SDE_AP.AP_AIRE_PROT,LIEN,0,250;LONDMS "Longitude (degrés minutes secondes)" true true false 20 Text 0 0,First,#,C:\DMU\Aire_prot\extraction_dq\ZIP\Habitats_floristiques_FGDB\Habitats_floristiques.gdb\Habitats_floristiques,LONDMS,0,20,C:\DMU\Aire_prot\extraction_dq\ZIP\dc_applsde7ap@appsd12.sde\SDE_AP.AP_DATASET\SDE_AP.AP_AIRE_PROT,LONDMS,0,20;LATDMS "Latitude (degrés minutes secondes)" true true false 20 Text 0 0,First,#,C:\DMU\Aire_prot\extraction_dq\ZIP\Habitats_floristiques_FGDB\Habitats_floristiques.gdb\Habitats_floristiques,LATDMS,0,20,C:\DMU\Aire_prot\extraction_dq\ZIP\dc_applsde7ap@appsd12.sde\SDE_AP.AP_DATASET\SDE_AP.AP_AIRE_PROT,LATDMS,0,20;DA_CREATIO "Date de création" true true false 10 Text 0 0,First,#,C:\DMU\Aire_prot\extraction_dq\ZIP\Habitats_floristiques_FGDB\Habitats_floristiques.gdb\Habitats_floristiques,DA_CREATIO,0,10,C:\DMU\Aire_prot\extraction_dq\ZIP\dc_applsde7ap@appsd12.sde\SDE_AP.AP_DATASET\SDE_AP.AP_AIRE_PROT,DA_CREATION,-1,-1;DURE_RECON "Durée de la reconnaissance" true true false 50 Text 0 0,First,#,C:\DMU\Aire_prot\extraction_dq\ZIP\Habitats_floristiques_FGDB\Habitats_floristiques.gdb\Habitats_floristiques,DURE_RECON,0,50,C:\DMU\Aire_prot\extraction_dq\ZIP\dc_applsde7ap@appsd12.sde\SDE_AP.AP_DATASET\SDE_AP.AP_AIRE_PROT,DURE_RECONN,0,50;UICN "Catégorie UICN" true true false 5 Text 0 0,First,#,C:\DMU\Aire_prot\extraction_dq\ZIP\Habitats_floristiques_FGDB\Habitats_floristiques.gdb\Habitats_floristiques,UICN,0,5,C:\DMU\Aire_prot\extraction_dq\ZIP\dc_applsde7ap@appsd12.sde\SDE_AP.AP_DATASET\SDE_AP.AP_AIRE_PROT,CO_UICN,0,5" # #</Process><Process ToolSource="c:\program files\arcgis\pro\Resources\ArcToolbox\toolboxes\Data Management Tools.tbx\Append" Date="20231031" Time="170418">Append ap_lyr C:\DMU\Aire_prot\extraction_dq\ZIP\Habitats_floristiques_FGDB\Habitats_floristiques.gdb\Habitats_floristiques "Use the field map to reconcile field differences" "MACODE "Identifiant" true true false 8 Double 0 0,First,#,C:\DMU\Aire_prot\extraction_dq\ZIP\Habitats_floristiques_FGDB\Habitats_floristiques.gdb\Habitats_floristiques,MACODE,-1,-1,C:\DMU\Aire_prot\extraction_dq\ZIP\dc_applsde7ap@appsd12.sde\SDE_AP.AP_DATASET\SDE_AP.AP_AIRE_PROT,MACODE,-1,-1;TOPONYME "Toponyme" true true false 200 Text 0 0,First,#,C:\DMU\Aire_prot\extraction_dq\ZIP\Habitats_floristiques_FGDB\Habitats_floristiques.gdb\Habitats_floristiques,TOPONYME,0,200,C:\DMU\Aire_prot\extraction_dq\ZIP\dc_applsde7ap@appsd12.sde\SDE_AP.AP_DATASET\SDE_AP.AP_AIRE_PROT,TOPONYME,0,200;DESIGNOM "Désignation" true true false 75 Text 0 0,First,#,C:\DMU\Aire_prot\extraction_dq\ZIP\Habitats_floristiques_FGDB\Habitats_floristiques.gdb\Habitats_floristiques,DESIGNOM,0,75,C:\DMU\Aire_prot\extraction_dq\ZIP\dc_applsde7ap@appsd12.sde\SDE_AP.AP_DATASET\SDE_AP.AP_AIRE_PROT,DESIGNOM,0,75;RESPONSABL "Responsable" true true false 255 Text 0 0,First,#,C:\DMU\Aire_prot\extraction_dq\ZIP\Habitats_floristiques_FGDB\Habitats_floristiques.gdb\Habitats_floristiques,RESPONSABL,0,255,C:\DMU\Aire_prot\extraction_dq\ZIP\dc_applsde7ap@appsd12.sde\SDE_AP.AP_DATASET\SDE_AP.AP_AIRE_PROT,RESPONSABLE,0,255;CORESPONSA "Coresponsable" true true false 255 Text 0 0,First,#,C:\DMU\Aire_prot\extraction_dq\ZIP\Habitats_floristiques_FGDB\Habitats_floristiques.gdb\Habitats_floristiques,CORESPONSA,0,255,C:\DMU\Aire_prot\extraction_dq\ZIP\dc_applsde7ap@appsd12.sde\SDE_AP.AP_DATASET\SDE_AP.AP_AIRE_PROT,CORESPONSABLE,0,255;HA_LEGAL "Superficie (ha)" true true false 8 Double 0 0,First,#,C:\DMU\Aire_prot\extraction_dq\ZIP\Habitats_floristiques_FGDB\Habitats_floristiques.gdb\Habitats_floristiques,HA_LEGAL,-1,-1,C:\DMU\Aire_prot\extraction_dq\ZIP\dc_applsde7ap@appsd12.sde\SDE_AP.AP_DATASET\SDE_AP.AP_AIRE_PROT,HA_LEGAL,-1,-1;LIEN "Lien internet" true true false 250 Text 0 0,First,#,C:\DMU\Aire_prot\extraction_dq\ZIP\Habitats_floristiques_FGDB\Habitats_floristiques.gdb\Habitats_floristiques,LIEN,0,250,C:\DMU\Aire_prot\extraction_dq\ZIP\dc_applsde7ap@appsd12.sde\SDE_AP.AP_DATASET\SDE_AP.AP_AIRE_PROT,LIEN,0,250;LONDMS "Longitude (degrés minutes secondes)" true true false 50 Text 0 0,First,#,C:\DMU\Aire_prot\extraction_dq\ZIP\Habitats_floristiques_FGDB\Habitats_floristiques.gdb\Habitats_floristiques,LONDMS,0,50,C:\DMU\Aire_prot\extraction_dq\ZIP\dc_applsde7ap@appsd12.sde\SDE_AP.AP_DATASET\SDE_AP.AP_AIRE_PROT,LONDMS,0,20;LATDMS "Latitude (degrés minutes secondes)" true true false 50 Text 0 0,First,#,C:\DMU\Aire_prot\extraction_dq\ZIP\Habitats_floristiques_FGDB\Habitats_floristiques.gdb\Habitats_floristiques,LATDMS,0,50,C:\DMU\Aire_prot\extraction_dq\ZIP\dc_applsde7ap@appsd12.sde\SDE_AP.AP_DATASET\SDE_AP.AP_AIRE_PROT,LATDMS,0,20;DA_CREATIO "Date de création" true true false 10 Text 0 0,First,#,C:\DMU\Aire_prot\extraction_dq\ZIP\Habitats_floristiques_FGDB\Habitats_floristiques.gdb\Habitats_floristiques,DA_CREATIO,0,10,C:\DMU\Aire_prot\extraction_dq\ZIP\dc_applsde7ap@appsd12.sde\SDE_AP.AP_DATASET\SDE_AP.AP_AIRE_PROT,DA_CREATION,-1,-1;UICN "Catégorie UICN" true true false 5 Text 0 0,First,#,C:\DMU\Aire_prot\extraction_dq\ZIP\Habitats_floristiques_FGDB\Habitats_floristiques.gdb\Habitats_floristiques,UICN,0,5,C:\DMU\Aire_prot\extraction_dq\ZIP\dc_applsde7ap@appsd12.sde\SDE_AP.AP_DATASET\SDE_AP.AP_AIRE_PROT,CO_UICN,0,5" # #</Process><Process ToolSource="c:\program files\arcgis\pro\Resources\ArcToolbox\Toolboxes\Data Management Tools.tbx\UpdateSchema" Date="20231106" Time="092418">UpdateSchema "CIMDATA=&lt;CIMStandardDataConnection xsi:type='typens:CIMStandardDataConnection' xmlns:xsi='http://www.w3.org/2001/XMLSchema-instance' xmlns:xs='http://www.w3.org/2001/XMLSchema' xmlns:typens='http://www.esri.com/schemas/ArcGIS/3.1.0'&gt;&lt;WorkspaceConnectionString&gt;DATABASE=C:\DMU\Aire_prot\extraction_dq\ZIP\Habitats_floristiques_fgdb\Habitats_floristiques.gdb&lt;/WorkspaceConnectionString&gt;&lt;WorkspaceFactory&gt;FileGDB&lt;/WorkspaceFactory&gt;&lt;Dataset&gt;Habitats_floristiques&lt;/Dataset&gt;&lt;DatasetType&gt;esriDTFeatureClass&lt;/DatasetType&gt;&lt;/CIMStandardDataConnection&gt;" "&lt;operationSequence&gt;&lt;workflow&gt;&lt;AddField&gt;&lt;field_name&gt;NO_DROIT_INTRV_CONTR&lt;/field_name&gt;&lt;field_type&gt;LONG&lt;/field_type&gt;&lt;field_alias&gt;Numéro du droit de la contrainte au RDE&lt;/field_alias&gt;&lt;field_is_nullable&gt;True&lt;/field_is_nullable&gt;&lt;field_is_required&gt;False&lt;/field_is_required&gt;&lt;/AddField&gt;&lt;/workflow&gt;&lt;/operationSequence&gt;"</Process><Process ToolSource="c:\program files\arcgis\pro\Resources\ArcToolbox\toolboxes\Data Management Tools.tbx\DeleteRows" Date="20231106" Time="092531">DeleteRows C:\DMU\Aire_prot\extraction_dq\ZIP\Habitats_floristiques_fgdb\Habitats_floristiques.gdb\Habitats_floristiques</Process><Process ToolSource="c:\program files\arcgis\pro\Resources\ArcToolbox\toolboxes\Data Management Tools.tbx\UpdateSchema" Date="20231106" Time="093122">UpdateSchema "CIMDATA=&lt;CIMStandardDataConnection xsi:type='typens:CIMStandardDataConnection' xmlns:xsi='http://www.w3.org/2001/XMLSchema-instance' xmlns:xs='http://www.w3.org/2001/XMLSchema' xmlns:typens='http://www.esri.com/schemas/ArcGIS/3.1.0'&gt;&lt;WorkspaceConnectionString&gt;DATABASE=C:\DMU\Aire_prot\extraction_dq\ZIP\Habitats_floristiques_fgdb\New File Geodatabase.gdb&lt;/WorkspaceConnectionString&gt;&lt;WorkspaceFactory&gt;FileGDB&lt;/WorkspaceFactory&gt;&lt;Dataset&gt;Habitats_floristiques&lt;/Dataset&gt;&lt;DatasetType&gt;esriDTFeatureClass&lt;/DatasetType&gt;&lt;/CIMStandardDataConnection&gt;" &lt;operationSequence&gt;&lt;workflow&gt;&lt;AlterField&gt;&lt;field_name&gt;NO_DROIT_INTRV_CONTR&lt;/field_name&gt;&lt;new_field_name&gt;NO_DROIT_I&lt;/new_field_name&gt;&lt;field_is_nullable&gt;True&lt;/field_is_nullable&gt;&lt;clear_field_alias&gt;False&lt;/clear_field_alias&gt;&lt;/AlterField&gt;&lt;/workflow&gt;&lt;/operationSequence&gt;</Process><Process ToolSource="c:\program files\arcgis\pro\Resources\ArcToolbox\toolboxes\Data Management Tools.tbx\Append" Date="20231106" Time="102701">Append ap_lyr C:\DMU\Aire_prot\extraction_dq\ZIP\Habitats_floristiques_FGDB\Habitats_floristiques.gdb\Habitats_floristiques "Use the field map to reconcile field differences" "MACODE "Identifiant" true true false 8 Double 0 0,First,#,C:\DMU\Aire_prot\extraction_dq\ZIP\Habitats_floristiques_FGDB\Habitats_floristiques.gdb\Habitats_floristiques,MACODE,-1,-1,C:\DMU\Aire_prot\extraction_dq\ZIP\dc_applsde7ap@appsd12.sde\SDE_AP.AP_DATASET\SDE_AP.AP_AIRE_PROT,MACODE,-1,-1;TOPONYME "Toponyme" true true false 200 Text 0 0,First,#,C:\DMU\Aire_prot\extraction_dq\ZIP\Habitats_floristiques_FGDB\Habitats_floristiques.gdb\Habitats_floristiques,TOPONYME,0,200,C:\DMU\Aire_prot\extraction_dq\ZIP\dc_applsde7ap@appsd12.sde\SDE_AP.AP_DATASET\SDE_AP.AP_AIRE_PROT,TOPONYME,0,200;DESIGNOM "Désignation" true true false 75 Text 0 0,First,#,C:\DMU\Aire_prot\extraction_dq\ZIP\Habitats_floristiques_FGDB\Habitats_floristiques.gdb\Habitats_floristiques,DESIGNOM,0,75,C:\DMU\Aire_prot\extraction_dq\ZIP\dc_applsde7ap@appsd12.sde\SDE_AP.AP_DATASET\SDE_AP.AP_AIRE_PROT,DESIGNOM,0,75;RESPONSABL "Responsable" true true false 255 Text 0 0,First,#,C:\DMU\Aire_prot\extraction_dq\ZIP\Habitats_floristiques_FGDB\Habitats_floristiques.gdb\Habitats_floristiques,RESPONSABL,0,255,C:\DMU\Aire_prot\extraction_dq\ZIP\dc_applsde7ap@appsd12.sde\SDE_AP.AP_DATASET\SDE_AP.AP_AIRE_PROT,RESPONSABLE,0,255;CORESPONSA "Coresponsable" true true false 255 Text 0 0,First,#,C:\DMU\Aire_prot\extraction_dq\ZIP\Habitats_floristiques_FGDB\Habitats_floristiques.gdb\Habitats_floristiques,CORESPONSA,0,255,C:\DMU\Aire_prot\extraction_dq\ZIP\dc_applsde7ap@appsd12.sde\SDE_AP.AP_DATASET\SDE_AP.AP_AIRE_PROT,CORESPONSABLE,0,255;HA_LEGAL "Superficie (ha)" true true false 8 Double 0 0,First,#,C:\DMU\Aire_prot\extraction_dq\ZIP\Habitats_floristiques_FGDB\Habitats_floristiques.gdb\Habitats_floristiques,HA_LEGAL,-1,-1,C:\DMU\Aire_prot\extraction_dq\ZIP\dc_applsde7ap@appsd12.sde\SDE_AP.AP_DATASET\SDE_AP.AP_AIRE_PROT,HA_LEGAL,-1,-1;LIEN "Lien internet" true true false 250 Text 0 0,First,#,C:\DMU\Aire_prot\extraction_dq\ZIP\Habitats_floristiques_FGDB\Habitats_floristiques.gdb\Habitats_floristiques,LIEN,0,250,C:\DMU\Aire_prot\extraction_dq\ZIP\dc_applsde7ap@appsd12.sde\SDE_AP.AP_DATASET\SDE_AP.AP_AIRE_PROT,LIEN,0,250;LONDMS "Longitude (degrés minutes secondes)" true true false 50 Text 0 0,First,#,C:\DMU\Aire_prot\extraction_dq\ZIP\Habitats_floristiques_FGDB\Habitats_floristiques.gdb\Habitats_floristiques,LONDMS,0,50,C:\DMU\Aire_prot\extraction_dq\ZIP\dc_applsde7ap@appsd12.sde\SDE_AP.AP_DATASET\SDE_AP.AP_AIRE_PROT,LONDMS,0,20;LATDMS "Latitude (degrés minutes secondes)" true true false 50 Text 0 0,First,#,C:\DMU\Aire_prot\extraction_dq\ZIP\Habitats_floristiques_FGDB\Habitats_floristiques.gdb\Habitats_floristiques,LATDMS,0,50,C:\DMU\Aire_prot\extraction_dq\ZIP\dc_applsde7ap@appsd12.sde\SDE_AP.AP_DATASET\SDE_AP.AP_AIRE_PROT,LATDMS,0,20;DA_CREATIO "Date de création" true true false 10 Text 0 0,First,#,C:\DMU\Aire_prot\extraction_dq\ZIP\Habitats_floristiques_FGDB\Habitats_floristiques.gdb\Habitats_floristiques,DA_CREATIO,0,10,C:\DMU\Aire_prot\extraction_dq\ZIP\dc_applsde7ap@appsd12.sde\SDE_AP.AP_DATASET\SDE_AP.AP_AIRE_PROT,DA_CREATION,-1,-1;UICN "Catégorie UICN" true true false 5 Text 0 0,First,#,C:\DMU\Aire_prot\extraction_dq\ZIP\Habitats_floristiques_FGDB\Habitats_floristiques.gdb\Habitats_floristiques,UICN,0,5,C:\DMU\Aire_prot\extraction_dq\ZIP\dc_applsde7ap@appsd12.sde\SDE_AP.AP_DATASET\SDE_AP.AP_AIRE_PROT,CO_UICN,0,5;NO_DROIT_I "Numéro du droit de la contrainte au RDE" true true false 4 Long 0 0,First,#,C:\DMU\Aire_prot\extraction_dq\ZIP\Habitats_floristiques_FGDB\Habitats_floristiques.gdb\Habitats_floristiques,NO_DROIT_I,-1,-1,C:\DMU\Aire_prot\extraction_dq\ZIP\dc_applsde7ap@appsd12.sde\SDE_AP.AP_DATASET\SDE_AP.AP_AIRE_PROT,NO_DROIT_INTRV_CONTR,-1,-1" # # # NOT_UPDATE_GEOMETRY</Process><Process ToolSource="c:\program files\arcgis\pro\Resources\ArcToolbox\toolboxes\Data Management Tools.tbx\CopyFeatures" Date="20231106" Time="102702">CopyFeatures C:\DMU\Aire_prot\extraction_dq\ZIP\Habitats_floristiques_FGDB\Habitats_floristiques.gdb\Habitats_floristiques C:\DMU\Aire_prot\extraction_dq\ZIP\Habitats_floristiques\Habitats_floristiques.shp # # # #</Process></lineage><itemProps><itemName Sync="TRUE">Habitats_floristiques</itemName><imsContentType Sync="TRUE">002</imsContentType><itemSize Sync="TRUE">0.000</itemSize><itemLocation><linkage Sync="TRUE">file://\\C00046067\C$\DMU\Aire_prot\extraction_dq\ZIP\Habitats_floristiques\Habitats_floristiques.shp</linkage><protocol Sync="TRUE">Local Area Network</protocol></itemLocation></itemProps><coordRef><type Sync="TRUE">Projected</type><geogcsn Sync="TRUE">GCS_North_American_1983</geogcsn><csUnits Sync="TRUE">Linear Unit: Meter (1.000000)</csUnits><projcsn Sync="TRUE">NAD_1983_Quebec_Lambert</projcsn><peXml Sync="TRUE">&lt;ProjectedCoordinateSystem xsi:type='typens:ProjectedCoordinateSystem' xmlns:xsi='http://www.w3.org/2001/XMLSchema-instance' xmlns:xs='http://www.w3.org/2001/XMLSchema' xmlns:typens='http://www.esri.com/schemas/ArcGIS/3.1.0'&gt;&lt;WKT&gt;PROJCS[&amp;quot;NAD_1983_Quebec_Lambert&amp;quot;,GEOGCS[&amp;quot;GCS_North_American_1983&amp;quot;,DATUM[&amp;quot;D_North_American_1983&amp;quot;,SPHEROID[&amp;quot;GRS_1980&amp;quot;,6378137.0,298.257222101]],PRIMEM[&amp;quot;Greenwich&amp;quot;,0.0],UNIT[&amp;quot;Degree&amp;quot;,0.0174532925199433]],PROJECTION[&amp;quot;Lambert_Conformal_Conic&amp;quot;],PARAMETER[&amp;quot;False_Easting&amp;quot;,0.0],PARAMETER[&amp;quot;False_Northing&amp;quot;,0.0],PARAMETER[&amp;quot;Central_Meridian&amp;quot;,-68.5],PARAMETER[&amp;quot;Standard_Parallel_1&amp;quot;,46.0],PARAMETER[&amp;quot;Standard_Parallel_2&amp;quot;,60.0],PARAMETER[&amp;quot;Latitude_Of_Origin&amp;quot;,44.0],UNIT[&amp;quot;Meter&amp;quot;,1.0],AUTHORITY[&amp;quot;EPSG&amp;quot;,32198]]&lt;/WKT&gt;&lt;XOrigin&gt;-35683500&lt;/XOrigin&gt;&lt;YOrigin&gt;-29917500&lt;/YOrigin&gt;&lt;XYScale&gt;126209582.22625288&lt;/XYScale&gt;&lt;ZOrigin&gt;-100000&lt;/ZOrigin&gt;&lt;ZScale&gt;10000&lt;/ZScale&gt;&lt;MOrigin&gt;-100000&lt;/MOrigin&gt;&lt;MScale&gt;10000&lt;/MScale&gt;&lt;XYTolerance&gt;0.001&lt;/XYTolerance&gt;&lt;ZTolerance&gt;0.001&lt;/ZTolerance&gt;&lt;MTolerance&gt;0.001&lt;/MTolerance&gt;&lt;HighPrecision&gt;true&lt;/HighPrecision&gt;&lt;WKID&gt;32198&lt;/WKID&gt;&lt;LatestWKID&gt;32198&lt;/LatestWKID&gt;&lt;/ProjectedCoordinateSystem&gt;</peXml></coordRef></DataProperties><SyncDate>20231106</SyncDate><SyncTime>10270200</SyncTime><ModDate>20231106</ModDate><ModTime>10270200</ModTime></Esri><dataIdInfo><envirDesc Sync="TRUE">Microsoft Windows 10 Version 10.0 (Build 19045) ; Esri ArcGIS 13.1.3.41833</envirDesc><dataLang><languageCode value="fra" Sync="TRUE"></languageCode><countryCode value="CAN" Sync="TRUE"></countryCode></dataLang><idCitation><resTitle Sync="TRUE">Habitats_floristiques</resTitle><presForm><PresFormCd value="005" Sync="TRUE"></PresFormCd></presForm></idCitation><spatRpType><SpatRepTypCd value="001" Sync="TRUE"></SpatRepTypCd></spatRpType></dataIdInfo><mdLang><languageCode value="fra" Sync="TRUE"></languageCode><countryCode value="CAN" Sync="TRUE"></countryCode></mdLang><distInfo><distFormat><formatName Sync="TRUE">Shapefile</formatName></distFormat><distTranOps><transSize Sync="TRUE">0.000</transSize></distTranOps></distInfo><mdHrLv><ScopeCd value="005" Sync="TRUE"></ScopeCd></mdHrLv><mdHrLvName Sync="TRUE">dataset</mdHrLvName><refSysInfo><RefSystem><refSysID><identCode code="32198" Sync="TRUE"></identCode><idCodeSpace Sync="TRUE">EPSG</idCodeSpace><idVersion Sync="TRUE">8.3.1(8.1.0)</idVersion></refSysID></RefSystem></refSysInfo><spatRepInfo><VectSpatRep><geometObjs Name="Habitats_floristiques"><geoObjTyp><GeoObjTypCd value="002" Sync="TRUE"></GeoObjTypCd></geoObjTyp><geoObjCnt Sync="TRUE">0</geoObjCnt></geometObjs><topLvl><TopoLevCd value="001" Sync="TRUE"></TopoLevCd></topLvl></VectSpatRep></spatRepInfo><spdoinfo><ptvctinf><esriterm Name="Habitats_floristiques"><efeatyp Sync="TRUE">Simple</efeatyp><efeageom code="4" Sync="TRUE"></efeageom><esritopo Sync="TRUE">FALSE</esritopo><efeacnt Sync="TRUE">0</efeacnt><spindex Sync="TRUE">FALSE</spindex><linrefer Sync="TRUE">FALSE</linrefer></esriterm></ptvctinf></spdoinfo><eainfo><detailed Name="Habitats_floristiques"><enttyp><enttypl Sync="TRUE">Habitats_floristiques</enttypl><enttypt Sync="TRUE">Feature Class</enttypt><enttypc Sync="TRUE">0</enttypc></enttyp><attr><attrlabl Sync="TRUE">FID</attrlabl><attalias Sync="TRUE">FID</attalias><attrtype Sync="TRUE">OID</attrtype><attwidth Sync="TRUE">4</attwidth><atprecis Sync="TRUE">0</atprecis><attscale Sync="TRUE">0</attscale><attrdef Sync="TRUE">Internal feature number.</attrdef><attrdefs Sync="TRUE">Esri</attrdefs><attrdomv><udom Sync="TRUE">Sequential unique whole numbers that are automatically generated.</udom></attrdomv></attr><attr><attrlabl Sync="TRUE">Shape</attrlabl><attalias Sync="TRUE">Shape</attalias><attrtype Sync="TRUE">Geometry</attrtype><attwidth Sync="TRUE">0</attwidth><atprecis Sync="TRUE">0</atprecis><attscale Sync="TRUE">0</attscale><attrdef Sync="TRUE">Feature geometry.</attrdef><attrdefs Sync="TRUE">Esri</attrdefs><attrdomv><udom Sync="TRUE">Coordinates defining the features.</udom></attrdomv></attr><attr><attrlabl Sync="TRUE">MACODE</attrlabl><attalias Sync="TRUE">MACODE</attalias><attrtype Sync="TRUE">Double</attrtype><attwidth Sync="TRUE">19</attwidth><atprecis Sync="TRUE">0</atprecis><attscale Sync="TRUE">0</attscale></attr><attr><attrlabl Sync="TRUE">TOPONYME</attrlabl><attalias Sync="TRUE">TOPONYME</attalias><attrtype Sync="TRUE">String</attrtype><attwidth Sync="TRUE">200</attwidth><atprecis Sync="TRUE">0</atprecis><attscale Sync="TRUE">0</attscale></attr><attr><attrlabl Sync="TRUE">DESIGNOM</attrlabl><attalias Sync="TRUE">DESIGNOM</attalias><attrtype Sync="TRUE">String</attrtype><attwidth Sync="TRUE">75</attwidth><atprecis Sync="TRUE">0</atprecis><attscale Sync="TRUE">0</attscale></attr><attr><attrlabl Sync="TRUE">RESPONSABL</attrlabl><attalias Sync="TRUE">RESPONSABL</attalias><attrtype Sync="TRUE">String</attrtype><attwidth Sync="TRUE">254</attwidth><atprecis Sync="TRUE">0</atprecis><attscale Sync="TRUE">0</attscale></attr><attr><attrlabl Sync="TRUE">CORESPONSA</attrlabl><attalias Sync="TRUE">CORESPONSA</attalias><attrtype Sync="TRUE">String</attrtype><attwidth Sync="TRUE">254</attwidth><atprecis Sync="TRUE">0</atprecis><attscale Sync="TRUE">0</attscale></attr><attr><attrlabl Sync="TRUE">HA_LEGAL</attrlabl><attalias Sync="TRUE">HA_LEGAL</attalias><attrtype Sync="TRUE">Double</attrtype><attwidth Sync="TRUE">19</attwidth><atprecis Sync="TRUE">0</atprecis><attscale Sync="TRUE">0</attscale></attr><attr><attrlabl Sync="TRUE">LIEN</attrlabl><attalias Sync="TRUE">LIEN</attalias><attrtype Sync="TRUE">String</attrtype><attwidth Sync="TRUE">250</attwidth><atprecis Sync="TRUE">0</atprecis><attscale Sync="TRUE">0</attscale></attr><attr><attrlabl Sync="TRUE">LONDMS</attrlabl><attalias Sync="TRUE">LONDMS</attalias><attrtype Sync="TRUE">String</attrtype><attwidth Sync="TRUE">50</attwidth><atprecis Sync="TRUE">0</atprecis><attscale Sync="TRUE">0</attscale></attr><attr><attrlabl Sync="TRUE">LATDMS</attrlabl><attalias Sync="TRUE">LATDMS</attalias><attrtype Sync="TRUE">String</attrtype><attwidth Sync="TRUE">50</attwidth><atprecis Sync="TRUE">0</atprecis><attscale Sync="TRUE">0</attscale></attr><attr><attrlabl Sync="TRUE">DA_CREATIO</attrlabl><attalias Sync="TRUE">DA_CREATIO</attalias><attrtype Sync="TRUE">String</attrtype><attwidth Sync="TRUE">10</attwidth><atprecis Sync="TRUE">0</atprecis><attscale Sync="TRUE">0</attscale></attr><attr><attrlabl Sync="TRUE">UICN</attrlabl><attalias Sync="TRUE">UICN</attalias><attrtype Sync="TRUE">String</attrtype><attwidth Sync="TRUE">5</attwidth><atprecis Sync="TRUE">0</atprecis><attscale Sync="TRUE">0</attscale></attr><attr><attrlabl Sync="TRUE">REGISTRE</attrlabl><attalias Sync="TRUE">REGISTRE</attalias><attrtype Sync="TRUE">String</attrtype><attwidth Sync="TRUE">3</attwidth><atprecis Sync="TRUE">0</atprecis><attscale Sync="TRUE">0</attscale></attr><attr><attrlabl Sync="TRUE">NO_DROIT_I</attrlabl><attalias Sync="TRUE">NO_DROIT_I</attalias><attrtype Sync="TRUE">Integer</attrtype><attwidth Sync="TRUE">10</attwidth><atprecis Sync="TRUE">10</atprecis><attscale Sync="TRUE">0</attscale></attr><attr><attrlabl Sync="TRUE">Shape_Leng</attrlabl><attalias Sync="TRUE">Shape_Leng</attalias><attrtype Sync="TRUE">Double</attrtype><attwidth Sync="TRUE">19</attwidth><atprecis Sync="TRUE">0</atprecis><attscale Sync="TRUE">0</attscale></attr><attr><attrlabl Sync="TRUE">Shape_Area</attrlabl><attalias Sync="TRUE">Shape_Area</attalias><attrtype Sync="TRUE">Double</attrtype><attwidth Sync="TRUE">19</attwidth><atprecis Sync="TRUE">0</atprecis><attscale Sync="TRUE">0</attscale><attrdef Sync="TRUE">Area of feature in internal units squared.</attrdef><attrdefs Sync="TRUE">Esri</attrdefs><attrdomv><udom Sync="TRUE">Positive real numbers that are automatically generated.</udom></attrdomv></attr></detailed></eainfo><mdDateSt Sync="TRUE">20231106</mdDateSt></metadata>
