<?xml version="1.0"?>
<!--<!DOCTYPE metadata SYSTEM "http://www.esri.com/metadata/esriprof80.dtd">-->
<metadata xml:lang="fr"><Esri><CreaDate>20130313</CreaDate><CreaTime>11513800</CreaTime><SyncOnce>FALSE</SyncOnce><SyncDate>20071213</SyncDate><SyncTime>14114800</SyncTime><ModDate>20071213</ModDate><ModTime>14114800</ModTime><DataProperties><lineage><Process ToolSource="E:\Program Files (x86)\ArcGIS\ArcToolbox\Toolboxes\Data Management Tools.tbx\Append" Date="20130312" Time="143302">Append iggmf_me_inv_aer_arpg_s_09 arp_pru_up2_2005 NO_TEST "OBJECTID 'OBJECTID' true false false 10 Double 0 10 ,First,#;IAA_CODE_D 'IAA_CODE_D' true false false 3 Short 0 3 ,First,#,J:\Dggmf\Thema\Insecte\Arpenteuse\shp\iggmf_me_inv_aer_arpg_s_09.shp,IA09,-1,-1;IAA_NOM 'IAA_NOM' true false false 20 Text 0 0 ,First,#,J:\Dggmf\Thema\Insecte\Arpenteuse\shp\iggmf_me_inv_aer_arpg_s_09.shp,NIVEAU,-1,-1;IAA_SUPRF_ 'IAA_SUPRF_' true false false 11 Double 2 10 ,First,#,J:\Dggmf\Thema\Insecte\Arpenteuse\shp\iggmf_me_inv_aer_arpg_s_09.shp,SUPERF_HA,-1,-1;IAA_AN 'IAA_AN' true false false 4 Short 0 4 ,First,#;SHAPE_AREA 'SHAPE_AREA' true false false 19 Double 0 0 ,First,#;SHAPE_LEN 'SHAPE_LEN' true false false 19 Double 0 0 ,First,#" # arp_pru_up2_2005</Process><Process ToolSource="E:\Program Files (x86)\ArcGIS\ArcToolbox\Toolboxes\Data Management Tools.tbx\Append" Date="20130312" Time="143558">Append iggmf_me_inv_aer_arpg_s_10 arp_pru_up2_2005 NO_TEST "OBJECTID 'OBJECTID' true false false 10 Double 0 10 ,First,#;IAA_CODE_D 'IAA_CODE_D' true false false 3 Short 0 3 ,First,#,J:\Dggmf\Thema\Insecte\Arpenteuse\shp\iggmf_me_inv_aer_arpg_s_10.shp,IA10,-1,-1;IAA_NOM 'IAA_NOM' true false false 20 Text 0 0 ,First,#,J:\Dggmf\Thema\Insecte\Arpenteuse\shp\iggmf_me_inv_aer_arpg_s_10.shp,NIVEAU,-1,-1;IAA_SUPRF_ 'IAA_SUPRF_' true false false 11 Double 2 10 ,First,#,J:\Dggmf\Thema\Insecte\Arpenteuse\shp\iggmf_me_inv_aer_arpg_s_10.shp,SUPERF_HA,-1,-1;IAA_AN 'IAA_AN' true false false 4 Short 0 4 ,First,#;SHAPE_AREA 'SHAPE_AREA' true false false 19 Double 0 0 ,First,#;SHAPE_LEN 'SHAPE_LEN' true false false 19 Double 0 0 ,First,#" # arp_pru_up2_2005</Process><Process ToolSource="E:\Program Files (x86)\ArcGIS\ArcToolbox\Toolboxes\Data Management Tools.tbx\Append" Date="20130312" Time="144136">Append iggmf_me_inv_aer_arpg_s_10 arp_pru_up2_2005 NO_TEST "OBJECTID 'OBJECTID' true false false 10 Double 0 10 ,First,#;IAA_CODE_D 'IAA_CODE_D' true false false 3 Short 0 3 ,First,#,J:\Dggmf\Thema\Insecte\Arpenteuse\shp\iggmf_me_inv_aer_arpg_s_10.shp,IA10,-1,-1;IAA_NOM 'IAA_NOM' true false false 20 Text 0 0 ,First,#,J:\Dggmf\Thema\Insecte\Arpenteuse\shp\iggmf_me_inv_aer_arpg_s_10.shp,NIVEAU,-1,-1;IAA_SUPRF_ 'IAA_SUPRF_' true false false 11 Double 2 10 ,First,#,J:\Dggmf\Thema\Insecte\Arpenteuse\shp\iggmf_me_inv_aer_arpg_s_10.shp,SUPERF_HA,-1,-1;IAA_AN 'IAA_AN' true false false 4 Short 0 4 ,First,#;SHAPE_AREA 'SHAPE_AREA' true false false 19 Double 0 0 ,First,#;SHAPE_LEN 'SHAPE_LEN' true false false 19 Double 0 0 ,First,#" # arp_pru_up2_2005</Process><Process ToolSource="E:\Program Files (x86)\ArcGIS\ArcToolbox\Toolboxes\Data Management Tools.tbx\Append" Date="20130312" Time="144329">Append iggmf_me_inv_aer_arpg_s_11 arp_pru_up2_2005 NO_TEST "OBJECTID 'OBJECTID' true false false 10 Double 0 10 ,First,#;IAA_CODE_D 'IAA_CODE_D' true false false 3 Short 0 3 ,First,#,J:\Dggmf\Thema\Insecte\Arpenteuse\shp\iggmf_me_inv_aer_arpg_s_11.shp,Ia11,-1,-1;IAA_NOM 'IAA_NOM' true false false 20 Text 0 0 ,First,#,J:\Dggmf\Thema\Insecte\Arpenteuse\shp\iggmf_me_inv_aer_arpg_s_11.shp,NIVEAU,-1,-1;IAA_SUPRF_ 'IAA_SUPRF_' true false false 11 Double 2 10 ,First,#,J:\Dggmf\Thema\Insecte\Arpenteuse\shp\iggmf_me_inv_aer_arpg_s_11.shp,SUPERF_HA,-1,-1;IAA_AN 'IAA_AN' true false false 4 Short 0 4 ,First,#;SHAPE_AREA 'SHAPE_AREA' true false false 19 Double 0 0 ,First,#;SHAPE_LEN 'SHAPE_LEN' true false false 19 Double 0 0 ,First,#" # arp_pru_up2_2005</Process><Process ToolSource="E:\Program Files (x86)\ArcGIS\ArcToolbox\Toolboxes\Data Management Tools.tbx\Append" Date="20130312" Time="144515">Append iggmf_me_inv_aer_arpg_s_12 arp_pru_up2_2005 NO_TEST "OBJECTID 'OBJECTID' true false false 10 Double 0 10 ,First,#;IAA_CODE_D 'IAA_CODE_D' true false false 3 Short 0 3 ,First,#,J:\Dggmf\Thema\Insecte\Arpenteuse\shp\iggmf_me_inv_aer_arpg_s_12.shp,Ia12,-1,-1;IAA_NOM 'IAA_NOM' true false false 20 Text 0 0 ,First,#,J:\Dggmf\Thema\Insecte\Arpenteuse\shp\iggmf_me_inv_aer_arpg_s_12.shp,NIVEAU,-1,-1;IAA_SUPRF_ 'IAA_SUPRF_' true false false 11 Double 2 10 ,First,#,J:\Dggmf\Thema\Insecte\Arpenteuse\shp\iggmf_me_inv_aer_arpg_s_12.shp,SUPERF_HA,-1,-1;IAA_AN 'IAA_AN' true false false 4 Short 0 4 ,First,#;SHAPE_AREA 'SHAPE_AREA' true false false 19 Double 0 0 ,First,#;SHAPE_LEN 'SHAPE_LEN' true false false 19 Double 0 0 ,First,#" # arp_pru_up2_2005</Process><Process ToolSource="E:\Program Files (x86)\ArcGIS\ArcToolbox\Toolboxes\Data Management Tools.tbx\Append" Date="20130312" Time="153504">Append iggmf_me_inv_aer_arpg_s_10 arp_pru_up2_2005 NO_TEST "OBJECTID 'OBJECTID' true false false 10 Double 0 10 ,First,#;IAA_CODE_D 'IAA_CODE_D' true false false 3 Short 0 3 ,First,#,J:\Dggmf\Thema\Insecte\Arpenteuse\shp\iggmf_me_inv_aer_arpg_s_10.shp,IA10,-1,-1;IAA_NOM 'IAA_NOM' true false false 20 Text 0 0 ,First,#,J:\Dggmf\Thema\Insecte\Arpenteuse\shp\iggmf_me_inv_aer_arpg_s_10.shp,NIVEAU,-1,-1;IAA_SUPRF_ 'IAA_SUPRF_' true false false 11 Double 2 10 ,First,#,J:\Dggmf\Thema\Insecte\Arpenteuse\shp\iggmf_me_inv_aer_arpg_s_10.shp,SUPERF_HA,-1,-1;IAA_AN 'IAA_AN' true false false 4 Short 0 4 ,First,#;SHAPE_AREA 'SHAPE_AREA' true false false 19 Double 0 0 ,First,#;SHAPE_LEN 'SHAPE_LEN' true false false 19 Double 0 0 ,First,#" # arp_pru_up2_2005</Process></lineage></DataProperties><MetaID>{060CB9F9-7E51-49D9-8675-20181C14A70D}</MetaID></Esri><idinfo><native Sync="TRUE">Microsoft Windows XP Version 5.1 (Build 2600) Service Pack 1; ESRI ArcCatalog 9.0.0.535</native><descript><langdata Sync="TRUE">fr</langdata><abstract>REQUIRED: A brief narrative summary of the data set.</abstract><purpose>REQUIRED: A summary of the intentions with which the data set was developed.</purpose></descript><citation><citeinfo><origin>REQUIRED: The name of an organization or individual that developed the data set.</origin><pubdate>REQUIRED: The date when the data set is published or otherwise made available for release.</pubdate><title Sync="TRUE">GCOP.IGGMF_ME_AERIE_ARPEN_SE</title><ftname Sync="TRUE">GCOP.IGGMF_ME_AERIE_ARPEN_SE</ftname><geoform Sync="TRUE">vector digital data</geoform><onlink Sync="TRUE"></onlink></citeinfo></citation><timeperd><current>REQUIRED: The basis on which the time period of content information is determined.</current><timeinfo><sngdate><caldate>REQUIRED: The year (and optionally month, or month and day) for which the data set corresponds to the ground.</caldate></sngdate></timeinfo></timeperd><status><progress>REQUIRED: The state of the data set.</progress><update>REQUIRED: The frequency with which changes and additions are made to the data set after the initial data set is completed.</update></status><spdom><bounding><westbc Sync="TRUE">-81.000000</westbc><eastbc Sync="TRUE">-56.000000</eastbc><northbc Sync="TRUE">63.000000</northbc><southbc Sync="TRUE">44.000000</southbc></bounding><lboundng><leftbc Sync="TRUE">-81.000000</leftbc><rightbc Sync="TRUE">-56.000000</rightbc><bottombc Sync="TRUE">44.000000</bottombc><topbc Sync="TRUE">63.000000</topbc></lboundng></spdom><keywords><theme><themekt>REQUIRED: Reference to a formally registered thesaurus or a similar authoritative source of theme keywords.</themekt><themekey>REQUIRED: Common-use word or phrase used to describe the subject of the data set.</themekey></theme></keywords><accconst>REQUIRED: Restrictions and legal prerequisites for accessing the data set.</accconst><useconst>REQUIRED: Restrictions and legal prerequisites for using the data set after access is granted.</useconst><natvform Sync="TRUE">Classe d'entités ArcSDE</natvform></idinfo><dataIdInfo><envirDesc Sync="TRUE">Microsoft Windows XP Version 5.1 (Build 2600) Service Pack 1; ESRI ArcCatalog 9.0.0.535</envirDesc><dataLang><languageCode Sync="TRUE" value="fr"></languageCode></dataLang><idCitation><resTitle Sync="TRUE">GCOP.IGGMF_ME_AERIE_ARPEN_SE</resTitle></idCitation><dataExt><geoEle><GeoBndBox esriExtentType="native"><westBL Sync="TRUE">-81</westBL><eastBL Sync="TRUE">-56</eastBL><northBL Sync="TRUE">63</northBL><southBL Sync="TRUE">44</southBL><exTypeCode Sync="TRUE">1</exTypeCode></GeoBndBox></geoEle></dataExt><geoBox esriExtentType="decdegrees"><westBL Sync="TRUE">-81</westBL><eastBL Sync="TRUE">-56</eastBL><northBL Sync="TRUE">63</northBL><southBL Sync="TRUE">44</southBL><exTypeCode Sync="TRUE">1</exTypeCode></geoBox></dataIdInfo><metainfo><langmeta Sync="TRUE">fr</langmeta><metstdn Sync="TRUE">FGDC Content Standards for Digital Geospatial Metadata</metstdn><metstdv Sync="TRUE">FGDC-STD-001-1998</metstdv><mettc Sync="TRUE">local time</mettc><metextns><onlink Sync="TRUE">http://www.esri.com/metadata/esriprof80.html</onlink><metprof Sync="TRUE">ESRI Metadata Profile</metprof></metextns><metc><cntinfo><cntorgp><cntper>REQUIRED: The person responsible for the metadata information.</cntper><cntorg>REQUIRED: The organization responsible for the metadata information.</cntorg></cntorgp><cntaddr><addrtype>REQUIRED: The mailing and/or physical address for the organization or individual.</addrtype><city>REQUIRED: The city of the address.</city><state>REQUIRED: The state or province of the address.</state><postal>REQUIRED: The ZIP or other postal code of the address.</postal></cntaddr><cntvoice>REQUIRED: The telephone number by which individuals can speak to the organization or individual.</cntvoice></cntinfo></metc><metd Sync="TRUE">20071213</metd></metainfo><mdLang><languageCode Sync="TRUE" value="fr"></languageCode></mdLang><mdStanName Sync="TRUE">ISO 19115 Informations géographiques - Métadonnées</mdStanName><mdStanVer Sync="TRUE">DIS_ESRI1.0</mdStanVer><mdChar><CharSetCd Sync="TRUE" value="004"></CharSetCd></mdChar><mdHrLv><ScopeCd Sync="TRUE" value="005"></ScopeCd></mdHrLv><mdHrLvName Sync="TRUE">dataset</mdHrLvName><distinfo><resdesc Sync="TRUE">Downloadable Data</resdesc></distinfo><distInfo><distributor><distorTran><onLineSrc><orDesc Sync="TRUE">002</orDesc><linkage Sync="TRUE">file://</linkage><protocol Sync="TRUE">Local Area Network</protocol></onLineSrc></distorTran><distorFormat><formatName Sync="TRUE">Classe d'entités ArcSDE</formatName></distorFormat></distributor></distInfo><spdoinfo><direct Sync="TRUE">Vector</direct><ptvctinf><esriterm Name="GCOP.IGGMF_ME_AERIE_ARPEN_SE"><efeatyp Sync="TRUE">Simple</efeatyp><efeageom Sync="TRUE">Polygon</efeageom><esritopo Sync="TRUE">FALSE</esritopo><efeacnt Sync="TRUE">2158</efeacnt><spindex Sync="TRUE">TRUE</spindex><linrefer Sync="TRUE">FALSE</linrefer></esriterm><sdtsterm Name="GCOP.IGGMF_ME_AERIE_ARPEN_SE"><sdtstype Sync="TRUE">G-polygon</sdtstype><ptvctcnt Sync="TRUE">2158</ptvctcnt></sdtsterm></ptvctinf></spdoinfo><spref><horizsys><cordsysn><geogcsn Sync="TRUE">GCS_North_American_1983</geogcsn></cordsysn><geograph><geogunit Sync="TRUE">Decimal degrees</geogunit><latres Sync="TRUE">0.000000</latres><longres Sync="TRUE">0.000000</longres></geograph><geodetic><horizdn Sync="TRUE">North American Datum of 1983</horizdn><ellips Sync="TRUE">Geodetic Reference System 80</ellips><semiaxis Sync="TRUE">6378137.000000</semiaxis><denflat Sync="TRUE">298.257222</denflat></geodetic></horizsys><vertdef><altsys><altenc Sync="TRUE">Explicit elevation coordinate included with horizontal coordinates</altenc><altres Sync="TRUE">1.000000</altres></altsys></vertdef></spref><refSysInfo><RefSystem><refSysID><identCode Sync="TRUE">GCS_North_American_1983</identCode></refSysID></RefSystem></refSysInfo><spatRepInfo><VectSpatRep><topLvl><TopoLevCd Sync="TRUE" value="001"></TopoLevCd></topLvl><geometObjs Name="GCOP.IGGMF_ME_AERIE_ARPEN_SE"><geoObjTyp><GeoObjTypCd Sync="TRUE" value="001"></GeoObjTypCd></geoObjTyp><geoObjCnt Sync="TRUE">2158</geoObjCnt></geometObjs></VectSpatRep></spatRepInfo><eainfo><detailed Name="GCOP.IGGMF_ME_AERIE_ARPEN_SE"><enttyp><enttypl Sync="TRUE">GCOP.IGGMF_ME_AERIE_ARPEN_SE</enttypl><enttypt Sync="TRUE">Feature Class</enttypt><enttypc Sync="TRUE">2158</enttypc></enttyp><attr><attrlabl Sync="TRUE">OBJECTID</attrlabl><attalias Sync="TRUE">OBJECTID</attalias><attrtype Sync="TRUE">OID</attrtype><attwidth Sync="TRUE">4</attwidth><atprecis Sync="TRUE">10</atprecis><attscale Sync="TRUE">0</attscale><attrdef Sync="TRUE">Internal feature number.</attrdef><attrdefs Sync="TRUE">ESRI</attrdefs><attrdomv><udom Sync="TRUE">Sequential unique whole numbers that are automatically generated.</udom></attrdomv></attr><attr><attrlabl Sync="TRUE">IAA_CODE_DEFOL</attrlabl><attalias Sync="TRUE">IAA_CODE_DEFOL</attalias><attrtype Sync="TRUE">SmallInteger</attrtype><attwidth Sync="TRUE">2</attwidth><atprecis Sync="TRUE">3</atprecis><attscale Sync="TRUE">0</attscale></attr><attr><attrlabl Sync="TRUE">IAA_NOM</attrlabl><attalias Sync="TRUE">IAA_NOM</attalias><attrtype Sync="TRUE">String</attrtype><attwidth Sync="TRUE">20</attwidth><atprecis Sync="TRUE">0</atprecis><attscale Sync="TRUE">0</attscale></attr><attr><attrlabl Sync="TRUE">IAA_SUPRF_HA</attrlabl><attalias Sync="TRUE">IAA_SUPRF_HA</attalias><attrtype Sync="TRUE">Double</attrtype><attwidth Sync="TRUE">8</attwidth><atprecis Sync="TRUE">10</atprecis><attscale Sync="TRUE">2</attscale></attr><attr><attrlabl Sync="TRUE">IAA_AN</attrlabl><attalias Sync="TRUE">IAA_AN</attalias><attrtype Sync="TRUE">SmallInteger</attrtype><attwidth Sync="TRUE">2</attwidth><atprecis Sync="TRUE">4</atprecis><attscale Sync="TRUE">0</attscale></attr><attr><attrlabl Sync="TRUE">SHAPE</attrlabl><attalias Sync="TRUE">SHAPE</attalias><attrtype Sync="TRUE">Geometry</attrtype><attwidth Sync="TRUE">4</attwidth><atprecis Sync="TRUE">0</atprecis><attscale Sync="TRUE">0</attscale><attrdef Sync="TRUE">Feature geometry.</attrdef><attrdefs Sync="TRUE">ESRI</attrdefs><attrdomv><udom Sync="TRUE">Coordinates defining the features.</udom></attrdomv></attr><attr><attrlabl Sync="TRUE">SHAPE.AREA</attrlabl><attalias Sync="TRUE">SHAPE.AREA</attalias><attrtype Sync="TRUE">Double</attrtype><attwidth Sync="TRUE">0</attwidth><atprecis Sync="TRUE">0</atprecis><attscale Sync="TRUE">0</attscale></attr><attr><attrlabl Sync="TRUE">SHAPE.LEN</attrlabl><attalias Sync="TRUE">SHAPE.LEN</attalias><attrtype Sync="TRUE">Double</attrtype><attwidth Sync="TRUE">0</attwidth><atprecis Sync="TRUE">0</atprecis><attscale Sync="TRUE">0</attscale></attr></detailed></eainfo><mdDateSt Sync="TRUE">20071213</mdDateSt><dataqual><lineage><procstep><procdesc Sync="TRUE">Jeu de données copié.</procdesc><srcused Sync="TRUE">Server=chekov; Service=5252; User=PARGU2; Version=SDE.DEFAULT</srcused><date Sync="TRUE">20130311</date><time Sync="TRUE">15555000</time></procstep><procstep><procdesc Sync="TRUE">Jeu de données copié.</procdesc><srcused Sync="TRUE"></srcused><procdate Sync="TRUE">20130313</procdate><proctime Sync="TRUE">11513800</proctime></procstep></lineage></dataqual></metadata>
