<?xml version="1.0" encoding="utf-8"?>
<export xmlns:xsi="http://www.w3.org/2001/XMLSchema-instance" xmlns:xsd="http://www.w3.org/2001/XMLSchema" datedebut="2023-05-01" datefin="2023-05-31">
  <contrat>
    <numeroseao>483268</numeroseao>
    <numero>8407-11-SB01</numero>
    <datefinale>2023-05-04</datefinale>
    <datepublicationfinale>2015-01-09</datepublicationfinale>
    <montantfinal>191404.450000</montantfinal>
    <nomcontractant>9200-2427 QUÉBEC INC.</nomcontractant>
    <neqcontractant>1165345639</neqcontractant>
  </contrat>
  <contrat>
    <numeroseao>628735</numeroseao>
    <numero>8801-11-0204</numero>
    <datefinale>2015-05-19</datefinale>
    <datepublicationfinale>2014-02-27</datepublicationfinale>
    <montantfinal>1211637.240000</montantfinal>
    <nomcontractant>Groupe Civicam Inc.</nomcontractant>
    <neqcontractant>1160710852</neqcontractant>
  </contrat>
  <contrat>
    <numeroseao>1038608</numeroseao>
    <numero>31728400</numero>
    <datefinale>2022-02-28</datefinale>
    <datepublicationfinale>2022-04-13</datepublicationfinale>
    <montantfinal>1496231.870000</montantfinal>
    <nomcontractant>MAINTENANCE EURÉKA LTÉE</nomcontractant>
    <neqcontractant>1142075036</neqcontractant>
  </contrat>
  <contrat>
    <numeroseao>1131797</numeroseao>
    <numero>6805-13-0205</numero>
    <datefinale>2023-05-18</datefinale>
    <datepublicationfinale>2019-06-19</datepublicationfinale>
    <montantfinal>588986.530000</montantfinal>
    <nomcontractant>LES ENTREPRISES ALFRED BOIVIN INC.</nomcontractant>
    <neqcontractant>1142712356</neqcontractant>
  </contrat>
  <contrat>
    <numeroseao>1168061</numeroseao>
    <numero>33412300</numero>
    <datefinale>2021-05-31</datefinale>
    <datepublicationfinale>2022-01-20</datepublicationfinale>
    <montantfinal>53931.360000</montantfinal>
    <nomcontractant>UTC Incendie &amp; Sécurité Canada Inc.</nomcontractant>
    <neqcontractant>1166501933</neqcontractant>
  </contrat>
  <contrat>
    <numeroseao>1181995</numeroseao>
    <numero>44510175</numero>
    <datefinale>2021-03-04</datefinale>
    <datepublicationfinale>2021-03-05</datepublicationfinale>
    <montantfinal>57414.040000</montantfinal>
    <nomcontractant>ATWILL-MORIN MAÇONNERIE</nomcontractant>
    <neqcontractant>1164438492</neqcontractant>
  </contrat>
  <contrat>
    <numeroseao>1185487</numeroseao>
    <numero>5388-18-QF03</numero>
    <datefinale>2023-02-22</datefinale>
    <datepublicationfinale>2023-02-23</datepublicationfinale>
    <montantfinal>51337.130000</montantfinal>
    <nomcontractant>Conseillers en gestion informatique CGI inc.</nomcontractant>
    <neqcontractant>1160358728</neqcontractant>
  </contrat>
  <contrat>
    <numeroseao>1198538</numeroseao>
    <numero>45049888</numero>
    <datefinale>2022-12-31</datefinale>
    <datepublicationfinale>2018-11-13</datepublicationfinale>
    <montantfinal>143718.750000</montantfinal>
    <nomcontractant>École Polytechnique.</nomcontractant>
    <neqcontractant>1161552048</neqcontractant>
  </contrat>
  <contrat>
    <numeroseao>1201763</numeroseao>
    <numero>9246</numero>
    <datefinale>2019-09-24</datefinale>
    <datepublicationfinale>2019-09-04</datepublicationfinale>
    <montantfinal>62825.790000</montantfinal>
    <nomcontractant>Procontact</nomcontractant>
    <neqcontractant>1173638405</neqcontractant>
  </contrat>
  <contrat>
    <numeroseao>1223422</numeroseao>
    <numero>9001-19-0303</numero>
    <datefinale>2023-04-22</datefinale>
    <datepublicationfinale>2022-04-08</datepublicationfinale>
    <montantfinal>618380.030000</montantfinal>
    <nomcontractant>VICTOR POULIN INC.</nomcontractant>
    <neqcontractant>1143790336</neqcontractant>
  </contrat>
  <contrat>
    <numeroseao>1247903</numeroseao>
    <numero>2503-19-0202</numero>
    <datefinale>2023-02-21</datefinale>
    <datepublicationfinale>2023-04-18</datepublicationfinale>
    <montantfinal>6025944.700000</montantfinal>
    <nomcontractant>NOBESCO</nomcontractant>
    <neqcontractant>1168847433</neqcontractant>
  </contrat>
  <contrat>
    <numeroseao>1252803</numeroseao>
    <numero>2019-002</numero>
    <datefinale>2021-12-01</datefinale>
    <datepublicationfinale>2023-03-27</datepublicationfinale>
    <montantfinal>82575.500000</montantfinal>
    <nomcontractant>Infosilem Inc</nomcontractant>
    <neqcontractant>1140271470</neqcontractant>
  </contrat>
  <contrat>
    <numeroseao>1255295</numeroseao>
    <numero>6510-19-4504</numero>
    <datefinale>2022-04-25</datefinale>
    <datepublicationfinale>2022-05-02</datepublicationfinale>
    <montantfinal>742891.430000</montantfinal>
    <nomcontractant>JASMIN &amp; RÉGIS IMBEAULT INC.</nomcontractant>
    <neqcontractant>1143934165</neqcontractant>
  </contrat>
  <contrat>
    <numeroseao>1287806</numeroseao>
    <numero>C.C.-18-19-112</numero>
    <datefinale>2022-03-14</datefinale>
    <datepublicationfinale>2021-09-27</datepublicationfinale>
    <montantfinal>69100.000000</montantfinal>
    <nomcontractant>Les Services EXP Inc</nomcontractant>
    <neqcontractant>1167268128</neqcontractant>
  </contrat>
  <contrat>
    <numeroseao>1289514</numeroseao>
    <numero>35841600</numero>
    <datefinale>2022-09-30</datefinale>
    <datepublicationfinale>2022-11-01</datepublicationfinale>
    <montantfinal>179451.450000</montantfinal>
    <nomcontractant>AV-TECH INC.</nomcontractant>
    <neqcontractant>1174192535</neqcontractant>
  </contrat>
  <contrat>
    <numeroseao>1295651</numeroseao>
    <numero>APL192000009</numero>
    <datefinale>2022-09-22</datefinale>
    <datepublicationfinale>2022-10-04</datepublicationfinale>
    <montantfinal>637031.950000</montantfinal>
    <nomcontractant>CONCIERGERIE SPEICO INC.</nomcontractant>
    <neqcontractant>1172627250</neqcontractant>
  </contrat>
  <contrat>
    <numeroseao>1318307</numeroseao>
    <numero>5308-19-QF04</numero>
    <datefinale>2023-03-29</datefinale>
    <datepublicationfinale>2023-03-31</datepublicationfinale>
    <montantfinal>322067.200000</montantfinal>
    <nomcontractant>Alithya Canada Inc.</nomcontractant>
    <neqcontractant>1144392173</neqcontractant>
  </contrat>
  <contrat>
    <numeroseao>1318307</numeroseao>
    <numero>5308-19-QF04</numero>
    <datefinale>2023-03-29</datefinale>
    <datepublicationfinale>2023-03-31</datepublicationfinale>
    <montantfinal>43757.350000</montantfinal>
    <nomcontractant>Cofomo Québec inc.</nomcontractant>
    <neqcontractant>1167786996</neqcontractant>
  </contrat>
  <contrat>
    <numeroseao>1318307</numeroseao>
    <numero>5308-19-QF04</numero>
    <datefinale>2023-03-29</datefinale>
    <datepublicationfinale>2023-03-31</datepublicationfinale>
    <montantfinal>2517110.270000</montantfinal>
    <nomcontractant>LEVIO CONSEILS INC.</nomcontractant>
    <neqcontractant>1169672574</neqcontractant>
  </contrat>
  <contrat>
    <numeroseao>1318307</numeroseao>
    <numero>5308-19-QF04</numero>
    <datefinale>2023-03-29</datefinale>
    <datepublicationfinale>2023-03-31</datepublicationfinale>
    <montantfinal>315105.750000</montantfinal>
    <nomcontractant>PROCOM QUÉBEC INC.</nomcontractant>
    <neqcontractant>1160926664</neqcontractant>
  </contrat>
  <contrat>
    <numeroseao>1318307</numeroseao>
    <numero>5308-19-QF04</numero>
    <datefinale>2023-03-29</datefinale>
    <datepublicationfinale>2023-03-31</datepublicationfinale>
    <montantfinal>0.000000</montantfinal>
    <nomcontractant>CONSEILLERS EN GESTION ET INFORMATIQUE CGI INC.</nomcontractant>
    <neqcontractant>1160358728</neqcontractant>
  </contrat>
  <contrat>
    <numeroseao>1318307</numeroseao>
    <numero>5308-19-QF04</numero>
    <datefinale>2023-03-29</datefinale>
    <datepublicationfinale>2023-03-31</datepublicationfinale>
    <montantfinal>80734.500000</montantfinal>
    <nomcontractant>G.D.G. INFORMATIQUE ET GESTION INC.</nomcontractant>
    <neqcontractant>1147027768</neqcontractant>
  </contrat>
  <contrat>
    <numeroseao>1319723</numeroseao>
    <numero>HAM-2015-0264-006</numero>
    <datefinale>2023-05-12</datefinale>
    <datepublicationfinale>2023-03-21</datepublicationfinale>
    <montantfinal>3706559.230000</montantfinal>
    <nomcontractant>Construction Gératek ltée</nomcontractant>
    <neqcontractant>1143223395</neqcontractant>
  </contrat>
  <contrat>
    <numeroseao>1330105</numeroseao>
    <numero>6501-20-HE07</numero>
    <datefinale>2023-02-14</datefinale>
    <datepublicationfinale>2023-02-16</datepublicationfinale>
    <montantfinal>93436.920000</montantfinal>
    <nomcontractant>Norda Stelo inc.</nomcontractant>
    <neqcontractant>1165310831</neqcontractant>
  </contrat>
  <contrat>
    <numeroseao>1331687</numeroseao>
    <numero>44512692</numero>
    <datefinale>2023-02-28</datefinale>
    <datepublicationfinale>2023-04-27</datepublicationfinale>
    <montantfinal>339183.510000</montantfinal>
    <nomcontractant>A. Gignac 2013 inc.</nomcontractant>
    <neqcontractant>1169621548</neqcontractant>
  </contrat>
  <contrat>
    <numeroseao>1338290</numeroseao>
    <numero>44516788</numero>
    <datefinale>2023-05-01</datefinale>
    <datepublicationfinale>2023-03-29</datepublicationfinale>
    <montantfinal>32028.900000</montantfinal>
    <nomcontractant>Enerco Groupe-Conseil inc.</nomcontractant>
    <neqcontractant>1173721151</neqcontractant>
  </contrat>
  <contrat>
    <numeroseao>1349049</numeroseao>
    <numero>36032700</numero>
    <datefinale>2023-02-28</datefinale>
    <datepublicationfinale>2023-03-22</datepublicationfinale>
    <montantfinal>155051.730000</montantfinal>
    <nomcontractant>Gestion Imm-tech inc.</nomcontractant>
    <neqcontractant>1147986195</neqcontractant>
  </contrat>
  <contrat>
    <numeroseao>1354535</numeroseao>
    <numero>35884400</numero>
    <datefinale>2023-02-28</datefinale>
    <datepublicationfinale>2023-02-21</datepublicationfinale>
    <montantfinal>30077.390000</montantfinal>
    <nomcontractant>Plomberie Gicleurs PSP</nomcontractant>
    <neqcontractant>1163480933</neqcontractant>
  </contrat>
  <contrat>
    <numeroseao>1383662</numeroseao>
    <numero>20-089 - 045110775</numero>
    <datefinale>2023-04-11</datefinale>
    <datepublicationfinale>2021-11-25</datepublicationfinale>
    <montantfinal>164533.940000</montantfinal>
    <nomcontractant>RÉNOVACOEUR RÉNOVATION INC.</nomcontractant>
    <neqcontractant>1165065229</neqcontractant>
  </contrat>
  <contrat>
    <numeroseao>1386673</numeroseao>
    <numero>IMM-15631</numero>
    <datefinale>2022-05-26</datefinale>
    <datepublicationfinale>2022-11-03</datepublicationfinale>
    <montantfinal>420829.130000</montantfinal>
    <nomcontractant>PLOMBERIE G &amp; G LTÉE</nomcontractant>
    <neqcontractant>1143084433</neqcontractant>
  </contrat>
  <contrat>
    <numeroseao>1391324</numeroseao>
    <numero>ACH1100-454</numero>
    <datefinale>2021-02-15</datefinale>
    <datepublicationfinale>2021-03-02</datepublicationfinale>
    <montantfinal>24112.560000</montantfinal>
    <nomcontractant>CONFORMiT</nomcontractant>
    <neqcontractant>1166904988</neqcontractant>
  </contrat>
  <contrat>
    <numeroseao>1398311</numeroseao>
    <numero>ACH1100-462</numero>
    <datefinale>2021-02-15</datefinale>
    <datepublicationfinale>2021-03-02</datepublicationfinale>
    <montantfinal>38670.690000</montantfinal>
    <nomcontractant>Informatique ProContact inc.</nomcontractant>
    <neqcontractant>1173638405</neqcontractant>
  </contrat>
  <contrat>
    <numeroseao>1415282</numeroseao>
    <numero>C9821 et C9823 JYL(EMT)</numero>
    <datefinale>2023-05-10</datefinale>
    <datepublicationfinale>2021-11-12</datepublicationfinale>
    <montantfinal>40888.770000</montantfinal>
    <nomcontractant>NFOE inc.</nomcontractant>
    <neqcontractant>1167798561</neqcontractant>
  </contrat>
  <contrat>
    <numeroseao>1420281</numeroseao>
    <numero>9112-20-ST01</numero>
    <datefinale>2023-02-17</datefinale>
    <datepublicationfinale>2023-02-20</datepublicationfinale>
    <montantfinal>71406.250000</montantfinal>
    <nomcontractant>Signalisation Zip</nomcontractant>
    <neqcontractant>1164583099</neqcontractant>
  </contrat>
  <contrat>
    <numeroseao>1443472</numeroseao>
    <numero>37592301</numero>
    <datefinale>2023-05-31</datefinale>
    <datepublicationfinale>2022-10-14</datepublicationfinale>
    <montantfinal>26550.000000</montantfinal>
    <nomcontractant>FNX-INNOV inc.</nomcontractant>
    <neqcontractant>1174002437</neqcontractant>
  </contrat>
  <contrat>
    <numeroseao>1459217</numeroseao>
    <numero>7001005</numero>
    <datefinale>2021-12-31</datefinale>
    <datepublicationfinale>2022-07-14</datepublicationfinale>
    <montantfinal>82414.970000</montantfinal>
    <nomcontractant>Sagacia Conseil</nomcontractant>
    <neqcontractant>1172178668</neqcontractant>
  </contrat>
  <contrat>
    <numeroseao>1463596</numeroseao>
    <numero>DP21TP516</numero>
    <datefinale>2021-12-15</datefinale>
    <datepublicationfinale>2022-08-29</datepublicationfinale>
    <montantfinal>65183.990000</montantfinal>
    <nomcontractant>Rive Sud Chrysler Dodge inc.</nomcontractant>
    <neqcontractant>1142800540</neqcontractant>
  </contrat>
  <contrat>
    <numeroseao>1463917</numeroseao>
    <numero>DP21TP512</numero>
    <datefinale>2021-04-21</datefinale>
    <datepublicationfinale>2022-03-10</datepublicationfinale>
    <montantfinal>50857.020000</montantfinal>
    <nomcontractant>Ste-Marie Automobiles Ltee</nomcontractant>
    <neqcontractant>1142123604</neqcontractant>
  </contrat>
  <contrat>
    <numeroseao>1472512</numeroseao>
    <numero>GAG-2021-S-034</numero>
    <datefinale>2023-03-31</datefinale>
    <datepublicationfinale>2023-04-12</datepublicationfinale>
    <montantfinal>100507.600000</montantfinal>
    <nomcontractant>GlobalData Publications inc.</nomcontractant>
    <neqcontractant />
  </contrat>
  <contrat>
    <numeroseao>1480487</numeroseao>
    <numero>2021-0038-GG</numero>
    <datefinale>2023-03-31</datefinale>
    <datepublicationfinale>2023-04-28</datepublicationfinale>
    <montantfinal>106833.000000</montantfinal>
    <nomcontractant>Sylvie Boucher Services conseils SST</nomcontractant>
    <neqcontractant>2270889670</neqcontractant>
  </contrat>
  <contrat>
    <numeroseao>1482651</numeroseao>
    <numero>8801-21-0902</numero>
    <datefinale>2022-09-23</datefinale>
    <datepublicationfinale>2022-09-27</datepublicationfinale>
    <montantfinal>4406078.470000</montantfinal>
    <nomcontractant>CONSTRUCTION &amp; PAVAGE GÉNÉREUX INC.</nomcontractant>
    <neqcontractant>1171815427</neqcontractant>
  </contrat>
  <contrat>
    <numeroseao>1515504</numeroseao>
    <numero>10364</numero>
    <datefinale>2022-05-27</datefinale>
    <datepublicationfinale>2023-03-14</datepublicationfinale>
    <montantfinal>126930.200000</montantfinal>
    <nomcontractant>CONSTRUCTION COUTURE &amp; TANGUAY INC.</nomcontractant>
    <neqcontractant>1161224309</neqcontractant>
  </contrat>
  <contrat>
    <numeroseao>1535183</numeroseao>
    <numero>SP1908555-2021-001</numero>
    <datefinale>2023-03-31</datefinale>
    <datepublicationfinale>2023-04-21</datepublicationfinale>
    <montantfinal>48138.000000</montantfinal>
    <nomcontractant>Langlois, Carole</nomcontractant>
    <neqcontractant>2276674613</neqcontractant>
  </contrat>
  <contrat>
    <numeroseao>1536991</numeroseao>
    <numero>ITS-1452</numero>
    <datefinale>2021-10-01</datefinale>
    <datepublicationfinale>2023-03-29</datepublicationfinale>
    <montantfinal>25946.000000</montantfinal>
    <nomcontractant>IBM CANADA LIMITÉE</nomcontractant>
    <neqcontractant>1165702128</neqcontractant>
  </contrat>
  <contrat>
    <numeroseao>1539080</numeroseao>
    <numero>2021-0449-GG</numero>
    <datefinale>2022-12-31</datefinale>
    <datepublicationfinale>2023-04-20</datepublicationfinale>
    <montantfinal>36250.000000</montantfinal>
    <nomcontractant>DULUDE, DANIÈLE CONSULTANTE</nomcontractant>
    <neqcontractant />
  </contrat>
  <contrat>
    <numeroseao>1545061</numeroseao>
    <numero>S 280 429 186</numero>
    <datefinale>2023-03-31</datefinale>
    <datepublicationfinale>2023-04-03</datepublicationfinale>
    <montantfinal>16800.000000</montantfinal>
    <nomcontractant>DÉVELOPPEMENT ÉCONOMIQUE SEPT-ÎLES INC.</nomcontractant>
    <neqcontractant>1142888206</neqcontractant>
  </contrat>
  <contrat>
    <numeroseao>1554558</numeroseao>
    <numero>ITS-1520</numero>
    <datefinale>2023-02-09</datefinale>
    <datepublicationfinale>2023-03-22</datepublicationfinale>
    <montantfinal>27384.240000</montantfinal>
    <nomcontractant>SOLUTIONS P.F.T. INC.</nomcontractant>
    <neqcontractant>1149466428</neqcontractant>
  </contrat>
  <contrat>
    <numeroseao>1555498</numeroseao>
    <numero>BO-00179</numero>
    <datefinale>2022-04-22</datefinale>
    <datepublicationfinale>2023-03-29</datepublicationfinale>
    <montantfinal>35528.950000</montantfinal>
    <nomcontractant>QUÉBECOR MÉDIA INC.</nomcontractant>
    <neqcontractant>1149501992</neqcontractant>
  </contrat>
  <contrat>
    <numeroseao>1580104</numeroseao>
    <numero>GG-22-020</numero>
    <datefinale>2023-05-17</datefinale>
    <datepublicationfinale>2023-02-03</datepublicationfinale>
    <montantfinal>36090.650000</montantfinal>
    <nomcontractant>BC2 GROUPE CONSEIL INC.</nomcontractant>
    <neqcontractant>1166369067</neqcontractant>
  </contrat>
  <contrat>
    <numeroseao>1585088</numeroseao>
    <numero>39511301</numero>
    <datefinale>2023-04-17</datefinale>
    <datepublicationfinale>2023-02-06</datepublicationfinale>
    <montantfinal>24715.000000</montantfinal>
    <nomcontractant>ALARME LA-SAR INC.</nomcontractant>
    <neqcontractant>1145682598</neqcontractant>
  </contrat>
  <contrat>
    <numeroseao>1589722</numeroseao>
    <numero>2021-1071-GG</numero>
    <datefinale>2023-05-09</datefinale>
    <datepublicationfinale>2022-08-26</datepublicationfinale>
    <montantfinal>35000.000000</montantfinal>
    <nomcontractant>WSP CANADA INC.</nomcontractant>
    <neqcontractant>1148357057</neqcontractant>
  </contrat>
  <contrat>
    <numeroseao>1590680</numeroseao>
    <numero>CO2021-5247</numero>
    <datefinale>2023-04-03</datefinale>
    <datepublicationfinale>2023-04-04</datepublicationfinale>
    <montantfinal>0.000000</montantfinal>
    <nomcontractant>SYSTÈMES D'EAU O.B.L.X. INC.</nomcontractant>
    <neqcontractant>1143402387</neqcontractant>
  </contrat>
  <contrat>
    <numeroseao>1592774</numeroseao>
    <numero>ST 280 429 581</numero>
    <datefinale>2023-03-31</datefinale>
    <datepublicationfinale>2023-04-04</datepublicationfinale>
    <montantfinal>42427.370000</montantfinal>
    <nomcontractant>FONDS DE PLACEMENT IMMOBILIER ALLIED</nomcontractant>
    <neqcontractant>3362633235</neqcontractant>
  </contrat>
  <contrat>
    <numeroseao>1592926</numeroseao>
    <numero>C 280 429 582</numero>
    <datefinale>2023-03-31</datefinale>
    <datepublicationfinale>2023-04-04</datepublicationfinale>
    <montantfinal>38477.060000</montantfinal>
    <nomcontractant>T.H.M.IMMOBILIER INC.</nomcontractant>
    <neqcontractant>1144157626</neqcontractant>
  </contrat>
  <contrat>
    <numeroseao>1597864</numeroseao>
    <numero>N/A</numero>
    <datefinale>2023-04-08</datefinale>
    <datepublicationfinale>2023-04-20</datepublicationfinale>
    <montantfinal>25435.000000</montantfinal>
    <nomcontractant>LA SOUVERAINE, COMPAGNIE D'ASSURANCE GENERALE</nomcontractant>
    <neqcontractant>1144557841</neqcontractant>
  </contrat>
  <contrat>
    <numeroseao>1602869</numeroseao>
    <numero>401-110-22-040</numero>
    <datefinale>2022-12-31</datefinale>
    <datepublicationfinale>2023-01-25</datepublicationfinale>
    <montantfinal>35303.090000</montantfinal>
    <nomcontractant>JEAN-CLAUDE ALARY INC.</nomcontractant>
    <neqcontractant>1140151524</neqcontractant>
  </contrat>
  <contrat>
    <numeroseao>1603896</numeroseao>
    <numero>44528907</numero>
    <datefinale>2022-05-12</datefinale>
    <datepublicationfinale>2022-06-07</datepublicationfinale>
    <montantfinal>64988.200000</montantfinal>
    <nomcontractant>DUAL-ÉLECTROTECH INC.</nomcontractant>
    <neqcontractant>1171030076</neqcontractant>
  </contrat>
  <contrat>
    <numeroseao>1622000</numeroseao>
    <numero>GRM-3759</numero>
    <datefinale>2023-02-01</datefinale>
    <datepublicationfinale>2022-12-14</datepublicationfinale>
    <montantfinal>63060.000000</montantfinal>
    <nomcontractant>Signalisation GardaWorld S.E.N.C.</nomcontractant>
    <neqcontractant>3373349169</neqcontractant>
  </contrat>
  <contrat>
    <numeroseao>1627835</numeroseao>
    <numero>BO-00205</numero>
    <datefinale>2023-05-12</datefinale>
    <datepublicationfinale>2023-04-13</datepublicationfinale>
    <montantfinal>86887.550000</montantfinal>
    <nomcontractant>ODGERS BERNDTSON CANADA/ MONTRÉAL INC.</nomcontractant>
    <neqcontractant>1149518095</neqcontractant>
  </contrat>
  <contrat>
    <numeroseao>1629631</numeroseao>
    <numero>9379</numero>
    <datefinale>2023-04-21</datefinale>
    <datepublicationfinale>2022-09-07</datepublicationfinale>
    <montantfinal>75328.940000</montantfinal>
    <nomcontractant>ARIMA CONSEILS INC.</nomcontractant>
    <neqcontractant>1174829755</neqcontractant>
  </contrat>
  <contrat>
    <numeroseao>1630525</numeroseao>
    <numero>2022-023-2189-CS-GG</numero>
    <datefinale>2023-03-05</datefinale>
    <datepublicationfinale>2023-04-27</datepublicationfinale>
    <montantfinal>114773.310000</montantfinal>
    <nomcontractant>Services Psaumes 23 Inc.</nomcontractant>
    <neqcontractant>1176167733</neqcontractant>
  </contrat>
  <contrat>
    <numeroseao>1636906</numeroseao>
    <numero>39781801</numero>
    <datefinale>2022-11-15</datefinale>
    <datepublicationfinale>2023-03-01</datepublicationfinale>
    <montantfinal>26925.000000</montantfinal>
    <nomcontractant>CONTRACTEURS ARMSERV INC.</nomcontractant>
    <neqcontractant>1147352547</neqcontractant>
  </contrat>
  <contrat>
    <numeroseao>1638390</numeroseao>
    <numero>BG101422</numero>
    <datefinale>2022-03-25</datefinale>
    <datepublicationfinale>2023-03-21</datepublicationfinale>
    <montantfinal>23120.010000</montantfinal>
    <nomcontractant>Bois D'fer</nomcontractant>
    <neqcontractant>2272294986</neqcontractant>
  </contrat>
  <contrat>
    <numeroseao>1638760</numeroseao>
    <numero>BG101840</numero>
    <datefinale>2022-11-22</datefinale>
    <datepublicationfinale>2023-04-06</datepublicationfinale>
    <montantfinal>27435.000000</montantfinal>
    <nomcontractant>LES ENTREPRISES ROBERT POTHIER INC.</nomcontractant>
    <neqcontractant>1145786399</neqcontractant>
  </contrat>
  <contrat>
    <numeroseao>1639549</numeroseao>
    <numero>BG101478</numero>
    <datefinale />
    <datepublicationfinale>2023-04-18</datepublicationfinale>
    <montantfinal>0.000000</montantfinal>
    <nomcontractant>ADSP inc.</nomcontractant>
    <neqcontractant>1168491661</neqcontractant>
  </contrat>
  <contrat>
    <numeroseao>1639821</numeroseao>
    <numero>BG101639</numero>
    <datefinale>2022-11-18</datefinale>
    <datepublicationfinale>2023-03-28</datepublicationfinale>
    <montantfinal>31005.340000</montantfinal>
    <nomcontractant>LES INSTALLATIONS ÉLECTRIQUES R. THÉBERGE INC.</nomcontractant>
    <neqcontractant>1142480293</neqcontractant>
  </contrat>
  <contrat>
    <numeroseao>1639824</numeroseao>
    <numero>BG101683</numero>
    <datefinale>2022-11-10</datefinale>
    <datepublicationfinale>2023-03-28</datepublicationfinale>
    <montantfinal>25936.830000</montantfinal>
    <nomcontractant>LES INSTALLATIONS ÉLECTRIQUES R. THÉBERGE INC.</nomcontractant>
    <neqcontractant>1142480293</neqcontractant>
  </contrat>
  <contrat>
    <numeroseao>1639890</numeroseao>
    <numero>2020-019</numero>
    <datefinale />
    <datepublicationfinale>2023-04-18</datepublicationfinale>
    <montantfinal>0.000000</montantfinal>
    <nomcontractant>Concept3D</nomcontractant>
    <neqcontractant />
  </contrat>
  <contrat>
    <numeroseao>1639968</numeroseao>
    <numero>BG101778</numero>
    <datefinale>2023-03-24</datefinale>
    <datepublicationfinale>2023-04-18</datepublicationfinale>
    <montantfinal>15868.000000</montantfinal>
    <nomcontractant>LES SERVICES EXP INC.</nomcontractant>
    <neqcontractant>1167268128</neqcontractant>
  </contrat>
  <contrat>
    <numeroseao>1639975</numeroseao>
    <numero>BG101808</numero>
    <datefinale>2023-01-31</datefinale>
    <datepublicationfinale>2023-04-18</datepublicationfinale>
    <montantfinal>89417.240000</montantfinal>
    <nomcontractant>CONSTRUCTIONS GUY SÉBAS INC.</nomcontractant>
    <neqcontractant>1144279677</neqcontractant>
  </contrat>
  <contrat>
    <numeroseao>1649900</numeroseao>
    <numero>ITS-1614</numero>
    <datefinale>2022-09-23</datefinale>
    <datepublicationfinale>2023-03-29</datepublicationfinale>
    <montantfinal>26280.000000</montantfinal>
    <nomcontractant>IBM CANADA LIMITÉE</nomcontractant>
    <neqcontractant>1165702128</neqcontractant>
  </contrat>
  <contrat>
    <numeroseao>1655007</numeroseao>
    <numero>BO-00223</numero>
    <datefinale>2023-05-19</datefinale>
    <datepublicationfinale>2023-04-05</datepublicationfinale>
    <montantfinal>27002.000000</montantfinal>
    <nomcontractant>Le Cabinet de relations publiques NATIONAL inc.</nomcontractant>
    <neqcontractant>1172360324</neqcontractant>
  </contrat>
  <contrat>
    <numeroseao>1656380</numeroseao>
    <numero>2022-037</numero>
    <datefinale>2023-01-31</datefinale>
    <datepublicationfinale>2023-02-09</datepublicationfinale>
    <montantfinal>40834.750000</montantfinal>
    <nomcontractant>ENQUÊTES FORENSIK INC.</nomcontractant>
    <neqcontractant>1168429398</neqcontractant>
  </contrat>
  <contrat>
    <numeroseao>1656727</numeroseao>
    <numero>39847301</numero>
    <datefinale>2023-05-11</datefinale>
    <datepublicationfinale>2023-02-15</datepublicationfinale>
    <montantfinal>47592.300000</montantfinal>
    <nomcontractant>Portes de garage Ste-Victoire</nomcontractant>
    <neqcontractant>1149261803</neqcontractant>
  </contrat>
  <contrat>
    <numeroseao>1659343</numeroseao>
    <numero>44530823</numero>
    <datefinale>2023-03-29</datefinale>
    <datepublicationfinale>2023-03-31</datepublicationfinale>
    <montantfinal>63916.600000</montantfinal>
    <nomcontractant>MSK CANADA LTÉE</nomcontractant>
    <neqcontractant>1144057628</neqcontractant>
  </contrat>
  <contrat>
    <numeroseao>1667350</numeroseao>
    <numero>504028186</numero>
    <datefinale>2023-03-31</datefinale>
    <datepublicationfinale>2023-04-21</datepublicationfinale>
    <montantfinal>20600.000000</montantfinal>
    <nomcontractant>9474-1402 Québec inc.</nomcontractant>
    <neqcontractant>1177959955</neqcontractant>
  </contrat>
  <contrat>
    <numeroseao>1669821</numeroseao>
    <numero>CHERCHEUR 2021-22</numero>
    <datefinale />
    <datepublicationfinale>2023-04-18</datepublicationfinale>
    <montantfinal>0.000000</montantfinal>
    <nomcontractant>6564437 CANADA INC.</nomcontractant>
    <neqcontractant>1163730600</neqcontractant>
  </contrat>
  <contrat>
    <numeroseao>1675959</numeroseao>
    <numero>999109826</numero>
    <datefinale>2023-04-15</datefinale>
    <datepublicationfinale>2023-04-17</datepublicationfinale>
    <montantfinal>43661.000000</montantfinal>
    <nomcontractant>ATS Scientific</nomcontractant>
    <neqcontractant />
  </contrat>
  <contrat>
    <numeroseao>1677966</numeroseao>
    <numero>BON222301345</numero>
    <datefinale>2023-04-25</datefinale>
    <datepublicationfinale>2023-04-25</datepublicationfinale>
    <montantfinal>25805.000000</montantfinal>
    <nomcontractant>Agence créative Les Prétentieux inc.</nomcontractant>
    <neqcontractant>1171297279</neqcontractant>
  </contrat>
  <contrat>
    <numeroseao>1703782</numeroseao>
    <numero>9001-23-PV17</numero>
    <datefinale>2023-05-03</datefinale>
    <datepublicationfinale>2023-03-20</datepublicationfinale>
    <montantfinal>106522.300000</montantfinal>
    <nomcontractant>Hope Aero Propeller And Components Inc.</nomcontractant>
    <neqcontractant />
  </contrat>
</export>