<?xml version="1.0" encoding="UTF-8"?>
<metadata xml:lang="fr"><Esri><CreaDate>20221212</CreaDate><CreaTime>09235600</CreaTime><ArcGISFormat>1.0</ArcGISFormat><SyncOnce>FALSE</SyncOnce><DataProperties><itemProps><itemName Sync="TRUE">Vuln_Crues_Dissolve_2015</itemName><imsContentType Sync="TRUE">002</imsContentType><itemLocation><linkage Sync="TRUE">file://\\VP1356131\C$\Users\umallra\Desktop\Données ouvertes\Vuln_Dissolve\Vuln_Crues_Dissolve_2015.shp</linkage><protocol Sync="TRUE">Local Area Network</protocol></itemLocation><itemSize Sync="TRUE">0.000</itemSize></itemProps><coordRef><type Sync="TRUE">Projected</type><geogcsn Sync="TRUE">GCS_North_American_1983_CSRS</geogcsn><csUnits Sync="TRUE">Linear Unit: Meter (1.000000)</csUnits><projcsn Sync="TRUE">NAD_1983_CSRS_MTM_8</projcsn><peXml Sync="TRUE">&lt;ProjectedCoordinateSystem xsi:type='typens:ProjectedCoordinateSystem' xmlns:xsi='http://www.w3.org/2001/XMLSchema-instance' xmlns:xs='http://www.w3.org/2001/XMLSchema' xmlns:typens='http://www.esri.com/schemas/ArcGIS/3.0.0'&gt;&lt;WKT&gt;PROJCS[&amp;quot;NAD_1983_CSRS_MTM_8&amp;quot;,GEOGCS[&amp;quot;GCS_North_American_1983_CSRS&amp;quot;,DATUM[&amp;quot;D_North_American_1983_CSRS&amp;quot;,SPHEROID[&amp;quot;GRS_1980&amp;quot;,6378137.0,298.257222101]],PRIMEM[&amp;quot;Greenwich&amp;quot;,0.0],UNIT[&amp;quot;Degree&amp;quot;,0.0174532925199433]],PROJECTION[&amp;quot;Transverse_Mercator&amp;quot;],PARAMETER[&amp;quot;False_Easting&amp;quot;,304800.0],PARAMETER[&amp;quot;False_Northing&amp;quot;,0.0],PARAMETER[&amp;quot;Central_Meridian&amp;quot;,-73.5],PARAMETER[&amp;quot;Scale_Factor&amp;quot;,0.9999],PARAMETER[&amp;quot;Latitude_Of_Origin&amp;quot;,0.0],UNIT[&amp;quot;Meter&amp;quot;,1.0],AUTHORITY[&amp;quot;EPSG&amp;quot;,2950]]&lt;/WKT&gt;&lt;XOrigin&gt;-5317800&lt;/XOrigin&gt;&lt;YOrigin&gt;-10001100&lt;/YOrigin&gt;&lt;XYScale&gt;450310428.58990461&lt;/XYScale&gt;&lt;ZOrigin&gt;-100000&lt;/ZOrigin&gt;&lt;ZScale&gt;10000&lt;/ZScale&gt;&lt;MOrigin&gt;-100000&lt;/MOrigin&gt;&lt;MScale&gt;10000&lt;/MScale&gt;&lt;XYTolerance&gt;0.001&lt;/XYTolerance&gt;&lt;ZTolerance&gt;0.001&lt;/ZTolerance&gt;&lt;MTolerance&gt;0.001&lt;/MTolerance&gt;&lt;HighPrecision&gt;true&lt;/HighPrecision&gt;&lt;WKID&gt;2145&lt;/WKID&gt;&lt;LatestWKID&gt;2950&lt;/LatestWKID&gt;&lt;/ProjectedCoordinateSystem&gt;</peXml></coordRef><lineage><Process ToolSource="c:\program files\arcgis\pro\Resources\ArcToolbox\toolboxes\Data Management Tools.tbx\CopyFeatures" Date="20221012" Time="135941" Name="" export="">CopyFeatures VulnerabiliteFinale3 C:\Users\Elie\Desktop\Stage\Traitement_2015\VulnerabiliteSensibiliteFinal\VulnerabiliteSensibiliteClasse.gdb\VulnerabiliteFinale3 # # # #</Process><Process ToolSource="c:\program files\arcgis\pro\Resources\ArcToolbox\toolboxes\Data Management Tools.tbx\Rename" Date="20221012" Time="161632" Name="" export="">Rename C:\Users\Elie\Desktop\Stage\Traitement_2015\VulnerabiliteSensibiliteFinal\VulnerabiliteSensibiliteClasse.gdb\VulnerabiliteFinale3 C:\Users\Elie\Desktop\Stage\Traitement_2015\VulnerabiliteSensibiliteFinal\VulnerabiliteSensibiliteClasse.gdb\VulnerabiliteFinale FeatureClass</Process><Process ToolSource="c:\program files\arcgis\pro\Resources\ArcToolbox\toolboxes\Data Management Tools.tbx\UpdateSchema" Date="20221013" Time="134818" Name="" export="">UpdateSchema "CIMDATA=&lt;CIMStandardDataConnection xsi:type='typens:CIMStandardDataConnection' xmlns:xsi='http://www.w3.org/2001/XMLSchema-instance' xmlns:xs='http://www.w3.org/2001/XMLSchema' xmlns:typens='http://www.esri.com/schemas/ArcGIS/3.0.0'&gt;&lt;WorkspaceConnectionString&gt;DATABASE=C:\Users\Elie\Desktop\Stage\Traitement_2015\VulnerabiliteSensibiliteFinal\VulnerabiliteSensibiliteClasse.gdb&lt;/WorkspaceConnectionString&gt;&lt;WorkspaceFactory&gt;FileGDB&lt;/WorkspaceFactory&gt;&lt;Dataset&gt;VulnerabiliteFinale&lt;/Dataset&gt;&lt;DatasetType&gt;esriDTFeatureClass&lt;/DatasetType&gt;&lt;/CIMStandardDataConnection&gt;" &lt;operationSequence&gt;&lt;workflow&gt;&lt;AddField&gt;&lt;field_name&gt;VulnerabiliteChaleurClasse&lt;/field_name&gt;&lt;field_type&gt;DOUBLE&lt;/field_type&gt;&lt;field_is_nullable&gt;True&lt;/field_is_nullable&gt;&lt;field_is_required&gt;False&lt;/field_is_required&gt;&lt;/AddField&gt;&lt;/workflow&gt;&lt;/operationSequence&gt;</Process><Process ToolSource="c:\program files\arcgis\pro\Resources\ArcToolbox\toolboxes\Data Management Tools.tbx\CalculateField" Date="20221013" Time="165410" Name="" export="">CalculateField VulnerabiliteFinale VulnerabiliteChaleurClasse 2 "Python 3" # Text NO_ENFORCE_DOMAINS</Process><Process ToolSource="c:\program files\arcgis\pro\Resources\ArcToolbox\toolboxes\Data Management Tools.tbx\CalculateField" Date="20221013" Time="165639" Name="" export="">CalculateField VulnerabiliteFinale VulnerabiliteChaleurClasse 3
 "Python 3" # Text NO_ENFORCE_DOMAINS</Process><Process ToolSource="c:\program files\arcgis\pro\Resources\ArcToolbox\toolboxes\Data Management Tools.tbx\CalculateField" Date="20221013" Time="165854" Name="" export="">CalculateField VulnerabiliteFinale VulnerabiliteChaleurClasse 4
 "Python 3" # Text NO_ENFORCE_DOMAINS</Process><Process ToolSource="c:\program files\arcgis\pro\Resources\ArcToolbox\toolboxes\Data Management Tools.tbx\CalculateField" Date="20221013" Time="165955" Name="" export="">CalculateField VulnerabiliteFinale VulnerabiliteChaleurClasse 5
 "Python 3" # Text NO_ENFORCE_DOMAINS</Process><Process ToolSource="c:\program files\arcgis\pro\Resources\ArcToolbox\Toolboxes\Data Management Tools.tbx\UpdateSchema" Date="20221014" Time="110935" Name="" export="">UpdateSchema "CIMDATA=&lt;CIMStandardDataConnection xsi:type='typens:CIMStandardDataConnection' xmlns:xsi='http://www.w3.org/2001/XMLSchema-instance' xmlns:xs='http://www.w3.org/2001/XMLSchema' xmlns:typens='http://www.esri.com/schemas/ArcGIS/3.0.0'&gt;&lt;WorkspaceConnectionString&gt;DATABASE=C:\Users\Elie\Desktop\Stage\Traitement_2015\VulnerabiliteSensibiliteFinal\VulnerabiliteSensibiliteClasse.gdb&lt;/WorkspaceConnectionString&gt;&lt;WorkspaceFactory&gt;FileGDB&lt;/WorkspaceFactory&gt;&lt;Dataset&gt;VulnerabiliteFinale&lt;/Dataset&gt;&lt;DatasetType&gt;esriDTFeatureClass&lt;/DatasetType&gt;&lt;/CIMStandardDataConnection&gt;" &lt;operationSequence&gt;&lt;workflow&gt;&lt;AddField&gt;&lt;field_name&gt;VulnerabiliteSecheresseClasse&lt;/field_name&gt;&lt;field_type&gt;LONG&lt;/field_type&gt;&lt;field_is_nullable&gt;True&lt;/field_is_nullable&gt;&lt;field_is_required&gt;False&lt;/field_is_required&gt;&lt;/AddField&gt;&lt;/workflow&gt;&lt;workflow&gt;&lt;AddField&gt;&lt;field_name&gt;VulnerabilitePluiesClasse&lt;/field_name&gt;&lt;field_type&gt;LONG&lt;/field_type&gt;&lt;field_is_nullable&gt;True&lt;/field_is_nullable&gt;&lt;field_is_required&gt;False&lt;/field_is_required&gt;&lt;/AddField&gt;&lt;/workflow&gt;&lt;workflow&gt;&lt;AddField&gt;&lt;field_name&gt;VulnerabiliteCruesClass&lt;/field_name&gt;&lt;field_type&gt;LONG&lt;/field_type&gt;&lt;field_is_nullable&gt;True&lt;/field_is_nullable&gt;&lt;field_is_required&gt;False&lt;/field_is_required&gt;&lt;/AddField&gt;&lt;/workflow&gt;&lt;workflow&gt;&lt;AddField&gt;&lt;field_name&gt;VulnerabiliteTempetesClasse&lt;/field_name&gt;&lt;field_type&gt;LONG&lt;/field_type&gt;&lt;field_is_nullable&gt;True&lt;/field_is_nullable&gt;&lt;field_is_required&gt;False&lt;/field_is_required&gt;&lt;/AddField&gt;&lt;/workflow&gt;&lt;/operationSequence&gt;</Process><Process ToolSource="c:\program files\arcgis\pro\Resources\ArcToolbox\toolboxes\Data Management Tools.tbx\CalculateField" Date="20221014" Time="111837" Name="" export="">CalculateField VulnerabiliteFinale VulnerabiliteSecheresseClasse 1
 "Python 3" # Text NO_ENFORCE_DOMAINS</Process><Process ToolSource="c:\program files\arcgis\pro\Resources\ArcToolbox\toolboxes\Data Management Tools.tbx\CalculateField" Date="20221014" Time="112045" Name="" export="">CalculateField VulnerabiliteFinale VulnerabiliteSecheresseClasse 2
 "Python 3" # Text NO_ENFORCE_DOMAINS</Process><Process ToolSource="c:\program files\arcgis\pro\Resources\ArcToolbox\toolboxes\Data Management Tools.tbx\CalculateField" Date="20221014" Time="112250" Name="" export="">CalculateField VulnerabiliteFinale VulnerabiliteSecheresseClasse 3
 "Python 3" # Text NO_ENFORCE_DOMAINS</Process><Process ToolSource="c:\program files\arcgis\pro\Resources\ArcToolbox\toolboxes\Data Management Tools.tbx\CalculateField" Date="20221014" Time="112419" Name="" export="">CalculateField VulnerabiliteFinale VulnerabiliteSecheresseClasse 4
 "Python 3" # Text NO_ENFORCE_DOMAINS</Process><Process ToolSource="c:\program files\arcgis\pro\Resources\ArcToolbox\toolboxes\Data Management Tools.tbx\CalculateField" Date="20221014" Time="112523" Name="" export="">CalculateField VulnerabiliteFinale VulnerabiliteSecheresseClasse 5

 "Python 3" # Text NO_ENFORCE_DOMAINS</Process><Process ToolSource="c:\program files\arcgis\pro\Resources\ArcToolbox\toolboxes\Data Management Tools.tbx\CalculateField" Date="20221014" Time="112642" Name="" export="">CalculateField VulnerabiliteFinale VulnerabilitePluiesClasse 1

 "Python 3" # Text NO_ENFORCE_DOMAINS</Process><Process ToolSource="c:\program files\arcgis\pro\Resources\ArcToolbox\toolboxes\Data Management Tools.tbx\CalculateField" Date="20221014" Time="112906" Name="" export="">CalculateField VulnerabiliteFinale VulnerabilitePluiesClasse 2

 "Python 3" # Text NO_ENFORCE_DOMAINS</Process><Process ToolSource="c:\program files\arcgis\pro\Resources\ArcToolbox\toolboxes\Data Management Tools.tbx\CalculateField" Date="20221014" Time="113033" Name="" export="">CalculateField VulnerabiliteFinale VulnerabilitePluiesClasse 3

 "Python 3" # Text NO_ENFORCE_DOMAINS</Process><Process ToolSource="c:\program files\arcgis\pro\Resources\ArcToolbox\toolboxes\Data Management Tools.tbx\CalculateField" Date="20221014" Time="113224" Name="" export="">CalculateField VulnerabiliteFinale VulnerabilitePluiesClasse 4

 "Python 3" # Text NO_ENFORCE_DOMAINS</Process><Process ToolSource="c:\program files\arcgis\pro\Resources\ArcToolbox\toolboxes\Data Management Tools.tbx\CalculateField" Date="20221014" Time="113342" Name="" export="">CalculateField VulnerabiliteFinale VulnerabilitePluiesClasse 5

 "Python 3" # Text NO_ENFORCE_DOMAINS</Process><Process ToolSource="c:\program files\arcgis\pro\Resources\ArcToolbox\toolboxes\Data Management Tools.tbx\CalculateField" Date="20221014" Time="113955" Name="" export="">CalculateField VulnerabiliteFinale VulnerabiliteCruesClass 1

 "Python 3" # Text NO_ENFORCE_DOMAINS</Process><Process ToolSource="c:\program files\arcgis\pro\Resources\ArcToolbox\toolboxes\Data Management Tools.tbx\CalculateField" Date="20221014" Time="114204" Name="" export="">CalculateField VulnerabiliteFinale VulnerabiliteCruesClass 2

 "Python 3" # Text NO_ENFORCE_DOMAINS</Process><Process ToolSource="c:\program files\arcgis\pro\Resources\ArcToolbox\toolboxes\Data Management Tools.tbx\CalculateField" Date="20221014" Time="114259" Name="" export="">CalculateField VulnerabiliteFinale VulnerabiliteCruesClass 3

 "Python 3" # Text NO_ENFORCE_DOMAINS</Process><Process ToolSource="c:\program files\arcgis\pro\Resources\ArcToolbox\toolboxes\Data Management Tools.tbx\CalculateField" Date="20221014" Time="114344" Name="" export="">CalculateField VulnerabiliteFinale VulnerabiliteCruesClass 4

 "Python 3" # Text NO_ENFORCE_DOMAINS</Process><Process ToolSource="c:\program files\arcgis\pro\Resources\ArcToolbox\toolboxes\Data Management Tools.tbx\CalculateField" Date="20221014" Time="114412" Name="" export="">CalculateField VulnerabiliteFinale VulnerabiliteCruesClass 5

 "Python 3" # Text NO_ENFORCE_DOMAINS</Process><Process ToolSource="c:\program files\arcgis\pro\Resources\ArcToolbox\toolboxes\Data Management Tools.tbx\CalculateField" Date="20221014" Time="114612" Name="" export="">CalculateField VulnerabiliteFinale VulnerabiliteTempetesClasse 1

 "Python 3" # Text NO_ENFORCE_DOMAINS</Process><Process ToolSource="c:\program files\arcgis\pro\Resources\ArcToolbox\toolboxes\Data Management Tools.tbx\CalculateField" Date="20221014" Time="114845" Name="" export="">CalculateField VulnerabiliteFinale VulnerabiliteTempetesClasse 2

 "Python 3" # Text NO_ENFORCE_DOMAINS</Process><Process ToolSource="c:\program files\arcgis\pro\Resources\ArcToolbox\toolboxes\Data Management Tools.tbx\CalculateField" Date="20221014" Time="115050" Name="" export="">CalculateField VulnerabiliteFinale VulnerabiliteTempetesClasse 3

 "Python 3" # Text NO_ENFORCE_DOMAINS</Process><Process ToolSource="c:\program files\arcgis\pro\Resources\ArcToolbox\toolboxes\Data Management Tools.tbx\CalculateField" Date="20221014" Time="115248" Name="" export="">CalculateField VulnerabiliteFinale VulnerabiliteTempetesClasse 4

 "Python 3" # Text NO_ENFORCE_DOMAINS</Process><Process ToolSource="c:\program files\arcgis\pro\Resources\ArcToolbox\toolboxes\Data Management Tools.tbx\CalculateField" Date="20221014" Time="115407" Name="" export="">CalculateField VulnerabiliteFinale VulnerabiliteTempetesClasse 5

 "Python 3" # Text NO_ENFORCE_DOMAINS</Process><Process ToolSource="c:\program files\arcgis\pro\Resources\ArcToolbox\toolboxes\Data Management Tools.tbx\CalculateField" Date="20221014" Time="122028" Name="" export="">CalculateField VulnerabiliteFinale VulnerabiliteCruesClass None
 "Python 3" # Text NO_ENFORCE_DOMAINS</Process><Process ToolSource="c:\program files\arcgis\pro\Resources\ArcToolbox\toolboxes\Data Management Tools.tbx\CalculateField" Date="20221014" Time="131205" Name="" export="">CalculateField VulnerabiliteFinale VulnerabiliteCrues None
 "Python 3" # Text NO_ENFORCE_DOMAINS</Process><Process ToolSource="c:\program files\arcgis\pro\Resources\ArcToolbox\toolboxes\Data Management Tools.tbx\CalculateField" Date="20221021" Time="101347" Name="" export="">CalculateField VulnerabiliteFinale VulnerabiliteCrues 0
 "Python 3" # Text NO_ENFORCE_DOMAINS</Process><Process ToolSource="c:\program files\arcgis\pro\Resources\ArcToolbox\toolboxes\Data Management Tools.tbx\CalculateField" Date="20221021" Time="101758" Name="" export="">CalculateField VulnerabiliteFinale VulnerabiliteCrues None
 "Python 3" # Text NO_ENFORCE_DOMAINS</Process><Process ToolSource="c:\program files\arcgis\pro\Resources\ArcToolbox\toolboxes\Data Management Tools.tbx\CalculateField" Date="20221104" Time="091239" Name="" export="">CalculateField VulnerabiliteFinale VulnerabilitePluiesClasse 1
 "Python 3" # Text NO_ENFORCE_DOMAINS</Process><Process ToolSource="c:\users\umallra\appdata\local\programs\arcgis\pro\Resources\ArcToolbox\Toolboxes\Data Management Tools.tbx\UpdateSchema" Date="20221107" Time="153418" Name="" export="">UpdateSchema "CIMDATA=&lt;CIMStandardDataConnection xsi:type='typens:CIMStandardDataConnection' xmlns:xsi='http://www.w3.org/2001/XMLSchema-instance' xmlns:xs='http://www.w3.org/2001/XMLSchema' xmlns:typens='http://www.esri.com/schemas/ArcGIS/2.9.0'&gt;&lt;WorkspaceConnectionString&gt;DATABASE=C:\Users\umallra\Desktop\SIG-CC\07_VULNERABILITE_FINAL_2015.gdb&lt;/WorkspaceConnectionString&gt;&lt;WorkspaceFactory&gt;FileGDB&lt;/WorkspaceFactory&gt;&lt;Dataset&gt;VulnerabiliteFinale&lt;/Dataset&gt;&lt;DatasetType&gt;esriDTFeatureClass&lt;/DatasetType&gt;&lt;/CIMStandardDataConnection&gt;" &lt;operationSequence&gt;&lt;workflow&gt;&lt;AlterField&gt;&lt;field_name&gt;VulnerabiliteChaleur&lt;/field_name&gt;&lt;new_field_name&gt;Chaleur&lt;/new_field_name&gt;&lt;field_is_nullable&gt;True&lt;/field_is_nullable&gt;&lt;clear_field_alias&gt;False&lt;/clear_field_alias&gt;&lt;/AlterField&gt;&lt;/workflow&gt;&lt;workflow&gt;&lt;AlterField&gt;&lt;field_name&gt;VulnerabiliteSecheresse&lt;/field_name&gt;&lt;new_field_name&gt;Secheresse&lt;/new_field_name&gt;&lt;field_is_nullable&gt;True&lt;/field_is_nullable&gt;&lt;clear_field_alias&gt;False&lt;/clear_field_alias&gt;&lt;/AlterField&gt;&lt;/workflow&gt;&lt;workflow&gt;&lt;AlterField&gt;&lt;field_name&gt;VulnerabilitePluies&lt;/field_name&gt;&lt;new_field_name&gt;Pluies&lt;/new_field_name&gt;&lt;field_is_nullable&gt;True&lt;/field_is_nullable&gt;&lt;clear_field_alias&gt;False&lt;/clear_field_alias&gt;&lt;/AlterField&gt;&lt;/workflow&gt;&lt;workflow&gt;&lt;AlterField&gt;&lt;field_name&gt;VulnerabiliteCrues&lt;/field_name&gt;&lt;new_field_name&gt;Crues&lt;/new_field_name&gt;&lt;field_is_nullable&gt;True&lt;/field_is_nullable&gt;&lt;clear_field_alias&gt;False&lt;/clear_field_alias&gt;&lt;/AlterField&gt;&lt;/workflow&gt;&lt;workflow&gt;&lt;AlterField&gt;&lt;field_name&gt;VulnerabiliteTempetes&lt;/field_name&gt;&lt;new_field_name&gt;Tempetes&lt;/new_field_name&gt;&lt;field_is_nullable&gt;True&lt;/field_is_nullable&gt;&lt;clear_field_alias&gt;False&lt;/clear_field_alias&gt;&lt;/AlterField&gt;&lt;/workflow&gt;&lt;workflow&gt;&lt;AlterField&gt;&lt;field_name&gt;VulnerabiliteChaleurClasse&lt;/field_name&gt;&lt;new_field_name&gt;ChaleurCl&lt;/new_field_name&gt;&lt;field_is_nullable&gt;True&lt;/field_is_nullable&gt;&lt;clear_field_alias&gt;False&lt;/clear_field_alias&gt;&lt;/AlterField&gt;&lt;/workflow&gt;&lt;workflow&gt;&lt;AlterField&gt;&lt;field_name&gt;VulnerabiliteSecheresseClasse&lt;/field_name&gt;&lt;new_field_name&gt;SecheresCl&lt;/new_field_name&gt;&lt;field_is_nullable&gt;True&lt;/field_is_nullable&gt;&lt;clear_field_alias&gt;False&lt;/clear_field_alias&gt;&lt;/AlterField&gt;&lt;/workflow&gt;&lt;workflow&gt;&lt;AlterField&gt;&lt;field_name&gt;VulnerabilitePluiesClasse&lt;/field_name&gt;&lt;new_field_name&gt;PluiesCl&lt;/new_field_name&gt;&lt;field_is_nullable&gt;True&lt;/field_is_nullable&gt;&lt;clear_field_alias&gt;False&lt;/clear_field_alias&gt;&lt;/AlterField&gt;&lt;/workflow&gt;&lt;workflow&gt;&lt;AlterField&gt;&lt;field_name&gt;VulnerabiliteCruesClass&lt;/field_name&gt;&lt;new_field_name&gt;CruesCl&lt;/new_field_name&gt;&lt;field_is_nullable&gt;True&lt;/field_is_nullable&gt;&lt;clear_field_alias&gt;False&lt;/clear_field_alias&gt;&lt;/AlterField&gt;&lt;/workflow&gt;&lt;workflow&gt;&lt;AlterField&gt;&lt;field_name&gt;VulnerabiliteTempetesClasse&lt;/field_name&gt;&lt;new_field_name&gt;TempetesCl&lt;/new_field_name&gt;&lt;field_is_nullable&gt;True&lt;/field_is_nullable&gt;&lt;clear_field_alias&gt;False&lt;/clear_field_alias&gt;&lt;/AlterField&gt;&lt;/workflow&gt;&lt;workflow&gt;&lt;AddField&gt;&lt;field_name&gt;Field&lt;/field_name&gt;&lt;field_type&gt;LONG&lt;/field_type&gt;&lt;field_alias&gt;Field&lt;/field_alias&gt;&lt;field_is_nullable&gt;True&lt;/field_is_nullable&gt;&lt;field_is_required&gt;False&lt;/field_is_required&gt;&lt;/AddField&gt;&lt;/workflow&gt;&lt;/operationSequence&gt;</Process><Process ToolSource="c:\users\umallra\appdata\local\programs\arcgis\pro\Resources\ArcToolbox\toolboxes\Data Management Tools.tbx\UpdateSchema" Date="20221107" Time="155055" Name="" export="">UpdateSchema "CIMDATA=&lt;CIMStandardDataConnection xsi:type='typens:CIMStandardDataConnection' xmlns:xsi='http://www.w3.org/2001/XMLSchema-instance' xmlns:xs='http://www.w3.org/2001/XMLSchema' xmlns:typens='http://www.esri.com/schemas/ArcGIS/2.9.0'&gt;&lt;WorkspaceConnectionString&gt;DATABASE=C:\Users\umallra\Desktop\07_VULNERABILITE_FINAL_2015_copie.gdb&lt;/WorkspaceConnectionString&gt;&lt;WorkspaceFactory&gt;FileGDB&lt;/WorkspaceFactory&gt;&lt;Dataset&gt;VulnerabiliteFinale&lt;/Dataset&gt;&lt;DatasetType&gt;esriDTFeatureClass&lt;/DatasetType&gt;&lt;/CIMStandardDataConnection&gt;" &lt;operationSequence&gt;&lt;workflow&gt;&lt;DeleteField&gt;&lt;field_name&gt;Field&lt;/field_name&gt;&lt;/DeleteField&gt;&lt;/workflow&gt;&lt;/operationSequence&gt;</Process><Process ToolSource="c:\users\umallra\appdata\local\programs\arcgis\pro\Resources\ArcToolbox\toolboxes\Data Management Tools.tbx\UpdateSchema" Date="20221107" Time="155453" Name="" export="">UpdateSchema "CIMDATA=&lt;CIMStandardDataConnection xsi:type='typens:CIMStandardDataConnection' xmlns:xsi='http://www.w3.org/2001/XMLSchema-instance' xmlns:xs='http://www.w3.org/2001/XMLSchema' xmlns:typens='http://www.esri.com/schemas/ArcGIS/2.9.0'&gt;&lt;WorkspaceConnectionString&gt;DATABASE=C:\Users\umallra\Desktop\07_VULNERABILITE_FINAL_2015_copie.gdb&lt;/WorkspaceConnectionString&gt;&lt;WorkspaceFactory&gt;FileGDB&lt;/WorkspaceFactory&gt;&lt;Dataset&gt;VulnerabiliteFinale&lt;/Dataset&gt;&lt;DatasetType&gt;esriDTFeatureClass&lt;/DatasetType&gt;&lt;/CIMStandardDataConnection&gt;" &lt;operationSequence&gt;&lt;workflow&gt;&lt;AddField&gt;&lt;field_name&gt;ChaleurCat&lt;/field_name&gt;&lt;field_type&gt;TEXT&lt;/field_type&gt;&lt;field_length&gt;25&lt;/field_length&gt;&lt;field_alias&gt;ChaleurCategorie&lt;/field_alias&gt;&lt;field_is_nullable&gt;True&lt;/field_is_nullable&gt;&lt;field_is_required&gt;False&lt;/field_is_required&gt;&lt;/AddField&gt;&lt;/workflow&gt;&lt;workflow&gt;&lt;AddField&gt;&lt;field_name&gt;SechereCat&lt;/field_name&gt;&lt;field_type&gt;TEXT&lt;/field_type&gt;&lt;field_length&gt;25&lt;/field_length&gt;&lt;field_alias&gt;SecheresseCategorie&lt;/field_alias&gt;&lt;field_is_nullable&gt;True&lt;/field_is_nullable&gt;&lt;field_is_required&gt;False&lt;/field_is_required&gt;&lt;/AddField&gt;&lt;/workflow&gt;&lt;workflow&gt;&lt;AddField&gt;&lt;field_name&gt;PluiesCat&lt;/field_name&gt;&lt;field_type&gt;TEXT&lt;/field_type&gt;&lt;field_length&gt;25&lt;/field_length&gt;&lt;field_alias&gt;PluiesCategorie&lt;/field_alias&gt;&lt;field_is_nullable&gt;True&lt;/field_is_nullable&gt;&lt;field_is_required&gt;False&lt;/field_is_required&gt;&lt;/AddField&gt;&lt;/workflow&gt;&lt;workflow&gt;&lt;AddField&gt;&lt;field_name&gt;CruesCat&lt;/field_name&gt;&lt;field_type&gt;TEXT&lt;/field_type&gt;&lt;field_length&gt;25&lt;/field_length&gt;&lt;field_alias&gt;CruesCategorie&lt;/field_alias&gt;&lt;field_is_nullable&gt;True&lt;/field_is_nullable&gt;&lt;field_is_required&gt;False&lt;/field_is_required&gt;&lt;/AddField&gt;&lt;/workflow&gt;&lt;workflow&gt;&lt;AddField&gt;&lt;field_name&gt;TempeteCat&lt;/field_name&gt;&lt;field_type&gt;TEXT&lt;/field_type&gt;&lt;field_length&gt;25&lt;/field_length&gt;&lt;field_alias&gt;TempetesCategorie&lt;/field_alias&gt;&lt;field_is_nullable&gt;True&lt;/field_is_nullable&gt;&lt;field_is_required&gt;False&lt;/field_is_required&gt;&lt;/AddField&gt;&lt;/workflow&gt;&lt;/operationSequence&gt;</Process><Process ToolSource="c:\users\umallra\appdata\local\programs\arcgis\pro\Resources\ArcToolbox\toolboxes\Data Management Tools.tbx\CalculateField" Date="20221107" Time="160905" Name="" export="">CalculateField VulnerabiliteFinale ChaleurCat "!ChaleurCat! = Non significative" "Python 3" # Text NO_ENFORCE_DOMAINS</Process><Process ToolSource="c:\users\umallra\appdata\local\programs\arcgis\pro\Resources\ArcToolbox\toolboxes\Data Management Tools.tbx\CalculateField" Date="20221107" Time="161705" Name="" export="">CalculateField VulnerabiliteFinale ChaleurCat "Non significative" "Python 3" # Text NO_ENFORCE_DOMAINS</Process><Process ToolSource="c:\users\umallra\appdata\local\programs\arcgis\pro\Resources\ArcToolbox\toolboxes\Data Management Tools.tbx\CalculateField" Date="20221107" Time="161929" Name="" export="">CalculateField VulnerabiliteFinale ChaleurCat "Mineure" "Python 3" # Text NO_ENFORCE_DOMAINS</Process><Process ToolSource="c:\users\umallra\appdata\local\programs\arcgis\pro\Resources\ArcToolbox\toolboxes\Data Management Tools.tbx\CalculateField" Date="20221107" Time="162015" Name="" export="">CalculateField VulnerabiliteFinale ChaleurCat "Modérée" "Python 3" # Text NO_ENFORCE_DOMAINS</Process><Process ToolSource="c:\users\umallra\appdata\local\programs\arcgis\pro\Resources\ArcToolbox\toolboxes\Data Management Tools.tbx\CalculateField" Date="20221107" Time="162059" Name="" export="">CalculateField VulnerabiliteFinale ChaleurCat "Élevée" "Python 3" # Text NO_ENFORCE_DOMAINS</Process><Process ToolSource="c:\users\umallra\appdata\local\programs\arcgis\pro\Resources\ArcToolbox\toolboxes\Data Management Tools.tbx\CalculateField" Date="20221107" Time="162135" Name="" export="">CalculateField VulnerabiliteFinale ChaleurCat "Majeure" "Python 3" # Text NO_ENFORCE_DOMAINS</Process><Process ToolSource="c:\users\umallra\appdata\local\programs\arcgis\pro\Resources\ArcToolbox\toolboxes\Data Management Tools.tbx\CalculateField" Date="20221107" Time="162339" Name="" export="">CalculateField VulnerabiliteFinale SechereCat "Non significative" "Python 3" # Text NO_ENFORCE_DOMAINS</Process><Process ToolSource="c:\users\umallra\appdata\local\programs\arcgis\pro\Resources\ArcToolbox\toolboxes\Data Management Tools.tbx\CalculateField" Date="20221107" Time="162442" Name="" export="">CalculateField VulnerabiliteFinale PluiesCat "Non significative" "Python 3" # Text NO_ENFORCE_DOMAINS</Process><Process ToolSource="c:\users\umallra\appdata\local\programs\arcgis\pro\Resources\ArcToolbox\toolboxes\Data Management Tools.tbx\CalculateField" Date="20221107" Time="162538" Name="" export="">CalculateField VulnerabiliteFinale CruesCat "Non significative" "Python 3" # Text NO_ENFORCE_DOMAINS</Process><Process ToolSource="c:\users\umallra\appdata\local\programs\arcgis\pro\Resources\ArcToolbox\toolboxes\Data Management Tools.tbx\CalculateField" Date="20221107" Time="162622" Name="" export="">CalculateField VulnerabiliteFinale TempeteCat "Non significative" "Python 3" # Text NO_ENFORCE_DOMAINS</Process><Process ToolSource="c:\users\umallra\appdata\local\programs\arcgis\pro\Resources\ArcToolbox\toolboxes\Data Management Tools.tbx\CalculateField" Date="20221107" Time="162735" Name="" export="">CalculateField VulnerabiliteFinale SechereCat "Mineure" "Python 3" # Text NO_ENFORCE_DOMAINS</Process><Process ToolSource="c:\users\umallra\appdata\local\programs\arcgis\pro\Resources\ArcToolbox\toolboxes\Data Management Tools.tbx\CalculateField" Date="20221107" Time="162826" Name="" export="">CalculateField VulnerabiliteFinale PluiesCat "Mineure" "Python 3" # Text NO_ENFORCE_DOMAINS</Process><Process ToolSource="c:\users\umallra\appdata\local\programs\arcgis\pro\Resources\ArcToolbox\toolboxes\Data Management Tools.tbx\CalculateField" Date="20221107" Time="162906" Name="" export="">CalculateField VulnerabiliteFinale CruesCat "Mineure" "Python 3" # Text NO_ENFORCE_DOMAINS</Process><Process ToolSource="c:\users\umallra\appdata\local\programs\arcgis\pro\Resources\ArcToolbox\toolboxes\Data Management Tools.tbx\CalculateField" Date="20221107" Time="163020" Name="" export="">CalculateField VulnerabiliteFinale TempeteCat "Mineure" "Python 3" # Text NO_ENFORCE_DOMAINS</Process><Process ToolSource="c:\users\umallra\appdata\local\programs\arcgis\pro\Resources\ArcToolbox\toolboxes\Data Management Tools.tbx\CalculateField" Date="20221107" Time="163121" Name="" export="">CalculateField VulnerabiliteFinale SechereCat "Modérée" "Python 3" # Text NO_ENFORCE_DOMAINS</Process><Process ToolSource="c:\users\umallra\appdata\local\programs\arcgis\pro\Resources\ArcToolbox\toolboxes\Data Management Tools.tbx\CalculateField" Date="20221107" Time="163213" Name="" export="">CalculateField VulnerabiliteFinale PluiesCat "Modérée" "Python 3" # Text NO_ENFORCE_DOMAINS</Process><Process ToolSource="c:\users\umallra\appdata\local\programs\arcgis\pro\Resources\ArcToolbox\toolboxes\Data Management Tools.tbx\CalculateField" Date="20221107" Time="163518" Name="" export="">CalculateField VulnerabiliteFinale TempeteCat "Modérée" "Python 3" # Text NO_ENFORCE_DOMAINS</Process><Process ToolSource="c:\users\umallra\appdata\local\programs\arcgis\pro\Resources\ArcToolbox\toolboxes\Data Management Tools.tbx\CalculateField" Date="20221107" Time="163559" Name="" export="">CalculateField VulnerabiliteFinale CruesCat "Modérée" "Python 3" # Text NO_ENFORCE_DOMAINS</Process><Process ToolSource="c:\users\umallra\appdata\local\programs\arcgis\pro\Resources\ArcToolbox\toolboxes\Data Management Tools.tbx\CalculateField" Date="20221107" Time="163754" Name="" export="">CalculateField VulnerabiliteFinale SechereCat "Élevée" "Python 3" # Text NO_ENFORCE_DOMAINS</Process><Process ToolSource="c:\users\umallra\appdata\local\programs\arcgis\pro\Resources\ArcToolbox\toolboxes\Data Management Tools.tbx\CalculateField" Date="20221107" Time="163829" Name="" export="">CalculateField VulnerabiliteFinale PluiesCat "Élevée" "Python 3" # Text NO_ENFORCE_DOMAINS</Process><Process ToolSource="c:\users\umallra\appdata\local\programs\arcgis\pro\Resources\ArcToolbox\toolboxes\Data Management Tools.tbx\CalculateField" Date="20221107" Time="163911" Name="" export="">CalculateField VulnerabiliteFinale CruesCat "Élevée" "Python 3" # Text NO_ENFORCE_DOMAINS</Process><Process ToolSource="c:\users\umallra\appdata\local\programs\arcgis\pro\Resources\ArcToolbox\toolboxes\Data Management Tools.tbx\CalculateField" Date="20221107" Time="163951" Name="" export="">CalculateField VulnerabiliteFinale TempeteCat "Élevée" "Python 3" # Text NO_ENFORCE_DOMAINS</Process><Process ToolSource="c:\users\umallra\appdata\local\programs\arcgis\pro\Resources\ArcToolbox\toolboxes\Data Management Tools.tbx\CalculateField" Date="20221107" Time="164031" Name="" export="">CalculateField VulnerabiliteFinale SechereCat "Majeure" "Python 3" # Text NO_ENFORCE_DOMAINS</Process><Process ToolSource="c:\users\umallra\appdata\local\programs\arcgis\pro\Resources\ArcToolbox\toolboxes\Data Management Tools.tbx\CalculateField" Date="20221107" Time="164105" Name="" export="">CalculateField VulnerabiliteFinale PluiesCat "Majeure" "Python 3" # Text NO_ENFORCE_DOMAINS</Process><Process ToolSource="c:\users\umallra\appdata\local\programs\arcgis\pro\Resources\ArcToolbox\toolboxes\Data Management Tools.tbx\CalculateField" Date="20221107" Time="164139" Name="" export="">CalculateField VulnerabiliteFinale CruesCat "Majeure" "Python 3" # Text NO_ENFORCE_DOMAINS</Process><Process ToolSource="c:\users\umallra\appdata\local\programs\arcgis\pro\Resources\ArcToolbox\toolboxes\Data Management Tools.tbx\CalculateField" Date="20221107" Time="164227" Name="" export="">CalculateField VulnerabiliteFinale TempeteCat "Majeure" "Python 3" # Text NO_ENFORCE_DOMAINS</Process><Process ToolSource="c:\users\umallra\appdata\local\programs\arcgis\pro\Resources\ArcToolbox\toolboxes\Data Management Tools.tbx\CalculateField" Date="20221108" Time="080310" Name="" export="">CalculateField VulnerabiliteFinale CruesCat "Null" "Python 3" # Text NO_ENFORCE_DOMAINS</Process><Process ToolSource="c:\users\umallra\appdata\local\programs\arcgis\pro\Resources\ArcToolbox\toolboxes\Data Management Tools.tbx\CalculateField" Date="20221108" Time="080729" Name="" export="">CalculateField VulnerabiliteFinale CruesCat "s.o." "Python 3" # Text NO_ENFORCE_DOMAINS</Process><Process ToolSource="c:\users\umallra\appdata\local\programs\arcgis\pro\Resources\ArcToolbox\toolboxes\Data Management Tools.tbx\CalculateField" Date="20221108" Time="080827" Name="" export="">CalculateField VulnerabiliteFinale CruesCat "s.o." "Python 3" # Text NO_ENFORCE_DOMAINS</Process><Process ToolSource="c:\users\umallra\appdata\local\programs\arcgis\pro\Resources\ArcToolbox\toolboxes\Data Management Tools.tbx\CalculateField" Date="20221108" Time="080926" Name="" export="">CalculateField VulnerabiliteFinale CruesCat "s.o." "Python 3" # Text NO_ENFORCE_DOMAINS</Process><Process ToolSource="c:\users\umallra\appdata\local\programs\arcgis\pro\Resources\ArcToolbox\Toolboxes\Data Management Tools.tbx\CopyMultiple" Date="20221108" Time="112811" Name="" export="">CopyMultiple "C:\Users\umallra\Desktop\VULNERABILITE_2015_simplifier.gdb\VulnerabiliteFinale FeatureClass" C:\Users\umallra\Desktop\VULNERABILITE_2015_detail.gdb VulnerabiliteFinale "VulnerabiliteFinale FeatureClass VulnerabiliteFinale #"</Process><Process ToolSource="c:\users\umallra\appdata\local\programs\arcgis\pro\Resources\ArcToolbox\Toolboxes\Data Management Tools.tbx\UpdateSchema" Date="20221108" Time="113541" Name="" export="">UpdateSchema "CIMDATA=&lt;CIMStandardDataConnection xsi:type='typens:CIMStandardDataConnection' xmlns:xsi='http://www.w3.org/2001/XMLSchema-instance' xmlns:xs='http://www.w3.org/2001/XMLSchema' xmlns:typens='http://www.esri.com/schemas/ArcGIS/2.9.0'&gt;&lt;WorkspaceConnectionString&gt;DATABASE=C:\Users\umallra\Desktop\VULNERABILITE_2015_Shape.gdb&lt;/WorkspaceConnectionString&gt;&lt;WorkspaceFactory&gt;FileGDB&lt;/WorkspaceFactory&gt;&lt;Dataset&gt;VulnerabiliteFinale&lt;/Dataset&gt;&lt;DatasetType&gt;esriDTFeatureClass&lt;/DatasetType&gt;&lt;/CIMStandardDataConnection&gt;" &lt;operationSequence&gt;&lt;workflow&gt;&lt;DeleteField&gt;&lt;field_name&gt;Chaleur&lt;/field_name&gt;&lt;field_name&gt;Secheresse&lt;/field_name&gt;&lt;field_name&gt;Pluies&lt;/field_name&gt;&lt;field_name&gt;Crues&lt;/field_name&gt;&lt;field_name&gt;Tempetes&lt;/field_name&gt;&lt;/DeleteField&gt;&lt;/workflow&gt;&lt;/operationSequence&gt;</Process><Process ToolSource="c:\users\umallra\appdata\local\programs\arcgis\pro\Resources\ArcToolbox\Toolboxes\Data Management Tools.tbx\UpdateSchema" Date="20221108" Time="114022" Name="" export="">UpdateSchema "CIMDATA=&lt;CIMStandardDataConnection xsi:type='typens:CIMStandardDataConnection' xmlns:xsi='http://www.w3.org/2001/XMLSchema-instance' xmlns:xs='http://www.w3.org/2001/XMLSchema' xmlns:typens='http://www.esri.com/schemas/ArcGIS/2.9.0'&gt;&lt;WorkspaceConnectionString&gt;DATABASE=C:\Users\umallra\Desktop\VULNERABILITE_2015_Shape.gdb&lt;/WorkspaceConnectionString&gt;&lt;WorkspaceFactory&gt;FileGDB&lt;/WorkspaceFactory&gt;&lt;Dataset&gt;VulnerabiliteFinale&lt;/Dataset&gt;&lt;DatasetType&gt;esriDTFeatureClass&lt;/DatasetType&gt;&lt;/CIMStandardDataConnection&gt;" &lt;operationSequence&gt;&lt;workflow&gt;&lt;AddField&gt;&lt;field_name&gt;Field&lt;/field_name&gt;&lt;field_type&gt;LONG&lt;/field_type&gt;&lt;field_alias&gt;Field&lt;/field_alias&gt;&lt;field_is_nullable&gt;True&lt;/field_is_nullable&gt;&lt;field_is_required&gt;False&lt;/field_is_required&gt;&lt;/AddField&gt;&lt;/workflow&gt;&lt;/operationSequence&gt;</Process><Process ToolSource="c:\users\umallra\appdata\local\programs\arcgis\pro\Resources\ArcToolbox\Toolboxes\Data Management Tools.tbx\UpdateSchema" Date="20221108" Time="114519" Name="" export="">UpdateSchema "CIMDATA=&lt;CIMStandardDataConnection xsi:type='typens:CIMStandardDataConnection' xmlns:xsi='http://www.w3.org/2001/XMLSchema-instance' xmlns:xs='http://www.w3.org/2001/XMLSchema' xmlns:typens='http://www.esri.com/schemas/ArcGIS/2.9.0'&gt;&lt;WorkspaceConnectionString&gt;DATABASE=C:\Users\umallra\Desktop\VULNERABILITE_2015_Shape.gdb&lt;/WorkspaceConnectionString&gt;&lt;WorkspaceFactory&gt;FileGDB&lt;/WorkspaceFactory&gt;&lt;Dataset&gt;VulnerabiliteFinale&lt;/Dataset&gt;&lt;DatasetType&gt;esriDTFeatureClass&lt;/DatasetType&gt;&lt;/CIMStandardDataConnection&gt;" &lt;operationSequence&gt;&lt;workflow&gt;&lt;DeleteField&gt;&lt;field_name&gt;Field&lt;/field_name&gt;&lt;/DeleteField&gt;&lt;/workflow&gt;&lt;/operationSequence&gt;</Process><Process ToolSource="c:\users\umallra\appdata\local\programs\arcgis\pro\Resources\ArcToolbox\toolboxes\Conversion Tools.tbx\FeatureClassToFeatureClass" Date="20221108" Time="115101" Name="" export="">FeatureClassToFeatureClass C:\Users\umallra\Desktop\09_VULNERABILITE_2015_Shape.gdb\VulnerabiliteFinale C:\Users\umallra\Desktop\09_Vulnerabilite_Shape Vulnerabilite_2015.shp # "PageName "PageName" true true false 255 Text 0 0,First,#,C:\Users\umallra\Desktop\09_VULNERABILITE_2015_Shape.gdb\VulnerabiliteFinale,PageName,0,255;PageNumber "PageNumber" true true false 4 Long 0 0,First,#,C:\Users\umallra\Desktop\09_VULNERABILITE_2015_Shape.gdb\VulnerabiliteFinale,PageNumber,-1,-1;ChaleurCl "VulnerabiliteChaleurClasse" true true false 8 Double 0 0,First,#,C:\Users\umallra\Desktop\09_VULNERABILITE_2015_Shape.gdb\VulnerabiliteFinale,ChaleurCl,-1,-1;SecheresCl "VulnerabiliteSecheresseClasse" true true false 4 Long 0 0,First,#,C:\Users\umallra\Desktop\09_VULNERABILITE_2015_Shape.gdb\VulnerabiliteFinale,SecheresCl,-1,-1;PluiesCl "VulnerabilitePluiesClasse" true true false 4 Long 0 0,First,#,C:\Users\umallra\Desktop\09_VULNERABILITE_2015_Shape.gdb\VulnerabiliteFinale,PluiesCl,-1,-1;CruesCl "VulnerabiliteCruesClass" true true false 4 Long 0 0,First,#,C:\Users\umallra\Desktop\09_VULNERABILITE_2015_Shape.gdb\VulnerabiliteFinale,CruesCl,-1,-1;TempetesCl "VulnerabiliteTempetesClasse" true true false 4 Long 0 0,First,#,C:\Users\umallra\Desktop\09_VULNERABILITE_2015_Shape.gdb\VulnerabiliteFinale,TempetesCl,-1,-1;ChaleurCat "ChaleurCategorie" true true false 25 Text 0 0,First,#,C:\Users\umallra\Desktop\09_VULNERABILITE_2015_Shape.gdb\VulnerabiliteFinale,ChaleurCat,0,25;SechereCat "SecheresseCategorie" true true false 25 Text 0 0,First,#,C:\Users\umallra\Desktop\09_VULNERABILITE_2015_Shape.gdb\VulnerabiliteFinale,SechereCat,0,25;PluiesCat "PluiesCategorie" true true false 25 Text 0 0,First,#,C:\Users\umallra\Desktop\09_VULNERABILITE_2015_Shape.gdb\VulnerabiliteFinale,PluiesCat,0,25;CruesCat "CruesCategorie" true true false 25 Text 0 0,First,#,C:\Users\umallra\Desktop\09_VULNERABILITE_2015_Shape.gdb\VulnerabiliteFinale,CruesCat,0,25;TempeteCat "TempetesCategorie" true true false 25 Text 0 0,First,#,C:\Users\umallra\Desktop\09_VULNERABILITE_2015_Shape.gdb\VulnerabiliteFinale,TempeteCat,0,25;SHAPE_Length "SHAPE_Length" false true true 8 Double 0 0,First,#,C:\Users\umallra\Desktop\09_VULNERABILITE_2015_Shape.gdb\VulnerabiliteFinale,SHAPE_Length,-1,-1;SHAPE_Area "SHAPE_Area" false true true 8 Double 0 0,First,#,C:\Users\umallra\Desktop\09_VULNERABILITE_2015_Shape.gdb\VulnerabiliteFinale,SHAPE_Area,-1,-1" #</Process><Process ToolSource="c:\users\umallra\appdata\local\programs\arcgis\pro\Resources\ArcToolbox\Toolboxes\Data Management Tools.tbx\Rename" Date="20221212" Time="085945" Name="" export="">Rename C:\Users\umallra\Desktop\Vulnerabilite_DO\Vulnerabilite_2015.shp C:\Users\umallra\Desktop\Vulnerabilite_DO\Vulnerabilites_mailles_2015.shp ShapeFile</Process><Process ToolSource="c:\users\umallra\appdata\local\programs\arcgis\pro\Resources\ArcToolbox\Toolboxes\Data Management Tools.tbx\Copy" Date="20221212" Time="092240">Copy C:\Users\umallra\Desktop\Vulnerabilite_DO\Vulnerabilites_mailles_2015.shp C:\Users\umallra\Desktop\Vulnerabilite_DO\Vulnerabilites_mailles_2015_1.shp Shapefile #</Process><Process ToolSource="c:\users\umallra\appdata\local\programs\arcgis\pro\Resources\ArcToolbox\Toolboxes\Data Management Tools.tbx\Rename" Date="20221212" Time="092258">Rename C:\Users\umallra\Desktop\Vulnerabilite_DO\Vulnerabilites_mailles_2015_1.shp C:\Users\umallra\Desktop\Vulnerabilite_DO\Vulnerabilite_Chaleur_2015.shp ShapeFile</Process><Process ToolSource="c:\users\umallra\appdata\local\programs\arcgis\pro\Resources\ArcToolbox\Toolboxes\Data Management Tools.tbx\Copy" Date="20221212" Time="092356">Copy C:\Users\umallra\Desktop\Vulnerabilite_DO\Vulnerabilite_Chaleur_2015.shp C:\Users\umallra\Desktop\Vulnerabilite_DO\Vulnerabilite_Chaleur_2015_1.shp Shapefile #</Process><Process ToolSource="c:\users\umallra\appdata\local\programs\arcgis\pro\Resources\ArcToolbox\Toolboxes\Data Management Tools.tbx\Rename" Date="20221212" Time="092404">Rename C:\Users\umallra\Desktop\Vulnerabilite_DO\Vulnerabilite_Chaleur_2015_1.shp C:\Users\umallra\Desktop\Vulnerabilite_DO\Vulnerabilite_Crues.shp ShapeFile</Process><Process ToolSource="c:\users\umallra\appdata\local\programs\arcgis\pro\Resources\ArcToolbox\toolboxes\Data Management Tools.tbx\Rename" Date="20221212" Time="104306">Rename C:\Users\umallra\Desktop\Vulnerabilite_DO\Vulnerabilite_Crues.shp C:\Users\umallra\Desktop\Vulnerabilite_DO\Vulnerabilite_Crues_2015.shp ShapeFile</Process><Process ToolSource="c:\users\umallra\appdata\local\programs\arcgis\pro\Resources\ArcToolbox\toolboxes\Data Management Tools.tbx\DeleteField" Date="20221212" Time="104619">DeleteField Vulnerabilite_Crues_2015 ChaleurCl;SecheresCl;PluiesCl;TempetesCl;ChaleurCat;SechereCat;PluiesCat;TempeteCat "Delete Fields"</Process><Process ToolSource="c:\users\umallra\appdata\local\programs\arcgis\pro\Resources\ArcToolbox\toolboxes\Data Management Tools.tbx\Dissolve" Date="20221212" Time="124840">Dissolve Vulnerabilite_Crues_2015 "C:\Users\umallra\Desktop\Données ouvertes\Vuln_Dissolve\Vuln_Crues_Dissolve_2015.shp" CruesCl "SHAPE_Leng SUM;SHAPE_Area SUM" MULTI_PART DISSOLVE_LINES #</Process><Process ToolSource="c:\users\umallra\appdata\local\programs\arcgis\pro\Resources\ArcToolbox\toolboxes\Data Management Tools.tbx\UpdateSchema" Date="20221212" Time="125208">UpdateSchema "CIMDATA=&lt;CIMStandardDataConnection xsi:type='typens:CIMStandardDataConnection' xmlns:xsi='http://www.w3.org/2001/XMLSchema-instance' xmlns:xs='http://www.w3.org/2001/XMLSchema' xmlns:typens='http://www.esri.com/schemas/ArcGIS/3.0.0'&gt;&lt;WorkspaceConnectionString&gt;DATABASE=C:\Users\umallra\Desktop\Données ouvertes\Vuln_Dissolve&lt;/WorkspaceConnectionString&gt;&lt;WorkspaceFactory&gt;Shapefile&lt;/WorkspaceFactory&gt;&lt;Dataset&gt;Vuln_Crues_Dissolve_2015.shp&lt;/Dataset&gt;&lt;DatasetType&gt;esriDTFeatureClass&lt;/DatasetType&gt;&lt;/CIMStandardDataConnection&gt;" &lt;operationSequence&gt;&lt;workflow&gt;&lt;AddField&gt;&lt;field_name&gt;CruesCat&lt;/field_name&gt;&lt;field_type&gt;TEXT&lt;/field_type&gt;&lt;field_length&gt;255&lt;/field_length&gt;&lt;field_is_nullable&gt;False&lt;/field_is_nullable&gt;&lt;field_is_required&gt;False&lt;/field_is_required&gt;&lt;/AddField&gt;&lt;/workflow&gt;&lt;/operationSequence&gt;</Process></lineage><copyHistory><copy source="C:\Users\umallra\Desktop\Vulnerabilite_DO\Vulnerabilite_Chaleur_2015" dest="\\VP1356131\C$\Users\umallra\Desktop\Vulnerabilite_DO\Vulnerabilite_Chaleur_2015_1" date="20221212" time="09235600"></copy></copyHistory></DataProperties><SyncDate>20221212</SyncDate><SyncTime>12474300</SyncTime><ModDate>20221212</ModDate><ModTime>12474300</ModTime><scaleRange><minScale>150000000</minScale><maxScale>5000</maxScale></scaleRange><ArcGISProfile>ItemDescription</ArcGISProfile></Esri><dataIdInfo><envirDesc Sync="TRUE">Microsoft Windows 10 Version 10.0 (Build 19044) ; Esri ArcGIS 13.0.2.36056</envirDesc><dataLang><languageCode value="fra" Sync="TRUE"/><countryCode value="CAN" Sync="TRUE"/></dataLang><idCitation><resTitle Sync="TRUE">Vuln_Crues_Dissolve_2015</resTitle><presForm><PresFormCd value="005" Sync="TRUE"/></presForm></idCitation><spatRpType><SpatRepTypCd value="001" Sync="TRUE"/></spatRpType><idPurp>Analyse de vulnérabilité aux changements climatiques de l'agglomération de Montréal 2015</idPurp><idAbs>&lt;DIV STYLE="text-align:Left;"&gt;&lt;DIV&gt;&lt;P&gt;&lt;SPAN&gt;La vulnérabilité s’obtient en multipliant la sensibilité physique avec la somme des sensibilités sociale, territoriale et environnementale.&lt;/SPAN&gt;&lt;/P&gt;&lt;P&gt;&lt;SPAN&gt;Plusieurs données entres dans le calcul de la vulnérabilité : &lt;/SPAN&gt;&lt;/P&gt;&lt;UL&gt;&lt;LI&gt;&lt;P&gt;&lt;SPAN&gt;Sensibilité physique : données quantitatives environnementales mesurées ou modélisées dont la carte des ICU et de ruissellement.&lt;/SPAN&gt;&lt;/P&gt;&lt;/LI&gt;&lt;LI&gt;&lt;P&gt;&lt;SPAN&gt;Sensibilité sociale : données démographiques de Statistique Canada et l’indice économique du Service de la diversité et l’inclusion sociale de la Ville de Montréal.&lt;/SPAN&gt;&lt;/P&gt;&lt;/LI&gt;&lt;LI&gt;&lt;P&gt;&lt;SPAN&gt;Sensibilité territoriale : données sur les infrastructures, les sites critiques (casernes, hôpitaux, CHSLD, Garages de la STM, etc.) et les lieux d’intérêts (écoles, ponts, garderies, métro).&lt;/SPAN&gt;&lt;/P&gt;&lt;/LI&gt;&lt;LI&gt;&lt;P&gt;&lt;SPAN&gt;Sensibilité environnementale : données sur la la canopée et les milieux naturels (analyse que pour les vagues de chaleur).&lt;/SPAN&gt;&lt;/P&gt;&lt;/LI&gt;&lt;/UL&gt;&lt;P&gt;&lt;SPAN&gt;La maille territoriale utilisée pour traiter les données est la même pour tous les aléas, soit une cellule carrée de 25 m x 25 m.&lt;/SPAN&gt;&lt;/P&gt;&lt;/DIV&gt;&lt;/DIV&gt;</idAbs><idCredit>Bureau de la transition écologique et de la résilience
Ville de Montréal</idCredit><searchKeys><keyword>vulnérabilité</keyword><keyword>changements climatiques</keyword><keyword>agglomération</keyword><keyword>montréal</keyword></searchKeys></dataIdInfo><mdLang><languageCode value="fra" Sync="TRUE"/><countryCode value="CAN" Sync="TRUE"/></mdLang><distInfo><distFormat><formatName Sync="TRUE">Shapefile</formatName></distFormat><distTranOps><transSize Sync="TRUE">0.000</transSize></distTranOps></distInfo><mdHrLv><ScopeCd value="005" Sync="TRUE"/></mdHrLv><mdHrLvName Sync="TRUE">dataset</mdHrLvName><refSysInfo><RefSystem><refSysID><identCode code="2950" Sync="TRUE"/><idCodeSpace Sync="TRUE">EPSG</idCodeSpace><idVersion Sync="TRUE">6.15(9.3.0.0)</idVersion></refSysID></RefSystem></refSysInfo><spatRepInfo><VectSpatRep><geometObjs Name="Vuln_Crues_Dissolve_2015"><geoObjTyp><GeoObjTypCd value="002" Sync="TRUE"></GeoObjTypCd></geoObjTyp><geoObjCnt Sync="TRUE">0</geoObjCnt></geometObjs><topLvl><TopoLevCd value="001" Sync="TRUE"></TopoLevCd></topLvl></VectSpatRep></spatRepInfo><spdoinfo><ptvctinf><esriterm Name="Vuln_Crues_Dissolve_2015"><efeatyp Sync="TRUE">Simple</efeatyp><efeageom code="4" Sync="TRUE"></efeageom><esritopo Sync="TRUE">FALSE</esritopo><efeacnt Sync="TRUE">0</efeacnt><spindex Sync="TRUE">FALSE</spindex><linrefer Sync="TRUE">FALSE</linrefer></esriterm></ptvctinf></spdoinfo><eainfo><detailed Name="Vuln_Crues_Dissolve_2015"><enttyp><enttypl Sync="TRUE">Vuln_Crues_Dissolve_2015</enttypl><enttypt Sync="TRUE">Feature Class</enttypt><enttypc Sync="TRUE">0</enttypc></enttyp><attr><attrlabl Sync="TRUE">FID</attrlabl><attalias Sync="TRUE">FID</attalias><attrtype Sync="TRUE">OID</attrtype><attwidth Sync="TRUE">4</attwidth><atprecis Sync="TRUE">0</atprecis><attscale Sync="TRUE">0</attscale><attrdef Sync="TRUE">Internal feature number.</attrdef><attrdefs Sync="TRUE">Esri</attrdefs><attrdomv><udom Sync="TRUE">Sequential unique whole numbers that are automatically generated.</udom></attrdomv></attr><attr><attrlabl Sync="TRUE">SHAPE</attrlabl><attalias Sync="TRUE">Shape</attalias><attrtype Sync="TRUE">Geometry</attrtype><attwidth Sync="TRUE">0</attwidth><atprecis Sync="TRUE">0</atprecis><attscale Sync="TRUE">0</attscale><attrdef Sync="TRUE">Feature geometry.</attrdef><attrdefs Sync="TRUE">Esri</attrdefs><attrdomv><udom Sync="TRUE">Coordinates defining the features.</udom></attrdomv></attr><attr><attrlabl Sync="TRUE">CruesCl</attrlabl><attalias Sync="TRUE">CruesCl</attalias><attrtype Sync="TRUE">Integer</attrtype><attwidth Sync="TRUE">10</attwidth><atprecis Sync="TRUE">10</atprecis><attscale Sync="TRUE">0</attscale></attr><attr><attrlabl Sync="TRUE">SUM_SHAPE_</attrlabl><attalias Sync="TRUE">SUM_SHAPE_</attalias><attrtype Sync="TRUE">Double</attrtype><attwidth Sync="TRUE">19</attwidth><atprecis Sync="TRUE">0</atprecis><attscale Sync="TRUE">0</attscale></attr><attr><attrlabl Sync="TRUE">SUM_SHAPE1</attrlabl><attalias Sync="TRUE">SUM_SHAPE1</attalias><attrtype Sync="TRUE">Double</attrtype><attwidth Sync="TRUE">19</attwidth><atprecis Sync="TRUE">0</atprecis><attscale Sync="TRUE">0</attscale></attr></detailed></eainfo><mdDateSt Sync="TRUE">20221212</mdDateSt><mdChar><CharSetCd value="004" Sync="TRUE"></CharSetCd></mdChar></metadata>
