<?xml version="1.0" encoding="utf-8"?>
<export xmlns:xsi="http://www.w3.org/2001/XMLSchema-instance" xmlns:xsd="http://www.w3.org/2001/XMLSchema" datedebut="2022-04-01" datefin="2022-04-30">
  <contrat>
    <numeroseao>539994</numeroseao>
    <numero>GAT 2012 SP 014</numero>
    <datefinale>2020-12-01</datefinale>
    <datepublicationfinale>2021-10-13</datepublicationfinale>
    <montantfinal>96211.640000</montantfinal>
    <nomcontractant>JFSA QUÉBEC INC.</nomcontractant>
    <neqcontractant>1176588532</neqcontractant>
  </contrat>
  <contrat>
    <numeroseao>542943</numeroseao>
    <numero>GAT 2012 SP 051</numero>
    <datefinale>2020-12-01</datefinale>
    <datepublicationfinale>2021-10-13</datepublicationfinale>
    <montantfinal>489995.780000</montantfinal>
    <nomcontractant>Confluence Architecture</nomcontractant>
    <neqcontractant>1168757442</neqcontractant>
  </contrat>
  <contrat>
    <numeroseao>631176</numeroseao>
    <numero>6401-13-QH01</numero>
    <datefinale>2017-07-24</datefinale>
    <datepublicationfinale>2017-09-26</datepublicationfinale>
    <montantfinal>195807.500000</montantfinal>
    <nomcontractant>DEL DEGAN, MASSÉ ET ASSOCIÉS INC.</nomcontractant>
    <neqcontractant>1173560583</neqcontractant>
  </contrat>
  <contrat>
    <numeroseao>716560</numeroseao>
    <numero>GAT 2014 SP 019</numero>
    <datefinale>2020-07-16</datefinale>
    <datepublicationfinale>2020-08-13</datepublicationfinale>
    <montantfinal>184156.970000</montantfinal>
    <nomcontractant>CIMA+ S.E.N.C.</nomcontractant>
    <neqcontractant>3340563140</neqcontractant>
  </contrat>
  <contrat>
    <numeroseao>962391</numeroseao>
    <numero>8503-16-KB01</numero>
    <datefinale>2020-04-16</datefinale>
    <datepublicationfinale>2020-06-15</datepublicationfinale>
    <montantfinal>950702.710000</montantfinal>
    <nomcontractant>Englobe</nomcontractant>
    <neqcontractant>1167280206</neqcontractant>
  </contrat>
  <contrat>
    <numeroseao>968184</numeroseao>
    <numero>4104-16-PK01</numero>
    <datefinale>2020-01-21</datefinale>
    <datepublicationfinale>2020-02-27</datepublicationfinale>
    <montantfinal>254120.410000</montantfinal>
    <nomcontractant>FORAGES S.L. INC.</nomcontractant>
    <neqcontractant>1164963291</neqcontractant>
  </contrat>
  <contrat>
    <numeroseao>1021962</numeroseao>
    <numero>31001500</numero>
    <datefinale>2021-10-31</datefinale>
    <datepublicationfinale>2021-11-02</datepublicationfinale>
    <montantfinal>6085281.600000</montantfinal>
    <nomcontractant>P.E.A.C.E. PLUS MAINTENANCE INC.</nomcontractant>
    <neqcontractant>1162060595</neqcontractant>
  </contrat>
  <contrat>
    <numeroseao>1038912</numeroseao>
    <numero>CE 2016-2017/025</numero>
    <datefinale>2021-07-08</datefinale>
    <datepublicationfinale>2021-07-13</datepublicationfinale>
    <montantfinal>97639.880000</montantfinal>
    <nomcontractant>BGLA | Architecture + Design Urbain</nomcontractant>
    <neqcontractant>1140294530</neqcontractant>
  </contrat>
  <contrat>
    <numeroseao>1051354</numeroseao>
    <numero>31894800</numero>
    <datefinale>2022-02-28</datefinale>
    <datepublicationfinale>2022-02-28</datepublicationfinale>
    <montantfinal>280357.260000</montantfinal>
    <nomcontractant>SERVICE SANITAIRE FRONTENAC LTÉE</nomcontractant>
    <neqcontractant>1142883132</neqcontractant>
  </contrat>
  <contrat>
    <numeroseao>1054936</numeroseao>
    <numero>31599600</numero>
    <datefinale>2022-02-28</datefinale>
    <datepublicationfinale>2022-02-28</datepublicationfinale>
    <montantfinal>35475.040000</montantfinal>
    <nomcontractant>KONE inc.</nomcontractant>
    <neqcontractant>1144414308</neqcontractant>
  </contrat>
  <contrat>
    <numeroseao>1082520</numeroseao>
    <numero>44507659</numero>
    <datefinale>2020-02-14</datefinale>
    <datepublicationfinale>2020-04-03</datepublicationfinale>
    <montantfinal>30900.000000</montantfinal>
    <nomcontractant>Stantec Experts-Conseils ltée</nomcontractant>
    <neqcontractant>1170241336</neqcontractant>
  </contrat>
  <contrat>
    <numeroseao>1101476</numeroseao>
    <numero>8805-17-SG02</numero>
    <datefinale>2020-10-07</datefinale>
    <datepublicationfinale>2021-01-14</datepublicationfinale>
    <montantfinal>55822.000000</montantfinal>
    <nomcontractant>Terre et Habitats inc.</nomcontractant>
    <neqcontractant>1168632280</neqcontractant>
  </contrat>
  <contrat>
    <numeroseao>1107984</numeroseao>
    <numero>2017-E-P-10</numero>
    <datefinale>2021-04-06</datefinale>
    <datepublicationfinale>2018-07-04</datepublicationfinale>
    <montantfinal>82475.640000</montantfinal>
    <nomcontractant>AESL INSTRUMENTATION INC.</nomcontractant>
    <neqcontractant>1146996021</neqcontractant>
  </contrat>
  <contrat>
    <numeroseao>1128308</numeroseao>
    <numero>4103-16-KC02</numero>
    <datefinale>2021-06-23</datefinale>
    <datepublicationfinale>2021-09-07</datepublicationfinale>
    <montantfinal>599806.480000</montantfinal>
    <nomcontractant>Englobe Corp.</nomcontractant>
    <neqcontractant>1167280206</neqcontractant>
  </contrat>
  <contrat>
    <numeroseao>1129447</numeroseao>
    <numero>2503-17-0214</numero>
    <datefinale>2022-04-05</datefinale>
    <datepublicationfinale>2021-10-07</datepublicationfinale>
    <montantfinal>10487557.500000</montantfinal>
    <nomcontractant>Construction DIMCO Inc.</nomcontractant>
    <neqcontractant>1166538166</neqcontractant>
  </contrat>
  <contrat>
    <numeroseao>1131402</numeroseao>
    <numero>2018-1608</numero>
    <datefinale>2021-03-02</datefinale>
    <datepublicationfinale>2021-09-16</datepublicationfinale>
    <montantfinal>51735.280000</montantfinal>
    <nomcontractant>Entretien Cordeiro</nomcontractant>
    <neqcontractant>2264946338</neqcontractant>
  </contrat>
  <contrat>
    <numeroseao>1133069</numeroseao>
    <numero>8806-18-PA01</numero>
    <datefinale>2021-04-20</datefinale>
    <datepublicationfinale>2021-09-22</datepublicationfinale>
    <montantfinal>52130.000000</montantfinal>
    <nomcontractant>INCIMAL INC.</nomcontractant>
    <neqcontractant>1164929771</neqcontractant>
  </contrat>
  <contrat>
    <numeroseao>1136212</numeroseao>
    <numero>4104-17-SF01</numero>
    <datefinale>2021-07-15</datefinale>
    <datepublicationfinale>2021-11-17</datepublicationfinale>
    <montantfinal>80904.750000</montantfinal>
    <nomcontractant>Les Ateliers Régis Lessard</nomcontractant>
    <neqcontractant>1143100395</neqcontractant>
  </contrat>
  <contrat>
    <numeroseao>1138879</numeroseao>
    <numero>7001-18-0102</numero>
    <datefinale>2021-04-29</datefinale>
    <datepublicationfinale>2021-09-22</datepublicationfinale>
    <montantfinal>1393218.200000</montantfinal>
    <nomcontractant>9065-5267 Québec inc. - renoflex</nomcontractant>
    <neqcontractant>1147833371</neqcontractant>
  </contrat>
  <contrat>
    <numeroseao>1146639</numeroseao>
    <numero>7001-18-ST02</numero>
    <datefinale>2021-05-14</datefinale>
    <datepublicationfinale>2021-09-22</datepublicationfinale>
    <montantfinal>838728.050000</montantfinal>
    <nomcontractant>SIGNALÉTIK INC.</nomcontractant>
    <neqcontractant>1162233648</neqcontractant>
  </contrat>
  <contrat>
    <numeroseao>1147413</numeroseao>
    <numero>33821900</numero>
    <datefinale>2020-06-15</datefinale>
    <datepublicationfinale>2021-03-18</datepublicationfinale>
    <montantfinal>3181354.180000</montantfinal>
    <nomcontractant>LES CONSTRUCTIONS EDGUY INC.</nomcontractant>
    <neqcontractant>1143533611</neqcontractant>
  </contrat>
  <contrat>
    <numeroseao>1158322</numeroseao>
    <numero>1000042</numero>
    <datefinale>2018-12-21</datefinale>
    <datepublicationfinale>2019-01-08</datepublicationfinale>
    <montantfinal>139476.170000</montantfinal>
    <nomcontractant>AD HOC RECHERCHE INC.</nomcontractant>
    <neqcontractant>1166510488</neqcontractant>
  </contrat>
  <contrat>
    <numeroseao>1159971</numeroseao>
    <numero>6501-18-0208</numero>
    <datefinale>2020-07-07</datefinale>
    <datepublicationfinale>2021-11-24</datepublicationfinale>
    <montantfinal>2427255.320000</montantfinal>
    <nomcontractant>CONSTRUCTIONS P.P. GAGNON INC.</nomcontractant>
    <neqcontractant>1143394253</neqcontractant>
  </contrat>
  <contrat>
    <numeroseao>1164141</numeroseao>
    <numero>GAT 2018 SP 100</numero>
    <datefinale>2021-10-04</datefinale>
    <datepublicationfinale>2021-10-15</datepublicationfinale>
    <montantfinal>261338.460000</montantfinal>
    <nomcontractant>EUROVIA QUÉBEC CONSTRUCTION INC. (OUTAOUAIS)</nomcontractant>
    <neqcontractant>1169491884</neqcontractant>
  </contrat>
  <contrat>
    <numeroseao>1164834</numeroseao>
    <numero>33828800</numero>
    <datefinale>2020-10-28</datefinale>
    <datepublicationfinale>2021-02-23</datepublicationfinale>
    <montantfinal>8869627.240000</montantfinal>
    <nomcontractant>QUIRION MÉTAL INC.</nomcontractant>
    <neqcontractant>1142574129</neqcontractant>
  </contrat>
  <contrat>
    <numeroseao>1166778</numeroseao>
    <numero>5388-18-QF04</numero>
    <datefinale>2022-02-10</datefinale>
    <datepublicationfinale>2022-02-11</datepublicationfinale>
    <montantfinal>0.000000</montantfinal>
    <nomcontractant>Fujitsu Conseil (Canada) inc.</nomcontractant>
    <neqcontractant>1143039486</neqcontractant>
  </contrat>
  <contrat>
    <numeroseao>1170753</numeroseao>
    <numero>33795800</numero>
    <datefinale>2021-06-30</datefinale>
    <datepublicationfinale>2021-09-17</datepublicationfinale>
    <montantfinal>363638.200000</montantfinal>
    <nomcontractant>NEPTUNE SECURITY SERVICES INC.</nomcontractant>
    <neqcontractant>1168627108</neqcontractant>
  </contrat>
  <contrat>
    <numeroseao>1177776</numeroseao>
    <numero>6301-18-EZ01</numero>
    <datefinale>2022-01-15</datefinale>
    <datepublicationfinale>2021-12-16</datepublicationfinale>
    <montantfinal>66700.000000</montantfinal>
    <nomcontractant>Consortium Géolocation-Gaspésie</nomcontractant>
    <neqcontractant />
  </contrat>
  <contrat>
    <numeroseao>1180166</numeroseao>
    <numero>34071100</numero>
    <datefinale>2021-06-30</datefinale>
    <datepublicationfinale>2021-08-05</datepublicationfinale>
    <montantfinal>66049.000000</montantfinal>
    <nomcontractant>Daikin Applied Canada Inc</nomcontractant>
    <neqcontractant>1141243247</neqcontractant>
  </contrat>
  <contrat>
    <numeroseao>1180188</numeroseao>
    <numero>33809800</numero>
    <datefinale>2022-02-28</datefinale>
    <datepublicationfinale>2022-03-18</datepublicationfinale>
    <montantfinal>147516.940000</montantfinal>
    <nomcontractant>AV-TECH INC.</nomcontractant>
    <neqcontractant>1143543099</neqcontractant>
  </contrat>
  <contrat>
    <numeroseao>1181739</numeroseao>
    <numero>450002000</numero>
    <datefinale>2019-12-31</datefinale>
    <datepublicationfinale>2020-01-09</datepublicationfinale>
    <montantfinal>68570.690000</montantfinal>
    <nomcontractant>Temiscom inc</nomcontractant>
    <neqcontractant>1168507714</neqcontractant>
  </contrat>
  <contrat>
    <numeroseao>1194212</numeroseao>
    <numero>3113-18-AD01</numero>
    <datefinale>2022-04-04</datefinale>
    <datepublicationfinale>2021-04-28</datepublicationfinale>
    <montantfinal>525888.510000</montantfinal>
    <nomcontractant>ETHNOSCOP INC.</nomcontractant>
    <neqcontractant>1142126078</neqcontractant>
  </contrat>
  <contrat>
    <numeroseao>1213483</numeroseao>
    <numero>45000314</numero>
    <datefinale>2019-01-14</datefinale>
    <datepublicationfinale>2019-09-24</datepublicationfinale>
    <montantfinal>30268.890000</montantfinal>
    <nomcontractant>KOPEL</nomcontractant>
    <neqcontractant>1170998273</neqcontractant>
  </contrat>
  <contrat>
    <numeroseao>1213511</numeroseao>
    <numero>45000267</numero>
    <datefinale>2019-04-02</datefinale>
    <datepublicationfinale>2019-04-02</datepublicationfinale>
    <montantfinal>106366.250000</montantfinal>
    <nomcontractant>Locomotive</nomcontractant>
    <neqcontractant>1165183519</neqcontractant>
  </contrat>
  <contrat>
    <numeroseao>1218556</numeroseao>
    <numero>2506-18-0104</numero>
    <datefinale>2022-03-20</datefinale>
    <datepublicationfinale>2022-03-23</datepublicationfinale>
    <montantfinal>324481.450000</montantfinal>
    <nomcontractant>CLÔTURES ECM INC.</nomcontractant>
    <neqcontractant>1169156164</neqcontractant>
  </contrat>
  <contrat>
    <numeroseao>1219301</numeroseao>
    <numero>106228</numero>
    <datefinale>2022-03-31</datefinale>
    <datepublicationfinale>2021-11-22</datepublicationfinale>
    <montantfinal>281455.500000</montantfinal>
    <nomcontractant>ATCO Structures &amp; Logistics Ltd.</nomcontractant>
    <neqcontractant>1166001421</neqcontractant>
  </contrat>
  <contrat>
    <numeroseao>1219344</numeroseao>
    <numero>44511594</numero>
    <datefinale>2021-09-10</datefinale>
    <datepublicationfinale>2022-03-17</datepublicationfinale>
    <montantfinal>103090.000000</montantfinal>
    <nomcontractant>Atelier Zoom inc.</nomcontractant>
    <neqcontractant>1171085203</neqcontractant>
  </contrat>
  <contrat>
    <numeroseao>1222198</numeroseao>
    <numero>44511696</numero>
    <datefinale>2021-11-12</datefinale>
    <datepublicationfinale>2022-01-26</datepublicationfinale>
    <montantfinal>413226.390000</montantfinal>
    <nomcontractant>Briquetal Ltée</nomcontractant>
    <neqcontractant>1142478974</neqcontractant>
  </contrat>
  <contrat>
    <numeroseao>1222202</numeroseao>
    <numero>2018-419-GG</numero>
    <datefinale>2022-04-11</datefinale>
    <datepublicationfinale>2019-08-22</datepublicationfinale>
    <montantfinal>185000.000000</montantfinal>
    <nomcontractant>Dynacare</nomcontractant>
    <neqcontractant>3364150501</neqcontractant>
  </contrat>
  <contrat>
    <numeroseao>1234059</numeroseao>
    <numero>35331000</numero>
    <datefinale>2022-01-31</datefinale>
    <datepublicationfinale>2022-02-03</datepublicationfinale>
    <montantfinal>71600.570000</montantfinal>
    <nomcontractant>TBC constructions inc.</nomcontractant>
    <neqcontractant>1170148176</neqcontractant>
  </contrat>
  <contrat>
    <numeroseao>1247512</numeroseao>
    <numero>44512991</numero>
    <datefinale>2022-03-31</datefinale>
    <datepublicationfinale>2019-05-24</datepublicationfinale>
    <montantfinal>47577.500000</montantfinal>
    <nomcontractant>Larocque Cournoyer S.E.N.C</nomcontractant>
    <neqcontractant>3368911635</neqcontractant>
  </contrat>
  <contrat>
    <numeroseao>1255058</numeroseao>
    <numero>2019-1697</numero>
    <datefinale>2020-12-31</datefinale>
    <datepublicationfinale>2021-09-16</datepublicationfinale>
    <montantfinal>70408.980000</montantfinal>
    <nomcontractant>BEAUREGARD ENVIRONNEMENT LTÉE</nomcontractant>
    <neqcontractant>1141982521</neqcontractant>
  </contrat>
  <contrat>
    <numeroseao>1257620</numeroseao>
    <numero>35157900</numero>
    <datefinale>2022-02-25</datefinale>
    <datepublicationfinale>2021-12-20</datepublicationfinale>
    <montantfinal>422812.000000</montantfinal>
    <nomcontractant>LES AGENCES ROBERT JANVIER LTÉE</nomcontractant>
    <neqcontractant>1143317361</neqcontractant>
  </contrat>
  <contrat>
    <numeroseao>1262197</numeroseao>
    <numero>SM-354.3</numero>
    <datefinale>2020-12-07</datefinale>
    <datepublicationfinale>2020-12-21</datepublicationfinale>
    <montantfinal>129161.650000</montantfinal>
    <nomcontractant>CONSTRUCTIONS ANOR (1992) INC.</nomcontractant>
    <neqcontractant>1142123372</neqcontractant>
  </contrat>
  <contrat>
    <numeroseao>1269291</numeroseao>
    <numero>35416300</numero>
    <datefinale>2022-03-24</datefinale>
    <datepublicationfinale>2022-03-07</datepublicationfinale>
    <montantfinal>2016699.870000</montantfinal>
    <nomcontractant>CONSTRUCTION MICHEL GAGNON LTÉE</nomcontractant>
    <neqcontractant>1142334623</neqcontractant>
  </contrat>
  <contrat>
    <numeroseao>1270817</numeroseao>
    <numero>4500760272</numero>
    <datefinale>2022-03-31</datefinale>
    <datepublicationfinale>2021-07-19</datepublicationfinale>
    <montantfinal>83892.240000</montantfinal>
    <nomcontractant>Logibec inc.</nomcontractant>
    <neqcontractant>1170568035</neqcontractant>
  </contrat>
  <contrat>
    <numeroseao>1274962</numeroseao>
    <numero>7001-19-PB03</numero>
    <datefinale>2021-04-29</datefinale>
    <datepublicationfinale>2021-09-22</datepublicationfinale>
    <montantfinal>88160.500000</montantfinal>
    <nomcontractant>ÉMONDAGE PLUS INC.</nomcontractant>
    <neqcontractant>1148096002</neqcontractant>
  </contrat>
  <contrat>
    <numeroseao>1279775</numeroseao>
    <numero>4500765064</numero>
    <datefinale>2022-03-31</datefinale>
    <datepublicationfinale>2021-07-19</datepublicationfinale>
    <montantfinal>188699.290000</montantfinal>
    <nomcontractant>Logibec inc.</nomcontractant>
    <neqcontractant>1170568035</neqcontractant>
  </contrat>
  <contrat>
    <numeroseao>1291350</numeroseao>
    <numero>35294400</numero>
    <datefinale>2021-11-17</datefinale>
    <datepublicationfinale>2021-12-20</datepublicationfinale>
    <montantfinal>90374.290000</montantfinal>
    <nomcontractant>LES CÉRAMIQUES LINDO (2001) INC.</nomcontractant>
    <neqcontractant>1160456431</neqcontractant>
  </contrat>
  <contrat>
    <numeroseao>1298895</numeroseao>
    <numero>7007-19-0005</numero>
    <datefinale>2021-12-31</datefinale>
    <datepublicationfinale>2022-02-28</datepublicationfinale>
    <montantfinal>51091.280000</montantfinal>
    <nomcontractant>MAURÉCON INC.</nomcontractant>
    <neqcontractant>1143622794</neqcontractant>
  </contrat>
  <contrat>
    <numeroseao>1305747</numeroseao>
    <numero>36123000</numero>
    <datefinale>2020-05-30</datefinale>
    <datepublicationfinale>2022-03-31</datepublicationfinale>
    <montantfinal>49291.380000</montantfinal>
    <nomcontractant>GHD Consultants Limitée</nomcontractant>
    <neqcontractant>1171077796</neqcontractant>
  </contrat>
  <contrat>
    <numeroseao>1310113</numeroseao>
    <numero>2019-75-94</numero>
    <datefinale>2022-01-22</datefinale>
    <datepublicationfinale>2020-09-29</datepublicationfinale>
    <montantfinal>74293.960000</montantfinal>
    <nomcontractant>L'Effet Monstre inc.</nomcontractant>
    <neqcontractant>1169193456</neqcontractant>
  </contrat>
  <contrat>
    <numeroseao>1316746</numeroseao>
    <numero>445787719</numero>
    <datefinale>2021-07-13</datefinale>
    <datepublicationfinale>2021-10-19</datepublicationfinale>
    <montantfinal>1899554.340000</montantfinal>
    <nomcontractant>Telus Communication inc</nomcontractant>
    <neqcontractant>1148459481</neqcontractant>
  </contrat>
  <contrat>
    <numeroseao>1318726</numeroseao>
    <numero>35156500</numero>
    <datefinale>2021-08-29</datefinale>
    <datepublicationfinale>2021-04-22</datepublicationfinale>
    <montantfinal>83120.000000</montantfinal>
    <nomcontractant>S.E.E.L. inc.</nomcontractant>
    <neqcontractant>1164377328</neqcontractant>
  </contrat>
  <contrat>
    <numeroseao>1321879</numeroseao>
    <numero>36124900</numero>
    <datefinale>2021-04-05</datefinale>
    <datepublicationfinale>2022-03-16</datepublicationfinale>
    <montantfinal>54846.930000</montantfinal>
    <nomcontractant>Englobe</nomcontractant>
    <neqcontractant>1167280206</neqcontractant>
  </contrat>
  <contrat>
    <numeroseao>1358013</numeroseao>
    <numero>44517491</numero>
    <datefinale>2021-06-21</datefinale>
    <datepublicationfinale>2021-09-14</datepublicationfinale>
    <montantfinal>35326.770000</montantfinal>
    <nomcontractant>Cima+s.e.n.c.</nomcontractant>
    <neqcontractant>3340563140</neqcontractant>
  </contrat>
  <contrat>
    <numeroseao>1363319</numeroseao>
    <numero>MS176108</numero>
    <datefinale>2022-04-13</datefinale>
    <datepublicationfinale>2021-09-20</datepublicationfinale>
    <montantfinal>0.000000</montantfinal>
    <nomcontractant>9217-1461 QUEBEC INC</nomcontractant>
    <neqcontractant>1166280116</neqcontractant>
  </contrat>
  <contrat>
    <numeroseao>1396586</numeroseao>
    <numero>44519126</numero>
    <datefinale>2021-01-22</datefinale>
    <datepublicationfinale>2021-05-11</datepublicationfinale>
    <montantfinal>32400.000000</montantfinal>
    <nomcontractant>Depatie Beauchemin Consultants</nomcontractant>
    <neqcontractant>1171868962</neqcontractant>
  </contrat>
  <contrat>
    <numeroseao>1398708</numeroseao>
    <numero>44518426</numero>
    <datefinale>2022-04-12</datefinale>
    <datepublicationfinale>2022-03-17</datepublicationfinale>
    <montantfinal>549580.620000</montantfinal>
    <nomcontractant>QUALITÉ CONSTRUCTION (CDN) LTÉE</nomcontractant>
    <neqcontractant>1173690521</neqcontractant>
  </contrat>
  <contrat>
    <numeroseao>1444761</numeroseao>
    <numero>20-21-82</numero>
    <datefinale>2022-03-30</datefinale>
    <datepublicationfinale>2022-03-30</datepublicationfinale>
    <montantfinal>314277.250000</montantfinal>
    <nomcontractant>7143516 CANADA INC.</nomcontractant>
    <neqcontractant>1165842585</neqcontractant>
  </contrat>
  <contrat>
    <numeroseao>1453055</numeroseao>
    <numero>7006-21-0001</numero>
    <datefinale>2022-01-18</datefinale>
    <datepublicationfinale>2022-01-19</datepublicationfinale>
    <montantfinal>681308.220000</montantfinal>
    <nomcontractant>Eurovia Québec Construction Inc.</nomcontractant>
    <neqcontractant>1169491884</neqcontractant>
  </contrat>
  <contrat>
    <numeroseao>1459947</numeroseao>
    <numero>1459803</numero>
    <datefinale>2022-03-29</datefinale>
    <datepublicationfinale>2022-02-16</datepublicationfinale>
    <montantfinal>22200.510000</montantfinal>
    <nomcontractant>Korth Group ltd.</nomcontractant>
    <neqcontractant>1171039630</neqcontractant>
  </contrat>
  <contrat>
    <numeroseao>1481287</numeroseao>
    <numero>2021STC082 / 3480</numero>
    <datefinale>2021-10-26</datefinale>
    <datepublicationfinale>2021-11-15</datepublicationfinale>
    <montantfinal>139041.780000</montantfinal>
    <nomcontractant>Insight Health Corp.</nomcontractant>
    <neqcontractant />
  </contrat>
  <contrat>
    <numeroseao>1495176</numeroseao>
    <numero>2021MCQ519</numero>
    <datefinale>2021-03-31</datefinale>
    <datepublicationfinale>2021-06-01</datepublicationfinale>
    <montantfinal>40437.500000</montantfinal>
    <nomcontractant>VoilàCTIC</nomcontractant>
    <neqcontractant>1172730369</neqcontractant>
  </contrat>
  <contrat>
    <numeroseao>1496199</numeroseao>
    <numero>5301-21-AP25</numero>
    <datefinale>2022-03-22</datefinale>
    <datepublicationfinale>2021-07-30</datepublicationfinale>
    <montantfinal>22300.000000</montantfinal>
    <nomcontractant>Précicom Technologies inc.</nomcontractant>
    <neqcontractant>1169472645</neqcontractant>
  </contrat>
  <contrat>
    <numeroseao>1497243</numeroseao>
    <numero>44522652</numero>
    <datefinale>2022-02-28</datefinale>
    <datepublicationfinale>2022-03-10</datepublicationfinale>
    <montantfinal>30050.000000</montantfinal>
    <nomcontractant>Services d'entretien Perform-Net inc.</nomcontractant>
    <neqcontractant>1147696000</neqcontractant>
  </contrat>
  <contrat>
    <numeroseao>1503308</numeroseao>
    <numero>38369701</numero>
    <datefinale>2021-12-21</datefinale>
    <datepublicationfinale>2022-01-07</datepublicationfinale>
    <montantfinal>123962.400000</montantfinal>
    <nomcontractant>Groupe de sécurité Garda SENC</nomcontractant>
    <neqcontractant>3368599133</neqcontractant>
  </contrat>
  <contrat>
    <numeroseao>1508208</numeroseao>
    <numero>44524839</numero>
    <datefinale>2021-12-17</datefinale>
    <datepublicationfinale>2022-01-20</datepublicationfinale>
    <montantfinal>40962.810000</montantfinal>
    <nomcontractant>Prevention Incendie Safety First inc.</nomcontractant>
    <neqcontractant>1143244664</neqcontractant>
  </contrat>
  <contrat>
    <numeroseao>1509337</numeroseao>
    <numero>44524924</numero>
    <datefinale>2022-03-10</datefinale>
    <datepublicationfinale>2022-03-11</datepublicationfinale>
    <montantfinal>71307.000000</montantfinal>
    <nomcontractant>SÉLECT TOITURE INC.</nomcontractant>
    <neqcontractant>1163927289</neqcontractant>
  </contrat>
  <contrat>
    <numeroseao>1513417</numeroseao>
    <numero>7101-20-ZZ01</numero>
    <datefinale>2022-04-05</datefinale>
    <datepublicationfinale>2022-01-24</datepublicationfinale>
    <montantfinal>109200.000000</montantfinal>
    <nomcontractant>M.Q.Q.</nomcontractant>
    <neqcontractant>1145535812</neqcontractant>
  </contrat>
  <contrat>
    <numeroseao>1516303</numeroseao>
    <numero>CS102880</numero>
    <datefinale>2021-12-11</datefinale>
    <datepublicationfinale>2021-12-16</datepublicationfinale>
    <montantfinal>29599.360000</montantfinal>
    <nomcontractant>COHÉRENCE PHYSIO-ERGO LAGACÉ INC.</nomcontractant>
    <neqcontractant>1174515719</neqcontractant>
  </contrat>
  <contrat>
    <numeroseao>1527370</numeroseao>
    <numero>110102</numero>
    <datefinale>2021-03-24</datefinale>
    <datepublicationfinale>2021-09-16</datepublicationfinale>
    <montantfinal>44535.570000</montantfinal>
    <nomcontractant>CENTRE D'EXCELLENCE SPORTS ROUSSEAU</nomcontractant>
    <neqcontractant>1164531569</neqcontractant>
  </contrat>
  <contrat>
    <numeroseao>1528516</numeroseao>
    <numero>44525656</numero>
    <datefinale>2021-12-17</datefinale>
    <datepublicationfinale>2022-02-09</datepublicationfinale>
    <montantfinal>33125.000000</montantfinal>
    <nomcontractant>LE GROUPE GESFOR, POIRIER, PINCHIN INC.</nomcontractant>
    <neqcontractant>1163424907</neqcontractant>
  </contrat>
  <contrat>
    <numeroseao>1531172</numeroseao>
    <numero>44525582</numero>
    <datefinale>2022-03-31</datefinale>
    <datepublicationfinale>2022-03-09</datepublicationfinale>
    <montantfinal>56242.000000</montantfinal>
    <nomcontractant>RÉSEAU-BUREAUTIQUE</nomcontractant>
    <neqcontractant>1143441815</neqcontractant>
  </contrat>
  <contrat>
    <numeroseao>1542319</numeroseao>
    <numero>21-4867-1</numero>
    <datefinale>2021-12-16</datefinale>
    <datepublicationfinale>2021-12-21</datepublicationfinale>
    <montantfinal>222106.830000</montantfinal>
    <nomcontractant>SOCIÉTÉ EN COMMANDITE VANIER 2</nomcontractant>
    <neqcontractant>3367159830</neqcontractant>
  </contrat>
  <contrat>
    <numeroseao>1552586</numeroseao>
    <numero>38734901</numero>
    <datefinale>2021-12-02</datefinale>
    <datepublicationfinale>2021-12-13</datepublicationfinale>
    <montantfinal>25000.000000</montantfinal>
    <nomcontractant>SOUDURE D.G. TECH INC.</nomcontractant>
    <neqcontractant>1162905609</neqcontractant>
  </contrat>
  <contrat>
    <numeroseao>1563662</numeroseao>
    <numero>38401201</numero>
    <datefinale>2022-01-31</datefinale>
    <datepublicationfinale>2022-03-09</datepublicationfinale>
    <montantfinal>42000.000000</montantfinal>
    <nomcontractant>4182901 CANADA INC.</nomcontractant>
    <neqcontractant>1162809496</neqcontractant>
  </contrat>
  <contrat>
    <numeroseao>1587166</numeroseao>
    <numero>22283</numero>
    <datefinale>2021-11-30</datefinale>
    <datepublicationfinale>2022-03-25</datepublicationfinale>
    <montantfinal>43966.750000</montantfinal>
    <nomcontractant>LES ARCHITECTES GOULET ET LEBEL (2012) INC.</nomcontractant>
    <neqcontractant>1172425119</neqcontractant>
  </contrat>
</export>