<?xml version="1.0" encoding="utf-8"?>
<export xmlns:xsi="http://www.w3.org/2001/XMLSchema-instance" xmlns:xsd="http://www.w3.org/2001/XMLSchema" datedebut="2022-10-01" datefin="2022-10-31">
  <contrat>
    <numeroseao>573544</numeroseao>
    <numero>6508-12-4545</numero>
    <datefinale>2015-04-24</datefinale>
    <datepublicationfinale>2015-06-11</datepublicationfinale>
    <montantfinal>248013.180000</montantfinal>
    <nomcontractant>Les excavations Réal Bossé Inc.</nomcontractant>
    <neqcontractant>1140094641</neqcontractant>
  </contrat>
  <contrat>
    <numeroseao>574131</numeroseao>
    <numero>7006-12-4510</numero>
    <datefinale>2015-05-31</datefinale>
    <datepublicationfinale>2015-07-22</datepublicationfinale>
    <montantfinal>210525.000000</montantfinal>
    <nomcontractant>LES MACHINERIES LOURDES WILFRID ST-ARNAULT &amp; FILS INC.</nomcontractant>
    <neqcontractant>1141886060</neqcontractant>
  </contrat>
  <contrat>
    <numeroseao>575951</numeroseao>
    <numero>7007-12-4535</numero>
    <datefinale>2015-05-31</datefinale>
    <datepublicationfinale>2014-11-20</datepublicationfinale>
    <montantfinal>441451.940000</montantfinal>
    <nomcontractant>LES EXCAVATIONS LEMYRE &amp; FILS INC.</nomcontractant>
    <neqcontractant>1160226370</neqcontractant>
  </contrat>
  <contrat>
    <numeroseao>597266</numeroseao>
    <numero>8906-12-NL02</numero>
    <datefinale>2015-06-01</datefinale>
    <datepublicationfinale>2016-06-01</datepublicationfinale>
    <montantfinal>262648.450000</montantfinal>
    <nomcontractant>6845215 Canada inc.</nomcontractant>
    <neqcontractant />
  </contrat>
  <contrat>
    <numeroseao>602781</numeroseao>
    <numero>8906-12-NL01</numero>
    <datefinale>2015-06-01</datefinale>
    <datepublicationfinale>2016-06-01</datepublicationfinale>
    <montantfinal>238999.480000</montantfinal>
    <nomcontractant>Pavages Lafleur &amp; fils inc., Les</nomcontractant>
    <neqcontractant />
  </contrat>
  <contrat>
    <numeroseao>632070</numeroseao>
    <numero>6609-13-4502</numero>
    <datefinale>2015-07-16</datefinale>
    <datepublicationfinale>2015-10-01</datepublicationfinale>
    <montantfinal>409886.420000</montantfinal>
    <nomcontractant>GILLES AUDET EXCAVATION INC.</nomcontractant>
    <neqcontractant>1166594631</neqcontractant>
  </contrat>
  <contrat>
    <numeroseao>646210</numeroseao>
    <numero>7007-13-4531</numero>
    <datefinale>2015-05-14</datefinale>
    <datepublicationfinale>2016-02-02</datepublicationfinale>
    <montantfinal>230810.350000</montantfinal>
    <nomcontractant>THOMAS BELLEMARE LTÉE</nomcontractant>
    <neqcontractant>1161878856</neqcontractant>
  </contrat>
  <contrat>
    <numeroseao>647717</numeroseao>
    <numero>8406-13-4511</numero>
    <datefinale>2019-09-10</datefinale>
    <datepublicationfinale>2014-07-25</datepublicationfinale>
    <montantfinal>662520.570000</montantfinal>
    <nomcontractant>BRUNET &amp; BRUNET INC.</nomcontractant>
    <neqcontractant>1142592519</neqcontractant>
  </contrat>
  <contrat>
    <numeroseao>663746</numeroseao>
    <numero>6808-13-4508</numero>
    <datefinale>2016-08-05</datefinale>
    <datepublicationfinale>2016-06-01</datepublicationfinale>
    <montantfinal>640291.920000</montantfinal>
    <nomcontractant>DUFOUR ET FRERES INC.</nomcontractant>
    <neqcontractant>1144383560</neqcontractant>
  </contrat>
  <contrat>
    <numeroseao>670785</numeroseao>
    <numero>8406-12-PC01</numero>
    <datefinale>2019-09-10</datefinale>
    <datepublicationfinale>2015-04-14</datepublicationfinale>
    <montantfinal>96434.220000</montantfinal>
    <nomcontractant>Services d'entretien Willclean/Iso Global, Les</nomcontractant>
    <neqcontractant />
  </contrat>
  <contrat>
    <numeroseao>723800</numeroseao>
    <numero>8406-14-PZ01</numero>
    <datefinale>2015-01-06</datefinale>
    <datepublicationfinale>2015-05-11</datepublicationfinale>
    <montantfinal>113108.710000</montantfinal>
    <nomcontractant>BRUNET &amp; BRUNET INC.</nomcontractant>
    <neqcontractant>1142592519</neqcontractant>
  </contrat>
  <contrat>
    <numeroseao>778644</numeroseao>
    <numero>8606-14-4506</numero>
    <datefinale>2019-07-02</datefinale>
    <datepublicationfinale>2015-06-11</datepublicationfinale>
    <montantfinal>1134961.900000</montantfinal>
    <nomcontractant>175784 Canada et Les constructions Bricon</nomcontractant>
    <neqcontractant />
  </contrat>
  <contrat>
    <numeroseao>779373</numeroseao>
    <numero>8606-14-4504</numero>
    <datefinale>2019-07-02</datefinale>
    <datepublicationfinale>2015-07-22</datepublicationfinale>
    <montantfinal>1296558.900000</montantfinal>
    <nomcontractant>175784 Canada et Les constructions Bricon</nomcontractant>
    <neqcontractant />
  </contrat>
  <contrat>
    <numeroseao>789818</numeroseao>
    <numero>6806-14-NO01</numero>
    <datefinale>2017-05-31</datefinale>
    <datepublicationfinale>2016-09-21</datepublicationfinale>
    <montantfinal>111105.000000</montantfinal>
    <nomcontractant>Multiservice Yves Turcotte</nomcontractant>
    <neqcontractant>2267536714</neqcontractant>
  </contrat>
  <contrat>
    <numeroseao>791129</numeroseao>
    <numero>8407-14-4537</numero>
    <datefinale>2019-09-10</datefinale>
    <datepublicationfinale>2020-05-07</datepublicationfinale>
    <montantfinal>885125.450000</montantfinal>
    <nomcontractant>DESJARDINS EXCAVATION INC.</nomcontractant>
    <neqcontractant>1167538280</neqcontractant>
  </contrat>
  <contrat>
    <numeroseao>803156</numeroseao>
    <numero>7107-14-NL01</numero>
    <datefinale>2015-04-28</datefinale>
    <datepublicationfinale>2015-07-22</datepublicationfinale>
    <montantfinal>61258.870000</montantfinal>
    <nomcontractant>CHARLES-AUGUSTE FORTIER INC.</nomcontractant>
    <neqcontractant>1142746693</neqcontractant>
  </contrat>
  <contrat>
    <numeroseao>803265</numeroseao>
    <numero>7107-14-NL02</numero>
    <datefinale>2015-04-28</datefinale>
    <datepublicationfinale>2015-07-22</datepublicationfinale>
    <montantfinal>67866.620000</montantfinal>
    <nomcontractant>CHARLES-AUGUSTE FORTIER INC.</nomcontractant>
    <neqcontractant>1142746693</neqcontractant>
  </contrat>
  <contrat>
    <numeroseao>803690</numeroseao>
    <numero>7107-14-NL03</numero>
    <datefinale>2015-04-28</datefinale>
    <datepublicationfinale>2015-07-22</datepublicationfinale>
    <montantfinal>62809.590000</montantfinal>
    <nomcontractant>CHARLES-AUGUSTE FORTIER INC.</nomcontractant>
    <neqcontractant>1142746693</neqcontractant>
  </contrat>
  <contrat>
    <numeroseao>804708</numeroseao>
    <numero>7107-14-NO01</numero>
    <datefinale>2015-04-28</datefinale>
    <datepublicationfinale>2015-07-22</datepublicationfinale>
    <montantfinal>43500.000000</montantfinal>
    <nomcontractant>Excavation JF Turcotte Inc.</nomcontractant>
    <neqcontractant>1165751794</neqcontractant>
  </contrat>
  <contrat>
    <numeroseao>866060</numeroseao>
    <numero>7007-15-SJ01</numero>
    <datefinale>2016-03-09</datefinale>
    <datepublicationfinale>2016-05-12</datepublicationfinale>
    <montantfinal>17359.920000</montantfinal>
    <nomcontractant>Entreprise Claude Dufresne inc.</nomcontractant>
    <neqcontractant>1170623038</neqcontractant>
  </contrat>
  <contrat>
    <numeroseao>866973</numeroseao>
    <numero>6610-15-ST01</numero>
    <datefinale>2015-12-21</datefinale>
    <datepublicationfinale>2016-05-12</datepublicationfinale>
    <montantfinal>225569.070000</montantfinal>
    <nomcontractant>Signalisation Laurentienne inc.</nomcontractant>
    <neqcontractant>1144406700</neqcontractant>
  </contrat>
  <contrat>
    <numeroseao>880817</numeroseao>
    <numero>8810-15-0002</numero>
    <datefinale>2016-03-04</datefinale>
    <datepublicationfinale>2016-04-20</datepublicationfinale>
    <montantfinal>105822.800000</montantfinal>
    <nomcontractant>TERRASSEMENTS B.L.R. INC.</nomcontractant>
    <neqcontractant>1141135401</neqcontractant>
  </contrat>
  <contrat>
    <numeroseao>882338</numeroseao>
    <numero>7007-15-0205</numero>
    <datefinale>2016-12-13</datefinale>
    <datepublicationfinale>2017-01-19</datepublicationfinale>
    <montantfinal>476447.710000</montantfinal>
    <nomcontractant>Eurovia Québec Construction inc.</nomcontractant>
    <neqcontractant>1169491884</neqcontractant>
  </contrat>
  <contrat>
    <numeroseao>893061</numeroseao>
    <numero>6308-14-AP01</numero>
    <datefinale>2015-03-31</datefinale>
    <datepublicationfinale>2015-05-11</datepublicationfinale>
    <montantfinal>0.000000</montantfinal>
    <nomcontractant>9185-1444 Québec inc. </nomcontractant>
    <neqcontractant>1164582224</neqcontractant>
  </contrat>
  <contrat>
    <numeroseao>900854</numeroseao>
    <numero>6603-15-0914</numero>
    <datefinale>2016-03-04</datefinale>
    <datepublicationfinale>2016-04-20</datepublicationfinale>
    <montantfinal>302741.280000</montantfinal>
    <nomcontractant>2171-0751 Québec Inc./ Transport en Vrac St-Denis</nomcontractant>
    <neqcontractant>1140531030</neqcontractant>
  </contrat>
  <contrat>
    <numeroseao>929428</numeroseao>
    <numero>6610-15-AP03</numero>
    <datefinale>2016-03-04</datefinale>
    <datepublicationfinale>2016-04-20</datepublicationfinale>
    <montantfinal>38245.000000</montantfinal>
    <nomcontractant>Entreprises G. Pouliot ltée, Les</nomcontractant>
    <neqcontractant>1142703256</neqcontractant>
  </contrat>
  <contrat>
    <numeroseao>929909</numeroseao>
    <numero>8901-15-PA01</numero>
    <datefinale>2016-03-04</datefinale>
    <datepublicationfinale>2016-04-20</datepublicationfinale>
    <montantfinal>497954.450000</montantfinal>
    <nomcontractant>Veolia ES Canada Services industriels inc.</nomcontractant>
    <neqcontractant>1166357260</neqcontractant>
  </contrat>
  <contrat>
    <numeroseao>932679</numeroseao>
    <numero>6610-15-AP04</numero>
    <datefinale>2016-03-04</datefinale>
    <datepublicationfinale>2016-04-20</datepublicationfinale>
    <montantfinal>7049.730000</montantfinal>
    <nomcontractant>Graymont [Portneuf] inc.</nomcontractant>
    <neqcontractant>1149812670</neqcontractant>
  </contrat>
  <contrat>
    <numeroseao>938208</numeroseao>
    <numero>8903-15-FE03</numero>
    <datefinale>2019-11-21</datefinale>
    <datepublicationfinale>2016-04-20</datepublicationfinale>
    <montantfinal>96390.940000</montantfinal>
    <nomcontractant>Cima+ S.E.N.C.</nomcontractant>
    <neqcontractant>3340563140</neqcontractant>
  </contrat>
  <contrat>
    <numeroseao>976207</numeroseao>
    <numero>9001-16-PZ03</numero>
    <datefinale>2017-07-21</datefinale>
    <datepublicationfinale>2017-05-03</datepublicationfinale>
    <montantfinal>10350.000000</montantfinal>
    <nomcontractant>Mistras Services inc.</nomcontractant>
    <neqcontractant>1168303833</neqcontractant>
  </contrat>
  <contrat>
    <numeroseao>980978</numeroseao>
    <numero>7001-15-PZ02</numero>
    <datefinale>2017-03-31</datefinale>
    <datepublicationfinale>2016-05-12</datepublicationfinale>
    <montantfinal>18689.430000</montantfinal>
    <nomcontractant>École nationale de camionnage et équipement lourd (E.N.C.E.L)</nomcontractant>
    <neqcontractant>1141671611</neqcontractant>
  </contrat>
  <contrat>
    <numeroseao>989421</numeroseao>
    <numero>6501-15-HC01</numero>
    <datefinale>2019-12-08</datefinale>
    <datepublicationfinale>2019-06-21</datepublicationfinale>
    <montantfinal>67046.490000</montantfinal>
    <nomcontractant>Norda Stelo inc.</nomcontractant>
    <neqcontractant>1165310831</neqcontractant>
  </contrat>
  <contrat>
    <numeroseao>1010835</numeroseao>
    <numero>2106-14-1101</numero>
    <datefinale>2022-11-02</datefinale>
    <datepublicationfinale>2022-11-03</datepublicationfinale>
    <montantfinal>7356423.940000</montantfinal>
    <nomcontractant>Groupe TNT Inc.</nomcontractant>
    <neqcontractant>1160480704</neqcontractant>
  </contrat>
  <contrat>
    <numeroseao>1063886</numeroseao>
    <numero>321701</numero>
    <datefinale>2018-03-09</datefinale>
    <datepublicationfinale>2018-06-26</datepublicationfinale>
    <montantfinal>2606075.090000</montantfinal>
    <nomcontractant>Sade Canada Inc.</nomcontractant>
    <neqcontractant>1169540235</neqcontractant>
  </contrat>
  <contrat>
    <numeroseao>1085337</numeroseao>
    <numero>6401-17-0004</numero>
    <datefinale>2019-03-14</datefinale>
    <datepublicationfinale>2020-06-05</datepublicationfinale>
    <montantfinal>127696.000000</montantfinal>
    <nomcontractant>LES ENTREPRISES MYRROY INC.</nomcontractant>
    <neqcontractant>1146685178</neqcontractant>
  </contrat>
  <contrat>
    <numeroseao>1087956</numeroseao>
    <numero>32260800</numero>
    <datefinale>2022-08-31</datefinale>
    <datepublicationfinale>2022-09-15</datepublicationfinale>
    <montantfinal>115165.980000</montantfinal>
    <nomcontractant>ENTRETIEN FABIEN PERRON INC.</nomcontractant>
    <neqcontractant>1160032216</neqcontractant>
  </contrat>
  <contrat>
    <numeroseao>1090857</numeroseao>
    <numero>31205600</numero>
    <datefinale>2020-10-05</datefinale>
    <datepublicationfinale>2021-04-23</datepublicationfinale>
    <montantfinal>10170075.370000</montantfinal>
    <nomcontractant>CONSTRUCTIONS UNIBEC INC.</nomcontractant>
    <neqcontractant>1143119502</neqcontractant>
  </contrat>
  <contrat>
    <numeroseao>1093988</numeroseao>
    <numero>31975100</numero>
    <datefinale>2022-07-31</datefinale>
    <datepublicationfinale>2022-08-02</datepublicationfinale>
    <montantfinal>133891.280000</montantfinal>
    <nomcontractant>les services d'entretien R.J Messier inc.</nomcontractant>
    <neqcontractant>1172427933</neqcontractant>
  </contrat>
  <contrat>
    <numeroseao>1100602</numeroseao>
    <numero>32408100</numero>
    <datefinale>2022-08-31</datefinale>
    <datepublicationfinale>2022-09-15</datepublicationfinale>
    <montantfinal>106420.200000</montantfinal>
    <nomcontractant>MAINTENANCE TRANS-QUÉBEC INC.</nomcontractant>
    <neqcontractant>1142081786</neqcontractant>
  </contrat>
  <contrat>
    <numeroseao>1108860</numeroseao>
    <numero>GAT 2017 SI 172A</numero>
    <datefinale>2018-12-31</datefinale>
    <datepublicationfinale>2019-01-10</datepublicationfinale>
    <montantfinal>60424.720000</montantfinal>
    <nomcontractant>Signalisation SAIC inc</nomcontractant>
    <neqcontractant>1165663478</neqcontractant>
  </contrat>
  <contrat>
    <numeroseao>1125161</numeroseao>
    <numero>6306-17-AP01</numero>
    <datefinale>2018-02-05</datefinale>
    <datepublicationfinale>2019-06-14</datepublicationfinale>
    <montantfinal>31978.100000</montantfinal>
    <nomcontractant>Entreprises Larebel inc., Les</nomcontractant>
    <neqcontractant>1170254941</neqcontractant>
  </contrat>
  <contrat>
    <numeroseao>1129843</numeroseao>
    <numero>7183-18-PZ06</numero>
    <datefinale>2021-03-31</datefinale>
    <datepublicationfinale>2021-06-17</datepublicationfinale>
    <montantfinal>68725.000000</montantfinal>
    <nomcontractant>ARTHUR ROUSSEL INC.</nomcontractant>
    <neqcontractant>1149675424</neqcontractant>
  </contrat>
  <contrat>
    <numeroseao>1187947</numeroseao>
    <numero>6501-18-HE04</numero>
    <datefinale>2022-08-23</datefinale>
    <datepublicationfinale>2022-08-24</datepublicationfinale>
    <montantfinal>90744.810000</montantfinal>
    <nomcontractant>SNC-Lavalin inc.</nomcontractant>
    <neqcontractant>1142775999</neqcontractant>
  </contrat>
  <contrat>
    <numeroseao>1228219</numeroseao>
    <numero>CM-2018-942</numero>
    <datefinale>2020-12-31</datefinale>
    <datepublicationfinale>2021-12-24</datepublicationfinale>
    <montantfinal>49750.000000</montantfinal>
    <nomcontractant>Société Élizabeth Fry du Québec</nomcontractant>
    <neqcontractant>1142309757</neqcontractant>
  </contrat>
  <contrat>
    <numeroseao>1252679</numeroseao>
    <numero>445779472</numero>
    <datefinale>2020-03-31</datefinale>
    <datepublicationfinale>2020-06-25</datepublicationfinale>
    <montantfinal>263459.480000</montantfinal>
    <nomcontractant>Paquette &amp; associés, huissiers de justice S.E.N.C.R.L.</nomcontractant>
    <neqcontractant>3341634171</neqcontractant>
  </contrat>
  <contrat>
    <numeroseao>1259528</numeroseao>
    <numero>9001-18-0201</numero>
    <datefinale>2021-09-27</datefinale>
    <datepublicationfinale>2021-11-17</datepublicationfinale>
    <montantfinal>2344172.040000</montantfinal>
    <nomcontractant>GRANDMONT &amp; FILS LTEE</nomcontractant>
    <neqcontractant>1142480053</neqcontractant>
  </contrat>
  <contrat>
    <numeroseao>1263578</numeroseao>
    <numero>6501-18-FE29</numero>
    <datefinale>2022-09-30</datefinale>
    <datepublicationfinale>2021-09-22</datepublicationfinale>
    <montantfinal>183773.180000</montantfinal>
    <nomcontractant>Cima+ S.E.N.C.</nomcontractant>
    <neqcontractant>3340563140</neqcontractant>
  </contrat>
  <contrat>
    <numeroseao>1270721</numeroseao>
    <numero>18 028 93 et 16 028 86</numero>
    <datefinale>2022-02-09</datefinale>
    <datepublicationfinale>2022-06-30</datepublicationfinale>
    <montantfinal>240570.820000</montantfinal>
    <nomcontractant>2428-8516 QUÉBEC INC.</nomcontractant>
    <neqcontractant>1144684033</neqcontractant>
  </contrat>
  <contrat>
    <numeroseao>1274058</numeroseao>
    <numero>2018-09-AO03</numero>
    <datefinale>2020-08-07</datefinale>
    <datepublicationfinale>2020-11-13</datepublicationfinale>
    <montantfinal>147131.700000</montantfinal>
    <nomcontractant>LES SERVICES CONSEILS ABNA INC.</nomcontractant>
    <neqcontractant>1165489486</neqcontractant>
  </contrat>
  <contrat>
    <numeroseao>1285530</numeroseao>
    <numero>7000662</numero>
    <datefinale>2022-08-31</datefinale>
    <datepublicationfinale>2022-08-04</datepublicationfinale>
    <montantfinal>491658.760000</montantfinal>
    <nomcontractant>ASCENSEURS INNOVATEC INC.</nomcontractant>
    <neqcontractant>1148062848</neqcontractant>
  </contrat>
  <contrat>
    <numeroseao>1317706</numeroseao>
    <numero>44515788</numero>
    <datefinale>2022-04-30</datefinale>
    <datepublicationfinale>2022-08-26</datepublicationfinale>
    <montantfinal>56199.800000</montantfinal>
    <nomcontractant>P.B. Entretien Général (1994) Inc.</nomcontractant>
    <neqcontractant>1147775226</neqcontractant>
  </contrat>
  <contrat>
    <numeroseao>1317790</numeroseao>
    <numero>999109238</numero>
    <datefinale>2022-04-30</datefinale>
    <datepublicationfinale>2022-06-28</datepublicationfinale>
    <montantfinal>506327.100000</montantfinal>
    <nomcontractant>VERSION IMAGE PLUS INC.</nomcontractant>
    <neqcontractant>1146524278</neqcontractant>
  </contrat>
  <contrat>
    <numeroseao>1319555</numeroseao>
    <numero>035-035-67035-CONT-MAT</numero>
    <datefinale>2020-12-17</datefinale>
    <datepublicationfinale>2022-03-08</datepublicationfinale>
    <montantfinal>69236.500000</montantfinal>
    <nomcontractant>Construction &amp; Expertise PG</nomcontractant>
    <neqcontractant>1164719693</neqcontractant>
  </contrat>
  <contrat>
    <numeroseao>1319990</numeroseao>
    <numero>MSSS-2019-0197</numero>
    <datefinale />
    <datepublicationfinale>2022-08-23</datepublicationfinale>
    <montantfinal>0.000000</montantfinal>
    <nomcontractant>Dolorès Lepage-Savary</nomcontractant>
    <neqcontractant>2271852354</neqcontractant>
  </contrat>
  <contrat>
    <numeroseao>1328592</numeroseao>
    <numero>6408-20-SB02</numero>
    <datefinale>2022-09-14</datefinale>
    <datepublicationfinale>2022-09-20</datepublicationfinale>
    <montantfinal>317684.000000</montantfinal>
    <nomcontractant>LES ENTREPRISES BERGERON, S.E.N.C.</nomcontractant>
    <neqcontractant>3361752010</neqcontractant>
  </contrat>
  <contrat>
    <numeroseao>1336478</numeroseao>
    <numero>416311</numero>
    <datefinale>2022-08-15</datefinale>
    <datepublicationfinale>2022-08-18</datepublicationfinale>
    <montantfinal>6958845.780000</montantfinal>
    <nomcontractant>LOISELLE INC.</nomcontractant>
    <neqcontractant>1142482703</neqcontractant>
  </contrat>
  <contrat>
    <numeroseao>1349884</numeroseao>
    <numero>6506-12-SJ01</numero>
    <datefinale>2015-03-31</datefinale>
    <datepublicationfinale>2020-02-26</datepublicationfinale>
    <montantfinal>65423.340000</montantfinal>
    <nomcontractant>Entreprises D. Lebrun Inc.</nomcontractant>
    <neqcontractant>1167161117</neqcontractant>
  </contrat>
  <contrat>
    <numeroseao>1350887</numeroseao>
    <numero>6408-14-NO01</numero>
    <datefinale>2015-04-11</datefinale>
    <datepublicationfinale>2020-02-28</datepublicationfinale>
    <montantfinal>9120.000000</montantfinal>
    <nomcontractant>Ferme Somerset inc.</nomcontractant>
    <neqcontractant>1145947090</neqcontractant>
  </contrat>
  <contrat>
    <numeroseao>1354905</numeroseao>
    <numero>9007-12-PZ03</numero>
    <datefinale>2015-12-10</datefinale>
    <datepublicationfinale>2020-03-11</datepublicationfinale>
    <montantfinal>65472.000000</montantfinal>
    <nomcontractant>Sciedan inc.</nomcontractant>
    <neqcontractant>1163790711</neqcontractant>
  </contrat>
  <contrat>
    <numeroseao>1361931</numeroseao>
    <numero>8910-12-SB04</numero>
    <datefinale>2015-06-01</datefinale>
    <datepublicationfinale>2020-04-09</datepublicationfinale>
    <montantfinal>48058.500000</montantfinal>
    <nomcontractant>Ménard, Luc (Débroussaillement Ménard enr.)</nomcontractant>
    <neqcontractant>2240732422</neqcontractant>
  </contrat>
  <contrat>
    <numeroseao>1362998</numeroseao>
    <numero>363</numero>
    <datefinale>2022-10-25</datefinale>
    <datepublicationfinale>2021-01-28</datepublicationfinale>
    <montantfinal>29311.850000</montantfinal>
    <nomcontractant>LGT</nomcontractant>
    <neqcontractant>1171470132</neqcontractant>
  </contrat>
  <contrat>
    <numeroseao>1364700</numeroseao>
    <numero>8601-18-0206</numero>
    <datefinale>2022-10-28</datefinale>
    <datepublicationfinale>2021-08-26</datepublicationfinale>
    <montantfinal>964449.850000</montantfinal>
    <nomcontractant>ACI ponts et Ouvrages d'art inc.</nomcontractant>
    <neqcontractant>1169665925</neqcontractant>
  </contrat>
  <contrat>
    <numeroseao>1380853</numeroseao>
    <numero>6408-20-SB01</numero>
    <datefinale>2022-09-06</datefinale>
    <datepublicationfinale>2022-09-07</datepublicationfinale>
    <montantfinal>171330.360000</montantfinal>
    <nomcontractant>PELOU-TECH INC.</nomcontractant>
    <neqcontractant>1165442279</neqcontractant>
  </contrat>
  <contrat>
    <numeroseao>1395730</numeroseao>
    <numero>44511331</numero>
    <datefinale>2022-07-15</datefinale>
    <datepublicationfinale>2022-04-14</datepublicationfinale>
    <montantfinal>94436.420000</montantfinal>
    <nomcontractant>MLC Associés</nomcontractant>
    <neqcontractant>1148027114</neqcontractant>
  </contrat>
  <contrat>
    <numeroseao>1430595</numeroseao>
    <numero>S 280 428 369</numero>
    <datefinale>2021-05-25</datefinale>
    <datepublicationfinale>2022-08-24</datepublicationfinale>
    <montantfinal>250877.500000</montantfinal>
    <nomcontractant>THERRIEN COUTURE JOLI-COEUR S.E.N.C.R.L.</nomcontractant>
    <neqcontractant>3341823451</neqcontractant>
  </contrat>
  <contrat>
    <numeroseao>1435499</numeroseao>
    <numero>C-9176</numero>
    <datefinale>2022-08-08</datefinale>
    <datepublicationfinale>2022-09-15</datepublicationfinale>
    <montantfinal>59674.000000</montantfinal>
    <nomcontractant>Astral Affichage Bell Média</nomcontractant>
    <neqcontractant>3341401027</neqcontractant>
  </contrat>
  <contrat>
    <numeroseao>1445775</numeroseao>
    <numero>CA-0104802</numero>
    <datefinale>2019-12-13</datefinale>
    <datepublicationfinale>2022-08-03</datepublicationfinale>
    <montantfinal>33242.530000</montantfinal>
    <nomcontractant>Fahey et Associés inc.</nomcontractant>
    <neqcontractant>1169583532</neqcontractant>
  </contrat>
  <contrat>
    <numeroseao>1468166</numeroseao>
    <numero>2021-5721</numero>
    <datefinale>2022-03-31</datefinale>
    <datepublicationfinale>2022-03-31</datepublicationfinale>
    <montantfinal>104254.000000</montantfinal>
    <nomcontractant>InterSystems</nomcontractant>
    <neqcontractant />
  </contrat>
  <contrat>
    <numeroseao>1472463</numeroseao>
    <numero>2021-05</numero>
    <datefinale>2022-01-11</datefinale>
    <datepublicationfinale>2022-02-15</datepublicationfinale>
    <montantfinal>100454.820000</montantfinal>
    <nomcontractant>Englobe Corp.</nomcontractant>
    <neqcontractant>1167280206</neqcontractant>
  </contrat>
  <contrat>
    <numeroseao>1482367</numeroseao>
    <numero>2021-04-059</numero>
    <datefinale>2022-06-16</datefinale>
    <datepublicationfinale>2022-06-20</datepublicationfinale>
    <montantfinal>531263.890000</montantfinal>
    <nomcontractant>Papillon Skate Parc Inc.</nomcontractant>
    <neqcontractant>1170324959</neqcontractant>
  </contrat>
  <contrat>
    <numeroseao>1490864</numeroseao>
    <numero>5381-21-QF01</numero>
    <datefinale>2022-02-22</datefinale>
    <datepublicationfinale>2022-05-30</datepublicationfinale>
    <montantfinal>832199.730000</montantfinal>
    <nomcontractant>Microsoft Canada Inc.</nomcontractant>
    <neqcontractant>1168494905</neqcontractant>
  </contrat>
  <contrat>
    <numeroseao>1513902</numeroseao>
    <numero>38701801</numero>
    <datefinale>2022-06-01</datefinale>
    <datepublicationfinale>2022-08-17</datepublicationfinale>
    <montantfinal>47959.000000</montantfinal>
    <nomcontractant>PROULX, ALBERT</nomcontractant>
    <neqcontractant>2245803830</neqcontractant>
  </contrat>
  <contrat>
    <numeroseao>1524830</numeroseao>
    <numero>10359</numero>
    <datefinale>2022-10-19</datefinale>
    <datepublicationfinale>2022-06-06</datepublicationfinale>
    <montantfinal>248469.510000</montantfinal>
    <nomcontractant>CARL ZEISS CANADA LIMITED</nomcontractant>
    <neqcontractant>1145073822</neqcontractant>
  </contrat>
  <contrat>
    <numeroseao>1531239</numeroseao>
    <numero>44525921</numero>
    <datefinale>2022-07-04</datefinale>
    <datepublicationfinale>2022-07-13</datepublicationfinale>
    <montantfinal>46932.920000</montantfinal>
    <nomcontractant>PA Dubois Électrique Inc.</nomcontractant>
    <neqcontractant>1143148097</neqcontractant>
  </contrat>
  <contrat>
    <numeroseao>1538751</numeroseao>
    <numero>35144819</numero>
    <datefinale />
    <datepublicationfinale>2022-05-31</datepublicationfinale>
    <montantfinal>37344.670000</montantfinal>
    <nomcontractant>TAC INTERNATIONAL</nomcontractant>
    <neqcontractant>1162639364</neqcontractant>
  </contrat>
  <contrat>
    <numeroseao>1551880</numeroseao>
    <numero>2570404</numero>
    <datefinale>2022-08-11</datefinale>
    <datepublicationfinale>2022-01-25</datepublicationfinale>
    <montantfinal>491104.000000</montantfinal>
    <nomcontractant>L'EN-DROIT DE LAVAL</nomcontractant>
    <neqcontractant>1144753580</neqcontractant>
  </contrat>
  <contrat>
    <numeroseao>1565274</numeroseao>
    <numero>44512678</numero>
    <datefinale>2021-10-31</datefinale>
    <datepublicationfinale>2022-03-24</datepublicationfinale>
    <montantfinal>126000.000000</montantfinal>
    <nomcontractant>FONDS DE SOUTIEN À LA RÉINSERTION SOCIALE DE L'ÉTABLISSEMENT DE DÉTENTION DE TROIS-RIVIÈRES</nomcontractant>
    <neqcontractant>8827032077</neqcontractant>
  </contrat>
  <contrat>
    <numeroseao>1593493</numeroseao>
    <numero>44528398</numero>
    <datefinale>2022-05-11</datefinale>
    <datepublicationfinale>2022-05-25</datepublicationfinale>
    <montantfinal>39820.580000</montantfinal>
    <nomcontractant>pellerin, samuel</nomcontractant>
    <neqcontractant>2269085835</neqcontractant>
  </contrat>
  <contrat>
    <numeroseao>1598033</numeroseao>
    <numero>CS103441 (416610-220419)</numero>
    <datefinale>2022-09-11</datefinale>
    <datepublicationfinale>2022-09-23</datepublicationfinale>
    <montantfinal>74157.500000</montantfinal>
    <nomcontractant>GROUPE SERENIS INC.</nomcontractant>
    <neqcontractant>1173482341</neqcontractant>
  </contrat>
  <contrat>
    <numeroseao>1602652</numeroseao>
    <numero>EX526441 / OU103629</numero>
    <datefinale>2022-07-22</datefinale>
    <datepublicationfinale>2022-05-06</datepublicationfinale>
    <montantfinal>33753.530000</montantfinal>
    <nomcontractant>INDUSTRIES TOROMONT LTEE</nomcontractant>
    <neqcontractant>1144694263</neqcontractant>
  </contrat>
  <contrat>
    <numeroseao>1624320</numeroseao>
    <numero>44525934</numero>
    <datefinale>2022-07-04</datefinale>
    <datepublicationfinale>2022-07-13</datepublicationfinale>
    <montantfinal>25104.610000</montantfinal>
    <nomcontractant>PHILIPPE MERCIER (1994) INC.</nomcontractant>
    <neqcontractant>1176094994</neqcontractant>
  </contrat>
  <contrat>
    <numeroseao>1636909</numeroseao>
    <numero>44530003</numero>
    <datefinale>2022-08-26</datefinale>
    <datepublicationfinale>2022-09-13</datepublicationfinale>
    <montantfinal>82337.020000</montantfinal>
    <nomcontractant>2853-3321 QUÉBEC INC.</nomcontractant>
    <neqcontractant>1143418771</neqcontractant>
  </contrat>
  <contrat>
    <numeroseao>1639133</numeroseao>
    <numero>08650-2021</numero>
    <datefinale>2021-12-31</datefinale>
    <datepublicationfinale>2022-08-29</datepublicationfinale>
    <montantfinal>34220.000000</montantfinal>
    <nomcontractant>Labelle, Stephanie</nomcontractant>
    <neqcontractant>2274733254</neqcontractant>
  </contrat>
</export>