﻿Code_Cs,Nom_Cs,Code_Org,Nom_Org,IMSE,Rang_Decile_IMSE,SFR,Rang_Decile_SFR,Nbre_Eleves,Diffusion,Annee_Scol
711000,Centre de services scolaire des Monts-et-Marées (711000),711021,École Secondaire Armand-Saint-Onge (711021),12.8890225608012,9,9.60273536480693,5,699,OUI,2022-2023
711000,Centre de services scolaire des Monts-et-Marées (711000),711022,Polyvalente Forimont (711022),10.86427,7,13.7433363492064,8,63,OUI,2022-2023
711000,Centre de services scolaire des Monts-et-Marées (711000),711029,École Assomption (711029),,,,,,NON,2022-2023
711000,Centre de services scolaire des Monts-et-Marées (711000),711036,École Monseigneur-Belzile (711036),,,,,,NON,2022-2023
711000,Centre de services scolaire des Monts-et-Marées (711000),711039,Polyvalente de Sayabec (711039),16.0372478431372,10,8.47897647058823,4,102,OUI,2022-2023
711000,Centre de services scolaire des Monts-et-Marées (711000),711059,École secondaire de Matane (711059),12.7972475370581,9,7.41785549600913,3,877,OUI,2022-2023
712000,Centre de services scolaire des Phares (712000),712001,École de l'Écho-des-Montagnes-Lavoie (712001),6.50041272727273,3,10.9152636363636,6,33,OUI,2022-2023
712000,Centre de services scolaire des Phares (712000),712003,École Paul-Hubert (712003),5.64096879289216,3,5.80852972426474,2,1632,OUI,2022-2023
712000,Centre de services scolaire des Phares (712000),712005,École du Mistral (712005),11.1561695690747,7,8.34389953105195,4,789,OUI,2022-2023
712000,Centre de services scolaire des Phares (712000),712006,École de Sainte-Luce-des Bois-et-Marées-Lévesque (712006),5.83996063829787,3,0.641381276595744,1,47,OUI,2022-2023
712000,Centre de services scolaire des Phares (712000),712008,École Langevin-Saint-Jean (712008),5.29495896321069,2,5.49027886287625,2,897,OUI,2022-2023
712000,Centre de services scolaire des Phares (712000),712015,École de Mont-Saint-Louis-Saint-Rosaire (712015),4.42470736111111,2,7.79295597222222,4,72,OUI,2022-2023
712000,Centre de services scolaire des Phares (712000),712017,École Grand Défi (712017),,,,,,NON,2022-2023
712000,Centre de services scolaire des Phares (712000),712020,École des Merisiers (712020),6.4979096875,3,3.0320553125,1,32,OUI,2022-2023
712000,Centre de services scolaire des Phares (712000),712025,École Boijoli (712025),9.16429166666666,6,2.57237333333333,1,30,OUI,2022-2023
712000,Centre de services scolaire des Phares (712000),712036,École des Hauts-Plateaux (712036),,,,,,NON,2022-2023
713000,Centre de services scolaire du Fleuve-et-des-Lacs (713000),713009,École de Saint-Jean-de-Dieu (713009),7.20876041666666,4,5.82009847222222,2,72,OUI,2022-2023
713000,Centre de services scolaire du Fleuve-et-des-Lacs (713000),713013,École secondaire de la Vallée-des-Lacs (713013),7.3277712345679,4,0.0617283950617284,1,81,OUI,2022-2023
713000,Centre de services scolaire du Fleuve-et-des-Lacs (713000),713020,École secondaire de Dégelis (713020),12.1314904980843,8,7.28592593869731,3,261,OUI,2022-2023
713000,Centre de services scolaire du Fleuve-et-des-Lacs (713000),713121,École secondaire de Cabano (713121),8.38034674931131,5,6.2448844903581,2,363,OUI,2022-2023
713000,Centre de services scolaire du Fleuve-et-des-Lacs (713000),713127,École secondaire de Trois-Pistoles (713127),7.9380279640719,5,5.23471916167664,2,334,OUI,2022-2023
713000,Centre de services scolaire du Fleuve-et-des-Lacs (713000),713132,École secondaire du Transcontinental (713132),14.5721659701492,10,6.98359945273633,3,201,OUI,2022-2023
714000,Centre de services scolaire de Kamouraska-Rivière-du-Loup (714000),714003,École des Vieux-Moulins et Saint-Modeste (714003),17.7222212903226,10,0.126917096774194,1,31,OUI,2022-2023
714000,Centre de services scolaire de Kamouraska-Rivière-du-Loup (714000),714021,École secondaire de Rivière-du-Loup (714021),7.13755922584775,4,5.87869222648748,2,1563,OUI,2022-2023
714000,Centre de services scolaire de Kamouraska-Rivière-du-Loup (714000),714022,École secondaire Chanoine-Beaudet (714022),8.71004352272724,5,3.72329011363637,1,352,OUI,2022-2023
714000,Centre de services scolaire de Kamouraska-Rivière-du-Loup (714000),714023,École polyvalente La Pocatière (714023),6.53737155555551,3,3.95081276543208,1,405,OUI,2022-2023
721000,Centre de services scolaire du Pays-des-Bleuets (721000),721016,École Cité étudiante (721016),11.4128332863187,8,7.42888980253874,3,709,OUI,2022-2023
721000,Centre de services scolaire du Pays-des-Bleuets (721000),721039,Polyvalente des Quatre-Vents (721039),9.30553017177916,6,5.23701896932515,2,815,OUI,2022-2023
721000,Centre de services scolaire du Pays-des-Bleuets (721000),721061,Polyvalente de Normandin (721061),8.77452737417944,6,6.43028527352296,3,457,OUI,2022-2023
721000,Centre de services scolaire du Pays-des-Bleuets (721000),721085,École secondaire des Grandes-Rivières (721085),10.4252795646916,7,6.33452817412335,2,827,OUI,2022-2023
722000,Centre de services scolaire du Lac-Saint-Jean (722000),722002,École secondaire Camille-Lavoie (722002),8.39266381916329,5,7.4100409986505,3,741,OUI,2022-2023
722000,Centre de services scolaire du Lac-Saint-Jean (722000),722003,Pavillon Wilbrod-Dufour (722003),8.24047479057594,5,6.61084296684118,3,1146,OUI,2022-2023
722000,Centre de services scolaire du Lac-Saint-Jean (722000),722004,École Curé-Hébert (722004),7.3346133894231,4,4.91144170673077,1,416,OUI,2022-2023
722000,Centre de services scolaire du Lac-Saint-Jean (722000),722009,École Jean-Gauthier (722009),11.9308387393162,8,4.68930504273506,1,468,OUI,2022-2023
723000,Centre de services scolaire des Rives-du-Saguenay (723000),723145,École secondaire Charles-Gravel (723145),7.94134631612074,5,6.33746741183874,2,1588,OUI,2022-2023
723000,Centre de services scolaire des Rives-du-Saguenay (723000),723172,École primaire et secondaire Fréchette (723172),13.93791,9,5.73421011235955,2,89,OUI,2022-2023
723000,Centre de services scolaire des Rives-du-Saguenay (723000),723173,École secondaire des Grandes-Marées (723173),6.59494254396253,3,7.71523990621332,4,853,OUI,2022-2023
723000,Centre de services scolaire des Rives-du-Saguenay (723000),723175,École secondaire de l'Odyssée (723175),6.54873227362203,3,8.09216438976374,4,2032,OUI,2022-2023
724000,Centre de services scolaire De La Jonquière (724000),724002,École polyvalente Arvida (724002),5.87326697058812,3,5.84050332352944,2,1360,OUI,2022-2023
724000,Centre de services scolaire De La Jonquière (724000),724003,École secondaire Kénogami et Polyvalente Jonquière (724003),8.35511254326171,5,8.96748133717892,5,1907,OUI,2022-2023
731000,Centre de services scolaire de Charlevoix (731000),731001,Centre éducatif Saint-Aubin (731001),6.34676037234039,3,4.16128343971631,1,564,OUI,2022-2023
731000,Centre de services scolaire de Charlevoix (731000),731002,École secondaire du Plateau (731002),9.9031367374811,6,7.39863907435512,3,659,OUI,2022-2023
731000,Centre de services scolaire de Charlevoix (731000),731005,École de la Rose-des-Vents (731005),7.99378705882353,5,0.932317058823529,1,34,OUI,2022-2023
732000,Centre de services scolaire de la Capitale (732000),732053,École régionale des Quatre-Saisons (732053),4.4244771875,2,8.418473125,4,64,OUI,2022-2023
732000,Centre de services scolaire de la Capitale (732000),732156,École Boudreau (732156),7.84111045918367,5,14.1474285204082,8,196,OUI,2022-2023
732000,Centre de services scolaire de la Capitale (732000),732157,École Cardinal-Roy (732157),6.96281023084997,4,13.8152873557187,8,953,OUI,2022-2023
732000,Centre de services scolaire de la Capitale (732000),732159,École Jean-de-Brébeuf (732159),14.1195152532561,9,27.4025905499275,10,691,OUI,2022-2023
732000,Centre de services scolaire de la Capitale (732000),732160,École Joseph-François-Perrault (732160),8.95158361990956,6,21.1695953996982,9,663,OUI,2022-2023
732000,Centre de services scolaire de la Capitale (732000),732161,École secondaire La Camaradière (732161),5.22939966641964,2,10.1179102668643,6,1349,OUI,2022-2023
732000,Centre de services scolaire de la Capitale (732000),732162,École secondaire de la Cité (732162),13.9824578933333,9,26.2845543466666,10,375,OUI,2022-2023
732000,Centre de services scolaire de la Capitale (732000),732164,École secondaire de Neufchâtel (732164),4.32886037520397,2,7.61367445350726,4,1839,OUI,2022-2023
732000,Centre de services scolaire de la Capitale (732000),732165,École secondaire Roger-Comtois (732165),4.16200527499999,1,5.21411135499991,1,2000,OUI,2022-2023
732000,Centre de services scolaire de la Capitale (732000),732166,École Jacques-Cartier - Saint-Denys-Garneau (732166),4.70905051546392,2,2.05415329896907,1,97,OUI,2022-2023
732000,Centre de services scolaire de la Capitale (732000),732167,École secondaire Vanier (732167),19.821850179028,10,30.1389138363171,10,391,OUI,2022-2023
732000,Centre de services scolaire de la Capitale (732000),732168,École L'Odyssée (732168),4.4938,2,4.94287800653596,1,306,OUI,2022-2023
733000,Centre de services scolaire des Découvreurs (733000),733002,École des Pionniers (733002),1.5811348172043,1,2.74133139784946,1,465,OUI,2022-2023
733000,Centre de services scolaire des Découvreurs (733000),733023,École Madeleine-Bergeron (733023),,,,,,NON,2022-2023
733000,Centre de services scolaire des Découvreurs (733000),733030,École secondaire polyvalente de L'Ancienne-Lorette (733030),3.66680598192275,1,6.33785451109286,3,1217,OUI,2022-2023
733000,Centre de services scolaire des Découvreurs (733000),733031,École secondaire de Rochebelle (733031),3.76626689292546,1,11.9150127963671,7,2092,OUI,2022-2023
733000,Centre de services scolaire des Découvreurs (733000),733032,Collège des Compagnons (733032),2.9077715267728,1,8.3347839797395,4,1382,OUI,2022-2023
733000,Centre de services scolaire des Découvreurs (733000),733036,Centre du Phénix (733036),3.52562435897436,1,9.55596923076923,5,39,OUI,2022-2023
734000,Centre de services scolaire des Premières-Seigneuries (734000),734050,École Académie Sainte-Marie (734050),3.80713516034984,1,6.70465692419825,3,686,OUI,2022-2023
734000,Centre de services scolaire des Premières-Seigneuries (734000),734051,École Samuel-De Champlain (734051),4.95334501449276,2,9.08807351690819,5,1035,OUI,2022-2023
734000,Centre de services scolaire des Premières-Seigneuries (734000),734052,École de la Seigneurie (734052),3.53067009753297,1,6.14795942627654,2,1743,OUI,2022-2023
734000,Centre de services scolaire des Premières-Seigneuries (734000),734053,École de la Relance (734053),,,,,,NON,2022-2023
734000,Centre de services scolaire des Premières-Seigneuries (734000),734056,École de l'Envol (734056),5.8335535,3,10.7435858333333,6,60,OUI,2022-2023
734000,Centre de services scolaire des Premières-Seigneuries (734000),734057,Polyvalente de Charlesbourg (734057),4.72594633641808,2,9.7905427599347,6,1837,OUI,2022-2023
734000,Centre de services scolaire des Premières-Seigneuries (734000),734058,École Joseph-Paquin (734058),,,,,,NON,2022-2023
734000,Centre de services scolaire des Premières-Seigneuries (734000),734060,École de la Courvilloise (734060),3.36863002675584,1,6.28281587959862,2,1495,OUI,2022-2023
734000,Centre de services scolaire des Premières-Seigneuries (734000),734061,École du Mont-Sainte-Anne (734061),5.60598916666668,3,5.23204920498086,2,1044,OUI,2022-2023
734000,Centre de services scolaire des Premières-Seigneuries (734000),734062,"Fierbourg, centre de formation professionnelle (734062)",,,,,,NON,2022-2023
734000,Centre de services scolaire des Premières-Seigneuries (734000),734065,École le Sommet (734065),3.33382735083531,1,3.5525499045346,1,1257,OUI,2022-2023
734000,Centre de services scolaire des Premières-Seigneuries (734000),734066,École des Sentiers (734066),3.98434894965273,1,7.76963257812501,4,1152,OUI,2022-2023
735000,Centre de services scolaire de Portneuf (735000),735010,École secondaire de Donnacona (735010),4.73021135957072,2,3.27873739713776,1,1118,OUI,2022-2023
735000,Centre de services scolaire de Portneuf (735000),735013,École secondaire Louis-Jobin (735013),5.19404537848603,2,4.56378525896416,1,753,OUI,2022-2023
735000,Centre de services scolaire de Portneuf (735000),735014,École secondaire de Saint-Marc (735014),7.64324506306306,5,5.40940524324323,2,555,OUI,2022-2023
741000,Centre de services scolaire du Chemin-du-Roy (741000),741017,École Avenues-Nouvelles (741017),14.1148225311203,9,18.4284455186722,8,241,OUI,2022-2023
741000,Centre de services scolaire du Chemin-du-Roy (741000),741050,École Marie-Leneuf (741050),13.0476344444444,9,13.8881726984127,8,63,OUI,2022-2023
741000,Centre de services scolaire du Chemin-du-Roy (741000),741108,École secondaire l'Escale (741108),15.7391789102563,10,13.5239051282052,8,624,OUI,2022-2023
741000,Centre de services scolaire du Chemin-du-Roy (741000),741109,Académie les Estacades (741109),10.0146990177064,7,10.9283800463745,6,2372,OUI,2022-2023
741000,Centre de services scolaire du Chemin-du-Roy (741000),741110,École secondaire des Pionniers (741110),13.6515221943947,9,17.6216242754919,8,1677,OUI,2022-2023
741000,Centre de services scolaire du Chemin-du-Roy (741000),741111,École Chavigny (741111),8.51144566966651,5,10.1443467337216,6,1889,OUI,2022-2023
741000,Centre de services scolaire du Chemin-du-Roy (741000),741112,École le Tremplin (741112),8.89726886685547,6,8.14283866855516,4,353,OUI,2022-2023
742000,Centre de services scolaire de l'Énergie (742000),742006,École des Boisés (742006),21.56863,10,10.45455,6,38,OUI,2022-2023
742000,Centre de services scolaire de l'Énergie (742000),742059,École Notre-Dame-de-l'Assomption (742059),,,,,,NON,2022-2023
742000,Centre de services scolaire de l'Énergie (742000),742097,École secondaire Val-Mauricie (742097),9.29691108588345,6,10.280012467917,6,1013,OUI,2022-2023
742000,Centre de services scolaire de l'Énergie (742000),742100,École secondaire des Chutes (742100),12.5836116020025,8,15.9391126658322,8,799,OUI,2022-2023
742000,Centre de services scolaire de l'Énergie (742000),742105,École secondaire Paul-Le Jeune (742105),12.0739937389771,8,12.1152375308642,7,567,OUI,2022-2023
742000,Centre de services scolaire de l'Énergie (742000),742106,École secondaire du Rocher (742106),14.1528962586927,9,15.3138410848401,8,719,OUI,2022-2023
742000,Centre de services scolaire de l'Énergie (742000),742118,École secondaire Champagnat (742118),16.8024552759382,10,10.9547228476821,7,453,OUI,2022-2023
742000,Centre de services scolaire de l'Énergie (742000),742287,École de l'Énergie (742287),,,,,,NON,2022-2023
751000,Centre de services scolaire des Hauts-Cantons (751000),751005,École La Frontalière (751005),10.2852571887551,7,5.98673406961176,2,747,OUI,2022-2023
751000,Centre de services scolaire des Hauts-Cantons (751000),751006,Polyvalente Montignac (751006),11.3605810537408,8,7.53024167544783,3,949,OUI,2022-2023
751000,Centre de services scolaire des Hauts-Cantons (751000),751007,Polyvalente Louis-Saint-Laurent (751007),16.6909661926606,10,12.3366122171254,7,654,OUI,2022-2023
751000,Centre de services scolaire des Hauts-Cantons (751000),751008,Maison familiale rurale du Granit (751008),9.82431101123595,6,6.07654449438203,2,89,OUI,2022-2023
752000,Centre de services scolaire de la Région-de-Sherbrooke (752000),752055,École des Enfants-de-la-Terre (752055),5.78602161290322,3,6.69233774193549,3,31,OUI,2022-2023
752000,Centre de services scolaire de la Région-de-Sherbrooke (752000),752102,Centre hospitalier universitaire de Sherbrooke (Site Fleurimont) (752102),,,,,,NON,2022-2023
752000,Centre de services scolaire de la Région-de-Sherbrooke (752000),752116,École du Triolet (752116),5.29473306336556,2,6.87199140159459,3,2383,OUI,2022-2023
752000,Centre de services scolaire de la Région-de-Sherbrooke (752000),752117,École de la Montée (752117),11.4296557985257,8,15.7223361425063,8,1628,OUI,2022-2023
752000,Centre de services scolaire de la Région-de-Sherbrooke (752000),752124,École Mitchell - Montcalm (752124),5.96789711842107,3,11.6339938223684,7,1520,OUI,2022-2023
752000,Centre de services scolaire de la Région-de-Sherbrooke (752000),752148,École internationale du Phare (752148),15.8640970721112,10,20.5955834926151,9,1151,OUI,2022-2023
752000,Centre de services scolaire de la Région-de-Sherbrooke (752000),752151,École du Touret (752151),9.75335472868217,6,12.5673758139535,7,129,OUI,2022-2023
752000,Centre de services scolaire de la Région-de-Sherbrooke (752000),752155,École Le Monarque (752155),,,,,,NON,2022-2023
752000,Centre de services scolaire de la Région-de-Sherbrooke (752000),752167,École Le Goéland (752167),9.31151062745098,6,12.7196874509804,7,255,OUI,2022-2023
753000,Centre de services scolaire des Sommets (753000),753012,École secondaire de l'Escale (753012),12.325880615142,8,13.3002034700315,8,634,OUI,2022-2023
753000,Centre de services scolaire des Sommets (753000),753027,École secondaire de la Ruche (753027),10.7562641401648,7,9.6758463368668,5,1698,OUI,2022-2023
753000,Centre de services scolaire des Sommets (753000),753053,École secondaire de l'Odyssée (753053),11.9844177205882,8,8.48295606617649,5,272,OUI,2022-2023
753000,Centre de services scolaire des Sommets (753000),753057,École secondaire du Tournesol (753057),9.71360384493668,6,7.03617259493675,3,632,OUI,2022-2023
761000,Centre de services scolaire de la Pointe-de-l'Île (761000),761058,École Marc-Laflamme - Le Prélude (761058),13.6997571794872,9,23.5017523076923,9,78,OUI,2022-2023
761000,Centre de services scolaire de la Pointe-de-l'Île (761000),761070,École secondaire Daniel-Johnson (761070),14.6600457919074,10,23.863232,9,865,OUI,2022-2023
761000,Centre de services scolaire de la Pointe-de-l'Île (761000),761071,École secondaire de la Pointe-aux-Trembles (761071),12.9018272802024,9,18.9072119354838,9,1581,OUI,2022-2023
761000,Centre de services scolaire de la Pointe-de-l'Île (761000),761072,École Le Tournesol (761072),14.3104705681818,9,25.5009726136364,9,88,OUI,2022-2023
761000,Centre de services scolaire de la Pointe-de-l'Île (761000),761075,École secondaire Antoine-de-Saint-Exupéry (761075),14.4307740128618,9,29.6368474340836,10,3110,OUI,2022-2023
761000,Centre de services scolaire de la Pointe-de-l'Île (761000),761078,École secondaire Anjou (761078),13.7403931342403,9,25.6381031164991,9,1691,OUI,2022-2023
761000,Centre de services scolaire de la Pointe-de-l'Île (761000),761081,École secondaire Guy-Vanier (761081),,,,,,NON,2022-2023
761000,Centre de services scolaire de la Pointe-de-l'Île (761000),761083,École secondaire Jean-Grou (761083),12.303887017544,8,19.4495230614034,9,1140,OUI,2022-2023
761000,Centre de services scolaire de la Pointe-de-l'Île (761000),761087,École secondaire La Passerelle (761087),,,,,,NON,2022-2023
761000,Centre de services scolaire de la Pointe-de-l'Île (761000),761089,École secondaire Amos (761089),17.9325540223464,10,30.4131030446928,10,358,OUI,2022-2023
761000,Centre de services scolaire de la Pointe-de-l'Île (761000),761090,École secondaire Calixa-Lavallée (761090),20.1871605543711,10,34.4675141311306,10,1876,OUI,2022-2023
761000,Centre de services scolaire de la Pointe-de-l'Île (761000),761092,École secondaire Henri-Bourassa (761092),20.9815657435653,10,35.4647926310774,10,2098,OUI,2022-2023
762000,Centre de services scolaire de Montréal (762000),762127,École FACE (762127),13.1191022564103,9,29.071453025641,10,390,OUI,2022-2023
762000,Centre de services scolaire de Montréal (762000),762208,École Dominique-Savio (762208),,,,,,NON,2022-2023
762000,Centre de services scolaire de Montréal (762000),762212,Hôpital Sainte-Justine (762212),,,,,,NON,2022-2023
762000,Centre de services scolaire de Montréal (762000),762217,École de la Lancée (762217),,,,,,NON,2022-2023
762000,Centre de services scolaire de Montréal (762000),762221,École Irénée-Lussier (762221),15.3795736923077,10,29.9703467179487,10,195,OUI,2022-2023
762000,Centre de services scolaire de Montréal (762000),762225,École Joseph-Charbonneau (762225),11.7638933838384,8,21.3376705555556,9,198,OUI,2022-2023
762000,Centre de services scolaire de Montréal (762000),762226,École Henri-Julien (762226),15.9177822413793,10,29.1088982758621,10,116,OUI,2022-2023
762000,Centre de services scolaire de Montréal (762000),762248,École Le Vitrail (762248),10.3041209821428,7,23.0210766071429,9,112,OUI,2022-2023
762000,Centre de services scolaire de Montréal (762000),762252,École Louise-Trichet (762252),14.4547381067961,10,23.6756618446602,9,618,OUI,2022-2023
762000,Centre de services scolaire de Montréal (762000),762253,Académie Dunton (762253),13.4172760841424,9,24.3288235922328,9,618,OUI,2022-2023
762000,Centre de services scolaire de Montréal (762000),762254,École Louis-Riel (762254),12.940652308782,9,25.4712075566572,9,1412,OUI,2022-2023
762000,Centre de services scolaire de Montréal (762000),762256,École Édouard-Montpetit (762256),13.1381745428973,9,25.0228693459916,9,1422,OUI,2022-2023
762000,Centre de services scolaire de Montréal (762000),762258,École Marguerite-De Lajemmerais (762258),14.7096269254658,10,28.8889758488613,10,966,OUI,2022-2023
762000,Centre de services scolaire de Montréal (762000),762259,École Chomedey-De Maisonneuve (762259),19.9814807945736,10,32.7647927325581,10,516,OUI,2022-2023
762000,Centre de services scolaire de Montréal (762000),762260,École Eulalie-Durocher (762260),16.3822296875,10,29.7298537335526,10,608,OUI,2022-2023
762000,Centre de services scolaire de Montréal (762000),762262,École Joseph-François-Perrault (762262),16.7942125502007,10,29.0143891499333,10,1494,OUI,2022-2023
762000,Centre de services scolaire de Montréal (762000),762263,École Louis-Joseph-Papineau (762263),24.8484539393939,10,40.5349341626794,10,1254,OUI,2022-2023
762000,Centre de services scolaire de Montréal (762000),762264,École Pierre-Dupuy (762264),18.44922559375,10,35.22907121875,10,320,OUI,2022-2023
762000,Centre de services scolaire de Montréal (762000),762265,École Jeanne-Mance (762265),10.095409293578,7,23.9837242110092,9,1090,OUI,2022-2023
762000,Centre de services scolaire de Montréal (762000),762267,Académie De Roberval (762267),13.2212265248227,9,26.115834822695,10,564,OUI,2022-2023
762000,Centre de services scolaire de Montréal (762000),762268,École Père-Marquette (762268),8.16019303769402,5,18.6771852106429,9,1353,OUI,2022-2023
762000,Centre de services scolaire de Montréal (762000),762269,École Georges-Vanier (762269),17.5910298642536,10,32.9326124796381,10,1105,OUI,2022-2023
762000,Centre de services scolaire de Montréal (762000),762271,École Sophie-Barat (762271),10.7116345115754,7,23.0284408526253,9,1771,OUI,2022-2023
762000,Centre de services scolaire de Montréal (762000),762274,École Robert-Gravel (762274),8.24988966592428,5,19.758424298441,9,449,OUI,2022-2023
762000,Centre de services scolaire de Montréal (762000),762276,École Marie-Anne (762276),14.7212868394438,10,30.808741795196,10,791,OUI,2022-2023
762000,Centre de services scolaire de Montréal (762000),762278,École Lucien-Pagé (762278),19.7812859005764,10,34.4688792074926,10,1388,OUI,2022-2023
762000,Centre de services scolaire de Montréal (762000),762282,École La Dauversière (762282),13.3120186595174,9,34.6594886058981,10,746,OUI,2022-2023
762000,Centre de services scolaire de Montréal (762000),762284,École internationale de Montréal (762284),11.7066013701068,8,28.3614972775801,10,562,OUI,2022-2023
762000,Centre de services scolaire de Montréal (762000),762286,École Saint-Henri (762286),19.1912829831144,10,38.3654981144465,10,1066,OUI,2022-2023
762000,Centre de services scolaire de Montréal (762000),762287,École Honoré-Mercier (762287),16.5739393640055,10,31.5233803653586,10,739,OUI,2022-2023
762000,Centre de services scolaire de Montréal (762000),762288,École La Voie (762288),14.0620583808648,9,35.2052659797608,10,1087,OUI,2022-2023
762000,Centre de services scolaire de Montréal (762000),762291,École Saint-Luc (762291),10.3027985993977,7,32.1794298493977,10,1992,OUI,2022-2023
763000,Centre de services scolaire Marguerite-Bourgeoys (763000),763037,École du Sas (763037),11.4629249211356,8,27.1377816403785,10,317,OUI,2022-2023
763000,Centre de services scolaire Marguerite-Bourgeoys (763000),763038,École Mont-Royal (763038),5.32553621136583,2,18.9895186141577,9,1003,OUI,2022-2023
763000,Centre de services scolaire Marguerite-Bourgeoys (763000),763040,École Paul-Gérin-Lajoie-d'Outremont (763040),6.8087273650503,4,24.2989086459286,9,1093,OUI,2022-2023
763000,Centre de services scolaire Marguerite-Bourgeoys (763000),763041,École Saint-Laurent (763041),13.5985067803214,9,30.6566558110083,10,2053,OUI,2022-2023
763000,Centre de services scolaire Marguerite-Bourgeoys (763000),763042,École Pierre-Laporte (763042),13.4595585725075,9,36.326179297583,10,1324,OUI,2022-2023
763000,Centre de services scolaire Marguerite-Bourgeoys (763000),763135,École de la Traversée (763135),12.8628687096774,9,27.8205306451613,10,31,OUI,2022-2023
763000,Centre de services scolaire Marguerite-Bourgeoys (763000),763136,Collège Saint-Louis (763136),7.56564292918453,4,17.4098792596567,8,932,OUI,2022-2023
763000,Centre de services scolaire Marguerite-Bourgeoys (763000),763138,École Cavelier-De LaSalle (763138),11.988867926945,8,25.7163958823532,10,2108,OUI,2022-2023
763000,Centre de services scolaire Marguerite-Bourgeoys (763000),763139,École Dalbé-Viau (763139),18.8007875881792,10,31.8382253860821,10,1049,OUI,2022-2023
763000,Centre de services scolaire Marguerite-Bourgeoys (763000),763142,École Monseigneur-Richard (763142),10.7122908160123,7,24.5202055273289,9,1299,OUI,2022-2023
763000,Centre de services scolaire Marguerite-Bourgeoys (763000),763236,École des Sources (763236),6.78804169881767,3,14.517579197262,8,1607,OUI,2022-2023
763000,Centre de services scolaire Marguerite-Bourgeoys (763000),763237,École John-F.- Kennedy (763237),10.0339061797753,7,21.4947470786517,9,89,OUI,2022-2023
763000,Centre de services scolaire Marguerite-Bourgeoys (763000),763238,École Rose-Virginie-Pelletier (763238),,,,,,NON,2022-2023
763000,Centre de services scolaire Marguerite-Bourgeoys (763000),763240,École Félix-Leclerc (763240),4.89798875586853,2,14.3487773943661,8,1278,OUI,2022-2023
763000,Centre de services scolaire Marguerite-Bourgeoys (763000),763241,École Dorval-Jean XXIII (763241),9.24628586231368,6,18.9188839318666,9,1409,OUI,2022-2023
763000,Centre de services scolaire Marguerite-Bourgeoys (763000),763243,École Saint-Georges (763243),6.06549027272725,3,16.0952185194806,8,770,OUI,2022-2023
763000,Centre de services scolaire Marguerite-Bourgeoys (763000),763245,École de l'Altitude (763245),11.5283385794655,8,23.7077475949367,9,711,OUI,2022-2023
771000,Centre de services scolaire des Draveurs (771000),771013,École du Nouveau-Monde (771013),,,,,,NON,2022-2023
771000,Centre de services scolaire des Draveurs (771000),771022,École polyvalente Nicolas-Gatineau (771022),8.79835249510763,6,11.9804395727332,7,3066,OUI,2022-2023
771000,Centre de services scolaire des Draveurs (771000),771033,École polyvalente de l'Érablière (771033),6.27072099429498,3,7.89722246943768,4,1227,OUI,2022-2023
771000,Centre de services scolaire des Draveurs (771000),771035,École polyvalente Le Carrefour (771035),10.810845534826,7,18.5836035323383,8,1608,OUI,2022-2023
771000,Centre de services scolaire des Draveurs (771000),771038,École secondaire du Versant (771038),6.98130793780682,4,9.5727346644845,5,1222,OUI,2022-2023
772000,Centre de services scolaire des Portages-de-l'Outaouais (772000),772001,École Euclide-Lanthier (772001),,,,,,NON,2022-2023
772000,Centre de services scolaire des Portages-de-l'Outaouais (772000),772040,École secondaire de la Nouvelle-Ère (772040),4.53740069111428,2,7.98985009873061,4,709,OUI,2022-2023
772000,Centre de services scolaire des Portages-de-l'Outaouais (772000),772041,École secondaire 041 (772041),5.18655083333336,2,12.3635014434525,7,672,OUI,2022-2023
772000,Centre de services scolaire des Portages-de-l'Outaouais (772000),772042,École secondaire des Lacs (772042),10.7333435265701,7,6.18164777777778,2,207,OUI,2022-2023
772000,Centre de services scolaire des Portages-de-l'Outaouais (772000),772044,École secondaire Grande-Rivière (772044),5.13709979869749,2,8.58934143872112,5,1689,OUI,2022-2023
772000,Centre de services scolaire des Portages-de-l'Outaouais (772000),772046,École secondaire Mont-Bleu (772046),8.55622021036806,5,17.6195241547708,8,1331,OUI,2022-2023
772000,Centre de services scolaire des Portages-de-l'Outaouais (772000),772048,École secondaire de l'Île (772048),12.162583897788,8,23.6947855911518,9,1311,OUI,2022-2023
772000,Centre de services scolaire des Portages-de-l'Outaouais (772000),772049,École des services spécialisés (772049),,,,,,NON,2022-2023
773000,Centre de services scolaire au Coeur-des-Vallées (773000),773004,École Providence/J.-M.-Robert (773004),16.792807962963,10,11.5314294444444,7,54,OUI,2022-2023
773000,Centre de services scolaire au Coeur-des-Vallées (773000),773010,École secondaire Louis-Joseph-Papineau (773010),15.4340849913941,10,10.3316785542169,6,581,OUI,2022-2023
773000,Centre de services scolaire au Coeur-des-Vallées (773000),773017,École Sainte-Famille/aux Trois-Chemins (773017),14.0144753303965,9,10.1709545374449,6,227,OUI,2022-2023
773000,Centre de services scolaire au Coeur-des-Vallées (773000),773027,École Saint-Michel (773027),,,,,,NON,2022-2023
773000,Centre de services scolaire au Coeur-des-Vallées (773000),773030,École  secondaire Hormisdas-Gamelin (773030),10.4876070555555,7,6.96249869135796,3,1620,OUI,2022-2023
774000,Centre de services scolaire des Hauts-Bois-de-l'Outaouais (774000),774001,École secondaire Sieur-de-Coulonge (774001),19.3102721146953,10,13.0243017921146,7,279,OUI,2022-2023
774000,Centre de services scolaire des Hauts-Bois-de-l'Outaouais (774000),774003,École du Coeur-de-la-Gatineau (774003),13.5671164880952,9,14.1906760714286,8,168,OUI,2022-2023
774000,Centre de services scolaire des Hauts-Bois-de-l'Outaouais (774000),774005,École de la Cité étudiante de la Haute-Gatineau (774005),15.6498705687204,10,14.44557007109,8,422,OUI,2022-2023
781000,Centre de services scolaire du Lac-Témiscamingue (781000),781049,École Marcel-Raymond (781049),11.0532006818182,7,5.02380428977271,1,352,OUI,2022-2023
781000,Centre de services scolaire du Lac-Témiscamingue (781000),781060,École Gilbert-Théberge (781060),13.8136606818182,9,9.11493602272727,5,88,OUI,2022-2023
781000,Centre de services scolaire du Lac-Témiscamingue (781000),781067,École Rivière-des-Quinze (781067),16.2521999651568,10,9.19039020905923,5,287,OUI,2022-2023
781000,Centre de services scolaire du Lac-Témiscamingue (781000),781069,École Du Carrefour (781069),23.4077509302326,10,8.51760279069767,5,43,OUI,2022-2023
782000,Centre de services scolaire de Rouyn-Noranda (782000),782018,École La Source (782018),8.47330854188215,5,6.79874990692867,3,967,OUI,2022-2023
782000,Centre de services scolaire de Rouyn-Noranda (782000),782019,École D'Iberville (782019),8.88899616136914,6,5.36451656071715,2,1227,OUI,2022-2023
783000,Centre de services scolaire Harricana (783000),783006,École secondaire Natagan (783006),17.9698702439024,10,12.1706231707317,7,82,OUI,2022-2023
783000,Centre de services scolaire Harricana (783000),783023,École secondaire d'Amos (783023),11.5515479369843,8,3.50789216054012,1,1333,OUI,2022-2023
784000,Centre de services scolaire de l'Or-et-des-Bois (784000),784022,École secondaire Le Transit (784022),12.9460650905433,9,6.72471764587525,3,497,OUI,2022-2023
784000,Centre de services scolaire de l'Or-et-des-Bois (784000),784023,École secondaire La Concorde (784023),15.3078912565445,10,10.7567510994764,6,191,OUI,2022-2023
784000,Centre de services scolaire de l'Or-et-des-Bois (784000),784024,École secondaire Le Tremplin (784024),13.9948426932668,9,6.70704725685785,3,401,OUI,2022-2023
784000,Centre de services scolaire de l'Or-et-des-Bois (784000),784025,Polyvalente Le Carrefour (784025),12.6789922270745,8,6.87324275982526,3,1145,OUI,2022-2023
785000,Centre de services scolaire du Lac-Abitibi (785000),785001,École Dagenais (785001),7.0081391,4,6.48209069999999,3,100,OUI,2022-2023
785000,Centre de services scolaire du Lac-Abitibi (785000),785002,École Boréale (785002),15.421917027027,10,9.60233459459459,5,37,OUI,2022-2023
785000,Centre de services scolaire du Lac-Abitibi (785000),785003,Cité étudiante Polyno (785003),11.9905301785714,8,6.81850267857145,3,840,OUI,2022-2023
785000,Centre de services scolaire du Lac-Abitibi (785000),785004,École du Royal-Roussillon (785004),13.0683774358974,9,7.14894147435898,3,156,OUI,2022-2023
791000,Centre de services scolaire de l'Estuaire (791000),791041,École Notre-Dame-du-Sacré-Coeur (791041),14.17989,9,3.93939,1,30,OUI,2022-2023
791000,Centre de services scolaire de l'Estuaire (791000),791044,École secondaire Serge-Bouchard (791044),12.7814418469657,9,6.26376538258571,2,758,OUI,2022-2023
791000,Centre de services scolaire de l'Estuaire (791000),791046,Polyvalente des Rivières (791046),21.0345879611651,10,14.5112071844661,8,206,OUI,2022-2023
791000,Centre de services scolaire de l'Estuaire (791000),791058,Polyvalente des Baies (791058),9.28295483455885,6,5.73074018382354,2,544,OUI,2022-2023
791000,Centre de services scolaire de l'Estuaire (791000),791059,Polyvalente des Berges (791059),8.71649142857138,5,5.30827455598456,2,259,OUI,2022-2023
792000,Centre de services scolaire du Fer (792000),792003,Polyvalente Horizon-Blanc (792003),3.98009999999999,1,0.540539999999999,1,138,OUI,2022-2023
792000,Centre de services scolaire du Fer (792000),792047,École Jean-du-Nord / Manikoutai (792047),13.8732860216023,9,6.06848065706576,2,1111,OUI,2022-2023
792000,Centre de services scolaire du Fer (792000),792049,Centre éducatif l'Abri (792049),12.8154344303798,9,4.99318526582278,1,395,OUI,2022-2023
793000,Centre de services scolaire de la Moyenne-Côte-Nord (793000),793001,École Monseigneur-Labrie (793001),10.8410532314411,7,2.18773039301309,1,229,OUI,2022-2023
793000,Centre de services scolaire de la Moyenne-Côte-Nord (793000),793003,École Roger-Martineau (793003),,,,,,NON,2022-2023
801000,Centre de services scolaire de la Baie-James (801000),801003,École La Porte-du-Nord (801003),9.41515813157891,6,4.51362194736846,1,380,OUI,2022-2023
801000,Centre de services scolaire de la Baie-James (801000),801008,École  Le Filon (801008),22.7600979661017,10,5.97262627118644,2,59,OUI,2022-2023
801000,Centre de services scolaire de la Baie-James (801000),801014,École Le Delta (801014),7.84314,5,5,1,76,OUI,2022-2023
801000,Centre de services scolaire de la Baie-James (801000),801015,École Jacques-Rousseau (801015),,,,,,NON,2022-2023
801000,Centre de services scolaire de la Baie-James (801000),801016,École La Taïga (801016),9.78132000000002,6,0.86957,1,109,OUI,2022-2023
811000,Centre de services scolaire des Îles (811000),811002,École polyvalente des Îles (811002),5.65082053921568,3,3.05275242647058,1,408,OUI,2022-2023
812000,Centre de services scolaire des Chic-Chocs (812000),812001,École de l'Escabelle - Saint-Norbert (812001),19.5217747142857,10,11.9816785714286,7,70,OUI,2022-2023
812000,Centre de services scolaire des Chic-Chocs (812000),812006,École de Gabriel-Le Courtois (812006),23.4447343910255,10,11.6077961858975,7,312,OUI,2022-2023
812000,Centre de services scolaire des Chic-Chocs (812000),812015,École Saint-Maxime (812015),28.6967467857143,10,15.5990976785714,8,56,OUI,2022-2023
812000,Centre de services scolaire des Chic-Chocs (812000),812021,École des Prospecteurs (812021),12.1162025806452,8,6.59268032258065,3,31,OUI,2022-2023
812000,Centre de services scolaire des Chic-Chocs (812000),812025,École Esdras-Minville (812025),12.5815566666667,8,6.22041666666666,2,66,OUI,2022-2023
812000,Centre de services scolaire des Chic-Chocs (812000),812034,École Antoine-Roy (812034),12.8316175274725,9,7.15542527472526,3,182,OUI,2022-2023
812000,Centre de services scolaire des Chic-Chocs (812000),812040,École C.-E.-Pouliot (812040),8.74247002136752,5,6.87517322649575,3,468,OUI,2022-2023
813000,Centre de services scolaire René-Lévesque (813000),813007,École secondaire du Littoral (813007),25.2369066945607,10,10.2589531799163,6,239,OUI,2022-2023
813000,Centre de services scolaire René-Lévesque (813000),813012,École polyvalente Monseigneur Sévigny (813012),14.6414473219374,10,10.2734615954415,6,351,OUI,2022-2023
813000,Centre de services scolaire René-Lévesque (813000),813022,École polyvalente de Paspébiac (813022),14.7372690254237,10,8.54400711864407,5,236,OUI,2022-2023
813000,Centre de services scolaire René-Lévesque (813000),813027,École aux Quatre-Vents (813027),8.02859976430975,5,4.95706329966327,1,297,OUI,2022-2023
813000,Centre de services scolaire René-Lévesque (813000),813032,École Le Bois-Vivant (813032),10.0771891208791,7,7.51292252747254,3,91,OUI,2022-2023
813000,Centre de services scolaire René-Lévesque (813000),813036,École Antoine-Bernard (813036),10.2907711478599,7,7.46302178988321,3,514,OUI,2022-2023
813000,Centre de services scolaire René-Lévesque (813000),813042,École des Deux-Rivières (813042),17.2688317857143,10,13.8316696428572,8,140,OUI,2022-2023
821000,Centre de services scolaire de la Côte-du-Sud (821000),821216,École secondaire de Saint-Anselme (821216),6.97001,4,3.69199133177568,1,428,OUI,2022-2023
821000,Centre de services scolaire de la Côte-du-Sud (821000),821227,École secondaire de Saint-Charles (821227),7.00218210161664,4,2.50064660508084,1,433,OUI,2022-2023
821000,Centre de services scolaire de la Côte-du-Sud (821000),821228,Centre de formation en entreprise et récupération de Bellechasse (821228),9.1906076744186,6,4.09777046511628,1,43,OUI,2022-2023
821000,Centre de services scolaire de la Côte-du-Sud (821000),821237,École secondaire de Saint-Damien (821237),7.98803448071214,5,4.92732451038573,1,337,OUI,2022-2023
821000,Centre de services scolaire de la Côte-du-Sud (821000),821247,École secondaire Louis-Jacques-Casault (821247),9.05466149100262,6,5.20796266066838,1,778,OUI,2022-2023
821000,Centre de services scolaire de la Côte-du-Sud (821000),821251,École secondaire Bon-Pasteur (821251),6.65358920821113,3,5.26750117302053,2,341,OUI,2022-2023
821000,Centre de services scolaire de la Côte-du-Sud (821000),821261,École secondaire de Saint-Paul (821261),23.6270462043795,10,8.75227416058396,5,137,OUI,2022-2023
821000,Centre de services scolaire de la Côte-du-Sud (821000),821277,École secondaire de la Rencontre (821277),11.3182260069444,7,3.60343534722221,1,288,OUI,2022-2023
822000,Centre de services scolaire des Appalaches (822000),822040,Polyvalente de Disraeli (822040),8.16219442201835,5,5.36621739449539,2,545,OUI,2022-2023
822000,Centre de services scolaire des Appalaches (822000),822042,Polyvalente de Black Lake (822042),7.45848965596332,4,6.44437961009173,3,436,OUI,2022-2023
822000,Centre de services scolaire des Appalaches (822000),822045,Polyvalente de Thetford Mines (822045),7.081586159204,4,5.8409956915423,2,1005,OUI,2022-2023
823000,Centre de services scolaire de la Beauce-Etchemin (823000),823017,École secondaire Veilleux (823017),6.19855413346603,3,4.42123640438244,1,1004,OUI,2022-2023
823000,Centre de services scolaire de la Beauce-Etchemin (823000),823018,Polyvalente Saint-François (823018),7.54298622036264,4,5.8025322873082,2,717,OUI,2022-2023
823000,Centre de services scolaire de la Beauce-Etchemin (823000),823022,Polyvalente de Saint-Georges (823022),7.60148029932807,5,5.65865464874767,2,1637,OUI,2022-2023
823000,Centre de services scolaire de la Beauce-Etchemin (823000),823045,Polyvalente des Abénaquis (823045),7.27452139949108,4,5.44176239185751,2,393,OUI,2022-2023
823000,Centre de services scolaire de la Beauce-Etchemin (823000),823046,École des Appalaches (823046),6.68480988372093,3,7.71082921511629,4,344,OUI,2022-2023
823000,Centre de services scolaire de la Beauce-Etchemin (823000),823074,Polyvalente Benoît-Vachon (823074),5.98346289703303,3,2.74799934845844,1,1719,OUI,2022-2023
823000,Centre de services scolaire de la Beauce-Etchemin (823000),823077,École des Deux-Rives (823077),7.50646131105395,4,5.44970079691517,2,389,OUI,2022-2023
823000,Centre de services scolaire de la Beauce-Etchemin (823000),823095,Polyvalente Bélanger (823095),15.1014666916168,10,3.76880543413173,1,668,OUI,2022-2023
824000,Centre de services scolaire des Navigateurs (824000),824119,École de la Clé-du-Boisé (824119),4.54971934210527,2,4.01521947368421,1,152,OUI,2022-2023
824000,Centre de services scolaire des Navigateurs (824000),824210,École de l'Îlot-des-Appalaches (824210),,,,,,NON,2022-2023
824000,Centre de services scolaire des Navigateurs (824000),824214,École Pointe-Lévy (824214),4.46264397941684,2,6.1536288507719,2,2332,OUI,2022-2023
824000,Centre de services scolaire des Navigateurs (824000),824217,"École secondaire Champagnat, Guillaume-Couture (824217)",5.4368348131868,2,7.61886386813192,4,910,OUI,2022-2023
824000,Centre de services scolaire des Navigateurs (824000),824220,École secondaire les Etchemins (824220),3.01224947577969,1,4.16743940278703,1,1507,OUI,2022-2023
824000,Centre de services scolaire des Navigateurs (824000),824228,Centre de formation en entreprise et récupération (824228),4.73888531914893,2,6.94101106382978,3,94,OUI,2022-2023
824000,Centre de services scolaire des Navigateurs (824000),824230,École secondaire de l'Horizon (824230),3.1031875931677,1,3.49086880434782,1,644,OUI,2022-2023
824000,Centre de services scolaire des Navigateurs (824000),824240,École de l'Envol (824240),1.9569342280285,1,4.20998045130641,1,421,OUI,2022-2023
824000,Centre de services scolaire des Navigateurs (824000),824250,École secondaire de l'Aubier (824250),3.89989857142857,1,4.8281070108043,1,833,OUI,2022-2023
824000,Centre de services scolaire des Navigateurs (824000),824260,École Beaurivage (824260),5.4044020860215,2,3.16493795698928,1,930,OUI,2022-2023
824000,Centre de services scolaire des Navigateurs (824000),824270,École secondaire Pamphile-Le May (824270),6.4466889193548,3,3.08078020967739,1,620,OUI,2022-2023
831000,Centre de services scolaire de Laval (831000),831100,École Poly-Jeunesse (831100),6.86485109243692,4,11.2132906902761,7,1666,OUI,2022-2023
831000,Centre de services scolaire de Laval (831000),831102,École Curé-Antoine-Labelle (831102),7.06402012620635,4,11.1120329695619,7,2694,OUI,2022-2023
831000,Centre de services scolaire de Laval (831000),831105,École Horizon Jeunesse (831105),5.18662112359553,2,9.99621814981277,6,1335,OUI,2022-2023
831000,Centre de services scolaire de Laval (831000),831106,École l'Odyssée-des-Jeunes (831106),4.76663165611816,2,9.00712829113924,5,948,OUI,2022-2023
831000,Centre de services scolaire de Laval (831000),831107,École Leblanc (831107),8.30899758856425,5,10.889830919826,6,1609,OUI,2022-2023
831000,Centre de services scolaire de Laval (831000),831108,École Georges-Vanier (831108),8.83550413477533,6,14.2133436605656,8,1202,OUI,2022-2023
831000,Centre de services scolaire de Laval (831000),831110,École Alphonse-Desjardins (831110),9.10833521276596,6,14.2366769148936,8,94,OUI,2022-2023
831000,Centre de services scolaire de Laval (831000),831113,Centre de qualification professionnelle et d'entrepreneuriat de Laval (831113),10.6955678360656,7,18.9382140327869,9,305,OUI,2022-2023
831000,Centre de services scolaire de Laval (831000),831114,École Mont-de-La Salle (831114),12.6115890264188,8,24.4726269960861,9,2044,OUI,2022-2023
831000,Centre de services scolaire de Laval (831000),831118,École Jean-Piaget (831118),8.31772,5,12.56838,7,64,OUI,2022-2023
831000,Centre de services scolaire de Laval (831000),831119,École Saint-Maxime (831119),12.3551024367386,8,22.605491059044,9,2134,OUI,2022-2023
831000,Centre de services scolaire de Laval (831000),831120,École Saint-Martin (831120),11.8712004465116,8,21.9926391069768,9,1075,OUI,2022-2023
831000,Centre de services scolaire de Laval (831000),831150,École d'éducation internationale de Laval (831150),7.25083555997353,4,12.730451742876,7,1509,OUI,2022-2023
831000,Centre de services scolaire de Laval (831000),831155,École de la Mosaïque (831155),,,,,,NON,2022-2023
841000,Centre de services scolaire des Affluents (841000),841008,École du Coteau (841008),6.65085031141874,3,8.79777772491352,5,1156,OUI,2022-2023
841000,Centre de services scolaire des Affluents (841000),841027,École Jean-Baptiste-Meilleur (841027),6.40986687042849,3,8.91778900208988,5,1914,OUI,2022-2023
841000,Centre de services scolaire des Affluents (841000),841031,École Paul-Arseneau (841031),8.75316880629027,5,7.51588473909937,3,1399,OUI,2022-2023
841000,Centre de services scolaire des Affluents (841000),841038,École l'Horizon (841038),6.45456159169548,3,9.23355455882358,5,1156,OUI,2022-2023
841000,Centre de services scolaire des Affluents (841000),841041,École Félix-Leclerc (841041),6.18672052833819,3,7.89701338616712,4,2082,OUI,2022-2023
841000,Centre de services scolaire des Affluents (841000),841050,École de l'Amitié (841050),7.58181312236289,4,5.00568274261604,1,474,OUI,2022-2023
841000,Centre de services scolaire des Affluents (841000),841052,École Jean-Claude-Crevier (841052),8.24757576271186,5,10.3933227118644,6,59,OUI,2022-2023
841000,Centre de services scolaire des Affluents (841000),841105,École Le Prélude (841105),5.65566829006266,3,7.37578545210382,3,1117,OUI,2022-2023
841000,Centre de services scolaire des Affluents (841000),841108,École Des Rives (841108),5.65249363112392,3,8.4721012463977,4,1388,OUI,2022-2023
841000,Centre de services scolaire des Affluents (841000),841112,École Armand-Corbeil (841112),7.53041030634577,4,10.8781446564551,6,2285,OUI,2022-2023
841000,Centre de services scolaire des Affluents (841000),841125,École l'Impact (841125),7.74611836363636,5,9.96131545454545,6,220,OUI,2022-2023
841000,Centre de services scolaire des Affluents (841000),841131,École de l'Odyssée (841131),9.46203591789309,6,11.1405680635167,7,1291,OUI,2022-2023
841000,Centre de services scolaire des Affluents (841000),841133,École l'Envolée (841133),10.6632733333333,7,12.1038653703704,7,54,OUI,2022-2023
841000,Centre de services scolaire des Affluents (841000),841134,École des Trois-Saisons (841134),6.18067962802765,3,9.62572073529408,5,1156,OUI,2022-2023
841000,Centre de services scolaire des Affluents (841000),841299,École de programme intégré secondaire (841299),7.2835248943662,4,9.40472862676057,5,284,OUI,2022-2023
842000,Centre de services scolaire des Samares (842000),842009,École secondaire du Havre-Jeunesse (842009),17.5677471492706,10,11.2408128619528,7,891,OUI,2022-2023
842000,Centre de services scolaire des Samares (842000),842012,École secondaire de la Rive (842012),11.3000083414634,7,8.01591586991865,4,615,OUI,2022-2023
842000,Centre de services scolaire des Samares (842000),842098,École secondaire de l'Achigan (842098),16.3784767410361,10,9.92279676494032,6,1255,OUI,2022-2023
842000,Centre de services scolaire des Samares (842000),842100,École de l'Espace-Jeunesse (842100),13.994601509434,9,12.0852732075472,7,53,OUI,2022-2023
842000,Centre de services scolaire des Samares (842000),842103,École secondaire Thérèse-Martin (842103),12.1842400645856,8,13.4540033315392,8,1858,OUI,2022-2023
842000,Centre de services scolaire des Samares (842000),842104,École secondaire Pierre-de-Lestage (842104),13.0685643640897,9,10.938598541147,7,802,OUI,2022-2023
842000,Centre de services scolaire des Samares (842000),842105,École Barthélemy-Joliette (842105),13.339007153687,9,11.9757319779463,7,1451,OUI,2022-2023
842000,Centre de services scolaire des Samares (842000),842107,École secondaire des Montagnes (842107),40.1843199999999,10,9.36170000000002,5,105,OUI,2022-2023
842000,Centre de services scolaire des Samares (842000),842108,École secondaire Bermon (842108),15.5063516842106,10,12.2814593333332,7,285,OUI,2022-2023
842000,Centre de services scolaire des Samares (842000),842109,École secondaire des Chutes (842109),17.2313971214394,10,13.9904912143929,8,667,OUI,2022-2023
842000,Centre de services scolaire des Samares (842000),842199,École secondaire de l'Érablière (842199),12.5252747379913,8,10.6929564956331,6,916,OUI,2022-2023
851000,Centre de services scolaire des Mille-Îles (851000),851102,École secondaire d'Oka (851102),7.33271530704587,4,6.26762418875244,2,1547,OUI,2022-2023
851000,Centre de services scolaire des Mille-Îles (851000),851104,École Saint-Gabriel (851104),5.98086854726369,3,7.78774621890549,4,1005,OUI,2022-2023
851000,Centre de services scolaire des Mille-Îles (851000),851105,Polyvalente Sainte-Thérèse (851105),7.37311112579537,4,11.0481446451297,7,2043,OUI,2022-2023
851000,Centre de services scolaire des Mille-Îles (851000),851106,École secondaire Lucille-Teasdale (851106),4.99132709027166,2,6.57524337423313,3,1141,OUI,2022-2023
851000,Centre de services scolaire des Mille-Îles (851000),851107,École secondaire Liberté-Jeunesse (851107),5.68723846763546,3,6.46803882430643,3,757,OUI,2022-2023
851000,Centre de services scolaire des Mille-Îles (851000),851108,École secondaire Henri-Dunant (851108),5.67835539576363,3,8.19833591973243,4,897,OUI,2022-2023
851000,Centre de services scolaire des Mille-Îles (851000),851142,École des Érables (851142),9.23543671428572,6,10.9613258571429,7,70,OUI,2022-2023
851000,Centre de services scolaire des Mille-Îles (851000),851143,École secondaire des Patriotes (851143),7.95960903846158,5,9.90029118503134,6,1924,OUI,2022-2023
851000,Centre de services scolaire des Mille-Îles (851000),851144,Polyvalente Deux-Montagnes (851144),7.3916746390243,4,9.67791567804867,5,2050,OUI,2022-2023
851000,Centre de services scolaire des Mille-Îles (851000),851171,École secondaire Jean-Jacques-Rousseau (851171),7.46164651368054,4,9.8991769902914,6,1133,OUI,2022-2023
851000,Centre de services scolaire des Mille-Îles (851000),851172,École secondaire du Harfang (851172),9.80829594913691,6,6.71294009990913,3,1101,OUI,2022-2023
851000,Centre de services scolaire des Mille-Îles (851000),851173,École secondaire Rive-Nord (851173),4.7912131445478,2,8.36560080304303,4,1183,OUI,2022-2023
851000,Centre de services scolaire des Mille-Îles (851000),851174,École secondaire Hubert-Maisonneuve (851174),4.85620118784529,2,8.81041686464091,5,724,OUI,2022-2023
852000,Centre de services scolaire de la Rivière-du-Nord (852000),852004,École secondaire Émilien-Frenette (852004),8.45897329670323,5,6.61850782217782,3,1001,OUI,2022-2023
852000,Centre de services scolaire de la Rivière-du-Nord (852000),852008,École secondaire Saint-Stanislas (852008),11.2465224403927,7,10.9042942215989,6,713,OUI,2022-2023
852000,Centre de services scolaire de la Rivière-du-Nord (852000),852010,École polyvalente Saint-Jérôme (852010),9.13222388231804,6,9.28920573625047,5,3382,OUI,2022-2023
852000,Centre de services scolaire de la Rivière-du-Nord (852000),852011,École secondaire Cap-Jeunesse (852011),10.7829991112574,7,9.33325543120463,5,1519,OUI,2022-2023
852000,Centre de services scolaire de la Rivière-du-Nord (852000),852014,École de l'Horizon-Soleil (852014),9.32201724137931,6,8.47507224137931,4,58,OUI,2022-2023
852000,Centre de services scolaire de la Rivière-du-Nord (852000),852032,École Le Tremplin (852032),,,,,,NON,2022-2023
852000,Centre de services scolaire de la Rivière-du-Nord (852000),852033,École secondaire des-Studios (852033),10.9726155185185,7,11.1432863703704,7,270,OUI,2022-2023
852000,Centre de services scolaire de la Rivière-du-Nord (852000),852041,École secondaire des Hauts-Sommets (852041),9.55542034451494,6,9.53206203989123,5,1103,OUI,2022-2023
852000,Centre de services scolaire de la Rivière-du-Nord (852000),852042,École secondaire de Mirabel (852042),8.88666393300251,6,10.2587009181141,6,806,OUI,2022-2023
852000,Centre de services scolaire de la Rivière-du-Nord (852000),852059,École polyvalente Lavigne (852059),17.4504024302432,10,15.1591249054903,8,1111,OUI,2022-2023
853000,Centre de services scolaire des Laurentides (853000),853001,École secondaire Curé-Mercure (853001),11.1648615486725,7,8.48535568584065,5,904,OUI,2022-2023
853000,Centre de services scolaire des Laurentides (853000),853002,École secondaire Augustin-Norbert-Morin (853002),7.47041533390411,4,9.89730774828763,6,1168,OUI,2022-2023
853000,Centre de services scolaire des Laurentides (853000),853004,École Sacré-Coeur (853004),10.6409282089552,7,11.6844050746269,7,134,OUI,2022-2023
853000,Centre de services scolaire des Laurentides (853000),853028,Polyvalente des Monts (853028),12.0212047016459,8,13.2981676851852,8,972,OUI,2022-2023
853000,Centre de services scolaire des Laurentides (853000),853031,École Vert-Pré (853031),,,,,,NON,2022-2023
854000,Centre de services scolaire des Hautes-Laurentides (854000),854017,École polyvalente Saint-Joseph (854017),15.0946424382947,10,10.2616903515334,6,1337,OUI,2022-2023
854000,Centre de services scolaire des Hautes-Laurentides (854000),854018,École du Méandre (854018),12.9863709090909,9,4.68140805194805,1,154,OUI,2022-2023
861000,Centre de services scolaire de Sorel-Tracy (861000),861005,École secondaire Fernand-Lefebvre (861005),13.4012903263826,9,12.6312063372621,7,1103,OUI,2022-2023
861000,Centre de services scolaire de Sorel-Tracy (861000),861007,École secondaire Fernand-Lefebvre - Pavillon Tournesol (861007),,,,,,NON,2022-2023
861000,Centre de services scolaire de Sorel-Tracy (861000),861009,École secondaire Bernard-Gariépy (861009),14.4341912919896,9,13.9608528940568,8,774,OUI,2022-2023
862000,Centre de services scolaire de Saint-Hyacinthe (862000),862002,École secondaire Casavant (862002),10.1171195031056,7,8.29554094720495,4,1288,OUI,2022-2023
862000,Centre de services scolaire de Saint-Hyacinthe (862000),862004,École secondaire Fadette (862004),9.17430807960197,6,7.70610321393036,4,1005,OUI,2022-2023
862000,Centre de services scolaire de Saint-Hyacinthe (862000),862005,Polyvalente Hyacinthe-Delorme (862005),11.9474023845765,8,10.9297148300356,6,1971,OUI,2022-2023
862000,Centre de services scolaire de Saint-Hyacinthe (862000),862030,École Raymond (862030),11.1239747945205,7,10.298217739726,6,146,OUI,2022-2023
862000,Centre de services scolaire de Saint-Hyacinthe (862000),862040,École René-Saint-Pierre (862040),14.6429410909091,10,15.8152591818182,8,110,OUI,2022-2023
862000,Centre de services scolaire de Saint-Hyacinthe (862000),862052,Polyvalente Robert-Ouimet (862052),15.1794821065991,10,8.82504032994927,5,788,OUI,2022-2023
863000,Centre de services scolaire des Hautes-Rivières (863000),863005,École Paul-Germain-Ostiguy (863005),9.35221312680111,6,4.95824162824208,1,694,OUI,2022-2023
863000,Centre de services scolaire des Hautes-Rivières (863000),863057,École Joséphine-Dandurand (863057),9.49476740993183,6,9.53433205452776,5,1027,OUI,2022-2023
863000,Centre de services scolaire des Hautes-Rivières (863000),863061,École Marguerite-Bourgeoys (863061),11.9307053030302,8,11.5560288825757,7,528,OUI,2022-2023
863000,Centre de services scolaire des Hautes-Rivières (863000),863065,Polyvalente Marcel-Landry (863065),9.43067131067966,6,7.40317672330096,3,1648,OUI,2022-2023
863000,Centre de services scolaire des Hautes-Rivières (863000),863067,Polyvalente Chanoine-Armand-Racicot (863067),7.83111564666659,5,6.87060214000008,3,1500,OUI,2022-2023
863000,Centre de services scolaire des Hautes-Rivières (863000),863068,École Docteur-Alexis-Bouthillier (863068),7.7612088076923,5,8.11190925000004,4,520,OUI,2022-2023
863000,Centre de services scolaire des Hautes-Rivières (863000),863069,École Monseigneur-Euclide-Théberge (863069),7.39611973464763,4,6.28205627748288,2,1319,OUI,2022-2023
863000,Centre de services scolaire des Hautes-Rivières (863000),863080,École Marie-Rivier (863080),9.64866240963856,6,8.92278204819277,5,83,OUI,2022-2023
864000,Centre de services scolaire Marie-Victorin (864000),864168,École spécialisée des Remparts (864168),,,,,,NON,2022-2023
864000,Centre de services scolaire Marie-Victorin (864000),864169,École Jacques-Ouellette (864169),,,,,,NON,2022-2023
864000,Centre de services scolaire Marie-Victorin (864000),864193,École régionale du Vent-Nouveau (864193),9.26888051470588,6,14.4487141176471,8,136,OUI,2022-2023
864000,Centre de services scolaire Marie-Victorin (864000),864218,École secondaire Saint-Edmond (864218),10.5425578682635,7,19.3873616167664,9,835,OUI,2022-2023
864000,Centre de services scolaire Marie-Victorin (864000),864240,École internationale Lucille-Teasdale (864240),7.51967244239632,4,14.4713990783409,8,1085,OUI,2022-2023
864000,Centre de services scolaire Marie-Victorin (864000),864271,École secondaire de l'Agora (864271),9.65126863636364,6,17.1862355347594,8,374,OUI,2022-2023
864000,Centre de services scolaire Marie-Victorin (864000),864275,École André-Laurendeau (864275),7.56375825659193,4,11.9396075914994,7,2541,OUI,2022-2023
864000,Centre de services scolaire Marie-Victorin (864000),864276,École Antoine-Brossard (864276),8.57330577935226,5,16.798692555668,8,1976,OUI,2022-2023
864000,Centre de services scolaire Marie-Victorin (864000),864278,École Gérard-Filion (864278),15.8188825315729,10,27.8545584730193,10,1742,OUI,2022-2023
864000,Centre de services scolaire Marie-Victorin (864000),864280,École Jacques-Rousseau (864280),11.9161534502412,8,22.3048018149933,9,2281,OUI,2022-2023
864000,Centre de services scolaire Marie-Victorin (864000),864284,École Monseigneur-A.-M.-Parent (864284),11.4704685025126,8,18.6542741608039,8,1990,OUI,2022-2023
864000,Centre de services scolaire Marie-Victorin (864000),864287,École Saint-Jean-Baptiste (864287),12.1309443883496,8,25.7808580582524,10,515,OUI,2022-2023
865000,Centre de services scolaire des Patriotes (865000),865106,École secondaire Polybel (865106),4.60112600785342,2,4.74893639397906,1,1528,OUI,2022-2023
865000,Centre de services scolaire des Patriotes (865000),865117,École secondaire De Mortagne (865117),3.89475676375407,1,5.53552355627481,2,2781,OUI,2022-2023
865000,Centre de services scolaire des Patriotes (865000),865140,École secondaire le Tremplin (865140),,,,,,NON,2022-2023
865000,Centre de services scolaire des Patriotes (865000),865147,École secondaire de Chambly (865147),4.1693138811188,1,7.92825237762244,4,858,OUI,2022-2023
865000,Centre de services scolaire des Patriotes (865000),865174,École secondaire Ozias-Leduc (865174),4.17612093971627,1,4.5013991252955,1,1692,OUI,2022-2023
865000,Centre de services scolaire des Patriotes (865000),865190,École secondaire François-Williams (865190),7.92540000000005,5,5.18518999999997,1,360,OUI,2022-2023
865000,Centre de services scolaire des Patriotes (865000),865222,École orientante l'Impact (865222),5.12871895953757,2,5.76695468208092,2,173,OUI,2022-2023
865000,Centre de services scolaire des Patriotes (865000),865225,École secondaire du Mont-Bruno (865225),3.54467113138683,1,5.46807851929091,2,1918,OUI,2022-2023
865000,Centre de services scolaire des Patriotes (865000),865260,École d'éducation internationale (865260),3.04625220176139,1,4.35487153722981,1,1249,OUI,2022-2023
865000,Centre de services scolaire des Patriotes (865000),865276,École secondaire du Grand-Coteau (865276),3.53090918340026,1,5.26983684069614,2,747,OUI,2022-2023
865000,Centre de services scolaire des Patriotes (865000),865285,École secondaire le Carrefour (865285),5.65282463884425,3,4.07364612359552,1,1246,OUI,2022-2023
866000,Centre de services scolaire du Val-des-Cerfs (866000),866032,École Monseigneur-Desranleau (866032),11.2190882524272,7,10.2815413592233,6,103,OUI,2022-2023
866000,Centre de services scolaire du Val-des-Cerfs (866000),866050,École l'Envolée (866050),8.75393825342467,6,8.34905674657535,4,584,OUI,2022-2023
866000,Centre de services scolaire du Val-des-Cerfs (866000),866051,École de la Haute-Ville (866051),8.91262573863652,6,8.34437840909092,4,1232,OUI,2022-2023
866000,Centre de services scolaire du Val-des-Cerfs (866000),866052,École Joseph-Hermas-Leclerc (866052),13.5966012581911,9,12.6245514482309,7,1526,OUI,2022-2023
866000,Centre de services scolaire du Val-des-Cerfs (866000),866053,École Wilfrid-Léger (866053),12.600906900369,8,10.9177961623616,6,542,OUI,2022-2023
866000,Centre de services scolaire du Val-des-Cerfs (866000),866055,École Jean-Jacques-Bertrand (866055),12.725050118407,9,10.1290569214208,6,929,OUI,2022-2023
866000,Centre de services scolaire du Val-des-Cerfs (866000),866057,École Massey-Vanier (866057),9.34652500313088,6,9.57006502817778,5,1597,OUI,2022-2023
867000,Centre de services scolaire des Grandes-Seigneuries (867000),867005,École Saint-François-Xavier (867005),5.4973350635593,2,8.36965218220338,4,472,OUI,2022-2023
867000,Centre de services scolaire des Grandes-Seigneuries (867000),867007,École de la Magdeleine (867007),4.76659769859282,2,6.67462271448028,3,2203,OUI,2022-2023
867000,Centre de services scolaire des Grandes-Seigneuries (867000),867012,École Fernand-Seguin (867012),3.41478366174056,1,5.38862316912972,2,609,OUI,2022-2023
867000,Centre de services scolaire des Grandes-Seigneuries (867000),867022,École des Timoniers (867022),5.91741545736433,3,7.96354728682175,4,645,OUI,2022-2023
867000,Centre de services scolaire des Grandes-Seigneuries (867000),867030,École Jacques-Leber (867030),5.74862194162437,3,7.14899032994924,3,788,OUI,2022-2023
867000,Centre de services scolaire des Grandes-Seigneuries (867000),867042,École Gabrielle-Roy (867042),10.1769838787879,7,11.7355068484848,7,330,OUI,2022-2023
867000,Centre de services scolaire des Grandes-Seigneuries (867000),867046,École Marguerite-Bourgeois (867046),9.16751744086021,6,10.5048765376344,6,465,OUI,2022-2023
867000,Centre de services scolaire des Grandes-Seigneuries (867000),867048,École Louis-Philippe-Paré (867048),8.00597137998057,5,8.89987918853253,5,2058,OUI,2022-2023
867000,Centre de services scolaire des Grandes-Seigneuries (867000),867049,École régionale Brenda Milner (867049),8.07629433962264,5,9.56880018867925,5,53,OUI,2022-2023
867000,Centre de services scolaire des Grandes-Seigneuries (867000),867055,École Bonnier (867055),4.87813790697679,2,4.27404558139538,1,387,OUI,2022-2023
867000,Centre de services scolaire des Grandes-Seigneuries (867000),867065,École  Pierre-Bédard (867065),8.88126659602635,6,5.11282397350991,1,755,OUI,2022-2023
867000,Centre de services scolaire des Grandes-Seigneuries (867000),867076,École Louis-Cyr (867076),9.13018499999999,6,5.25356986577185,2,596,OUI,2022-2023
867000,Centre de services scolaire des Grandes-Seigneuries (867000),867081,École du Tournant (867081),7.31202840236687,4,8.14504076923076,4,169,OUI,2022-2023
868000,Centre de services scolaire de la Vallée-des-Tisserands (868000),868034,École du Parcours (868034),,,,,,NON,2022-2023
868000,Centre de services scolaire de la Vallée-des-Tisserands (868000),868035,École secondaire des Patriotes-de-Beauharnois (868035),9.62099184829067,6,12.0505241239316,7,936,OUI,2022-2023
868000,Centre de services scolaire de la Vallée-des-Tisserands (868000),868036,École Sainte-Martine (868036),9.12639058823531,6,6.05111162895929,2,221,OUI,2022-2023
868000,Centre de services scolaire de la Vallée-des-Tisserands (868000),868039,École de la Baie-Saint-François (868039),16.3845953748327,10,16.8409460174029,8,1494,OUI,2022-2023
868000,Centre de services scolaire de la Vallée-des-Tisserands (868000),868040,École Arthur-Pigeon (868040),13.3854063680782,9,10.4743445602606,6,614,OUI,2022-2023
869000,Centre de services scolaire des Trois-Lacs (869000),869003,École secondaire Soulanges (869003),7.14231952836643,4,4.94102805878334,1,1463,OUI,2022-2023
869000,Centre de services scolaire des Trois-Lacs (869000),869004,École secondaire de la Cité-des-Jeunes (869004),5.54726744262299,3,6.54130794634874,3,3355,OUI,2022-2023
869000,Centre de services scolaire des Trois-Lacs (869000),869007,École secondaire du Chêne-Bleu (869007),4.06854923525974,1,7.61052464681852,4,1713,OUI,2022-2023
871000,Centre de services scolaire de la Riveraine (871000),871012,École secondaire Jean-Nicolet (871012),8.49309374262102,5,7.91144369539553,4,847,OUI,2022-2023
871000,Centre de services scolaire de la Riveraine (871000),871013,École secondaire la Découverte (871013),10.7069951885565,7,7.21871872561767,3,769,OUI,2022-2023
871000,Centre de services scolaire de la Riveraine (871000),871019,École secondaire les Seigneuries (871019),11.5571511258279,8,10.1926256291391,6,302,OUI,2022-2023
872000,Centre de services scolaire des Bois-Francs (872000),872003,École La Myriade J.-P.-H.-Massicotte (872003),11.1097006896552,7,10.1424077011494,6,87,OUI,2022-2023
872000,Centre de services scolaire des Bois-Francs (872000),872007,École de la Fermentière (872007),,,,,,NON,2022-2023
872000,Centre de services scolaire des Bois-Francs (872000),872009,École Prince-Daveluy (872009),11.6518925714286,8,11.69652,7,35,OUI,2022-2023
872000,Centre de services scolaire des Bois-Francs (872000),872024,École Notre-Dame-du-Perpétuel-Secours (872024) 2015,,,,,,NON,2022-2023
872000,Centre de services scolaire des Bois-Francs (872000),872056,École secondaire Monique-Proulx (872056),8.22393304435489,5,4.78387705645159,1,496,OUI,2022-2023
872000,Centre de services scolaire des Bois-Francs (872000),872066,École secondaire Le tandem Albert-Morissette (872066),8.0578796866485,5,8.25274486376024,4,734,OUI,2022-2023
872000,Centre de services scolaire des Bois-Francs (872000),872067,École secondaire Le boisé (872067),8.25593817079085,5,8.2393766472586,4,2061,OUI,2022-2023
872000,Centre de services scolaire des Bois-Francs (872000),872069,École Polyvalente La Samare (872069),10.1985576291793,7,4.79988156028367,1,987,OUI,2022-2023
872000,Centre de services scolaire des Bois-Francs (872000),872070,École Sainte-Marie (872070),10.1627243243243,7,7.79162660933664,4,407,OUI,2022-2023
872000,Centre de services scolaire des Bois-Francs (872000),872071,École Sainte-Anne (872071),13.0522269784173,9,8.86441762589927,5,139,OUI,2022-2023
872000,Centre de services scolaire des Bois-Francs (872000),872074,Centre de formation en entreprise et en récupération Normand-Maurice (872074) 2019,11.1055473333333,7,8.71787346666666,5,75,OUI,2022-2023
873000,Centre de services scolaire des Chênes (873000),873018,École Saint-Pie X (873018),,,,,,NON,2022-2023
873000,Centre de services scolaire des Chênes (873000),873050,École Jean-Raimbault (873050),11.5437162689971,8,9.78481577507598,6,1316,OUI,2022-2023
873000,Centre de services scolaire des Chênes (873000),873053,École Jeanne-Mance (873053),11.831205729266,8,10.6081343755958,6,1049,OUI,2022-2023
873000,Centre de services scolaire des Chênes (873000),873055,École Marie-Rivier (873055),10.5300351907935,7,9.09538766808001,5,1651,OUI,2022-2023
873000,Centre de services scolaire des Chênes (873000),873057,École La Poudrière (873057),11.2212239598662,7,9.96094962541811,6,1495,OUI,2022-2023
881000,Commission scolaire Central Québec (881000),881002,École secondaire Québec High School (881002),4.01101979118329,1,8.08766877030162,4,431,OUI,2022-2023
881000,Commission scolaire Central Québec (881000),881003,École Dollard-des-Ormeaux (881003),4.30965641975308,1,2.28940839506173,1,162,OUI,2022-2023
881000,Commission scolaire Central Québec (881000),881005,École secondaire Saint-Patrick (881005),4.44560974803149,2,6.64638461417322,3,635,OUI,2022-2023
881000,Commission scolaire Central Québec (881000),881007,École secondaire A.S. Johnson Memorial (881007),6.48777315217391,3,4.29881760869565,1,92,OUI,2022-2023
881000,Commission scolaire Central Québec (881000),881015,Académie de Trois-Rivières (881015),11.5250730718954,8,11.8891394771242,7,153,OUI,2022-2023
881000,Commission scolaire Central Québec (881000),881016,École secondaire de Shawinigan (881016),11.3234047435897,7,13.1878632051282,7,78,OUI,2022-2023
881000,Commission scolaire Central Québec (881000),881017,École secondaire de La Tuque (881017),20.25039234375,10,8.26219062499999,4,64,OUI,2022-2023
881000,Commission scolaire Central Québec (881000),881019,École secondaire régionale Riverside (881019),5.18224974025974,2,5.64267344155845,2,154,OUI,2022-2023
881000,Commission scolaire Central Québec (881000),881021,École MacLean Memorial (881021),18.8985785,10,3.291836375,1,80,OUI,2022-2023
882000,Commission scolaire Eastern Shores (882000),882002,École secondaire de New Carlisle (882002),14.5657204938272,10,11.7304014814815,7,81,OUI,2022-2023
882000,Commission scolaire Eastern Shores (882000),882003,École de Métis-sur-Mer (882003),,,,,,NON,2022-2023
882000,Commission scolaire Eastern Shores (882000),882006,Polyvalente de Gaspé (882006),13.2641152222222,9,8.00641255555555,4,90,OUI,2022-2023
882000,Commission scolaire Eastern Shores (882000),882008,École secondaire de Grosse-Îles (882008),,,,,,NON,2022-2023
882000,Commission scolaire Eastern Shores (882000),882009,École secondaire Evergreen (882009),,,,,,NON,2022-2023
882000,Commission scolaire Eastern Shores (882000),882011,École secondaire de New Richmond (882011),12.3239270689655,8,5.44998948275862,2,58,OUI,2022-2023
882000,Commission scolaire Eastern Shores (882000),882016,École Intermédiaire  d'Escuminac (882016),,,,,,NON,2022-2023
882000,Commission scolaire Eastern Shores (882000),882019,École secondaire de Baie Comeau (882019),,,,,,NON,2022-2023
882000,Commission scolaire Eastern Shores (882000),882112,École secondaire Queen Elizabeth (882112),17.883632962963,10,6.02575543209877,2,81,OUI,2022-2023
883000,Commission scolaire Eastern Townships (883000),883003,École primaire Butler (883003),,,,,,NON,2022-2023
883000,Commission scolaire Eastern Townships (883000),883009,Académie Knowlton (883009),,,,,,NON,2022-2023
883000,Commission scolaire Eastern Townships (883000),883022,École secondaire régionale Alexander Galt (883022),11.1656574238876,7,10.4261147072599,6,854,OUI,2022-2023
883000,Commission scolaire Eastern Townships (883000),883023,École secondaire Massey-Vanier (883023),11.2087691922005,7,10.4517934261839,6,718,OUI,2022-2023
883000,Commission scolaire Eastern Townships (883000),883024,École secondaire régionale de Richmond (883024),12.5984313661202,8,9.72304773224047,5,366,OUI,2022-2023
884000,Commission scolaire Riverside (884000),884001,École Saint-Johns (884001),8.72185829931972,5,8.88728037414965,5,294,OUI,2022-2023
884000,Commission scolaire Riverside (884000),884016,École secondaire régionale Héritage (884016),5.50487705815281,2,7.91864456100341,4,1754,OUI,2022-2023
884000,Commission scolaire Riverside (884000),884031,École Reach (884031),11.1560122727273,7,18.6027940909091,8,44,OUI,2022-2023
884000,Commission scolaire Riverside (884000),884032,École secondaire internationale de Saint-Lambert (884032),9.61264686980609,6,18.3257573407202,8,361,OUI,2022-2023
884000,Commission scolaire Riverside (884000),884035,École secondaire régionale Centennial (884035),8.57269686256788,5,15.3027888155515,8,1106,OUI,2022-2023
885000,Commission scolaire Sir-Wilfrid-Laurier (885000),885181,École secondaire de Joliette (885181),13.8319232824427,9,12.0442227099237,7,262,OUI,2022-2023
885000,Commission scolaire Sir-Wilfrid-Laurier (885000),885183,École secondaire Lake of Two Mountains (885183),7.57950485393259,4,9.768834,5,445,OUI,2022-2023
885000,Commission scolaire Sir-Wilfrid-Laurier (885000),885184,École secondaire régionale Laurentian (885184),11.3179423572744,7,10.5561689871087,6,543,OUI,2022-2023
885000,Commission scolaire Sir-Wilfrid-Laurier (885000),885186,École Alternative Phoenix (885186),8.27383142857143,5,13.7514059183674,8,49,OUI,2022-2023
885000,Commission scolaire Sir-Wilfrid-Laurier (885000),885187,École secondaire de Rosemère (885187),5.51174839593114,2,8.05791798904539,4,1278,OUI,2022-2023
885000,Commission scolaire Sir-Wilfrid-Laurier (885000),885188,École secondaire Laval Junior (885188),7.67125360693643,5,13.3541023236994,8,865,OUI,2022-2023
885000,Commission scolaire Sir-Wilfrid-Laurier (885000),885189,Académie de Sainte-Agathe (885189),10.4989393700788,7,10.8988827559055,6,127,OUI,2022-2023
885000,Commission scolaire Sir-Wilfrid-Laurier (885000),885190,École secondaire Laval Senior (885190),7.45022845194424,4,12.8303361115187,7,1363,OUI,2022-2023
885000,Commission scolaire Sir-Wilfrid-Laurier (885000),885191,École Secondaire Mountainview (885191),,,,,,NON,2022-2023
886000,Commission scolaire Western Québec (886000),886001,École secondaire Philemon Wright (886001),8.64079189115646,5,12.8847925170069,7,735,OUI,2022-2023
886000,Commission scolaire Western Québec (886000),886002,École secondaire Pontiac (886002),15.8433759398496,10,11.4419313784461,7,399,OUI,2022-2023
886000,Commission scolaire Western Québec (886000),886004,École secondaire D'Arcy McGee (886004),5.50878953051644,2,9.7371467292645,5,639,OUI,2022-2023
886000,Commission scolaire Western Québec (886000),886005,École Dr. Wilbert Keon (886005),8.46154000000001,5,10.47619,6,65,OUI,2022-2023
886000,Commission scolaire Western Québec (886000),886006,École Golden Valley (886006),15.7762837349398,10,8.73068771084338,5,83,OUI,2022-2023
886000,Commission scolaire Western Québec (886000),886008,École Namur (886008),,,,,,NON,2022-2023
886000,Commission scolaire Western Québec (886000),886009,École Noranda (886009),,,,,,NON,2022-2023
886000,Commission scolaire Western Québec (886000),886012,École secondaire Saint-Michael (886012),9.11506370370369,6,8.08314788359792,4,189,OUI,2022-2023
886000,Commission scolaire Western Québec (886000),886017,École Intermédiaire Hadley (886017),9.4663553125,6,15.0114671710527,8,608,OUI,2022-2023
886000,Commission scolaire Western Québec (886000),886025,École Intermédiaire Symmes (886025),5.43463688559322,2,9.73374430084744,5,472,OUI,2022-2023
886000,Commission scolaire Western Québec (886000),886030,École primaire Maniwaki Woodland (886030),16.3282681188119,10,14.707830990099,8,101,OUI,2022-2023
886000,Commission scolaire Western Québec (886000),886031,École G. Théberge (886031),14.139324,9,9.199362,5,45,OUI,2022-2023
887000,Commission scolaire English-Montréal (887000),887046,École Royal Vale (887046),7.59942414285715,4,22.977107755102,9,490,OUI,2022-2023
887000,Commission scolaire English-Montréal (887000),887047,École F.A.C.E. (887047),11.6226098540146,8,27.1560799270073,10,137,OUI,2022-2023
887000,Commission scolaire English-Montréal (887000),887101,École secondaire James Lyng (887101),13.814360075188,9,32.0863564661654,10,133,OUI,2022-2023
887000,Commission scolaire English-Montréal (887000),887102,École secondaire John F. Kennedy (887102),16.4508342140468,10,29.4913645150502,10,299,OUI,2022-2023
887000,Commission scolaire English-Montréal (887000),887104,Académie LaurenHill (887104),10.8187294850187,7,24.0294166573034,9,1068,OUI,2022-2023
887000,Commission scolaire English-Montréal (887000),887105,École secondaire Laurier Macdonald (887105),12.7004570967742,9,25.1250572258064,9,620,OUI,2022-2023
887000,Commission scolaire English-Montréal (887000),887106,École secondaire Lester B. Pearson (887106),10.7386320223577,7,18.0823100203252,8,984,OUI,2022-2023
887000,Commission scolaire English-Montréal (887000),887107,École secondaire M.I.N.D. (887107),6.07368085714286,3,18.1021191428571,8,35,OUI,2022-2023
887000,Commission scolaire English-Montréal (887000),887108,Académie Internationale Marymount (887108),10.5093281959911,7,29.6682428285078,10,449,OUI,2022-2023
887000,Commission scolaire English-Montréal (887000),887109,École secondaire L.I.N.K.S. (887109),14.2128024742268,9,26.1929005154639,10,97,OUI,2022-2023
887000,Commission scolaire English-Montréal (887000),887110,École secondaire Rosemont (887110),13.0354493191489,9,25.5793588510638,9,470,OUI,2022-2023
887000,Commission scolaire English-Montréal (887000),887111,Académie Royal West (887111),5.95835944186046,3,15.8106622325582,8,860,OUI,2022-2023
887000,Commission scolaire English-Montréal (887000),887114,Collège Vincent Massey (887114),9.59294539506171,6,17.6371904567901,8,810,OUI,2022-2023
887000,Commission scolaire English-Montréal (887000),887116,École secondaire Westmount (887116),10.9998450992556,7,28.7871892431761,10,806,OUI,2022-2023
887000,Commission scolaire English-Montréal (887000),887117,École secondaire John Grant (887117),15.0100210204082,10,34.0077340816327,10,98,OUI,2022-2023
887000,Commission scolaire English-Montréal (887000),887203,École secondaire Options (887203),11.713863030303,8,29.5494724242424,10,33,OUI,2022-2023
887000,Commission scolaire English-Montréal (887000),887204,École secondaire Outreach (887204),,,,,,NON,2022-2023
887000,Commission scolaire English-Montréal (887000),887205,École secondaire Programme Mile-End (887205),10.8907833333333,7,28.4904675757576,10,33,OUI,2022-2023
887000,Commission scolaire English-Montréal (887000),887206,École secondaire Venture (887206),,,,,,NON,2022-2023
887000,Commission scolaire English-Montréal (887000),887207,École secondaire Vézina (887207),,,,,,NON,2022-2023
887000,Commission scolaire English-Montréal (887000),887208,Ecole secondaire Perspectives I (887208),12.1639967647059,8,26.1878085294118,10,34,OUI,2022-2023
887000,Commission scolaire English-Montréal (887000),887209,Ecole secondaire Perspectives II (887209),11.8229092307692,8,24.8623435897436,9,39,OUI,2022-2023
887000,Commission scolaire English-Montréal (887000),887250,Cité des Prairies (887250),,,,,,NON,2022-2023
887000,Commission scolaire English-Montréal (887000),887251,École secondaire Elizabeth (887251),,,,,,NON,2022-2023
887000,Commission scolaire English-Montréal (887000),887253,École Centre Mackay (887253),,,,,,NON,2022-2023
887000,Commission scolaire English-Montréal (887000),887255,Centre Mountainview School Project (887255),,,,,,NON,2022-2023
887000,Commission scolaire English-Montréal (887000),887256,École Philip E. Layton (887256),,,,,,NON,2022-2023
887000,Commission scolaire English-Montréal (887000),887259,École secondaire Focus (887259),,,,,,NON,2022-2023
887000,Commission scolaire English-Montréal (887000),887260,Académie Québec Virtual (887260),,,,,,NON,2022-2023
888000,Commission scolaire Lester-B.-Pearson (888000),888051,École secondaire Beaconsfield (888051),3.12462956575683,1,7.85605894540941,4,806,OUI,2022-2023
888000,Commission scolaire Lester-B.-Pearson (888000),888055,École secondaire Westwood Senior (888055),4.11391234620883,1,5.17498001430615,1,699,OUI,2022-2023
888000,Commission scolaire Lester-B.-Pearson (888000),888057,École secondaire John-Rennie (888057),4.26970660135647,1,11.3833000678222,7,1327,OUI,2022-2023
888000,Commission scolaire Lester-B.-Pearson (888000),888058,École secondaire Lakeside Academy (888058),12.0258268257757,8,22.330966778043,9,419,OUI,2022-2023
888000,Commission scolaire Lester-B.-Pearson (888000),888059,Polyvalente LaSalle (888059),10.8337028465347,7,23.0709470049506,9,808,OUI,2022-2023
888000,Commission scolaire Lester-B.-Pearson (888000),888061,École secondaire Macdonald (888061),4.29291760665973,1,7.55209841831424,4,961,OUI,2022-2023
888000,Commission scolaire Lester-B.-Pearson (888000),888062,École secondaire Pierrefonds (888062),6.9991842485876,4,16.6458852768362,8,885,OUI,2022-2023
888000,Commission scolaire Lester-B.-Pearson (888000),888065,École secondaire Saint-Thomas (888065),4.05441323343848,1,10.3511502917981,6,1268,OUI,2022-2023
888000,Commission scolaire Lester-B.-Pearson (888000),888066,École secondaire Westwood Junior (888066),4.17054644820296,1,5.13917608879492,1,473,OUI,2022-2023
888000,Commission scolaire Lester-B.-Pearson (888000),888069,École secondaire Beurling Academy (888069),14.1444764069264,9,27.5744948484849,10,231,OUI,2022-2023
888000,Commission scolaire Lester-B.-Pearson (888000),888070,École Angrignon (888070),,,,,,NON,2022-2023
888000,Commission scolaire Lester-B.-Pearson (888000),888071,Centre d'accueil Dawson Alternative (888071),,,,,,NON,2022-2023
888000,Commission scolaire Lester-B.-Pearson (888000),888074,Centre Bourbonnière (Mountainview) (888074),,,,,,NON,2022-2023
888000,Commission scolaire Lester-B.-Pearson (888000),888079,École secondaire Horizon (888079),7.428294625,4,16.1432805,8,80,OUI,2022-2023
889000,Commission scolaire New Frontiers (889000),889014,École secondaire régionale Châteauguay Valley (889014),14.1089148661417,9,10.9433912440945,7,635,OUI,2022-2023
889000,Commission scolaire New Frontiers (889000),889016,École secondaire régionale Howard S. Billings (889016),9.65892349120433,6,10.9319379025711,7,739,OUI,2022-2023
