<?xml version="1.0" encoding="utf-8"?>
<export xmlns:xsi="http://www.w3.org/2001/XMLSchema-instance" xmlns:xsd="http://www.w3.org/2001/XMLSchema" datedebut="2022-08-01" datefin="2022-08-31">
  <contrat>
    <numeroseao>386043</numeroseao>
    <numero>8401-10-0201</numero>
    <datefinale>2022-03-24</datefinale>
    <datepublicationfinale>2016-04-20</datepublicationfinale>
    <montantfinal>42167636.460000</montantfinal>
    <nomcontractant>Groupe Hexagone, s.e.c..</nomcontractant>
    <neqcontractant>3365348633</neqcontractant>
  </contrat>
  <contrat>
    <numeroseao>447036</numeroseao>
    <numero>8603-10-1103</numero>
    <datefinale>2021-11-15</datefinale>
    <datepublicationfinale>2022-01-11</datepublicationfinale>
    <montantfinal>15702249.120000</montantfinal>
    <nomcontractant>Les Constructions Bricon ltée / Caron Construction inc.</nomcontractant>
    <neqcontractant />
  </contrat>
  <contrat>
    <numeroseao>486944</numeroseao>
    <numero>8603-10-1101</numero>
    <datefinale>2021-11-19</datefinale>
    <datepublicationfinale>2014-06-20</datepublicationfinale>
    <montantfinal>1792038.760000</montantfinal>
    <nomcontractant>COFFRAGE ALLIANCE LTÉE</nomcontractant>
    <neqcontractant>1175899153</neqcontractant>
  </contrat>
  <contrat>
    <numeroseao>506379</numeroseao>
    <numero>8510-10-HE01</numero>
    <datefinale>2022-04-27</datefinale>
    <datepublicationfinale>2020-11-11</datepublicationfinale>
    <montantfinal>7598305.860000</montantfinal>
    <nomcontractant>Consortium SNC-Lavalin/Cima+</nomcontractant>
    <neqcontractant />
  </contrat>
  <contrat>
    <numeroseao>507090</numeroseao>
    <numero>8401-11-0902</numero>
    <datefinale>2022-08-12</datefinale>
    <datepublicationfinale>2015-04-14</datepublicationfinale>
    <montantfinal>21621422.250000</montantfinal>
    <nomcontractant>DEMIX CONSTRUCTION UNE DIVISION DE GROUPE CRH CANADA INC.</nomcontractant>
    <neqcontractant>1171462923</neqcontractant>
  </contrat>
  <contrat>
    <numeroseao>629738</numeroseao>
    <numero>8603-12-0221</numero>
    <datefinale>2022-06-22</datefinale>
    <datepublicationfinale>2016-03-15</datepublicationfinale>
    <montantfinal>1628949.440000</montantfinal>
    <nomcontractant>GRANDMONT &amp; FILS LTEE</nomcontractant>
    <neqcontractant>1142480053</neqcontractant>
  </contrat>
  <contrat>
    <numeroseao>706595</numeroseao>
    <numero>256902</numero>
    <datefinale>2018-09-10</datefinale>
    <datepublicationfinale>2018-09-07</datepublicationfinale>
    <montantfinal>10507318.570000</montantfinal>
    <nomcontractant>Pavages Chenail</nomcontractant>
    <neqcontractant>1142533042</neqcontractant>
  </contrat>
  <contrat>
    <numeroseao>758557</numeroseao>
    <numero>9001-14-0901</numero>
    <datefinale>2021-12-01</datefinale>
    <datepublicationfinale>2018-06-29</datepublicationfinale>
    <montantfinal>3531752.950000</montantfinal>
    <nomcontractant>SINTRA INC. - RÉGION ESTRIE</nomcontractant>
    <neqcontractant>1145755295</neqcontractant>
  </contrat>
  <contrat>
    <numeroseao>787468</numeroseao>
    <numero>8801-14-0913</numero>
    <datefinale>2022-03-15</datefinale>
    <datepublicationfinale>2016-12-09</datepublicationfinale>
    <montantfinal>2889077.920000</montantfinal>
    <nomcontractant>UNIROC CONSTRUCTION INC.</nomcontractant>
    <neqcontractant>1168784057</neqcontractant>
  </contrat>
  <contrat>
    <numeroseao>834492</numeroseao>
    <numero>8801-14-1102</numero>
    <datefinale>2021-12-06</datefinale>
    <datepublicationfinale>2020-04-20</datepublicationfinale>
    <montantfinal>31122502.790000</montantfinal>
    <nomcontractant>Groupe TNT Inc.</nomcontractant>
    <neqcontractant>1160480704</neqcontractant>
  </contrat>
  <contrat>
    <numeroseao>857595</numeroseao>
    <numero>6705-14-0210</numero>
    <datefinale>2022-01-20</datefinale>
    <datepublicationfinale>2017-12-11</datepublicationfinale>
    <montantfinal>1246170.180000</montantfinal>
    <nomcontractant>MICHEL MILLER INC.</nomcontractant>
    <neqcontractant>1170744222</neqcontractant>
  </contrat>
  <contrat>
    <numeroseao>881850</numeroseao>
    <numero>8603-15-0207</numero>
    <datefinale>2022-03-15</datefinale>
    <datepublicationfinale>2019-11-22</datepublicationfinale>
    <montantfinal>2248078.360000</montantfinal>
    <nomcontractant>Les Grands Travaux Soter</nomcontractant>
    <neqcontractant>1146516688</neqcontractant>
  </contrat>
  <contrat>
    <numeroseao>936498</numeroseao>
    <numero>6706-15-3506</numero>
    <datefinale>2021-11-09</datefinale>
    <datepublicationfinale>2017-09-26</datepublicationfinale>
    <montantfinal>382626.500000</montantfinal>
    <nomcontractant>SÉGUIN MORRIS INC.</nomcontractant>
    <neqcontractant>1143119205</neqcontractant>
  </contrat>
  <contrat>
    <numeroseao>938249</numeroseao>
    <numero>8503-15-HE03</numero>
    <datefinale>2021-11-29</datefinale>
    <datepublicationfinale>2021-08-26</datepublicationfinale>
    <montantfinal>620349.660000</montantfinal>
    <nomcontractant>Consortium CIMA+ / SNC-Lavalin</nomcontractant>
    <neqcontractant />
  </contrat>
  <contrat>
    <numeroseao>957496</numeroseao>
    <numero>8401-16-0201</numero>
    <datefinale>2021-11-01</datefinale>
    <datepublicationfinale>2020-06-05</datepublicationfinale>
    <montantfinal>18499398.470000</montantfinal>
    <nomcontractant>GRANDMONT &amp; FILS LTEE</nomcontractant>
    <neqcontractant>1142480053</neqcontractant>
  </contrat>
  <contrat>
    <numeroseao>980171</numeroseao>
    <numero>8801-16-1103</numero>
    <datefinale>2022-02-01</datefinale>
    <datepublicationfinale>2019-06-27</datepublicationfinale>
    <montantfinal>1533580.720000</montantfinal>
    <nomcontractant>Gelco Construction inc.</nomcontractant>
    <neqcontractant>1144624518</neqcontractant>
  </contrat>
  <contrat>
    <numeroseao>992224</numeroseao>
    <numero>8801-16-0010</numero>
    <datefinale>2022-03-14</datefinale>
    <datepublicationfinale>2020-02-13</datepublicationfinale>
    <montantfinal>697776.180000</montantfinal>
    <nomcontractant>CONSTRUCTION T.R.B. INC.</nomcontractant>
    <neqcontractant>1165571325</neqcontractant>
  </contrat>
  <contrat>
    <numeroseao>1049543</numeroseao>
    <numero>8901-16-MA01</numero>
    <datefinale>2022-03-03</datefinale>
    <datepublicationfinale>2020-01-15</datepublicationfinale>
    <montantfinal>21520.000000</montantfinal>
    <nomcontractant>Paris, Ladouceur &amp; Associés Inc.</nomcontractant>
    <neqcontractant>1144030724</neqcontractant>
  </contrat>
  <contrat>
    <numeroseao>1074208</numeroseao>
    <numero>8609-17-NM01</numero>
    <datefinale>2021-09-28</datefinale>
    <datepublicationfinale>2020-06-05</datepublicationfinale>
    <montantfinal>106217.510000</montantfinal>
    <nomcontractant>Construction et Location Jenik inc.</nomcontractant>
    <neqcontractant>1166320045</neqcontractant>
  </contrat>
  <contrat>
    <numeroseao>1080506</numeroseao>
    <numero>2503-17-0906</numero>
    <datefinale>2021-10-22</datefinale>
    <datepublicationfinale>2021-01-14</datepublicationfinale>
    <montantfinal>14082647.670000</montantfinal>
    <nomcontractant>SINTRA INC.</nomcontractant>
    <neqcontractant>1145755295</neqcontractant>
  </contrat>
  <contrat>
    <numeroseao>1087880</numeroseao>
    <numero>8901-17-0002</numero>
    <datefinale>2021-12-03</datefinale>
    <datepublicationfinale>2020-02-13</datepublicationfinale>
    <montantfinal>61840.340000</montantfinal>
    <nomcontractant>9333-8309 Québec inc. (La Compagnie de construction et de pavage d'Argenteuil</nomcontractant>
    <neqcontractant>1171462535</neqcontractant>
  </contrat>
  <contrat>
    <numeroseao>1092200</numeroseao>
    <numero>7187-17-4514</numero>
    <datefinale>2022-06-14</datefinale>
    <datepublicationfinale>2020-12-14</datepublicationfinale>
    <montantfinal>12434053.900000</montantfinal>
    <nomcontractant>TRANSPORT F. GILBERT LTÉE</nomcontractant>
    <neqcontractant>1164001860</neqcontractant>
  </contrat>
  <contrat>
    <numeroseao>1113191</numeroseao>
    <numero>6705-17-0901</numero>
    <datefinale>2022-01-25</datefinale>
    <datepublicationfinale>2020-04-21</datepublicationfinale>
    <montantfinal>629217.490000</montantfinal>
    <nomcontractant>LES CONSTRUCTIONS DE L'EST</nomcontractant>
    <neqcontractant>1175191304</neqcontractant>
  </contrat>
  <contrat>
    <numeroseao>1119369</numeroseao>
    <numero>SA-28-11-2017</numero>
    <datefinale>2020-01-15</datefinale>
    <datepublicationfinale>2019-10-21</datepublicationfinale>
    <montantfinal>145345.810000</montantfinal>
    <nomcontractant>CONSTRUCTION DJL INC.</nomcontractant>
    <neqcontractant>1147218763</neqcontractant>
  </contrat>
  <contrat>
    <numeroseao>1119932</numeroseao>
    <numero>BP180002</numero>
    <datefinale>2022-08-03</datefinale>
    <datepublicationfinale>2021-07-28</datepublicationfinale>
    <montantfinal>82851.520000</montantfinal>
    <nomcontractant>TECHNOLOGIES ION INC.</nomcontractant>
    <neqcontractant>1167634998</neqcontractant>
  </contrat>
  <contrat>
    <numeroseao>1124389</numeroseao>
    <numero>6803-17-0201</numero>
    <datefinale>2021-11-15</datefinale>
    <datepublicationfinale>2019-06-20</datepublicationfinale>
    <montantfinal>1898193.940000</montantfinal>
    <nomcontractant>LES EQUIPEMENTS J.V.C. INC.</nomcontractant>
    <neqcontractant>1143285303</neqcontractant>
  </contrat>
  <contrat>
    <numeroseao>1133069</numeroseao>
    <numero>8806-18-PA01</numero>
    <datefinale>2021-04-01</datefinale>
    <datepublicationfinale>2021-09-22</datepublicationfinale>
    <montantfinal>52130.000000</montantfinal>
    <nomcontractant>INCIMAL INC.</nomcontractant>
    <neqcontractant>1164929771</neqcontractant>
  </contrat>
  <contrat>
    <numeroseao>1138695</numeroseao>
    <numero>6603-18-0903</numero>
    <datefinale>2022-01-21</datefinale>
    <datepublicationfinale>2020-01-15</datepublicationfinale>
    <montantfinal>9140324.960000</montantfinal>
    <nomcontractant>SINTRA INC.</nomcontractant>
    <neqcontractant>1145755295</neqcontractant>
  </contrat>
  <contrat>
    <numeroseao>1153151</numeroseao>
    <numero>8601-17-1101</numero>
    <datefinale>2021-11-03</datefinale>
    <datepublicationfinale>2021-01-14</datepublicationfinale>
    <montantfinal>10221896.590000</montantfinal>
    <nomcontractant>COFFRAGE ALLIANCE LTÉE</nomcontractant>
    <neqcontractant>1161836276</neqcontractant>
  </contrat>
  <contrat>
    <numeroseao>1155558</numeroseao>
    <numero>9001-17-1101</numero>
    <datefinale>2021-10-18</datefinale>
    <datepublicationfinale>2021-04-28</datepublicationfinale>
    <montantfinal>3372747.160000</montantfinal>
    <nomcontractant>CONSTRUCTION LONGER INC.</nomcontractant>
    <neqcontractant>1140862559</neqcontractant>
  </contrat>
  <contrat>
    <numeroseao>1160853</numeroseao>
    <numero>3303-18-ZZ01</numero>
    <datefinale>2022-02-23</datefinale>
    <datepublicationfinale>2019-06-14</datepublicationfinale>
    <montantfinal>12705.000000</montantfinal>
    <nomcontractant>Ernst &amp; Young S.R.L. / S.E.N.C.R.L.</nomcontractant>
    <neqcontractant>3342276048</neqcontractant>
  </contrat>
  <contrat>
    <numeroseao>1163993</numeroseao>
    <numero>8901-16-0908</numero>
    <datefinale>2021-11-18</datefinale>
    <datepublicationfinale>2020-01-15</datepublicationfinale>
    <montantfinal>2281554.130000</montantfinal>
    <nomcontractant>EUROVIA QUÉBEC CONSTRUCTION INC. (OUTAOUAIS)</nomcontractant>
    <neqcontractant>1169491884</neqcontractant>
  </contrat>
  <contrat>
    <numeroseao>1170569</numeroseao>
    <numero>8801-17-0223</numero>
    <datefinale>2021-11-18</datefinale>
    <datepublicationfinale>2020-09-11</datepublicationfinale>
    <montantfinal>153144.100000</montantfinal>
    <nomcontractant>Expertise C4 Inc.</nomcontractant>
    <neqcontractant>1171467088</neqcontractant>
  </contrat>
  <contrat>
    <numeroseao>1176177</numeroseao>
    <numero>6703-18-0004</numero>
    <datefinale>2021-11-22</datefinale>
    <datepublicationfinale>2020-02-27</datepublicationfinale>
    <montantfinal>1696205.090000</montantfinal>
    <nomcontractant>Construction LFG inc.</nomcontractant>
    <neqcontractant>1143505312</neqcontractant>
  </contrat>
  <contrat>
    <numeroseao>1183821</numeroseao>
    <numero>BP1822-16037</numero>
    <datefinale>2022-08-03</datefinale>
    <datepublicationfinale>2020-08-03</datepublicationfinale>
    <montantfinal>176398.090000</montantfinal>
    <nomcontractant>MÉCANICACTION INC.</nomcontractant>
    <neqcontractant>1166046475</neqcontractant>
  </contrat>
  <contrat>
    <numeroseao>1189810</numeroseao>
    <numero>MSSS-2018-021</numero>
    <datefinale>2021-03-31</datefinale>
    <datepublicationfinale>2021-04-23</datepublicationfinale>
    <montantfinal>374719.500000</montantfinal>
    <nomcontractant>G.D.G. INFORMATIQUE ET GESTION INC.</nomcontractant>
    <neqcontractant>1147027768</neqcontractant>
  </contrat>
  <contrat>
    <numeroseao>1211449</numeroseao>
    <numero>BP1850-17191D</numero>
    <datefinale>2022-08-03</datefinale>
    <datepublicationfinale>2020-08-31</datepublicationfinale>
    <montantfinal>80884.910000</montantfinal>
    <nomcontractant>COUVERTURE MONTRÉAL-NORD LTÉE</nomcontractant>
    <neqcontractant>1168317445</neqcontractant>
  </contrat>
  <contrat>
    <numeroseao>1224802</numeroseao>
    <numero>34460800</numero>
    <datefinale>2022-05-31</datefinale>
    <datepublicationfinale>2022-04-20</datepublicationfinale>
    <montantfinal>133053.540000</montantfinal>
    <nomcontractant>Av-Tech inc</nomcontractant>
    <neqcontractant>1143543099</neqcontractant>
  </contrat>
  <contrat>
    <numeroseao>1236490</numeroseao>
    <numero>6407-18-SJ05</numero>
    <datefinale>2022-08-23</datefinale>
    <datepublicationfinale>2022-04-08</datepublicationfinale>
    <montantfinal>238646.190000</montantfinal>
    <nomcontractant>Québec Prosnet inc.</nomcontractant>
    <neqcontractant>1149089360</neqcontractant>
  </contrat>
  <contrat>
    <numeroseao>1245355</numeroseao>
    <numero>6508-19-NL01 </numero>
    <datefinale>2022-05-15</datefinale>
    <datepublicationfinale>2022-05-17</datepublicationfinale>
    <montantfinal>461347.690000</montantfinal>
    <nomcontractant>EXCAVATIONS BOURGOIN &amp; DICKNER INC.</nomcontractant>
    <neqcontractant>1142894154</neqcontractant>
  </contrat>
  <contrat>
    <numeroseao>1247721</numeroseao>
    <numero>2503-19-1101</numero>
    <datefinale>2022-01-12</datefinale>
    <datepublicationfinale>2021-04-28</datepublicationfinale>
    <montantfinal>10403422.520000</montantfinal>
    <nomcontractant>Expertise C4 Inc.</nomcontractant>
    <neqcontractant>1171467088</neqcontractant>
  </contrat>
  <contrat>
    <numeroseao>1249022</numeroseao>
    <numero>6407-19-PA01</numero>
    <datefinale>2022-03-31</datefinale>
    <datepublicationfinale>2022-04-05</datepublicationfinale>
    <montantfinal>133560.000000</montantfinal>
    <nomcontractant>Remorquage J2 - Montpas inc.</nomcontractant>
    <neqcontractant>1168604321</neqcontractant>
  </contrat>
  <contrat>
    <numeroseao>1249310</numeroseao>
    <numero>6506-19-ST01</numero>
    <datefinale>2022-03-31</datefinale>
    <datepublicationfinale>2020-08-05</datepublicationfinale>
    <montantfinal>94024.000000</montantfinal>
    <nomcontractant>LES ENTREPRISES RÉMI CHAREST INC.</nomcontractant>
    <neqcontractant>1142219279</neqcontractant>
  </contrat>
  <contrat>
    <numeroseao>1254664</numeroseao>
    <numero>MA100620</numero>
    <datefinale>2022-08-25</datefinale>
    <datepublicationfinale>2022-05-30</datepublicationfinale>
    <montantfinal>66450.750000</montantfinal>
    <nomcontractant>Norda Stelo Inc.</nomcontractant>
    <neqcontractant>1165310831</neqcontractant>
  </contrat>
  <contrat>
    <numeroseao>1257862</numeroseao>
    <numero>7007-19-0905</numero>
    <datefinale>2021-11-02</datefinale>
    <datepublicationfinale>2021-08-26</datepublicationfinale>
    <montantfinal>8219866.950000</montantfinal>
    <nomcontractant>MASKIMO CONSTRUCTION INC.</nomcontractant>
    <neqcontractant>1164900954</neqcontractant>
  </contrat>
  <contrat>
    <numeroseao>1261732</numeroseao>
    <numero>8801-19-0012</numero>
    <datefinale>2022-01-31</datefinale>
    <datepublicationfinale>2021-04-28</datepublicationfinale>
    <montantfinal>1982910.290000</montantfinal>
    <nomcontractant>ENTREPRISES G.N.P. INC.</nomcontractant>
    <neqcontractant>1143695105</neqcontractant>
  </contrat>
  <contrat>
    <numeroseao>1263244</numeroseao>
    <numero>9001-19-0915</numero>
    <datefinale>2022-04-28</datefinale>
    <datepublicationfinale>2021-05-14</datepublicationfinale>
    <montantfinal>3090128.750000</montantfinal>
    <nomcontractant>PAVAGES MASKA INC.</nomcontractant>
    <neqcontractant>1147380647</neqcontractant>
  </contrat>
  <contrat>
    <numeroseao>1263796</numeroseao>
    <numero>6703-19-0007</numero>
    <datefinale>2022-01-25</datefinale>
    <datepublicationfinale>2020-09-11</datepublicationfinale>
    <montantfinal>2110678.250000</montantfinal>
    <nomcontractant>LES LOCATIONS DE L'ANSE DE SEPT-ÎLES INC.</nomcontractant>
    <neqcontractant>1174288416</neqcontractant>
  </contrat>
  <contrat>
    <numeroseao>1264429</numeroseao>
    <numero>8807-19-0001</numero>
    <datefinale>2021-12-06</datefinale>
    <datepublicationfinale>2020-03-26</datepublicationfinale>
    <montantfinal>670952.490000</montantfinal>
    <nomcontractant>UNIROC CONSTRUCTION INC.</nomcontractant>
    <neqcontractant>1168784057</neqcontractant>
  </contrat>
  <contrat>
    <numeroseao>1266176</numeroseao>
    <numero>3301-18-PZ04</numero>
    <datefinale>2021-12-01</datefinale>
    <datepublicationfinale>2021-11-17</datepublicationfinale>
    <montantfinal>117117.000000</montantfinal>
    <nomcontractant>Systèmes RailTerm inc., Les</nomcontractant>
    <neqcontractant>1148444251</neqcontractant>
  </contrat>
  <contrat>
    <numeroseao>1267179</numeroseao>
    <numero>553053705</numero>
    <datefinale>2022-04-30</datefinale>
    <datepublicationfinale>2022-07-07</datepublicationfinale>
    <montantfinal>39662.520000</montantfinal>
    <nomcontractant>Fibrenoire Inc.</nomcontractant>
    <neqcontractant>1169044113</neqcontractant>
  </contrat>
  <contrat>
    <numeroseao>1268551</numeroseao>
    <numero>2019-03</numero>
    <datefinale>2022-07-30</datefinale>
    <datepublicationfinale>2020-06-25</datepublicationfinale>
    <montantfinal>1149693.070000</montantfinal>
    <nomcontractant>HÉLOÏSE THIBODEAU ARCHITECTE INC.</nomcontractant>
    <neqcontractant>1167027854</neqcontractant>
  </contrat>
  <contrat>
    <numeroseao>1270267</numeroseao>
    <numero>2902-19-4508</numero>
    <datefinale>2022-05-31</datefinale>
    <datepublicationfinale>2020-06-15</datepublicationfinale>
    <montantfinal>2331522.760000</montantfinal>
    <nomcontractant>Bricon (175784 Canada inc.)</nomcontractant>
    <neqcontractant>1174048141</neqcontractant>
  </contrat>
  <contrat>
    <numeroseao>1270857</numeroseao>
    <numero>35507900</numero>
    <datefinale>2022-05-31</datefinale>
    <datepublicationfinale>2022-06-16</datepublicationfinale>
    <montantfinal>397113.130000</montantfinal>
    <nomcontractant>NEPTUNE SECURITY SERVICES INC.</nomcontractant>
    <neqcontractant>1168627108</neqcontractant>
  </contrat>
  <contrat>
    <numeroseao>1280457</numeroseao>
    <numero>8809-19-4564</numero>
    <datefinale>2022-05-31</datefinale>
    <datepublicationfinale>2022-06-08</datepublicationfinale>
    <montantfinal>891432.050000</montantfinal>
    <nomcontractant>Inter Chantiers inc.</nomcontractant>
    <neqcontractant>1169978344</neqcontractant>
  </contrat>
  <contrat>
    <numeroseao>1281494</numeroseao>
    <numero>CGER 19 700023</numero>
    <datefinale>2022-07-27</datefinale>
    <datepublicationfinale>2022-06-15</datepublicationfinale>
    <montantfinal>324581.000000</montantfinal>
    <nomcontractant>DISTRIBUTIONS MARANDA INC.</nomcontractant>
    <neqcontractant>1170198106</neqcontractant>
  </contrat>
  <contrat>
    <numeroseao>1287184</numeroseao>
    <numero>280423940</numero>
    <datefinale>2022-04-04</datefinale>
    <datepublicationfinale>2022-05-27</datepublicationfinale>
    <montantfinal>9747202.960000</montantfinal>
    <nomcontractant>Arent Fox</nomcontractant>
    <neqcontractant />
  </contrat>
  <contrat>
    <numeroseao>1288805</numeroseao>
    <numero>9001-19-0916</numero>
    <datefinale>2021-09-29</datefinale>
    <datepublicationfinale>2021-03-24</datepublicationfinale>
    <montantfinal>166155.600000</montantfinal>
    <nomcontractant>EXCAVATIONS GAGNON ET FRÈRES INC.</nomcontractant>
    <neqcontractant>1140126302</neqcontractant>
  </contrat>
  <contrat>
    <numeroseao>1304395</numeroseao>
    <numero>8903-19-KB04</numero>
    <datefinale>2021-03-08</datefinale>
    <datepublicationfinale>2021-04-28</datepublicationfinale>
    <montantfinal>72018.920000</montantfinal>
    <nomcontractant>Englobe Corp.</nomcontractant>
    <neqcontractant>1167280206</neqcontractant>
  </contrat>
  <contrat>
    <numeroseao>1307256</numeroseao>
    <numero>5311-19-PF37</numero>
    <datefinale>2019-09-16</datefinale>
    <datepublicationfinale>2019-10-30</datepublicationfinale>
    <montantfinal>78370.600000</montantfinal>
    <nomcontractant>Trimble Europe B.V.</nomcontractant>
    <neqcontractant />
  </contrat>
  <contrat>
    <numeroseao>1319703</numeroseao>
    <numero>8901-18-0104</numero>
    <datefinale>2021-12-16</datefinale>
    <datepublicationfinale>2021-01-14</datepublicationfinale>
    <montantfinal>507788.500000</montantfinal>
    <nomcontractant>T.G.C. INC.</nomcontractant>
    <neqcontractant>1142408591</neqcontractant>
  </contrat>
  <contrat>
    <numeroseao>1321742</numeroseao>
    <numero>2503-18-0914</numero>
    <datefinale>2021-12-09</datefinale>
    <datepublicationfinale>2021-02-22</datepublicationfinale>
    <montantfinal>7394769.730000</montantfinal>
    <nomcontractant>ROXBORO EXCAVATION INC.</nomcontractant>
    <neqcontractant>1142760280</neqcontractant>
  </contrat>
  <contrat>
    <numeroseao>1322808</numeroseao>
    <numero>S1241-03/0109</numero>
    <datefinale>2022-06-30</datefinale>
    <datepublicationfinale>2022-06-21</datepublicationfinale>
    <montantfinal>81229.850000</montantfinal>
    <nomcontractant>Cabinet Mallette</nomcontractant>
    <neqcontractant>3341633439</neqcontractant>
  </contrat>
  <contrat>
    <numeroseao>1325317</numeroseao>
    <numero>9106-19-0204</numero>
    <datefinale>2021-11-25</datefinale>
    <datepublicationfinale>2020-04-20</datepublicationfinale>
    <montantfinal>172525.000000</montantfinal>
    <nomcontractant>9150-0124 QUÉBEC INC.</nomcontractant>
    <neqcontractant>1162666482</neqcontractant>
  </contrat>
  <contrat>
    <numeroseao>1328980</numeroseao>
    <numero>19-262 - 138126009</numero>
    <datefinale>2022-06-14</datefinale>
    <datepublicationfinale>2021-11-26</datepublicationfinale>
    <montantfinal>617300.200000</montantfinal>
    <nomcontractant>CONSTRUCTION PANACHE (2017) INC.</nomcontractant>
    <neqcontractant>1164652563</neqcontractant>
  </contrat>
  <contrat>
    <numeroseao>1330472</numeroseao>
    <numero>2513-19-0202</numero>
    <datefinale>2021-10-19</datefinale>
    <datepublicationfinale>2021-04-28</datepublicationfinale>
    <montantfinal>2531177.190000</montantfinal>
    <nomcontractant>CONSTRUCTION CARBO INC.</nomcontractant>
    <neqcontractant>1140137085</neqcontractant>
  </contrat>
  <contrat>
    <numeroseao>1333267</numeroseao>
    <numero>7103-20-0201</numero>
    <datefinale>2021-11-19</datefinale>
    <datepublicationfinale>2021-09-07</datepublicationfinale>
    <montantfinal>1413680.510000</montantfinal>
    <nomcontractant>PAUL PEDNEAULT INC.</nomcontractant>
    <neqcontractant>1170180351</neqcontractant>
  </contrat>
  <contrat>
    <numeroseao>1345566</numeroseao>
    <numero>6301-20-1009</numero>
    <datefinale>2021-10-06</datefinale>
    <datepublicationfinale>2021-04-28</datepublicationfinale>
    <montantfinal>356803.140000</montantfinal>
    <nomcontractant>Les Entreprises Mt-Sterling inc.</nomcontractant>
    <neqcontractant>1143459783</neqcontractant>
  </contrat>
  <contrat>
    <numeroseao>1345608</numeroseao>
    <numero>8801-20-0009</numero>
    <datefinale>2022-01-13</datefinale>
    <datepublicationfinale>2021-04-28</datepublicationfinale>
    <montantfinal>3061325.690000</montantfinal>
    <nomcontractant>9200-2088 QUÉBEC INC.</nomcontractant>
    <neqcontractant>1165343220</neqcontractant>
  </contrat>
  <contrat>
    <numeroseao>1349716</numeroseao>
    <numero>20-006 - 060125959</numero>
    <datefinale>2022-03-08</datefinale>
    <datepublicationfinale>2021-11-26</datepublicationfinale>
    <montantfinal>380789.630000</montantfinal>
    <nomcontractant>CONSTRUCTION CPB INC.</nomcontractant>
    <neqcontractant>1163035877</neqcontractant>
  </contrat>
  <contrat>
    <numeroseao>1351574</numeroseao>
    <numero>6301-20-0916</numero>
    <datefinale>2021-11-23</datefinale>
    <datepublicationfinale>2021-03-24</datepublicationfinale>
    <montantfinal>1246541.070000</montantfinal>
    <nomcontractant>Eurovia Québec Construction Inc.</nomcontractant>
    <neqcontractant>1169491884</neqcontractant>
  </contrat>
  <contrat>
    <numeroseao>1353108</numeroseao>
    <numero>8701-08-0910</numero>
    <datefinale>2022-03-18</datefinale>
    <datepublicationfinale>2020-03-05</datepublicationfinale>
    <montantfinal>1789850759.890000</montantfinal>
    <nomcontractant>Nouvelle Autoroute 30 , S.E.N.C.</nomcontractant>
    <neqcontractant>3365145849</neqcontractant>
  </contrat>
  <contrat>
    <numeroseao>1355495</numeroseao>
    <numero>6708-20-SH01</numero>
    <datefinale>2022-04-07</datefinale>
    <datepublicationfinale>2021-07-30</datepublicationfinale>
    <montantfinal>85603.750000</montantfinal>
    <nomcontractant>Veolis ES Canada Services Industrioels inc.</nomcontractant>
    <neqcontractant>1166357260</neqcontractant>
  </contrat>
  <contrat>
    <numeroseao>1356117</numeroseao>
    <numero>6301-20-1004</numero>
    <datefinale>2021-11-11</datefinale>
    <datepublicationfinale>2021-04-28</datepublicationfinale>
    <montantfinal>1320572.920000</montantfinal>
    <nomcontractant>LES ENTREPRISES MONT STERLING INC.</nomcontractant>
    <neqcontractant>1143459783</neqcontractant>
  </contrat>
  <contrat>
    <numeroseao>1356555</numeroseao>
    <numero>7001-20-PZ01</numero>
    <datefinale>2020-03-31</datefinale>
    <datepublicationfinale>2020-06-05</datepublicationfinale>
    <montantfinal>52316.500000</montantfinal>
    <nomcontractant>Groupe Arbo-Ressources inc.</nomcontractant>
    <neqcontractant>1171399273</neqcontractant>
  </contrat>
  <contrat>
    <numeroseao>1360717</numeroseao>
    <numero>8901-19-0203</numero>
    <datefinale>2022-02-25</datefinale>
    <datepublicationfinale>2021-01-14</datepublicationfinale>
    <montantfinal>746778.630000</montantfinal>
    <nomcontractant>EUROVIA QUÉBEC CONSTRUCTION INC. (OUTAOUAIS)</nomcontractant>
    <neqcontractant>1169491884</neqcontractant>
  </contrat>
  <contrat>
    <numeroseao>1361399</numeroseao>
    <numero> 2017-PLT-45</numero>
    <datefinale>2022-08-10</datefinale>
    <datepublicationfinale>2021-06-01</datepublicationfinale>
    <montantfinal>650538.590000</montantfinal>
    <nomcontractant>TOITURES SHERBROOKE INC.</nomcontractant>
    <neqcontractant>1165849473</neqcontractant>
  </contrat>
  <contrat>
    <numeroseao>1363478</numeroseao>
    <numero>6301-20-0906</numero>
    <datefinale>2022-02-09</datefinale>
    <datepublicationfinale>2021-04-28</datepublicationfinale>
    <montantfinal>1156837.990000</montantfinal>
    <nomcontractant>Eurovia Québec Construction Inc.</nomcontractant>
    <neqcontractant>1169491884</neqcontractant>
  </contrat>
  <contrat>
    <numeroseao>1368455</numeroseao>
    <numero>8901-15-0201</numero>
    <datefinale>2022-02-25</datefinale>
    <datepublicationfinale>2021-09-22</datepublicationfinale>
    <montantfinal>2461416.940000</montantfinal>
    <nomcontractant>CONSTRUCTION INJECTION E.D.M. INC.</nomcontractant>
    <neqcontractant>1144167138</neqcontractant>
  </contrat>
  <contrat>
    <numeroseao>1372563</numeroseao>
    <numero>9001-20-0919</numero>
    <datefinale>2022-07-05</datefinale>
    <datepublicationfinale>2021-02-22</datepublicationfinale>
    <montantfinal>491245.960000</montantfinal>
    <nomcontractant>EXCAVATIONS GAGNON ET FRÈRES INC.</nomcontractant>
    <neqcontractant>1140126302</neqcontractant>
  </contrat>
  <contrat>
    <numeroseao>1373821</numeroseao>
    <numero>5002-20-ZZ01</numero>
    <datefinale>2022-02-15</datefinale>
    <datepublicationfinale>2021-05-14</datepublicationfinale>
    <montantfinal>199800.000000</montantfinal>
    <nomcontractant>Premier Continuum inc.</nomcontractant>
    <neqcontractant>1146316485</neqcontractant>
  </contrat>
  <contrat>
    <numeroseao>1380055</numeroseao>
    <numero>7103-20-QH02</numero>
    <datefinale>2022-02-09</datefinale>
    <datepublicationfinale>2021-04-28</datepublicationfinale>
    <montantfinal>57407.550000</montantfinal>
    <nomcontractant>Englobe Corp.</nomcontractant>
    <neqcontractant>1167280206</neqcontractant>
  </contrat>
  <contrat>
    <numeroseao>1390006</numeroseao>
    <numero>8801-20-0012</numero>
    <datefinale>2021-10-26</datefinale>
    <datepublicationfinale>2020-12-14</datepublicationfinale>
    <montantfinal>1181513.090000</montantfinal>
    <nomcontractant>Inter Chantiers Inc</nomcontractant>
    <neqcontractant>1169978344</neqcontractant>
  </contrat>
  <contrat>
    <numeroseao>1398669</numeroseao>
    <numero>6301-19-PZ04</numero>
    <datefinale>2021-10-26</datefinale>
    <datepublicationfinale>2021-01-14</datepublicationfinale>
    <montantfinal>30950.000000</montantfinal>
    <nomcontractant>Renaud &amp; frères inc.</nomcontractant>
    <neqcontractant>1143520212</neqcontractant>
  </contrat>
  <contrat>
    <numeroseao>1405795</numeroseao>
    <numero>2403-20-AP94 </numero>
    <datefinale>2021-11-02</datefinale>
    <datepublicationfinale>2021-09-07</datepublicationfinale>
    <montantfinal>230822.000000</montantfinal>
    <nomcontractant>ARTHUR ROUSSEL INC.</nomcontractant>
    <neqcontractant>1149675424</neqcontractant>
  </contrat>
  <contrat>
    <numeroseao>1406785</numeroseao>
    <numero>7103-20-0302</numero>
    <datefinale>2022-01-19</datefinale>
    <datepublicationfinale>2021-04-28</datepublicationfinale>
    <montantfinal>47958.240000</montantfinal>
    <nomcontractant>ARTHUR ROUSSEL INC.</nomcontractant>
    <neqcontractant>1149675424</neqcontractant>
  </contrat>
  <contrat>
    <numeroseao>1409105</numeroseao>
    <numero>55729-SG_PUB_SA</numero>
    <datefinale />
    <datepublicationfinale>2022-07-07</datepublicationfinale>
    <montantfinal>0.000000</montantfinal>
    <nomcontractant>Figurr collectif d'architectes</nomcontractant>
    <neqcontractant>1149267263</neqcontractant>
  </contrat>
  <contrat>
    <numeroseao>1418265</numeroseao>
    <numero>BC#328396</numero>
    <datefinale>2021-03-14</datefinale>
    <datepublicationfinale>2022-01-03</datepublicationfinale>
    <montantfinal>137263.000000</montantfinal>
    <nomcontractant>Les Constructions Beldex Inc</nomcontractant>
    <neqcontractant>1142738310</neqcontractant>
  </contrat>
  <contrat>
    <numeroseao>1418272</numeroseao>
    <numero>7000934</numero>
    <datefinale>2021-10-31</datefinale>
    <datepublicationfinale>2021-11-04</datepublicationfinale>
    <montantfinal>63671.040000</montantfinal>
    <nomcontractant>Laboratoires Charles River Saint-Constant</nomcontractant>
    <neqcontractant>1148706964</neqcontractant>
  </contrat>
  <contrat>
    <numeroseao>1425184</numeroseao>
    <numero>P1455-02 /2324</numero>
    <datefinale>2022-01-24</datefinale>
    <datepublicationfinale>2022-06-03</datepublicationfinale>
    <montantfinal>148355.790000</montantfinal>
    <nomcontractant>MICHAUD AUTOMOBILES INC.</nomcontractant>
    <neqcontractant>1148252795</neqcontractant>
  </contrat>
  <contrat>
    <numeroseao>1427655</numeroseao>
    <numero>6406-20-0502</numero>
    <datefinale>2021-12-16</datefinale>
    <datepublicationfinale>2021-04-28</datepublicationfinale>
    <montantfinal>38341.720000</montantfinal>
    <nomcontractant>CONSTRUCTION RICHARD CHAMPAGNE INC.</nomcontractant>
    <neqcontractant>1148164123</neqcontractant>
  </contrat>
  <contrat>
    <numeroseao>1436227</numeroseao>
    <numero>20-1170-GG-A</numero>
    <datefinale>2022-06-08</datefinale>
    <datepublicationfinale>2022-01-14</datepublicationfinale>
    <montantfinal>52508.170000</montantfinal>
    <nomcontractant>Les Produits Énergétiques GAL inc.</nomcontractant>
    <neqcontractant>1146046280</neqcontractant>
  </contrat>
  <contrat>
    <numeroseao>1440081</numeroseao>
    <numero>P1455-01-  /4541</numero>
    <datefinale>2021-12-22</datefinale>
    <datepublicationfinale>2022-02-16</datepublicationfinale>
    <montantfinal>47952.470000</montantfinal>
    <nomcontractant>Produits Sanitaire Unique Inc.</nomcontractant>
    <neqcontractant>1167869461</neqcontractant>
  </contrat>
  <contrat>
    <numeroseao>1443278</numeroseao>
    <numero>8601-21-1001</numero>
    <datefinale>2022-08-25</datefinale>
    <datepublicationfinale>2021-12-16</datepublicationfinale>
    <montantfinal>4120757.050000</montantfinal>
    <nomcontractant>SINTRA INC.</nomcontractant>
    <neqcontractant>1145755295</neqcontractant>
  </contrat>
  <contrat>
    <numeroseao>1444964</numeroseao>
    <numero>2403-21-AP28</numero>
    <datefinale>2022-03-31</datefinale>
    <datepublicationfinale>2021-12-16</datepublicationfinale>
    <montantfinal>33010.770000</montantfinal>
    <nomcontractant>CENTRE DE LOCATION G.M. INC.</nomcontractant>
    <neqcontractant>1164284367</neqcontractant>
  </contrat>
  <contrat>
    <numeroseao>1445406</numeroseao>
    <numero>2021MCQ664</numero>
    <datefinale>2022-08-17</datefinale>
    <datepublicationfinale>2022-03-14</datepublicationfinale>
    <montantfinal>49500.000000</montantfinal>
    <nomcontractant>Olympus Canada Inc</nomcontractant>
    <neqcontractant>1163495170</neqcontractant>
  </contrat>
  <contrat>
    <numeroseao>1450008</numeroseao>
    <numero>2403-21-AP37</numero>
    <datefinale>2021-12-23</datefinale>
    <datepublicationfinale>2021-12-16</datepublicationfinale>
    <montantfinal>41250.000000</montantfinal>
    <nomcontractant>Location Trois-Rivières</nomcontractant>
    <neqcontractant>1146346961</neqcontractant>
  </contrat>
  <contrat>
    <numeroseao>1453095</numeroseao>
    <numero>VAL-PG SOLUTION 2021</numero>
    <datefinale>2021-12-31</datefinale>
    <datepublicationfinale>2022-05-24</datepublicationfinale>
    <montantfinal>76640.050000</montantfinal>
    <nomcontractant>PG SOLUTIONS INC.</nomcontractant>
    <neqcontractant>1144355758</neqcontractant>
  </contrat>
  <contrat>
    <numeroseao>1457495</numeroseao>
    <numero>2403-21-AP36</numero>
    <datefinale>2022-02-11</datefinale>
    <datepublicationfinale>2021-12-16</datepublicationfinale>
    <montantfinal>9196.000000</montantfinal>
    <nomcontractant>BÉTON FORTIN INC.</nomcontractant>
    <neqcontractant>1140127748</neqcontractant>
  </contrat>
  <contrat>
    <numeroseao>1469031</numeroseao>
    <numero>2509-21-AP18</numero>
    <datefinale>2022-01-20</datefinale>
    <datepublicationfinale>2021-12-16</datepublicationfinale>
    <montantfinal>41300.000000</montantfinal>
    <nomcontractant>9169-3382 QUÉBEC INC.</nomcontractant>
    <neqcontractant>1163718142</neqcontractant>
  </contrat>
  <contrat>
    <numeroseao>1473103</numeroseao>
    <numero>SC20210315</numero>
    <datefinale>2021-06-18</datefinale>
    <datepublicationfinale>2022-03-04</datepublicationfinale>
    <montantfinal>33633.240000</montantfinal>
    <nomcontractant>Groupe Comcept</nomcontractant>
    <neqcontractant>1144218246</neqcontractant>
  </contrat>
  <contrat>
    <numeroseao>1475609</numeroseao>
    <numero>C10202</numero>
    <datefinale>2022-07-06</datefinale>
    <datepublicationfinale>2022-04-04</datepublicationfinale>
    <montantfinal>37140.300000</montantfinal>
    <nomcontractant>Pageau Morel Inc.</nomcontractant>
    <neqcontractant>1144576254</neqcontractant>
  </contrat>
  <contrat>
    <numeroseao>1483641</numeroseao>
    <numero>21-251-GG-S</numero>
    <datefinale>2021-10-31</datefinale>
    <datepublicationfinale>2022-02-16</datepublicationfinale>
    <montantfinal>4225.000000</montantfinal>
    <nomcontractant>Clinique de médecine du sport AXIO Vaudreuil S.E.C.</nomcontractant>
    <neqcontractant>3372006125</neqcontractant>
  </contrat>
  <contrat>
    <numeroseao>1483674</numeroseao>
    <numero>21-311-GG-S</numero>
    <datefinale>2022-01-31</datefinale>
    <datepublicationfinale>2022-02-16</datepublicationfinale>
    <montantfinal>27500.000000</montantfinal>
    <nomcontractant>9160-9198 QUÉBEC INC. (ISO SANTÉ RÉADAPTATION)</nomcontractant>
    <neqcontractant>1171167902</neqcontractant>
  </contrat>
  <contrat>
    <numeroseao>1483710</numeroseao>
    <numero>21-314-GG-S</numero>
    <datefinale>2021-10-31</datefinale>
    <datepublicationfinale>2022-02-16</datepublicationfinale>
    <montantfinal>29491.000000</montantfinal>
    <nomcontractant>GROUPE SANTÉ UNIVERSELLE INC.</nomcontractant>
    <neqcontractant>1173315707</neqcontractant>
  </contrat>
  <contrat>
    <numeroseao>1483733</numeroseao>
    <numero>21-315-GG-S</numero>
    <datefinale>2021-10-31</datefinale>
    <datepublicationfinale>2022-02-16</datepublicationfinale>
    <montantfinal>9125.000000</montantfinal>
    <nomcontractant>KINATEX SPORTS PHYSIO VAUDREUIL-DORION</nomcontractant>
    <neqcontractant>1166492224</neqcontractant>
  </contrat>
  <contrat>
    <numeroseao>1483735</numeroseao>
    <numero>21-316-GG-S</numero>
    <datefinale>2021-10-31</datefinale>
    <datepublicationfinale>2022-02-16</datepublicationfinale>
    <montantfinal>9850.000000</montantfinal>
    <nomcontractant>KINATEX SPORTS PHYSIO CHÂTEAUGUAY INC.</nomcontractant>
    <neqcontractant>1170360771</neqcontractant>
  </contrat>
  <contrat>
    <numeroseao>1491791</numeroseao>
    <numero>21-415-GG-S</numero>
    <datefinale>2021-12-13</datefinale>
    <datepublicationfinale>2022-02-16</datepublicationfinale>
    <montantfinal>15325.000000</montantfinal>
    <nomcontractant>IMPACT RÉADAPTATION (9190-9689 QUÉBEC INC.)</nomcontractant>
    <neqcontractant>1164890130</neqcontractant>
  </contrat>
  <contrat>
    <numeroseao>1492458</numeroseao>
    <numero>55760-559_WZ_PUB_SIS</numero>
    <datefinale />
    <datepublicationfinale>2022-05-02</datepublicationfinale>
    <montantfinal>0.000000</montantfinal>
    <nomcontractant>Latéral s.e.n.c.</nomcontractant>
    <neqcontractant>1171474944</neqcontractant>
  </contrat>
  <contrat>
    <numeroseao>1493543</numeroseao>
    <numero>21-313-GG-S</numero>
    <datefinale>2021-10-31</datefinale>
    <datepublicationfinale>2022-02-16</datepublicationfinale>
    <montantfinal>32350.000000</montantfinal>
    <nomcontractant>GROUPE ERGO RESSOURCES INC.</nomcontractant>
    <neqcontractant>1149581929</neqcontractant>
  </contrat>
  <contrat>
    <numeroseao>1507246</numeroseao>
    <numero>CA-115378</numero>
    <datefinale>2021-07-12</datefinale>
    <datepublicationfinale>2021-09-21</datepublicationfinale>
    <montantfinal>50359.300000</montantfinal>
    <nomcontractant>RobotLAB Inc.,</nomcontractant>
    <neqcontractant />
  </contrat>
  <contrat>
    <numeroseao>1515422</numeroseao>
    <numero>APPS-2021-118</numero>
    <datefinale>2022-01-31</datefinale>
    <datepublicationfinale>2022-04-21</datepublicationfinale>
    <montantfinal>19166.310000</montantfinal>
    <nomcontractant>EnGlobe Corp.</nomcontractant>
    <neqcontractant>1167280206</neqcontractant>
  </contrat>
  <contrat>
    <numeroseao>1523382</numeroseao>
    <numero>2021-02</numero>
    <datefinale>2021-12-02</datefinale>
    <datepublicationfinale>2022-07-25</datepublicationfinale>
    <montantfinal>1818654.270000</montantfinal>
    <nomcontractant>BUROPRO CITATION INC.</nomcontractant>
    <neqcontractant>1168224401</neqcontractant>
  </contrat>
  <contrat>
    <numeroseao>1524070</numeroseao>
    <numero>9001-21-AP75</numero>
    <datefinale>2021-11-11</datefinale>
    <datepublicationfinale>2021-12-16</datepublicationfinale>
    <montantfinal>15302.520000</montantfinal>
    <nomcontractant>Precision Heliparts Canada Inc.</nomcontractant>
    <neqcontractant />
  </contrat>
  <contrat>
    <numeroseao>1527365</numeroseao>
    <numero>553063844</numero>
    <datefinale>2022-06-19</datefinale>
    <datepublicationfinale>2022-07-07</datepublicationfinale>
    <montantfinal>130702.110000</montantfinal>
    <nomcontractant>LE MIEUX-ÊTRE DES IMMIGRANTS</nomcontractant>
    <neqcontractant>1147516042</neqcontractant>
  </contrat>
  <contrat>
    <numeroseao>1552200</numeroseao>
    <numero>21-1040-GG-S</numero>
    <datefinale>2022-03-31</datefinale>
    <datepublicationfinale>2022-06-07</datepublicationfinale>
    <montantfinal>8116.000000</montantfinal>
    <nomcontractant>Physio St-Hubert inc.</nomcontractant>
    <neqcontractant>1172043094</neqcontractant>
  </contrat>
  <contrat>
    <numeroseao>1552336</numeroseao>
    <numero>21-1036-GG-S</numero>
    <datefinale>2022-03-31</datefinale>
    <datepublicationfinale>2022-06-07</datepublicationfinale>
    <montantfinal>8850.000000</montantfinal>
    <nomcontractant>GROUPE ERGO RESSOURCES INC.</nomcontractant>
    <neqcontractant>1149581929</neqcontractant>
  </contrat>
  <contrat>
    <numeroseao>1577056</numeroseao>
    <numero>BON212202512</numero>
    <datefinale>2022-07-13</datefinale>
    <datepublicationfinale>2022-07-05</datepublicationfinale>
    <montantfinal>31721.500000</montantfinal>
    <nomcontractant>CLEAN AIR ENGINEERING</nomcontractant>
    <neqcontractant />
  </contrat>
  <contrat>
    <numeroseao>1578542</numeroseao>
    <numero>DA-2021-029</numero>
    <datefinale>2021-11-27</datefinale>
    <datepublicationfinale>2022-03-03</datepublicationfinale>
    <montantfinal>42457.980000</montantfinal>
    <nomcontractant>CORPORATION SCADALLIANCE</nomcontractant>
    <neqcontractant>1167348870</neqcontractant>
  </contrat>
  <contrat>
    <numeroseao>1582266</numeroseao>
    <numero>BON202101158</numero>
    <datefinale>2022-06-30</datefinale>
    <datepublicationfinale>2022-07-06</datepublicationfinale>
    <montantfinal>51664.010000</montantfinal>
    <nomcontractant>Quadient Canada Ltd.</nomcontractant>
    <neqcontractant />
  </contrat>
  <contrat>
    <numeroseao>1584518</numeroseao>
    <numero>SGDM-2022-1</numero>
    <datefinale>2022-07-19</datefinale>
    <datepublicationfinale>2022-07-25</datepublicationfinale>
    <montantfinal>63253.000000</montantfinal>
    <nomcontractant>Dronexperts inc.</nomcontractant>
    <neqcontractant>1168384833</neqcontractant>
  </contrat>
  <contrat>
    <numeroseao>1587169</numeroseao>
    <numero>44528024</numero>
    <datefinale>2022-04-28</datefinale>
    <datepublicationfinale>2022-05-02</datepublicationfinale>
    <montantfinal>76455.800000</montantfinal>
    <nomcontractant>EXCAVATIONS DARCHE INC.</nomcontractant>
    <neqcontractant>1141249491</neqcontractant>
  </contrat>
  <contrat>
    <numeroseao>1591499</numeroseao>
    <numero>396403485</numero>
    <datefinale />
    <datepublicationfinale>2022-07-10</datepublicationfinale>
    <montantfinal>0.000000</montantfinal>
    <nomcontractant>Micro Focus Software Solutions Canada Co.</nomcontractant>
    <neqcontractant />
  </contrat>
  <contrat>
    <numeroseao>1606526</numeroseao>
    <numero>9213</numero>
    <datefinale>2022-05-19</datefinale>
    <datepublicationfinale>2022-05-26</datepublicationfinale>
    <montantfinal>41946.880000</montantfinal>
    <nomcontractant>HARNOIS ÉNERGIES INC.</nomcontractant>
    <neqcontractant>1162219647</neqcontractant>
  </contrat>
</export>