<?xml version="1.0" encoding="utf-8"?>
<export xmlns:xsi="http://www.w3.org/2001/XMLSchema-instance" xmlns:xsd="http://www.w3.org/2001/XMLSchema" datedebut="2022-08-01" datefin="2022-08-31">
  <avis>
    <numeroseao>941921</numeroseao>
    <numero>30396500</numero>
    <depenses>
      <depense>
        <datedepense>2019-11-12</datedepense>
        <datepublicationdepense>2019-11-13</datepublicationdepense>
        <montantdepense>118326.940000</montantdepense>
        <description>Modification significative de la SQI</description>
        <nomcontractant>Bouthillette Parizeau Inc.</nomcontractant>
        <neqcontractant>1142591438</neqcontractant>
      </depense>
      <depense>
        <datedepense>2020-04-11</datedepense>
        <datepublicationdepense>2020-06-25</datepublicationdepense>
        <montantdepense>3200.000000</montantdepense>
        <description>Modification significative de la SQI</description>
        <nomcontractant>Bouthillette Parizeau Inc.</nomcontractant>
        <neqcontractant>1142591438</neqcontractant>
      </depense>
      <depense>
        <datedepense>2021-07-21</datedepense>
        <datepublicationdepense>2021-07-22</datepublicationdepense>
        <montantdepense>0.000000</montantdepense>
        <description>Ajout de surveillance accrue et réduction des services additionnels antérieurs</description>
        <nomcontractant>Bouthillette Parizeau Inc.</nomcontractant>
        <neqcontractant>1142591438</neqcontractant>
      </depense>
    </depenses>
  </avis>
  <avis>
    <numeroseao>1053508</numeroseao>
    <numero>SMR 18-01-2017</numero>
    <depenses>
      <depense>
        <datedepense>2022-06-22</datedepense>
        <datepublicationdepense>2022-06-22</datepublicationdepense>
        <montantdepense>43447.970000</montantdepense>
        <description>Coûts supplémentaires liés à des imprévus -Année 2017-2018</description>
        <nomcontractant>GDX Bureautique Inc. (Agent autorisé de Xérox Canada Ltée)</nomcontractant>
        <neqcontractant>1141555566</neqcontractant>
      </depense>
      <depense>
        <datedepense>2022-06-22</datedepense>
        <datepublicationdepense>2022-06-22</datepublicationdepense>
        <montantdepense>57774.460000</montantdepense>
        <description>Coûts supplémentaires liés à des imprévus -Année 2018-2019</description>
        <nomcontractant>GDX Bureautique Inc. (Agent autorisé de Xérox Canada Ltée)</nomcontractant>
        <neqcontractant>1141555566</neqcontractant>
      </depense>
      <depense>
        <datedepense>2022-06-22</datedepense>
        <datepublicationdepense>2022-06-22</datepublicationdepense>
        <montantdepense>53400.940000</montantdepense>
        <description>Coûts supplémentaires liés à des imprévus -Année 2019-2020</description>
        <nomcontractant>GDX Bureautique Inc. (Agent autorisé de Xérox Canada Ltée)</nomcontractant>
        <neqcontractant>1141555566</neqcontractant>
      </depense>
      <depense>
        <datedepense>2022-06-22</datedepense>
        <datepublicationdepense>2022-06-22</datepublicationdepense>
        <montantdepense>77273.920000</montantdepense>
        <description>Coûts supplémentaires liés à des imprévus -Année 2020-2021</description>
        <nomcontractant>GDX Bureautique Inc. (Agent autorisé de Xérox Canada Ltée)</nomcontractant>
        <neqcontractant>1141555566</neqcontractant>
      </depense>
      <depense>
        <datedepense>2022-06-22</datedepense>
        <datepublicationdepense>2022-06-22</datepublicationdepense>
        <montantdepense>48258.880000</montantdepense>
        <description>Coûts supplémentaires liés à des imprévus -Année 2021-2022</description>
        <nomcontractant>GDX Bureautique Inc. (Agent autorisé de Xérox Canada Ltée)</nomcontractant>
        <neqcontractant>1141555566</neqcontractant>
      </depense>
    </depenses>
  </avis>
  <avis>
    <numeroseao>1129303</numeroseao>
    <numero>2017PARCIMPRIM</numero>
    <depenses>
      <depense>
        <datedepense>2022-07-31</datedepense>
        <datepublicationdepense>2022-08-31</datepublicationdepense>
        <montantdepense>32363.320000</montantdepense>
        <description>Contrat à commandes selon l'utilisation du parc d'imprimantes dont l'estimation de départ était considérablement sous-évaluée. </description>
        <nomcontractant>9058-6405 Québec inc. | Centre de bureautique</nomcontractant>
        <neqcontractant>1147363171</neqcontractant>
      </depense>
    </depenses>
  </avis>
  <avis>
    <numeroseao>1191510</numeroseao>
    <numero>8907-18-NL02</numero>
    <depenses>
      <depense>
        <datedepense>2019-02-13</datedepense>
        <datepublicationdepense>2019-05-31</datepublicationdepense>
        <montantdepense>32809.280000</montantdepense>
        <description>Dépassement relié à des variations de quantité et/ou des modifications au contrat de construction ou de services de nature technique</description>
        <nomcontractant>Construction Edelweiss inc.</nomcontractant>
        <neqcontractant>1170544291</neqcontractant>
      </depense>
    </depenses>
  </avis>
  <avis>
    <numeroseao>1206208</numeroseao>
    <numero>18-19893-1</numero>
    <depenses>
      <depense>
        <datedepense>2022-08-11</datedepense>
        <datepublicationdepense>2022-08-15</datepublicationdepense>
        <montantdepense>104810.730000</montantdepense>
        <description>dépense supplémentaire de 104 810.73$ dû à une consommation excédentaire</description>
        <nomcontractant>Messagerie Mala</nomcontractant>
        <neqcontractant>1164306855</neqcontractant>
      </depense>
    </depenses>
  </avis>
  <avis>
    <numeroseao>1207574</numeroseao>
    <numero>34274500</numero>
    <depenses>
      <depense>
        <datedepense>2019-11-26</datedepense>
        <datepublicationdepense>2020-01-10</datepublicationdepense>
        <montantdepense>1173300.000000</montantdepense>
        <description>Modification mineure</description>
        <nomcontractant>Ernest  Boutin Inc.</nomcontractant>
        <neqcontractant>1161180691</neqcontractant>
      </depense>
      <depense>
        <datedepense>2020-01-07</datedepense>
        <datepublicationdepense>2020-04-20</datepublicationdepense>
        <montantdepense>185297.000000</montantdepense>
        <description>Modification mineure</description>
        <nomcontractant>Ernest  Boutin Inc.</nomcontractant>
        <neqcontractant>1161180691</neqcontractant>
      </depense>
      <depense>
        <datedepense>2020-07-08</datedepense>
        <datepublicationdepense>2020-07-21</datepublicationdepense>
        <montantdepense>390117.000000</montantdepense>
        <description>Modification significative client</description>
        <nomcontractant>Ernest  Boutin Inc.</nomcontractant>
        <neqcontractant>1161180691</neqcontractant>
      </depense>
      <depense>
        <datedepense>2020-07-28</datedepense>
        <datepublicationdepense>2020-10-19</datepublicationdepense>
        <montantdepense>315454.800000</montantdepense>
        <description>Erreur et omission</description>
        <nomcontractant>Ernest  Boutin Inc.</nomcontractant>
        <neqcontractant>1161180691</neqcontractant>
      </depense>
      <depense>
        <datedepense>2020-11-27</datedepense>
        <datepublicationdepense>2020-11-29</datepublicationdepense>
        <montantdepense>110375.570000</montantdepense>
        <description>Conditions imprévisibles de chantier</description>
        <nomcontractant>Ernest  Boutin Inc.</nomcontractant>
        <neqcontractant>1161180691</neqcontractant>
      </depense>
      <depense>
        <datedepense>2020-12-03</datedepense>
        <datepublicationdepense>2020-12-04</datepublicationdepense>
        <montantdepense>20671.260000</montantdepense>
        <description>Erreur ou omission</description>
        <nomcontractant>Ernest  Boutin Inc.</nomcontractant>
        <neqcontractant>1161180691</neqcontractant>
      </depense>
      <depense>
        <datedepense>2021-01-18</datedepense>
        <datepublicationdepense>2021-01-24</datepublicationdepense>
        <montantdepense>31438.380000</montantdepense>
        <description>Conditions imprévisibles de chantier</description>
        <nomcontractant>Ernest  Boutin Inc.</nomcontractant>
        <neqcontractant>1161180691</neqcontractant>
      </depense>
      <depense>
        <datedepense>2022-01-28</datedepense>
        <datepublicationdepense>2022-01-28</datepublicationdepense>
        <montantdepense>43298.700000</montantdepense>
        <description>Imprévu de chantier</description>
        <nomcontractant>Ernest  Boutin Inc.</nomcontractant>
        <neqcontractant>1161180691</neqcontractant>
      </depense>
      <depense>
        <datedepense>2022-06-15</datedepense>
        <datepublicationdepense>2022-07-16</datepublicationdepense>
        <montantdepense>345383.760000</montantdepense>
        <description>Conditions imprévisibles de chantier</description>
        <nomcontractant>Ernest  Boutin Inc.</nomcontractant>
        <neqcontractant>1161180691</neqcontractant>
      </depense>
    </depenses>
  </avis>
  <avis>
    <numeroseao>1208995</numeroseao>
    <numero>BON181900668</numero>
    <depenses>
      <depense>
        <datedepense>2018-12-13</datedepense>
        <datepublicationdepense>2022-08-19</datepublicationdepense>
        <montantdepense>30000.000000</montantdepense>
        <description>Pour couvrir dépenses supplémentaires</description>
        <nomcontractant>Navada Ltée.</nomcontractant>
        <neqcontractant>1142254490</neqcontractant>
      </depense>
    </depenses>
  </avis>
  <avis>
    <numeroseao>1228964</numeroseao>
    <numero>183600016</numero>
    <depenses>
      <depense>
        <datedepense>2019-08-30</datedepense>
        <datepublicationdepense>2022-08-03</datepublicationdepense>
        <montantdepense>690.000000</montantdepense>
        <description>crédit pour démolition des bases et plaques d'acier, rehausser et isoler les bases de béton conservées et fournir et installer contre pentes derrière les bases conservées.</description>
        <nomcontractant>Les Toitures Industrie Pro</nomcontractant>
        <neqcontractant>1168064534</neqcontractant>
      </depense>
      <depense>
        <datedepense>2019-08-30</datedepense>
        <datepublicationdepense>2022-08-03</datepublicationdepense>
        <montantdepense>374.760000</montantdepense>
        <description>Fournir et installer un bâti de bois au mur ainsi qu'une membrane liquide.</description>
        <nomcontractant>Les Toitures Industrie Pro</nomcontractant>
        <neqcontractant>1168064534</neqcontractant>
      </depense>
    </depenses>
  </avis>
  <avis>
    <numeroseao>1230185</numeroseao>
    <numero>CISSSLAU-AMP-AO-20190125</numero>
    <depenses>
      <depense>
        <datedepense>2019-10-09</datedepense>
        <datepublicationdepense>2022-08-08</datepublicationdepense>
        <montantdepense>44446.650000</montantdepense>
        <description>''Cassing'' de protection et prolongement des ancrages du RDC</description>
        <nomcontractant>Groupe Geyser inc.</nomcontractant>
        <neqcontractant>1165489478</neqcontractant>
      </depense>
      <depense>
        <datedepense>2019-10-09</datedepense>
        <datepublicationdepense>2022-08-08</datepublicationdepense>
        <montantdepense>217940.050000</montantdepense>
        <description> Forages et ancrages au roc</description>
        <nomcontractant>Groupe Geyser inc.</nomcontractant>
        <neqcontractant>1165489478</neqcontractant>
      </depense>
      <depense>
        <datedepense>2019-10-10</datedepense>
        <datepublicationdepense>2022-08-08</datepublicationdepense>
        <montantdepense>1160.970000</montantdepense>
        <description>Présence de roc dans la tranchée d'aqueduc</description>
        <nomcontractant>Groupe Geyser inc.</nomcontractant>
        <neqcontractant>1165489478</neqcontractant>
      </depense>
      <depense>
        <datedepense>2019-10-10</datedepense>
        <datepublicationdepense>2022-08-08</datepublicationdepense>
        <montantdepense>2452.810000</montantdepense>
        <description>Ajout membrane au pourtour des fenêtres pour protection temporaire</description>
        <nomcontractant>Groupe Geyser inc.</nomcontractant>
        <neqcontractant>1165489478</neqcontractant>
      </depense>
      <depense>
        <datedepense>2019-10-11</datedepense>
        <datepublicationdepense>2022-08-08</datepublicationdepense>
        <montantdepense>15614.100000</montantdepense>
        <description>Présence de pierres ou fragments de roc ayant un volume individuel supérieur à 1 m cube</description>
        <nomcontractant>Groupe Geyser inc.</nomcontractant>
        <neqcontractant>1165489478</neqcontractant>
      </depense>
      <depense>
        <datedepense>2019-10-16</datedepense>
        <datepublicationdepense>2022-08-08</datepublicationdepense>
        <montantdepense>10054.570000</montantdepense>
        <description>Coulis additionnel et re-forage</description>
        <nomcontractant>Groupe Geyser inc.</nomcontractant>
        <neqcontractant>1165489478</neqcontractant>
      </depense>
      <depense>
        <datedepense>2019-10-21</datedepense>
        <datepublicationdepense>2022-08-08</datepublicationdepense>
        <montantdepense>7067.400000</montantdepense>
        <description>Conduit MALT souterrain existant et déplacement de l'artère 200 ampères souterraine</description>
        <nomcontractant>Groupe Geyser inc.</nomcontractant>
        <neqcontractant>1165489478</neqcontractant>
      </depense>
      <depense>
        <datedepense>2019-11-04</datedepense>
        <datepublicationdepense>2022-08-08</datepublicationdepense>
        <montantdepense>1693.710000</montantdepense>
        <description>Panneau de protection à enlever</description>
        <nomcontractant>Groupe Geyser inc.</nomcontractant>
        <neqcontractant>1165489478</neqcontractant>
      </depense>
      <depense>
        <datedepense>2019-11-05</datedepense>
        <datepublicationdepense>2022-08-08</datepublicationdepense>
        <montantdepense>3255.410000</montantdepense>
        <description>Modification charge essais d'encrage</description>
        <nomcontractant>Groupe Geyser inc.</nomcontractant>
        <neqcontractant>1165489478</neqcontractant>
      </depense>
      <depense>
        <datedepense>2019-11-07</datedepense>
        <datepublicationdepense>2022-08-08</datepublicationdepense>
        <montantdepense>29814.470000</montantdepense>
        <description>Coulis additionnel et re-forage</description>
        <nomcontractant>Groupe Geyser inc.</nomcontractant>
        <neqcontractant>1165489478</neqcontractant>
      </depense>
      <depense>
        <datedepense>2019-12-09</datedepense>
        <datepublicationdepense>2022-08-08</datepublicationdepense>
        <montantdepense>478.830000</montantdepense>
        <description>Modification des semelles et niveaux sur axes Ca et Db</description>
        <nomcontractant>Groupe Geyser inc.</nomcontractant>
        <neqcontractant>1165489478</neqcontractant>
      </depense>
      <depense>
        <datedepense>2020-06-29</datedepense>
        <datepublicationdepense>2022-08-08</datepublicationdepense>
        <montantdepense>393.540000</montantdepense>
        <description>Armature semelle du mur de soutènement</description>
        <nomcontractant>Groupe Geyser inc.</nomcontractant>
        <neqcontractant>1165489478</neqcontractant>
      </depense>
      <depense>
        <datedepense>2019-12-09</datedepense>
        <datepublicationdepense>2022-08-08</datepublicationdepense>
        <montantdepense>3837.020000</montantdepense>
        <description>Modification des fondations en fonction des conditions de chantier et des sols</description>
        <nomcontractant>Groupe Geyser inc.</nomcontractant>
        <neqcontractant>1165489478</neqcontractant>
      </depense>
      <depense>
        <datedepense>2019-12-11</datedepense>
        <datepublicationdepense>2022-08-08</datepublicationdepense>
        <montantdepense>7323.850000</montantdepense>
        <description>Modification à la suite de la demande de permis à la Ville</description>
        <nomcontractant>Groupe Geyser inc.</nomcontractant>
        <neqcontractant>1165489478</neqcontractant>
      </depense>
      <depense>
        <datedepense>2019-12-11</datedepense>
        <datepublicationdepense>2022-08-08</datepublicationdepense>
        <montantdepense>4002.820000</montantdepense>
        <description>Modification des regards pour le raccordement au réseau de la Ville</description>
        <nomcontractant>Groupe Geyser inc.</nomcontractant>
        <neqcontractant>1165489478</neqcontractant>
      </depense>
      <depense>
        <datedepense>2019-12-11</datedepense>
        <datepublicationdepense>2022-08-08</datepublicationdepense>
        <montantdepense>10418.800000</montantdepense>
        <description>Disposition de matériaux</description>
        <nomcontractant>Groupe Geyser inc.</nomcontractant>
        <neqcontractant>1165489478</neqcontractant>
      </depense>
      <depense>
        <datedepense>2020-01-06</datedepense>
        <datepublicationdepense>2022-08-08</datepublicationdepense>
        <montantdepense>1376.630000</montantdepense>
        <description>Montant différentiel à payer selon le prix révisé après négociation pour l'ODC-1</description>
        <nomcontractant>Groupe Geyser inc.</nomcontractant>
        <neqcontractant>1165489478</neqcontractant>
      </depense>
      <depense>
        <datedepense>2020-01-06</datedepense>
        <datepublicationdepense>2022-08-08</datepublicationdepense>
        <montantdepense>11114.770000</montantdepense>
        <description>Montant différentiel à payer selon le prix révisé après négociation pour l'ODC-2</description>
        <nomcontractant>Groupe Geyser inc.</nomcontractant>
        <neqcontractant>1165489478</neqcontractant>
      </depense>
      <depense>
        <datedepense>2020-01-07</datedepense>
        <datepublicationdepense>2022-08-08</datepublicationdepense>
        <montantdepense>232.040000</montantdepense>
        <description>Montant différentiel à payer selon le prix révisé après négociation pour l'ODC-4</description>
        <nomcontractant>Groupe Geyser inc.</nomcontractant>
        <neqcontractant>1165489478</neqcontractant>
      </depense>
      <depense>
        <datedepense>2020-01-10</datedepense>
        <datepublicationdepense>2022-08-08</datepublicationdepense>
        <montantdepense>3197.470000</montantdepense>
        <description>Montant différentiel à payer selon le prix révisé après négociation pour l'ODC-7</description>
        <nomcontractant>Groupe Geyser inc.</nomcontractant>
        <neqcontractant>1165489478</neqcontractant>
      </depense>
      <depense>
        <datedepense>2020-01-07</datedepense>
        <datepublicationdepense>2022-08-08</datepublicationdepense>
        <montantdepense>4140.440000</montantdepense>
        <description>Ancrages au roc déjà fabriqués</description>
        <nomcontractant>Groupe Geyser inc.</nomcontractant>
        <neqcontractant>1165489478</neqcontractant>
      </depense>
      <depense>
        <datedepense>2020-02-24</datedepense>
        <datepublicationdepense>2022-08-08</datepublicationdepense>
        <montantdepense>40.880000</montantdepense>
        <description>Montant différentiel à payer selon le prix révisé après négociation pour l'ODC-3</description>
        <nomcontractant>Groupe Geyser inc.</nomcontractant>
        <neqcontractant>1165489478</neqcontractant>
      </depense>
      <depense>
        <datedepense>2020-02-27</datedepense>
        <datepublicationdepense>2022-08-08</datepublicationdepense>
        <montantdepense>1236.500000</montantdepense>
        <description>Montant différentiel à payer selon le prix révisé après négociation pour l'ODC-5</description>
        <nomcontractant>Groupe Geyser inc.</nomcontractant>
        <neqcontractant>1165489478</neqcontractant>
      </depense>
      <depense>
        <datedepense>2020-02-27</datedepense>
        <datepublicationdepense>2022-08-08</datepublicationdepense>
        <montantdepense>5305.110000</montantdepense>
        <description>Montant différentiel à payer selon le prix révisé après négociation pour les ODC 6 et 11</description>
        <nomcontractant>Groupe Geyser inc.</nomcontractant>
        <neqcontractant>1165489478</neqcontractant>
      </depense>
      <depense>
        <datedepense>2020-06-10</datedepense>
        <datepublicationdepense>2022-08-08</datepublicationdepense>
        <montantdepense>1206.240000</montantdepense>
        <description>Modifications armatures poutres P109, P209, P309 et P111</description>
        <nomcontractant>Groupe Geyser inc.</nomcontractant>
        <neqcontractant>1165489478</neqcontractant>
      </depense>
      <depense>
        <datedepense>2020-06-10</datedepense>
        <datepublicationdepense>2022-08-08</datepublicationdepense>
        <montantdepense>1107.890000</montantdepense>
        <description>Conflit aqueduc vs roulotte CISSSLAU pour raccordement</description>
        <nomcontractant>Groupe Geyser inc.</nomcontractant>
        <neqcontractant>1165489478</neqcontractant>
      </depense>
      <depense>
        <datedepense>2020-05-20</datedepense>
        <datepublicationdepense>2022-08-08</datepublicationdepense>
        <montantdepense>28768.130000</montantdepense>
        <description>Montant à payer à la suite du jugement de l'arbitre concernant la réclamation de Geyser en lien avec la mobilisation du coffreur JONO</description>
        <nomcontractant>Groupe Geyser inc.</nomcontractant>
        <neqcontractant>1165489478</neqcontractant>
      </depense>
      <depense>
        <datedepense>2020-09-21</datedepense>
        <datepublicationdepense>2022-08-08</datepublicationdepense>
        <montantdepense>926.210000</montantdepense>
        <description>Clarifications diverses et modifications des prises électriques pour les bassins de refroidissement RE4 et RE5 et modification des dimensions des boitiers de services RE6 et RE9 pour les nouvelles prises</description>
        <nomcontractant>Groupe Geyser inc.</nomcontractant>
        <neqcontractant>1165489478</neqcontractant>
      </depense>
      <depense>
        <datedepense>2020-09-21</datedepense>
        <datepublicationdepense>2022-08-08</datepublicationdepense>
        <montantdepense>23390.680000</montantdepense>
        <description>Modification de l'épaisseur des murs, plafonds et du plancher des chambres froides et modification concernant le changement de type de réfrigérant</description>
        <nomcontractant>Groupe Geyser inc.</nomcontractant>
        <neqcontractant>1165489478</neqcontractant>
      </depense>
      <depense>
        <datedepense>2020-09-24</datedepense>
        <datepublicationdepense>2022-08-08</datepublicationdepense>
        <montantdepense>5404.850000</montantdepense>
        <description>Augmentation du prix du béton</description>
        <nomcontractant>Groupe Geyser inc.</nomcontractant>
        <neqcontractant>1165489478</neqcontractant>
      </depense>
      <depense>
        <datedepense>2020-10-14</datedepense>
        <datepublicationdepense>2022-08-08</datepublicationdepense>
        <montantdepense>1299.950000</montantdepense>
        <description>Changement de manufacturier pour les panneaux de fibrociment</description>
        <nomcontractant>Groupe Geyser inc.</nomcontractant>
        <neqcontractant>1165489478</neqcontractant>
      </depense>
      <depense>
        <datedepense>2020-10-21</datedepense>
        <datepublicationdepense>2022-08-08</datepublicationdepense>
        <montantdepense>3373.210000</montantdepense>
        <description>Conflits potentiels entre armatures et ancrages de la charpente d'acier</description>
        <nomcontractant>Groupe Geyser inc.</nomcontractant>
        <neqcontractant>1165489478</neqcontractant>
      </depense>
      <depense>
        <datedepense>2020-11-24</datedepense>
        <datepublicationdepense>2022-08-08</datepublicationdepense>
        <montantdepense>7095.410000</montantdepense>
        <description>Modifications des trappes à graisse</description>
        <nomcontractant>Groupe Geyser inc.</nomcontractant>
        <neqcontractant>1165489478</neqcontractant>
      </depense>
      <depense>
        <datedepense>2020-12-17</datedepense>
        <datepublicationdepense>2022-08-08</datepublicationdepense>
        <montantdepense>999.890000</montantdepense>
        <description>Ajout d'uréthane giclé dans les HSS</description>
        <nomcontractant>Groupe Geyser inc.</nomcontractant>
        <neqcontractant>1165489478</neqcontractant>
      </depense>
      <depense>
        <datedepense>2020-12-17</datedepense>
        <datepublicationdepense>2022-08-08</datepublicationdepense>
        <montantdepense>10018.680000</montantdepense>
        <description>Ajout de supports et de portes d'accès aux lavabos muraux</description>
        <nomcontractant>Groupe Geyser inc.</nomcontractant>
        <neqcontractant>1165489478</neqcontractant>
      </depense>
      <depense>
        <datedepense>2020-12-17</datedepense>
        <datepublicationdepense>2022-08-08</datepublicationdepense>
        <montantdepense>15217.400000</montantdepense>
        <description>Modifications au RDC - Secteur Santé mentale</description>
        <nomcontractant>Groupe Geyser inc.</nomcontractant>
        <neqcontractant>1165489478</neqcontractant>
      </depense>
      <depense>
        <datedepense>2020-12-18</datedepense>
        <datepublicationdepense>2022-08-08</datepublicationdepense>
        <montantdepense>104408.590000</montantdepense>
        <description>Frais quotidiens de chantier applicables au Retard R-01 (roc excédentaire et ancrages au roc)</description>
        <nomcontractant>Groupe Geyser inc.</nomcontractant>
        <neqcontractant>1165489478</neqcontractant>
      </depense>
      <depense>
        <datedepense>2021-01-05</datedepense>
        <datepublicationdepense>2022-08-08</datepublicationdepense>
        <montantdepense>3056.750000</montantdepense>
        <description>Points de raccordements sur l'eau refroidie</description>
        <nomcontractant>Groupe Geyser inc.</nomcontractant>
        <neqcontractant>1165489478</neqcontractant>
      </depense>
      <depense>
        <datedepense>2021-01-08</datedepense>
        <datepublicationdepense>2022-08-08</datepublicationdepense>
        <montantdepense>8863.150000</montantdepense>
        <description>Modifications des pompes</description>
        <nomcontractant>Groupe Geyser inc.</nomcontractant>
        <neqcontractant>1165489478</neqcontractant>
      </depense>
      <depense>
        <datedepense>2021-01-11</datedepense>
        <datepublicationdepense>2022-08-08</datepublicationdepense>
        <montantdepense>22179.620000</montantdepense>
        <description>Protection coupe-feu de conduit de la hotte</description>
        <nomcontractant>Groupe Geyser inc.</nomcontractant>
        <neqcontractant>1165489478</neqcontractant>
      </depense>
      <depense>
        <datedepense>2021-01-21</datedepense>
        <datepublicationdepense>2022-08-08</datepublicationdepense>
        <montantdepense>3284.730000</montantdepense>
        <description>Modification du conduit de la hotte vertical - du niveau sous-sol au niveau 3</description>
        <nomcontractant>Groupe Geyser inc.</nomcontractant>
        <neqcontractant>1165489478</neqcontractant>
      </depense>
    </depenses>
  </avis>
  <avis>
    <numeroseao>1241071</numeroseao>
    <numero>34871600</numero>
    <depenses>
      <depense>
        <datedepense>2021-05-05</datedepense>
        <datepublicationdepense>2022-05-19</datepublicationdepense>
        <montantdepense>454337.000000</montantdepense>
        <description>Condition imprévisible de chantier</description>
        <nomcontractant>Les Installations Électriques Pichette Inc .</nomcontractant>
        <neqcontractant>1143997626</neqcontractant>
      </depense>
      <depense>
        <datedepense>2021-09-28</datedepense>
        <datepublicationdepense>2022-08-03</datepublicationdepense>
        <montantdepense>70000.000000</montantdepense>
        <description>Réclamation relatives à la Covid</description>
        <nomcontractant>Les Installations Électriques Pichette Inc .</nomcontractant>
        <neqcontractant>1143997626</neqcontractant>
      </depense>
    </depenses>
  </avis>
  <avis>
    <numeroseao>1255898</numeroseao>
    <numero>5102-18-ZZ02</numero>
    <depenses>
      <depense>
        <datedepense>2021-12-02</datedepense>
        <datepublicationdepense>2022-02-28</datepublicationdepense>
        <montantdepense>0.000000</montantdepense>
        <description>Erreur</description>
        <nomcontractant>Professionnels en règlement des différends S.A.</nomcontractant>
        <neqcontractant>1160461944</neqcontractant>
      </depense>
      <depense>
        <datedepense>2022-07-11</datedepense>
        <datepublicationdepense>2022-08-08</datepublicationdepense>
        <montantdepense>250000.000000</montantdepense>
        <description>Dépassement relié à des modifications au contrat de services professionnels.</description>
        <nomcontractant>Professionnels en règlement des différends S.A.</nomcontractant>
        <neqcontractant>1160461944</neqcontractant>
      </depense>
      <depense>
        <datedepense>2022-07-11</datedepense>
        <datepublicationdepense>2022-08-10</datepublicationdepense>
        <montantdepense>250000.000000</montantdepense>
        <description>Dommages ou contraintes imprévisibles ne pouvant être connus avant les travaux</description>
        <nomcontractant>Professionnels en règlement des différends S.A.</nomcontractant>
        <neqcontractant>1160461944</neqcontractant>
      </depense>
    </depenses>
  </avis>
  <avis>
    <numeroseao>1260793</numeroseao>
    <numero>181782</numero>
    <depenses>
      <depense>
        <datedepense>2019-07-16</datedepense>
        <datepublicationdepense>2019-07-22</datepublicationdepense>
        <montantdepense>500.000000</montantdepense>
        <description>Autre frais supplémentaires </description>
        <nomcontractant>Cimaise inc</nomcontractant>
        <neqcontractant>1162634092</neqcontractant>
      </depense>
      <depense>
        <datedepense>2019-10-04</datedepense>
        <datepublicationdepense>2019-10-07</datepublicationdepense>
        <montantdepense>23306.690000</montantdepense>
        <description>Honoraires supplémentaires prolongation du contrat</description>
        <nomcontractant>Cimaise inc</nomcontractant>
        <neqcontractant>1162634092</neqcontractant>
      </depense>
      <depense>
        <datedepense>2021-09-20</datedepense>
        <datepublicationdepense>2021-10-29</datepublicationdepense>
        <montantdepense>44350.340000</montantdepense>
        <description> AJUSTEMENT D'HONORAIRES PROFESSIONNELS DUS A DES SURPRISE AU CHANTIER </description>
        <nomcontractant>Cimaise inc</nomcontractant>
        <neqcontractant>1162634092</neqcontractant>
      </depense>
      <depense>
        <datedepense>2022-08-01</datedepense>
        <datepublicationdepense>2022-07-15</datepublicationdepense>
        <montantdepense>18609.560000</montantdepense>
        <description>Services supplémentaires en raison de la prolongation des travaux</description>
        <nomcontractant>Cimaise inc</nomcontractant>
        <neqcontractant>1162634092</neqcontractant>
      </depense>
    </depenses>
  </avis>
  <avis>
    <numeroseao>1279830</numeroseao>
    <numero>P-1818_I</numero>
    <depenses>
      <depense>
        <datedepense>2021-12-13</datedepense>
        <datepublicationdepense>2021-12-13</datepublicationdepense>
        <montantdepense>31070.830000</montantdepense>
        <description>Avenant 7: Ajustement honoraire selon décret (directives pour les disciplines de mécanique, d'électricité et de structure)</description>
        <nomcontractant>CIMA+ Laval</nomcontractant>
        <neqcontractant>3340563140</neqcontractant>
      </depense>
      <depense>
        <datedepense>2022-08-15</datedepense>
        <datepublicationdepense>2022-08-15</datepublicationdepense>
        <montantdepense>800.000000</montantdepense>
        <description>Avenant 8: Réalisation d'une analyse concernant la fixation des supports prévue pour des smartboards.</description>
        <nomcontractant>CIMA+ Laval</nomcontractant>
        <neqcontractant>3340563140</neqcontractant>
      </depense>
    </depenses>
  </avis>
  <avis>
    <numeroseao>1313520</numeroseao>
    <numero>DMA00014162</numero>
    <depenses>
      <depense>
        <datedepense>2022-08-23</datedepense>
        <datepublicationdepense>2022-08-23</datepublicationdepense>
        <montantdepense>15801.800000</montantdepense>
        <description>utilisation supplémentaire du PAE</description>
        <nomcontractant>CRESS PAE</nomcontractant>
        <neqcontractant>1167551192</neqcontractant>
      </depense>
    </depenses>
  </avis>
  <avis>
    <numeroseao>1322261</numeroseao>
    <numero>236082 - 236081</numero>
    <depenses>
      <depense>
        <datedepense>2021-03-23</datedepense>
        <datepublicationdepense>2022-08-17</datepublicationdepense>
        <montantdepense>17820.000000</montantdepense>
        <description>Rehaussement pour le BC 236081</description>
        <nomcontractant>Location Sauvageau inc.</nomcontractant>
        <neqcontractant>1149887755</neqcontractant>
      </depense>
      <depense>
        <datedepense>2022-04-07</datedepense>
        <datepublicationdepense>2022-08-17</datepublicationdepense>
        <montantdepense>7128.000000</montantdepense>
        <description>Rehaussement pour le BC 236081</description>
        <nomcontractant>Location Sauvageau inc.</nomcontractant>
        <neqcontractant>1149887755</neqcontractant>
      </depense>
    </depenses>
  </avis>
  <avis>
    <numeroseao>1342908</numeroseao>
    <numero>P16053CS-07</numero>
    <depenses>
      <depense>
        <datedepense>2020-12-14</datedepense>
        <datepublicationdepense>2020-12-14</datepublicationdepense>
        <montantdepense>93299.000000</montantdepense>
        <description>avn 01 - augmentation de la portée des travaux avec impact % et autre sur les honoraires</description>
        <nomcontractant>Bouthillette Parizeau Inc.</nomcontractant>
        <neqcontractant>1142591438</neqcontractant>
      </depense>
      <depense>
        <datedepense>2021-07-15</datedepense>
        <datepublicationdepense>2021-10-03</datepublicationdepense>
        <montantdepense>5000.000000</montantdepense>
        <description>avn 02</description>
        <nomcontractant>Bouthillette Parizeau Inc.</nomcontractant>
        <neqcontractant>1142591438</neqcontractant>
      </depense>
      <depense>
        <datedepense>2022-06-21</datedepense>
        <datepublicationdepense>2022-08-02</datepublicationdepense>
        <montantdepense>52028.000000</montantdepense>
        <description>avn 03 : honoraires supplémentaires prolongation de chantier</description>
        <nomcontractant>Bouthillette Parizeau Inc.</nomcontractant>
        <neqcontractant>1142591438</neqcontractant>
      </depense>
    </depenses>
  </avis>
  <avis>
    <numeroseao>1344015</numeroseao>
    <numero>P14013JJ_17027JJ_1</numero>
    <depenses>
      <depense>
        <datedepense>2022-04-20</datedepense>
        <datepublicationdepense>2022-06-02</datepublicationdepense>
        <montantdepense>1351655.000000</montantdepense>
        <description>ODC#1 à #15</description>
        <nomcontractant>Procova Inc.</nomcontractant>
        <neqcontractant>1143985894</neqcontractant>
      </depense>
      <depense>
        <datedepense>2022-07-25</datedepense>
        <datepublicationdepense>2022-08-02</datepublicationdepense>
        <montantdepense>66644.000000</montantdepense>
        <description>ODC#16</description>
        <nomcontractant>Procova Inc.</nomcontractant>
        <neqcontractant>1143985894</neqcontractant>
      </depense>
    </depenses>
  </avis>
  <avis>
    <numeroseao>1356126</numeroseao>
    <numero>1906-EG</numero>
    <depenses>
      <depense>
        <datedepense>2020-09-10</datedepense>
        <datepublicationdepense>2020-12-16</datepublicationdepense>
        <montantdepense>5060.000000</montantdepense>
        <description>ODC-1 Ajout d'une membrane liquide  sur le plancher de béton en raison  du taux d'humidité dans la salle au-dessus de 4 % </description>
        <nomcontractant>Construction Jacques Theoret INC.</nomcontractant>
        <neqcontractant>1143238542</neqcontractant>
      </depense>
      <depense>
        <datedepense>2020-06-22</datedepense>
        <datepublicationdepense>2020-12-16</datepublicationdepense>
        <montantdepense>17707.270000</montantdepense>
        <description>ODC-2- Démantèlement de 164 luminaires, crédit et ajout des gradateurs et la modification du filage dans le secteur administratif</description>
        <nomcontractant>Construction Jacques Theoret INC.</nomcontractant>
        <neqcontractant>1143238542</neqcontractant>
      </depense>
      <depense>
        <datedepense>2020-08-05</datedepense>
        <datepublicationdepense>2020-12-16</datepublicationdepense>
        <montantdepense>5165.130000</montantdepense>
        <description>ODC-3 Ajout de conduits vides pour le filage des caméras</description>
        <nomcontractant>Construction Jacques Theoret INC.</nomcontractant>
        <neqcontractant>1143238542</neqcontractant>
      </depense>
      <depense>
        <datedepense>2020-06-25</datedepense>
        <datepublicationdepense>2020-12-16</datepublicationdepense>
        <montantdepense>5461.640000</montantdepense>
        <description>ODC-4 Fournir et installer un ratelier, remplacer 3 types de caméras N06, N14 et N15 selon les conditions existantes</description>
        <nomcontractant>Construction Jacques Theoret INC.</nomcontractant>
        <neqcontractant>1143238542</neqcontractant>
      </depense>
      <depense>
        <datedepense>2020-08-24</datedepense>
        <datepublicationdepense>2020-12-16</datepublicationdepense>
        <montantdepense>4614.190000</montantdepense>
        <description>ODC-5 Modification et déplacement des caméras du gymnase pour avoir un bon champs de vision</description>
        <nomcontractant>Construction Jacques Theoret INC.</nomcontractant>
        <neqcontractant>1143238542</neqcontractant>
      </depense>
      <depense>
        <datedepense>2020-07-16</datedepense>
        <datepublicationdepense>2020-12-16</datepublicationdepense>
        <montantdepense>9970.990000</montantdepense>
        <description>ODC-6 Remplacement de 3 caméras extérieures par des caméras 4K fixes à grand angle</description>
        <nomcontractant>Construction Jacques Theoret INC.</nomcontractant>
        <neqcontractant>1143238542</neqcontractant>
      </depense>
      <depense>
        <datedepense>2020-12-14</datedepense>
        <datepublicationdepense>2021-02-17</datepublicationdepense>
        <montantdepense>10080.990000</montantdepense>
        <description>ODC-7 Travaux électriques dans diverses zones près de la cafétéria suite à une défectuosité du panneau électrique suite à un court circuit</description>
        <nomcontractant>Construction Jacques Theoret INC.</nomcontractant>
        <neqcontractant>1143238542</neqcontractant>
      </depense>
      <depense>
        <datedepense>2020-06-25</datedepense>
        <datepublicationdepense>2021-03-12</datepublicationdepense>
        <montantdepense>1654.440000</montantdepense>
        <description>ODC-08 Modification du drainage des cabinets d'aisance en raison de la présence des barres d'armature dans la dalle</description>
        <nomcontractant>Construction Jacques Theoret INC.</nomcontractant>
        <neqcontractant>1143238542</neqcontractant>
      </depense>
      <depense>
        <datedepense>2020-07-01</datedepense>
        <datepublicationdepense>2021-03-12</datepublicationdepense>
        <montantdepense>2688.020000</montantdepense>
        <description>ODC-9 Tuyauterie de toit en conflit avec l'installation proposé du monte personne doit être dévié (3 tuyaux). Un branchement temporaire est requis</description>
        <nomcontractant>Construction Jacques Theoret INC.</nomcontractant>
        <neqcontractant>1143238542</neqcontractant>
      </depense>
      <depense>
        <datedepense>2020-07-13</datedepense>
        <datepublicationdepense>2021-03-12</datepublicationdepense>
        <montantdepense>588.260000</montantdepense>
        <description>ODC-10 Remplacement d'un cabinet de toilette brisé dans le vestiaire 0240</description>
        <nomcontractant>Construction Jacques Theoret INC.</nomcontractant>
        <neqcontractant>1143238542</neqcontractant>
      </depense>
      <depense>
        <datedepense>2020-07-16</datedepense>
        <datepublicationdepense>2021-03-12</datepublicationdepense>
        <montantdepense>2952.200000</montantdepense>
        <description>ODC-11 Alimentation d'eau pour les toilettes du vestiaire 0120</description>
        <nomcontractant>Construction Jacques Theoret INC.</nomcontractant>
        <neqcontractant>1143238542</neqcontractant>
      </depense>
      <depense>
        <datedepense>2020-08-03</datedepense>
        <datepublicationdepense>2021-03-12</datepublicationdepense>
        <montantdepense>1161.600000</montantdepense>
        <description>ODC-12 Raccordement EFD-ECD et remplacement de 3 valves défectueuses</description>
        <nomcontractant>Construction Jacques Theoret INC.</nomcontractant>
        <neqcontractant>1143238542</neqcontractant>
      </depense>
      <depense>
        <datedepense>2020-10-07</datedepense>
        <datepublicationdepense>2021-03-12</datepublicationdepense>
        <montantdepense>532.010000</montantdepense>
        <description>ODC-13 Couper et caper les 3 tuyaux hors services (2 de 2.5 pouces et 1 de 1.5 pouces) dans les locaux 1136A et 1136B</description>
        <nomcontractant>Construction Jacques Theoret INC.</nomcontractant>
        <neqcontractant>1143238542</neqcontractant>
      </depense>
      <depense>
        <datedepense>2020-07-06</datedepense>
        <datepublicationdepense>2021-07-05</datepublicationdepense>
        <montantdepense>1829.810000</montantdepense>
        <description>ODC-15-Remplacement de la cloison des blocs par cloison sèche 2154A</description>
        <nomcontractant>Construction Jacques Theoret INC.</nomcontractant>
        <neqcontractant>1143238542</neqcontractant>
      </depense>
      <depense>
        <datedepense>2020-09-14</datedepense>
        <datepublicationdepense>2021-07-05</datepublicationdepense>
        <montantdepense>19651.940000</montantdepense>
        <description>ODC-18- Ajout d'une nouvelle laine acoustique au plafond de l'atelier de menuiserie </description>
        <nomcontractant>Construction Jacques Theoret INC.</nomcontractant>
        <neqcontractant>1143238542</neqcontractant>
      </depense>
      <depense>
        <datedepense>2021-01-04</datedepense>
        <datepublicationdepense>2022-05-25</datepublicationdepense>
        <montantdepense>7315.000000</montantdepense>
        <description>ODC-19 Modification au système de plancher époxy dans le corridor du secteur WICC</description>
        <nomcontractant>Construction Jacques Theoret INC.</nomcontractant>
        <neqcontractant>1143238542</neqcontractant>
      </depense>
      <depense>
        <datedepense>2021-12-01</datedepense>
        <datepublicationdepense>2022-05-25</datepublicationdepense>
        <montantdepense>2258.030000</montantdepense>
        <description>ODC-20 Faire une entaille dans le mur de blocs de béton pour installer le filage des sèches main électriques</description>
        <nomcontractant>Construction Jacques Theoret INC.</nomcontractant>
        <neqcontractant>1143238542</neqcontractant>
      </depense>
      <depense>
        <datedepense>2021-09-14</datedepense>
        <datepublicationdepense>2022-05-25</datepublicationdepense>
        <montantdepense>1138.630000</montantdepense>
        <description>ODC-22 remplacer le verre Thermos brisé dans le garage du secteur Wicc par les élèves</description>
        <nomcontractant>Construction Jacques Theoret INC.</nomcontractant>
        <neqcontractant>1143238542</neqcontractant>
      </depense>
      <depense>
        <datedepense>2020-08-13</datedepense>
        <datepublicationdepense>2022-05-25</datepublicationdepense>
        <montantdepense>1432.900000</montantdepense>
        <description>ODC-24 - Nouveau plafond dans le corridor à l'ascenseur 1 à l'étage.</description>
        <nomcontractant>Construction Jacques Theoret INC.</nomcontractant>
        <neqcontractant>1143238542</neqcontractant>
      </depense>
      <depense>
        <datedepense>2020-08-13</datedepense>
        <datepublicationdepense>2022-05-25</datepublicationdepense>
        <montantdepense>3448.490000</montantdepense>
        <description>ODC-25 Fourniture et installation d'un soufflage derrière les 17 fontaines d'eau</description>
        <nomcontractant>Construction Jacques Theoret INC.</nomcontractant>
        <neqcontractant>1143238542</neqcontractant>
      </depense>
      <depense>
        <datedepense>2020-08-14</datedepense>
        <datepublicationdepense>2022-05-25</datepublicationdepense>
        <montantdepense>4120.200000</montantdepense>
        <description>ODC-26 Ajout d'un soufflage dans la paroi de l'ascenseur 1 pour combler une cavité et obtenir une surface uniforme.</description>
        <nomcontractant>Construction Jacques Theoret INC.</nomcontractant>
        <neqcontractant>1143238542</neqcontractant>
      </depense>
      <depense>
        <datedepense>2020-08-24</datedepense>
        <datepublicationdepense>2022-05-25</datepublicationdepense>
        <montantdepense>2192.800000</montantdepense>
        <description>ODC-27 - Fournir et installer une nouvelle tuile acoustique au plafond du local 1188.</description>
        <nomcontractant>Construction Jacques Theoret INC.</nomcontractant>
        <neqcontractant>1143238542</neqcontractant>
      </depense>
      <depense>
        <datedepense>2020-09-15</datedepense>
        <datepublicationdepense>2022-05-25</datepublicationdepense>
        <montantdepense>2938.540000</montantdepense>
        <description>ODC-28 enlèvement, Fourniture et installation d'un plafond en tuiles acoustiques dans une conciergerie et toilettes ( 8 locaux) </description>
        <nomcontractant>Construction Jacques Theoret INC.</nomcontractant>
        <neqcontractant>1143238542</neqcontractant>
      </depense>
      <depense>
        <datedepense>2020-09-25</datedepense>
        <datepublicationdepense>2022-05-25</datepublicationdepense>
        <montantdepense>297.000000</montantdepense>
        <description>ODC-29 Fourniture et installation d'une nouvelle plaque en acier au plancher du local 1179 pour obturer une ouverture ou passe des tuyaux de gas</description>
        <nomcontractant>Construction Jacques Theoret INC.</nomcontractant>
        <neqcontractant>1143238542</neqcontractant>
      </depense>
      <depense>
        <datedepense>2021-04-30</datedepense>
        <datepublicationdepense>2022-05-25</datepublicationdepense>
        <montantdepense>360.230000</montantdepense>
        <description>ODC-30 Fourniture et installation d'un seuil en pente pour le passages des fauteuils roulants porte F108 </description>
        <nomcontractant>Construction Jacques Theoret INC.</nomcontractant>
        <neqcontractant>1143238542</neqcontractant>
      </depense>
      <depense>
        <datedepense>2020-07-06</datedepense>
        <datepublicationdepense>2022-05-26</datepublicationdepense>
        <montantdepense>3628.800000</montantdepense>
        <description>ODC-16 En raison de la présence de fils électriques et de conduits de ventilation sous les 6 cuves dans les conciergeries, elles seront surelevés sur des blocs</description>
        <nomcontractant>Construction Jacques Theoret INC.</nomcontractant>
        <neqcontractant>1143238542</neqcontractant>
      </depense>
      <depense>
        <datedepense>2022-03-15</datedepense>
        <datepublicationdepense>2022-05-26</datepublicationdepense>
        <montantdepense>3825.250000</montantdepense>
        <description>ODC- 31 Fourniture et pose de la numérotation de 130 portes interieures</description>
        <nomcontractant>Construction Jacques Theoret INC.</nomcontractant>
        <neqcontractant>1143238542</neqcontractant>
      </depense>
      <depense>
        <datedepense>2020-08-12</datedepense>
        <datepublicationdepense>2022-06-06</datepublicationdepense>
        <montantdepense>43754.150000</montantdepense>
        <description>ODC-23 Fournir et installer une nouvelle chape de béton, l'ajout d'un adjuvant Gill 33  incluant le crédit  Sika Level 25</description>
        <nomcontractant>Construction Jacques Theoret INC.</nomcontractant>
        <neqcontractant>1143238542</neqcontractant>
      </depense>
      <depense>
        <datedepense>2021-02-24</datedepense>
        <datepublicationdepense>2022-07-18</datepublicationdepense>
        <montantdepense>3784.910000</montantdepense>
        <description>ODC-32 Déplacement des interrupteurs activant la montée ou descente des paniers de basket</description>
        <nomcontractant>Construction Jacques Theoret INC.</nomcontractant>
        <neqcontractant>1143238542</neqcontractant>
      </depense>
      <depense>
        <datedepense>2020-06-22</datedepense>
        <datepublicationdepense>2022-07-18</datepublicationdepense>
        <montantdepense>2129.450000</montantdepense>
        <description>ODC-33 Nettoyage des évents bouchés au niveau de la toiture.</description>
        <nomcontractant>Construction Jacques Theoret INC.</nomcontractant>
        <neqcontractant>1143238542</neqcontractant>
      </depense>
      <depense>
        <datedepense>2020-06-22</datedepense>
        <datepublicationdepense>2022-07-18</datepublicationdepense>
        <montantdepense>206.800000</montantdepense>
        <description>ODC-34  Ajout de couvercles temporaires pour gradateurs dans le secteur administratif.</description>
        <nomcontractant>Construction Jacques Theoret INC.</nomcontractant>
        <neqcontractant>1143238542</neqcontractant>
      </depense>
      <depense>
        <datedepense>2020-06-22</datedepense>
        <datepublicationdepense>2022-07-18</datepublicationdepense>
        <montantdepense>2502.500000</montantdepense>
        <description>ODC-35 Modification des rampes d'handicapées extérieures du gymnase en asphalte.</description>
        <nomcontractant>Construction Jacques Theoret INC.</nomcontractant>
        <neqcontractant>1143238542</neqcontractant>
      </depense>
      <depense>
        <datedepense>2020-06-22</datedepense>
        <datepublicationdepense>2022-07-18</datepublicationdepense>
        <montantdepense>1297.480000</montantdepense>
        <description>ODC-37 Modification de l'alarme incendie dans le local de menuiserie</description>
        <nomcontractant>Construction Jacques Theoret INC.</nomcontractant>
        <neqcontractant>1143238542</neqcontractant>
      </depense>
      <depense>
        <datedepense>2020-08-28</datedepense>
        <datepublicationdepense>2022-07-18</datepublicationdepense>
        <montantdepense>1573.850000</montantdepense>
        <description>ODC-38 Remplacement du filage électrique de l'ascenseur principal</description>
        <nomcontractant>Construction Jacques Theoret INC.</nomcontractant>
        <neqcontractant>1143238542</neqcontractant>
      </depense>
      <depense>
        <datedepense>2020-10-15</datedepense>
        <datepublicationdepense>2022-07-18</datepublicationdepense>
        <montantdepense>5991.560000</montantdepense>
        <description>ODC 39 - Transposer tous les éléments d'alarme incendie existants. Prévoir filage, les conduits et les boîtes necessaires de l'Asc-1 et Asc-2</description>
        <nomcontractant>Construction Jacques Theoret INC.</nomcontractant>
        <neqcontractant>1143238542</neqcontractant>
      </depense>
      <depense>
        <datedepense>2020-11-27</datedepense>
        <datepublicationdepense>2022-08-24</datepublicationdepense>
        <montantdepense>3806.000000</montantdepense>
        <description>ODC-43 Relocalisation de 4 diffuseurs et l'ajustement de 10 diffuseurs et remplacement de 40 grilles de retour des toilettes</description>
        <nomcontractant>Construction Jacques Theoret INC.</nomcontractant>
        <neqcontractant>1143238542</neqcontractant>
      </depense>
    </depenses>
  </avis>
  <avis>
    <numeroseao>1361116</numeroseao>
    <numero>34410000</numero>
    <depenses>
      <depense>
        <datedepense>2022-08-04</datedepense>
        <datepublicationdepense>2022-08-05</datepublicationdepense>
        <montantdepense>251405.310000</montantdepense>
        <description>Conditions imprévisibles de chantier</description>
        <nomcontractant>Maxi Paysage Inc</nomcontractant>
        <neqcontractant>1161922118</neqcontractant>
      </depense>
    </depenses>
  </avis>
  <avis>
    <numeroseao>1376514</numeroseao>
    <numero>196110035</numero>
    <depenses>
      <depense>
        <datedepense>2019-11-08</datedepense>
        <datepublicationdepense>2020-06-25</datepublicationdepense>
        <montantdepense>2565.130000</montantdepense>
        <description>#1 Ajustement d'honoraires pour relevés et rapports selon la méthode à taux horaire.</description>
        <nomcontractant>Archipel Architecture</nomcontractant>
        <neqcontractant>1166969478</neqcontractant>
      </depense>
      <depense>
        <datedepense>2019-11-18</datedepense>
        <datepublicationdepense>2020-06-25</datepublicationdepense>
        <montantdepense>0.000000</montantdepense>
        <description>#2 Ajustement d'honoraires relatifs à l'expertise de St-Denis Thompson (sous-traitant) selon méthode à forfait = (-2 900.00 $).</description>
        <nomcontractant>Archipel Architecture</nomcontractant>
        <neqcontractant>1166969478</neqcontractant>
      </depense>
      <depense>
        <datedepense>2019-11-18</datedepense>
        <datepublicationdepense>2020-06-25</datepublicationdepense>
        <montantdepense>0.000000</montantdepense>
        <description>#3 Ajustement des frais d'administration = (-290.00 $)</description>
        <nomcontractant>Archipel Architecture</nomcontractant>
        <neqcontractant>1166969478</neqcontractant>
      </depense>
      <depense>
        <datedepense>2020-02-13</datedepense>
        <datepublicationdepense>2020-06-25</datepublicationdepense>
        <montantdepense>334.870000</montantdepense>
        <description>#4 Ajustement honoraires pour Relevés et mise en plan selon la méthode à taux horaire.</description>
        <nomcontractant>Archipel Architecture</nomcontractant>
        <neqcontractant>1166969478</neqcontractant>
      </depense>
      <depense>
        <datedepense>2021-04-16</datedepense>
        <datepublicationdepense>2021-06-09</datepublicationdepense>
        <montantdepense>4000.000000</montantdepense>
        <description>#5 Honoraires pour Gestion des changements en extra selon la méthode à forfait.</description>
        <nomcontractant>Archipel Architecture</nomcontractant>
        <neqcontractant>1166969478</neqcontractant>
      </depense>
      <depense>
        <datedepense>2022-05-09</datedepense>
        <datepublicationdepense>2022-08-09</datepublicationdepense>
        <montantdepense>0.000000</montantdepense>
        <description>#6 - Ajustement des honoraires pour P&amp;D définitifs selon la méthode à pourcentage (-3 472,71 $) .</description>
        <nomcontractant>Archipel Architecture</nomcontractant>
        <neqcontractant>1166969478</neqcontractant>
      </depense>
      <depense>
        <datedepense>2022-05-09</datedepense>
        <datepublicationdepense>2022-08-09</datepublicationdepense>
        <montantdepense>0.000000</montantdepense>
        <description>#7- Ajustement des honoraires de Surveillance de base selon la méthode à pourcentage (-859,81 $).</description>
        <nomcontractant>Archipel Architecture</nomcontractant>
        <neqcontractant>1166969478</neqcontractant>
      </depense>
    </depenses>
  </avis>
  <avis>
    <numeroseao>1391221</numeroseao>
    <numero>2021MCQ215</numero>
    <depenses>
      <depense>
        <datedepense>2022-03-30</datedepense>
        <datepublicationdepense>2022-08-04</datepublicationdepense>
        <montantdepense>267271.290000</montantdepense>
        <description>Modification du nombre de chèques et pages annuels année #3</description>
        <nomcontractant>MédiSolution</nomcontractant>
        <neqcontractant>1166129388</neqcontractant>
      </depense>
      <depense>
        <datedepense>2021-05-20</datedepense>
        <datepublicationdepense>2022-08-04</datepublicationdepense>
        <montantdepense>386584.260000</montantdepense>
        <description>Chèques et pages excédentaires année #1</description>
        <nomcontractant>MédiSolution</nomcontractant>
        <neqcontractant>1166129388</neqcontractant>
      </depense>
      <depense>
        <datedepense>2022-06-06</datedepense>
        <datepublicationdepense>2022-08-04</datepublicationdepense>
        <montantdepense>657533.060000</montantdepense>
        <description>Chèques et pages excédentaires année #2</description>
        <nomcontractant>MédiSolution</nomcontractant>
        <neqcontractant>1166129388</neqcontractant>
      </depense>
    </depenses>
  </avis>
  <avis>
    <numeroseao>1395766</numeroseao>
    <numero>IM702889 / SE267308</numero>
    <depenses>
      <depense>
        <datedepense>2021-01-18</datedepense>
        <datepublicationdepense>2021-02-04</datepublicationdepense>
        <montantdepense>11070.000000</montantdepense>
        <description>Honoraires supplémentaires en lien avec l’analyse structurale de la dalle à l’axe H-22</description>
        <nomcontractant>WSP Canada inc.</nomcontractant>
        <neqcontractant>1148357057</neqcontractant>
      </depense>
      <depense>
        <datedepense>2022-07-12</datedepense>
        <datepublicationdepense>2022-07-12</datepublicationdepense>
        <montantdepense>11000.000000</montantdepense>
        <description>Honoraires supplémentaires requis pour les travaux de réfection relatifs au chemin d'accès Est</description>
        <nomcontractant>WSP Canada inc.</nomcontractant>
        <neqcontractant>1148357057</neqcontractant>
      </depense>
    </depenses>
  </avis>
  <avis>
    <numeroseao>1396432</numeroseao>
    <numero>BC-310229</numero>
    <depenses>
      <depense>
        <datedepense>2020-11-03</datedepense>
        <datepublicationdepense>2020-11-19</datepublicationdepense>
        <montantdepense>3000.000000</montantdepense>
        <description>Rehaussement</description>
        <nomcontractant>LLA Architecture</nomcontractant>
        <neqcontractant>1174064932</neqcontractant>
      </depense>
      <depense>
        <datedepense>2022-07-29</datedepense>
        <datepublicationdepense>2022-07-29</datepublicationdepense>
        <montantdepense>43884.000000</montantdepense>
        <description> Rehaussement de contrat de services professionnels</description>
        <nomcontractant>LLA Architecture</nomcontractant>
        <neqcontractant>1174064932</neqcontractant>
      </depense>
    </depenses>
  </avis>
  <avis>
    <numeroseao>1400775</numeroseao>
    <numero>36700500</numero>
    <depenses>
      <depense>
        <datedepense>2022-02-28</datedepense>
        <datepublicationdepense>2022-03-01</datepublicationdepense>
        <montantdepense>1106654.720000</montantdepense>
        <description>Erreur omission, Conditions imprévisible de chantier</description>
        <nomcontractant>Beauvais et Verret Inc</nomcontractant>
        <neqcontractant>1166261025</neqcontractant>
      </depense>
      <depense>
        <datedepense>2022-06-03</datedepense>
        <datepublicationdepense>2022-06-08</datepublicationdepense>
        <montantdepense>31176.230000</montantdepense>
        <description>Imprévus de chantier</description>
        <nomcontractant>Beauvais et Verret Inc</nomcontractant>
        <neqcontractant>1166261025</neqcontractant>
      </depense>
      <depense>
        <datedepense>2022-06-13</datedepense>
        <datepublicationdepense>2022-06-13</datepublicationdepense>
        <montantdepense>8221.580000</montantdepense>
        <description>Imprévus de chantier</description>
        <nomcontractant>Beauvais et Verret Inc</nomcontractant>
        <neqcontractant>1166261025</neqcontractant>
      </depense>
      <depense>
        <datedepense>2022-07-05</datedepense>
        <datepublicationdepense>2022-07-13</datepublicationdepense>
        <montantdepense>8603.100000</montantdepense>
        <description>Imprévus de chantier</description>
        <nomcontractant>Beauvais et Verret Inc</nomcontractant>
        <neqcontractant>1166261025</neqcontractant>
      </depense>
      <depense>
        <datedepense>2022-07-18</datedepense>
        <datepublicationdepense>2022-08-02</datepublicationdepense>
        <montantdepense>6041.070000</montantdepense>
        <description>Modification mineure</description>
        <nomcontractant>Beauvais et Verret Inc</nomcontractant>
        <neqcontractant>1166261025</neqcontractant>
      </depense>
    </depenses>
  </avis>
  <avis>
    <numeroseao>1407616</numeroseao>
    <numero>44518992</numero>
    <depenses>
      <depense>
        <datedepense>2021-03-01</datedepense>
        <datepublicationdepense>2021-04-15</datepublicationdepense>
        <montantdepense>8500.000000</montantdepense>
        <description>Honoraires structure et points de contrôles</description>
        <nomcontractant>CIMA+</nomcontractant>
        <neqcontractant>3340563140</neqcontractant>
      </depense>
      <depense>
        <datedepense>2021-10-01</datedepense>
        <datepublicationdepense>2021-12-10</datepublicationdepense>
        <montantdepense>2918.000000</montantdepense>
        <description>Surveillance en structure durant la construction</description>
        <nomcontractant>CIMA+</nomcontractant>
        <neqcontractant>3340563140</neqcontractant>
      </depense>
      <depense>
        <datedepense>2022-06-21</datedepense>
        <datepublicationdepense>2022-07-12</datepublicationdepense>
        <montantdepense>0.010000</montantdepense>
        <description>DADS - Erreur n'a pas à être publiée</description>
        <nomcontractant>CIMA+</nomcontractant>
        <neqcontractant>3340563140</neqcontractant>
      </depense>
      <depense>
        <datedepense>2022-08-24</datedepense>
        <datepublicationdepense>2022-08-24</datepublicationdepense>
        <montantdepense>5279.760000</montantdepense>
        <description>Avenant 3</description>
        <nomcontractant>CIMA+</nomcontractant>
        <neqcontractant>3340563140</neqcontractant>
      </depense>
    </depenses>
  </avis>
  <avis>
    <numeroseao>1428389</numeroseao>
    <numero>2021-42222</numero>
    <depenses>
      <depense>
        <datedepense>2022-05-03</datedepense>
        <datepublicationdepense>2022-05-25</datepublicationdepense>
        <montantdepense>373793.000000</montantdepense>
        <description>Suite à une étude du système de ventilation existant. Il est nécessaire d'installer de nouvelles centrales d'airs. Permettre également la prise en charge des autres locaux dans le secteur sous-terrain de radio-oncologie. Cet avenant est donc directement en lien avec le projet de construction.</description>
        <nomcontractant>ESPACE VITAL architecture</nomcontractant>
        <neqcontractant>1161556189</neqcontractant>
      </depense>
      <depense>
        <datedepense>2022-06-09</datedepense>
        <datepublicationdepense>2022-08-08</datepublicationdepense>
        <montantdepense>533650.000000</montantdepense>
        <description>Changement de portée du projet. Le système actuel n'a pas la capacité pour répondre au débit d'air requis du projet. Installations nouvelles centrales d'aires et des refroidisseurs</description>
        <nomcontractant>Les Services EXP Inc</nomcontractant>
        <neqcontractant>1167268128</neqcontractant>
      </depense>
    </depenses>
  </avis>
  <avis>
    <numeroseao>1436857</numeroseao>
    <numero>CISSSLAU-MM-AO-20201030</numero>
    <depenses>
      <depense>
        <datedepense>2021-10-13</datedepense>
        <datepublicationdepense>2022-07-21</datepublicationdepense>
        <montantdepense>90044.820000</montantdepense>
        <description>Scarification d'une dalle de 10mm au bassins sud septembre</description>
        <nomcontractant>Constech_</nomcontractant>
        <neqcontractant>1165400202</neqcontractant>
      </depense>
      <depense>
        <datedepense>2021-11-18</datedepense>
        <datepublicationdepense>2022-07-21</datepublicationdepense>
        <montantdepense>84298.730000</montantdepense>
        <description>Scarification dalle 10mm bassins sud octobre</description>
        <nomcontractant>Constech_</nomcontractant>
        <neqcontractant>1165400202</neqcontractant>
      </depense>
      <depense>
        <datedepense>2021-09-15</datedepense>
        <datepublicationdepense>2022-08-03</datepublicationdepense>
        <montantdepense>14983.540000</montantdepense>
        <description>Démantèlement ligne de 4 PVC et installer un DAR de 4" dans la salle de filtration</description>
        <nomcontractant>Constech_</nomcontractant>
        <neqcontractant>1165400202</neqcontractant>
      </depense>
      <depense>
        <datedepense>2021-11-18</datedepense>
        <datepublicationdepense>2022-08-03</datepublicationdepense>
        <montantdepense>11710.270000</montantdepense>
        <description>Réparation des dalles existantes salle filtreurs, tests d'arrachement supplémentaires et percement d'une tige de contrôle vanne</description>
        <nomcontractant>Constech_</nomcontractant>
        <neqcontractant>1165400202</neqcontractant>
      </depense>
      <depense>
        <datedepense>2021-12-01</datedepense>
        <datepublicationdepense>2022-08-03</datepublicationdepense>
        <montantdepense>30547.530000</montantdepense>
        <description>Réparation supplémentaire des bassins</description>
        <nomcontractant>Constech_</nomcontractant>
        <neqcontractant>1165400202</neqcontractant>
      </depense>
      <depense>
        <datedepense>2021-12-01</datedepense>
        <datepublicationdepense>2022-08-03</datepublicationdepense>
        <montantdepense>40544.520000</montantdepense>
        <description>Ajustement en plomberie, nouvelle demande pour la salle des pompes, changement de position de la conduite d'alimentation des bassins et changer les joints de type Fermco</description>
        <nomcontractant>Constech_</nomcontractant>
        <neqcontractant>1165400202</neqcontractant>
      </depense>
      <depense>
        <datedepense>2022-01-06</datedepense>
        <datepublicationdepense>2022-08-03</datepublicationdepense>
        <montantdepense>13585.850000</montantdepense>
        <description>Nouveau tuyau sanitaire à partir de la salle des pompes et conduite existante</description>
        <nomcontractant>Constech_</nomcontractant>
        <neqcontractant>1165400202</neqcontractant>
      </depense>
      <depense>
        <datedepense>2022-01-19</datedepense>
        <datepublicationdepense>2022-08-03</datepublicationdepense>
        <montantdepense>26522.140000</montantdepense>
        <description>Frais de prolongation (décembre 2021)</description>
        <nomcontractant>Constech_</nomcontractant>
        <neqcontractant>1165400202</neqcontractant>
      </depense>
      <depense>
        <datedepense>2022-02-16</datedepense>
        <datepublicationdepense>2022-08-03</datepublicationdepense>
        <montantdepense>14035.350000</montantdepense>
        <description>Frais de conditions d'hiver</description>
        <nomcontractant>Constech_</nomcontractant>
        <neqcontractant>1165400202</neqcontractant>
      </depense>
      <depense>
        <datedepense>2022-03-16</datedepense>
        <datepublicationdepense>2022-08-03</datepublicationdepense>
        <montantdepense>16868.390000</montantdepense>
        <description>Ajout d'une 3e sonde de pression sur le surpresseur et ajout d'une valve de maintien de pression</description>
        <nomcontractant>Constech_</nomcontractant>
        <neqcontractant>1165400202</neqcontractant>
      </depense>
      <depense>
        <datedepense>2022-03-30</datedepense>
        <datepublicationdepense>2022-08-03</datepublicationdepense>
        <montantdepense>15486.300000</montantdepense>
        <description>2e tests d'arrachement</description>
        <nomcontractant>Constech_</nomcontractant>
        <neqcontractant>1165400202</neqcontractant>
      </depense>
    </depenses>
  </avis>
  <avis>
    <numeroseao>1446430</numeroseao>
    <numero>44519536</numero>
    <depenses>
      <depense>
        <datedepense>2022-08-26</datedepense>
        <datepublicationdepense>2022-08-04</datepublicationdepense>
        <montantdepense>473382.430000</montantdepense>
        <description>Modifications au contrat 44519536 (ODC 01 à 09)</description>
        <nomcontractant>Groupe Décarel-Sidcan</nomcontractant>
        <neqcontractant>1146738910</neqcontractant>
      </depense>
      <depense>
        <datedepense>2022-08-26</datedepense>
        <datepublicationdepense>2022-08-04</datepublicationdepense>
        <montantdepense>265534.340000</montantdepense>
        <description>Modifications au contrat 44519538 (ODC 01 à 021)</description>
        <nomcontractant>Groupe Décarel-Sidcan</nomcontractant>
        <neqcontractant>1146738910</neqcontractant>
      </depense>
      <depense>
        <datedepense>2022-08-26</datedepense>
        <datepublicationdepense>2022-08-26</datepublicationdepense>
        <montantdepense>57173.100000</montantdepense>
        <description>Modifications au contrat 44519536 (ODC 011 à 018)</description>
        <nomcontractant>Groupe Décarel-Sidcan</nomcontractant>
        <neqcontractant>1146738910</neqcontractant>
      </depense>
    </depenses>
  </avis>
  <avis>
    <numeroseao>1450173</numeroseao>
    <numero>007-007-44396,45709</numero>
    <depenses>
      <depense>
        <datedepense>2021-07-06</datedepense>
        <datepublicationdepense>2022-05-03</datepublicationdepense>
        <montantdepense>10497.420000</montantdepense>
        <description>AV-01 - modification quincaillerie des portes et changement de contrôle d'accès</description>
        <nomcontractant>Construction Serge Bergeron  Inc.</nomcontractant>
        <neqcontractant>1173424731</neqcontractant>
      </depense>
      <depense>
        <datedepense>2021-08-12</datedepense>
        <datepublicationdepense>2022-05-03</datepublicationdepense>
        <montantdepense>1829.190000</montantdepense>
        <description>AV-02 - travaux divers</description>
        <nomcontractant>Construction Serge Bergeron  Inc.</nomcontractant>
        <neqcontractant>1173424731</neqcontractant>
      </depense>
      <depense>
        <datedepense>2021-11-19</datedepense>
        <datepublicationdepense>2022-08-29</datepublicationdepense>
        <montantdepense>34227.510000</montantdepense>
        <description>AV-03 - démolition et forage additionnel</description>
        <nomcontractant>Construction Serge Bergeron  Inc.</nomcontractant>
        <neqcontractant>1173424731</neqcontractant>
      </depense>
      <depense>
        <datedepense>2022-04-29</datedepense>
        <datepublicationdepense>2022-08-29</datepublicationdepense>
        <montantdepense>2959.120000</montantdepense>
        <description>AV-04 - Ajout supports lavabo</description>
        <nomcontractant>Construction Serge Bergeron  Inc.</nomcontractant>
        <neqcontractant>1173424731</neqcontractant>
      </depense>
    </depenses>
  </avis>
  <avis>
    <numeroseao>1452701</numeroseao>
    <numero>20-4425</numero>
    <depenses>
      <depense>
        <datedepense>2021-12-16</datedepense>
        <datepublicationdepense>2022-08-18</datepublicationdepense>
        <montantdepense>50800.140000</montantdepense>
        <description>Condition de chantier, erreurs et omissions.</description>
        <nomcontractant>Construction TransParent</nomcontractant>
        <neqcontractant>1166552357</neqcontractant>
      </depense>
      <depense>
        <datedepense>2022-03-18</datedepense>
        <datepublicationdepense>2022-08-18</datepublicationdepense>
        <montantdepense>2143.150000</montantdepense>
        <description>Condition de chantier, erreurs et omissions</description>
        <nomcontractant>Construction TransParent</nomcontractant>
        <neqcontractant>1166552357</neqcontractant>
      </depense>
    </depenses>
  </avis>
  <avis>
    <numeroseao>1455278</numeroseao>
    <numero>015-041-44401-45710-45711</numero>
    <depenses>
      <depense>
        <datedepense>2021-08-12</datedepense>
        <datepublicationdepense>2022-05-03</datepublicationdepense>
        <montantdepense>1247.540000</montantdepense>
        <description>AV01 et AV-02 - Retrait et lissage mortier pour structure de jeu, installation des fenêtres et crédit pour modification de fenestration</description>
        <nomcontractant>Genium Construction</nomcontractant>
        <neqcontractant>1172502289</neqcontractant>
      </depense>
      <depense>
        <datedepense>2021-08-27</datedepense>
        <datepublicationdepense>2022-05-03</datepublicationdepense>
        <montantdepense>14428.220000</montantdepense>
        <description>AV-03 - Isolation de solin, assemblage équipements sportifs et ajustement mise à la terre</description>
        <nomcontractant>Genium Construction</nomcontractant>
        <neqcontractant>1172502289</neqcontractant>
      </depense>
      <depense>
        <datedepense>2021-10-20</datedepense>
        <datepublicationdepense>2022-05-03</datepublicationdepense>
        <montantdepense>86701.080000</montantdepense>
        <description>AV-04 - Modification du contre-parement et ajouts de support d'acier pour le nouveau revêtement</description>
        <nomcontractant>Genium Construction</nomcontractant>
        <neqcontractant>1172502289</neqcontractant>
      </depense>
      <depense>
        <datedepense>2021-11-11</datedepense>
        <datepublicationdepense>2022-05-03</datepublicationdepense>
        <montantdepense>41958.920000</montantdepense>
        <description>AV-05 - Remplacement de maçonnerie</description>
        <nomcontractant>Genium Construction</nomcontractant>
        <neqcontractant>1172502289</neqcontractant>
      </depense>
      <depense>
        <datedepense>2021-12-08</datedepense>
        <datepublicationdepense>2022-05-03</datepublicationdepense>
        <montantdepense>1364.280000</montantdepense>
        <description>AV-06 - Ajout de panneaux de tympan</description>
        <nomcontractant>Genium Construction</nomcontractant>
        <neqcontractant>1172502289</neqcontractant>
      </depense>
      <depense>
        <datedepense>2021-12-08</datedepense>
        <datepublicationdepense>2022-05-03</datepublicationdepense>
        <montantdepense>8458.830000</montantdepense>
        <description>AV-07 - Ajout de supports d'acier pour nouveau revêtement</description>
        <nomcontractant>Genium Construction</nomcontractant>
        <neqcontractant>1172502289</neqcontractant>
      </depense>
    </depenses>
  </avis>
  <avis>
    <numeroseao>1479261</numeroseao>
    <numero>20-21-70</numero>
    <depenses>
      <depense>
        <datedepense>2021-07-14</datedepense>
        <datepublicationdepense>2022-07-11</datepublicationdepense>
        <montantdepense>53745.520000</montantdepense>
        <description>ODC #1 à 4 : 57 645,52 $; ODC #5 : Crédit de 3 900 $</description>
        <nomcontractant>2696894 Canada inc. (Qualitech Construction)</nomcontractant>
        <neqcontractant>1145456662</neqcontractant>
      </depense>
    </depenses>
  </avis>
  <avis>
    <numeroseao>1489202</numeroseao>
    <numero>2022-0244</numero>
    <depenses>
      <depense>
        <datedepense>2022-06-03</datedepense>
        <datepublicationdepense>2022-08-08</datepublicationdepense>
        <montantdepense>19035.000000</montantdepense>
        <description>Ajustement des honoraires en fonction de l'estimé des professionnels à l'étape SDC</description>
        <nomcontractant>I.M.E. Experts-Conseils inc.</nomcontractant>
        <neqcontractant>1168503408</neqcontractant>
      </depense>
    </depenses>
  </avis>
  <avis>
    <numeroseao>1491393</numeroseao>
    <numero>6812-21-1008</numero>
    <depenses>
      <depense>
        <datedepense>2022-08-10</datedepense>
        <datepublicationdepense>2022-08-18</datepublicationdepense>
        <montantdepense>125122.350000</montantdepense>
        <description>Dépassement relié à des variations de quantité et/ou des modifications au contrat de construction ou de services de nature technique.</description>
        <nomcontractant>Inter-Cité Construction Ltée</nomcontractant>
        <neqcontractant>1143991546</neqcontractant>
      </depense>
    </depenses>
  </avis>
  <avis>
    <numeroseao>1497741</numeroseao>
    <numero>212200038</numero>
    <depenses>
      <depense>
        <datedepense>2022-01-20</datedepense>
        <datepublicationdepense>2022-02-07</datepublicationdepense>
        <montantdepense>125819.310000</montantdepense>
        <description>11 avenants menant au dépassement du 10% au 12 avenant.</description>
        <nomcontractant>Construction Camax Inc</nomcontractant>
        <neqcontractant>1167731869</neqcontractant>
      </depense>
      <depense>
        <datedepense>2022-02-07</datedepense>
        <datepublicationdepense>2022-02-07</datepublicationdepense>
        <montantdepense>10798.180000</montantdepense>
        <description>Dépassement du 10% au 12e avenant.</description>
        <nomcontractant>Construction Camax Inc</nomcontractant>
        <neqcontractant>1167731869</neqcontractant>
      </depense>
      <depense>
        <datedepense>2022-03-17</datedepense>
        <datepublicationdepense>2022-03-23</datepublicationdepense>
        <montantdepense>4635.040000</montantdepense>
        <description>Avenants 13-14-15-16</description>
        <nomcontractant>Construction Camax Inc</nomcontractant>
        <neqcontractant>1167731869</neqcontractant>
      </depense>
      <depense>
        <datedepense>2022-03-25</datedepense>
        <datepublicationdepense>2022-03-31</datepublicationdepense>
        <montantdepense>6951.850000</montantdepense>
        <description>Avenant numéro 17 MOD-25 DC-ME-02, DC-ME-05,  MOD-43 DC-ME-37 et MOD-48 DC-M/-38</description>
        <nomcontractant>Construction Camax Inc</nomcontractant>
        <neqcontractant>1167731869</neqcontractant>
      </depense>
      <depense>
        <datedepense>2022-03-28</datedepense>
        <datepublicationdepense>2022-03-31</datepublicationdepense>
        <montantdepense>28670.990000</montantdepense>
        <description>Avenant numéro 18 MOD-48 DC-M/-38, MOD-31 DC-ME-11, DC-ME-12 et MOD-32 DC-ME-13, DC-ME-15 rév.1</description>
        <nomcontractant>Construction Camax Inc</nomcontractant>
        <neqcontractant>1167731869</neqcontractant>
      </depense>
      <depense>
        <datedepense>2022-04-06</datedepense>
        <datepublicationdepense>2022-04-14</datepublicationdepense>
        <montantdepense>4111.890000</montantdepense>
        <description>Avenant numéro 19 MOD-47 Coûts prolongation chantier</description>
        <nomcontractant>Construction Camax Inc</nomcontractant>
        <neqcontractant>1167731869</neqcontractant>
      </depense>
      <depense>
        <datedepense>2022-04-12</datedepense>
        <datepublicationdepense>2022-04-14</datepublicationdepense>
        <montantdepense>460.820000</montantdepense>
        <description>Avenant numéro 20 MOD-48 DC-A-29</description>
        <nomcontractant>Construction Camax Inc</nomcontractant>
        <neqcontractant>1167731869</neqcontractant>
      </depense>
      <depense>
        <datedepense>2022-07-12</datedepense>
        <datepublicationdepense>2022-08-19</datepublicationdepense>
        <montantdepense>4872.470000</montantdepense>
        <description>Avenant 21 MOD-48-49-50</description>
        <nomcontractant>Construction Camax Inc</nomcontractant>
        <neqcontractant>1167731869</neqcontractant>
      </depense>
    </depenses>
  </avis>
  <avis>
    <numeroseao>1512316</numeroseao>
    <numero>44523232</numero>
    <depenses>
      <depense>
        <datedepense>2022-06-23</datedepense>
        <datepublicationdepense>2022-08-12</datepublicationdepense>
        <montantdepense>740720.410000</montantdepense>
        <description>Divers imprévus de chantier (ODC 1 à 18) : Modification du déboisement, surexcavation, condition d'hiver, tranchées pour plomberie, modification réseau d'aqueduc...</description>
        <nomcontractant>Loiselle inc.</nomcontractant>
        <neqcontractant>1142482703</neqcontractant>
      </depense>
    </depenses>
  </avis>
  <avis>
    <numeroseao>1513767</numeroseao>
    <numero>44522739</numero>
    <depenses>
      <depense>
        <datedepense>2022-07-18</datedepense>
        <datepublicationdepense>2022-08-16</datepublicationdepense>
        <montantdepense>0.000000</montantdepense>
        <description>Selon LCOP aucune dépense supérieure à 10%</description>
        <nomcontractant>Grondin Acoustique Inc.</nomcontractant>
        <neqcontractant>1164804842</neqcontractant>
      </depense>
    </depenses>
  </avis>
  <avis>
    <numeroseao>1526910</numeroseao>
    <numero>9112-21-HZ01</numero>
    <depenses>
      <depense>
        <datedepense>2022-02-16</datedepense>
        <datepublicationdepense>2022-08-02</datepublicationdepense>
        <montantdepense>3345.000000</montantdepense>
        <description>Dépassement relié à des modifications au contrat de services professionnels.</description>
        <nomcontractant>WSP Canada inc.</nomcontractant>
        <neqcontractant>1148357057</neqcontractant>
      </depense>
    </depenses>
  </avis>
  <avis>
    <numeroseao>1535734</numeroseao>
    <numero>44524673</numero>
    <depenses>
      <depense>
        <datedepense>2022-05-19</datedepense>
        <datepublicationdepense>2022-08-22</datepublicationdepense>
        <montantdepense>1613.470000</montantdepense>
        <description>Ajout de détecteur de radon Bloc Sportif</description>
        <nomcontractant>BBP Énergie Ltée</nomcontractant>
        <neqcontractant>1144052066</neqcontractant>
      </depense>
      <depense>
        <datedepense>2022-05-24</datedepense>
        <datepublicationdepense>2022-08-22</datepublicationdepense>
        <montantdepense>29461.340000</montantdepense>
        <description>Ajout contournement sur variateurs (EFV)</description>
        <nomcontractant>BBP Énergie Ltée</nomcontractant>
        <neqcontractant>1144052066</neqcontractant>
      </depense>
      <depense>
        <datedepense>2022-05-25</datedepense>
        <datepublicationdepense>2022-08-22</datepublicationdepense>
        <montantdepense>2006.640000</montantdepense>
        <description>Divers en ventilation en réponse aux QRT-331,387,400 et 409 suite aux demande de l'ingénieur</description>
        <nomcontractant>BBP Énergie Ltée</nomcontractant>
        <neqcontractant>1144052066</neqcontractant>
      </depense>
      <depense>
        <datedepense>2022-05-24</datedepense>
        <datepublicationdepense>2022-08-22</datepublicationdepense>
        <montantdepense>16643.240000</montantdepense>
        <description>Ajout de sondes d'humidité et de sondes de température avec affichage.</description>
        <nomcontractant>BBP Énergie Ltée</nomcontractant>
        <neqcontractant>1144052066</neqcontractant>
      </depense>
      <depense>
        <datedepense>2022-05-27</datedepense>
        <datepublicationdepense>2022-08-22</datepublicationdepense>
        <montantdepense>704.830000</montantdepense>
        <description>Clarification aux boîtes VAV/Serpentin Elec et Modification des filtres des laboratoires.</description>
        <nomcontractant>BBP Énergie Ltée</nomcontractant>
        <neqcontractant>1144052066</neqcontractant>
      </depense>
      <depense>
        <datedepense>2022-06-20</datedepense>
        <datepublicationdepense>2022-08-22</datepublicationdepense>
        <montantdepense>1928.060000</montantdepense>
        <description>Revue Accréditation LEED</description>
        <nomcontractant>BBP Énergie Ltée</nomcontractant>
        <neqcontractant>1144052066</neqcontractant>
      </depense>
      <depense>
        <datedepense>2022-07-08</datedepense>
        <datepublicationdepense>2022-08-22</datepublicationdepense>
        <montantdepense>11648.990000</montantdepense>
        <description>Ajout de sondes dans les locaux à haute densité</description>
        <nomcontractant>BBP Énergie Ltée</nomcontractant>
        <neqcontractant>1144052066</neqcontractant>
      </depense>
      <depense>
        <datedepense>2022-07-07</datedepense>
        <datepublicationdepense>2022-08-22</datepublicationdepense>
        <montantdepense>8014.140000</montantdepense>
        <description>Ajout évacuateurs pour radon bloc sportif et ajustement au tableau des boites VAV.</description>
        <nomcontractant>BBP Énergie Ltée</nomcontractant>
        <neqcontractant>1144052066</neqcontractant>
      </depense>
      <depense>
        <datedepense>2022-07-11</datedepense>
        <datepublicationdepense>2022-08-22</datepublicationdepense>
        <montantdepense>9128.540000</montantdepense>
        <description>Ajout de sondes dans les locaux à haute densité</description>
        <nomcontractant>BBP Énergie Ltée</nomcontractant>
        <neqcontractant>1144052066</neqcontractant>
      </depense>
      <depense>
        <datedepense>2022-08-16</datedepense>
        <datepublicationdepense>2022-08-22</datepublicationdepense>
        <montantdepense>83157.500000</montantdepense>
        <description>ODC 12  84 973.00$ - ODC 006 (1815.50) = 83 157.50$ </description>
        <nomcontractant>BBP Énergie Ltée</nomcontractant>
        <neqcontractant>1144052066</neqcontractant>
      </depense>
    </depenses>
  </avis>
  <avis>
    <numeroseao>1536705</numeroseao>
    <numero>CS20210233</numero>
    <depenses>
      <depense>
        <datedepense>2022-08-15</datedepense>
        <datepublicationdepense>2022-08-11</datepublicationdepense>
        <montantdepense>113607.500000</montantdepense>
        <description>MOI TELEPHONISTES HSCM - AMENDEMENT AU CONTRAT</description>
        <nomcontractant>EXCEL PERSONNEL INC.</nomcontractant>
        <neqcontractant>1145909538</neqcontractant>
      </depense>
    </depenses>
  </avis>
  <avis>
    <numeroseao>1544093</numeroseao>
    <numero>2021-1490</numero>
    <depenses>
      <depense>
        <datedepense>2022-04-21</datedepense>
        <datepublicationdepense>2022-05-11</datepublicationdepense>
        <montantdepense>2462.880000</montantdepense>
        <description> Modification porte automatique, eau refroidie et gaz médicaux. Relocalisation intercom.</description>
        <nomcontractant>CONSTRUCTION GESMO INC.</nomcontractant>
        <neqcontractant>1143399724</neqcontractant>
      </depense>
      <depense>
        <datedepense>2022-06-22</datedepense>
        <datepublicationdepense>2022-07-28</datepublicationdepense>
        <montantdepense>82150.360000</montantdepense>
        <description>Ajout d'un chemin de câbles, remplacement du panneau B et ménage électrique dans les corridors nord et sud, ODC 2 et 3</description>
        <nomcontractant>CONSTRUCTION GESMO INC.</nomcontractant>
        <neqcontractant>1143399724</neqcontractant>
      </depense>
      <depense>
        <datedepense>2022-08-17</datedepense>
        <datepublicationdepense>2022-08-25</datepublicationdepense>
        <montantdepense>9211.450000</montantdepense>
        <description>Modification du réseau d’eau refroidie + annulation de certain frais de plomberie, Mécanique et électricité sont directement prise en charge par l'IUGM (ODC 4 et 5)</description>
        <nomcontractant>CONSTRUCTION GESMO INC.</nomcontractant>
        <neqcontractant>1143399724</neqcontractant>
      </depense>
    </depenses>
  </avis>
  <avis>
    <numeroseao>1572545</numeroseao>
    <numero>2108EG</numero>
    <depenses>
      <depense>
        <datedepense>2022-05-06</datedepense>
        <datepublicationdepense>2022-08-30</datepublicationdepense>
        <montantdepense>11102.450000</montantdepense>
        <description>ODC01 - modification du type d'éclairage de luminaires</description>
        <nomcontractant>2630-3818 QUÉBEC INC.</nomcontractant>
        <neqcontractant>1142033308</neqcontractant>
      </depense>
      <depense>
        <datedepense>2022-07-05</datedepense>
        <datepublicationdepense>2022-08-30</datepublicationdepense>
        <montantdepense>4728.450000</montantdepense>
        <description>ODC02 - modification sur les travaux électrique (caméra de surveillance)</description>
        <nomcontractant>2630-3818 QUÉBEC INC.</nomcontractant>
        <neqcontractant>1142033308</neqcontractant>
      </depense>
      <depense>
        <datedepense>2022-07-07</datedepense>
        <datepublicationdepense>2022-08-30</datepublicationdepense>
        <montantdepense>9654.760000</montantdepense>
        <description>ODC03 - modification sur les travaux électrique (détecteur de fumée)</description>
        <nomcontractant>2630-3818 QUÉBEC INC.</nomcontractant>
        <neqcontractant>1142033308</neqcontractant>
      </depense>
    </depenses>
  </avis>
  <avis>
    <numeroseao>1580580</numeroseao>
    <numero>2022-1814</numero>
    <depenses>
      <depense>
        <datedepense>2022-07-12</datedepense>
        <datepublicationdepense>2022-08-22</datepublicationdepense>
        <montantdepense>6791.000000</montantdepense>
        <description>Après une connaissance plus approfondit du dossier, nous avons demandé une activité supplémentaire, qui est l'analyse des réclamations.</description>
        <nomcontractant>STRATÉGIA CONSEIL INC.</nomcontractant>
        <neqcontractant>1160687647</neqcontractant>
      </depense>
    </depenses>
  </avis>
  <avis>
    <numeroseao>1590191</numeroseao>
    <numero>CT-2021-5022</numero>
    <depenses>
      <depense>
        <datedepense>2022-07-26</datedepense>
        <datepublicationdepense>2022-08-04</datepublicationdepense>
        <montantdepense>10000.000000</montantdepense>
        <description>L’agence Kabane s’est associée à la maison de production Roméo et fils pour la réalisation de la campagne publicitaire de BAnQ.</description>
        <nomcontractant>KABANE AGENCE DE MARQUES INC.</nomcontractant>
        <neqcontractant>1172514011</neqcontractant>
      </depense>
    </depenses>
  </avis>
  <avis>
    <numeroseao>1598207</numeroseao>
    <numero>2022APP216</numero>
    <depenses>
      <depense>
        <datedepense>2022-06-27</datedepense>
        <datepublicationdepense>2022-06-27</datepublicationdepense>
        <montantdepense>1873.080000</montantdepense>
        <description>ODC-1</description>
        <nomcontractant>LOGIC-CONTRÔLE INC.</nomcontractant>
        <neqcontractant>1143212984</neqcontractant>
      </depense>
    </depenses>
  </avis>
  <avis>
    <numeroseao>1606157</numeroseao>
    <numero>499108</numero>
    <depenses>
      <depense>
        <datedepense>2022-08-05</datedepense>
        <datepublicationdepense>2022-08-04</datepublicationdepense>
        <montantdepense>2859.450000</montantdepense>
        <description>Travaux supplémentaires </description>
        <nomcontractant>HYDRAULIQUES R. &amp; O. SERVICES INC.</nomcontractant>
        <neqcontractant>1176190297</neqcontractant>
      </depense>
    </depenses>
  </avis>
  <avis>
    <numeroseao>1627086</numeroseao>
    <numero>22-30-GG-A-31399</numero>
    <depenses>
      <depense>
        <datedepense>2022-07-22</datedepense>
        <datepublicationdepense>2022-07-22</datepublicationdepense>
        <montantdepense>40001.390000</montantdepense>
        <description>Ajout d'un troisieme village a la commande</description>
        <nomcontractant>MATERIAUX PONT MASSON INC.</nomcontractant>
        <neqcontractant>1142940056</neqcontractant>
      </depense>
      <depense>
        <datedepense>2022-08-11</datedepense>
        <datepublicationdepense>2022-08-11</datepublicationdepense>
        <montantdepense>74761.100000</montantdepense>
        <description>Ajout de matériel en date du 11 août 2022 pour embarquement au dernier navire pour le Nord du Québec le 15 septembre.</description>
        <nomcontractant>MATERIAUX PONT MASSON INC.</nomcontractant>
        <neqcontractant>1142940056</neqcontractant>
      </depense>
      <depense>
        <datedepense>2022-08-11</datedepense>
        <datepublicationdepense>2022-08-24</datepublicationdepense>
        <montantdepense>0.000000</montantdepense>
        <description>.</description>
        <nomcontractant>MATERIAUX PONT MASSON INC.</nomcontractant>
        <neqcontractant>1142940056</neqcontractant>
      </depense>
      <depense>
        <datedepense>2022-08-31</datedepense>
        <datepublicationdepense>2022-08-31</datepublicationdepense>
        <montantdepense>4232.000000</montantdepense>
        <description>Remplacement d'outil pour salle de bain non disponible sur le marche</description>
        <nomcontractant>MATERIAUX PONT MASSON INC.</nomcontractant>
        <neqcontractant>1142940056</neqcontractant>
      </depense>
    </depenses>
  </avis>
  <avis>
    <numeroseao>1637300</numeroseao>
    <numero>3E0188</numero>
    <depenses>
      <depense>
        <datedepense>2021-04-30</datedepense>
        <datepublicationdepense>2022-08-22</datepublicationdepense>
        <montantdepense>16790.000000</montantdepense>
        <description>Aménagement des bureaux E204, E205 et E206 / Ragréage des blocs de béton</description>
        <nomcontractant>SENTERRE ENTREPRENEUR GÉNÉRAL INC.</nomcontractant>
        <neqcontractant>1163476766</neqcontractant>
      </depense>
      <depense>
        <datedepense>2021-07-05</datedepense>
        <datepublicationdepense>2022-08-22</datepublicationdepense>
        <montantdepense>21063.700000</montantdepense>
        <description>Tuiles acoustiques pour 3 bureaux, aménagements de 3 bureaux et remplacement d'un plafond local E120</description>
        <nomcontractant>SENTERRE ENTREPRENEUR GÉNÉRAL INC.</nomcontractant>
        <neqcontractant>1163476766</neqcontractant>
      </depense>
      <depense>
        <datedepense>2021-09-13</datedepense>
        <datepublicationdepense>2022-08-22</datepublicationdepense>
        <montantdepense>802.000000</montantdepense>
        <description>Démolition supplémentaire gypsde au plafond E120</description>
        <nomcontractant>SENTERRE ENTREPRENEUR GÉNÉRAL INC.</nomcontractant>
        <neqcontractant>1163476766</neqcontractant>
      </depense>
    </depenses>
  </avis>
</export>