<?xml version="1.0" encoding="utf-8"?>
<export xmlns:xsi="http://www.w3.org/2001/XMLSchema-instance" xmlns:xsd="http://www.w3.org/2001/XMLSchema" datedebut="2022-11-01" datefin="2022-11-30">
  <contrat>
    <numeroseao>206015</numeroseao>
    <numero>8706-08-NL01</numero>
    <datefinale>2022-10-12</datefinale>
    <datepublicationfinale>2020-05-06</datepublicationfinale>
    <montantfinal>439766.480000</montantfinal>
    <nomcontractant>L.A. HEBERT LTÉE</nomcontractant>
    <neqcontractant>1143421148</neqcontractant>
  </contrat>
  <contrat>
    <numeroseao>565894</numeroseao>
    <numero>8801-12-0002</numero>
    <datefinale>2022-09-06</datefinale>
    <datepublicationfinale>2020-01-15</datepublicationfinale>
    <montantfinal>6030365.850000</montantfinal>
    <nomcontractant>Terra Location Inc.</nomcontractant>
    <neqcontractant>1164205370</neqcontractant>
  </contrat>
  <contrat>
    <numeroseao>901071</numeroseao>
    <numero>6610-15-NL01</numero>
    <datefinale>2016-04-26</datefinale>
    <datepublicationfinale>2016-07-21</datepublicationfinale>
    <montantfinal>82134.000000</montantfinal>
    <nomcontractant>GIROUX &amp; LESSARD LIMITÉE</nomcontractant>
    <neqcontractant>1143548999</neqcontractant>
  </contrat>
  <contrat>
    <numeroseao>913581</numeroseao>
    <numero>7185-15-NL01</numero>
    <datefinale>2016-04-27</datefinale>
    <datepublicationfinale>2016-07-21</datepublicationfinale>
    <montantfinal>48174.730000</montantfinal>
    <nomcontractant>BETON DALLAIRE LTEE</nomcontractant>
    <neqcontractant>1141891540</neqcontractant>
  </contrat>
  <contrat>
    <numeroseao>916577</numeroseao>
    <numero>2015-220-01-01</numero>
    <datefinale>2022-06-30</datefinale>
    <datepublicationfinale>2022-10-28</datepublicationfinale>
    <montantfinal>18703890.120000</montantfinal>
    <nomcontractant>Stryker Canada ULC</nomcontractant>
    <neqcontractant>1174176587</neqcontractant>
  </contrat>
  <contrat>
    <numeroseao>989358</numeroseao>
    <numero>SI-16-006</numero>
    <datefinale>2021-06-17</datefinale>
    <datepublicationfinale>2021-11-03</datepublicationfinale>
    <montantfinal>3914811.000000</montantfinal>
    <nomcontractant>CHARLES-AUGUSTE FORTIER INC.</nomcontractant>
    <neqcontractant>1142746693</neqcontractant>
  </contrat>
  <contrat>
    <numeroseao>1004568</numeroseao>
    <numero>8609-16-0001</numero>
    <datefinale>2022-11-08</datefinale>
    <datepublicationfinale>2017-03-16</datepublicationfinale>
    <montantfinal>42922.580000</montantfinal>
    <nomcontractant>PAVAGES MASKA INC.</nomcontractant>
    <neqcontractant>1147380647</neqcontractant>
  </contrat>
  <contrat>
    <numeroseao>1010244</numeroseao>
    <numero>8807-16-NO01</numero>
    <datefinale>2021-10-22</datefinale>
    <datepublicationfinale>2022-10-07</datepublicationfinale>
    <montantfinal>64837.500000</montantfinal>
    <nomcontractant>LE GROUPE NEPVEU INC.</nomcontractant>
    <neqcontractant>1146557013</neqcontractant>
  </contrat>
  <contrat>
    <numeroseao>1069619</numeroseao>
    <numero>US-17-L1-533-00</numero>
    <datefinale>2022-10-03</datefinale>
    <datepublicationfinale>2019-08-30</datepublicationfinale>
    <montantfinal>851293.030000</montantfinal>
    <nomcontractant>ASCENSEURS VERTEC INC.</nomcontractant>
    <neqcontractant>1149394703</neqcontractant>
  </contrat>
  <contrat>
    <numeroseao>1084973</numeroseao>
    <numero>6509-17-4521</numero>
    <datefinale>2019-11-27</datefinale>
    <datepublicationfinale>2019-10-30</datepublicationfinale>
    <montantfinal>202367.330000</montantfinal>
    <nomcontractant>Daniel Rousseau inc.</nomcontractant>
    <neqcontractant>1145641347</neqcontractant>
  </contrat>
  <contrat>
    <numeroseao>1128707</numeroseao>
    <numero>VTE 403</numero>
    <datefinale>2022-08-28</datefinale>
    <datepublicationfinale>2021-06-14</datepublicationfinale>
    <montantfinal>29426411.520000</montantfinal>
    <nomcontractant>SOFTCHOICE LP</nomcontractant>
    <neqcontractant>3369689461</neqcontractant>
  </contrat>
  <contrat>
    <numeroseao>1137244</numeroseao>
    <numero>2403-18-AP05</numero>
    <datefinale>2019-03-31</datefinale>
    <datepublicationfinale>2020-04-20</datepublicationfinale>
    <montantfinal>202392.240000</montantfinal>
    <nomcontractant>LES INDUSTRIES DE CIMENT LA GUADELOUPE INC.</nomcontractant>
    <neqcontractant>1141730136</neqcontractant>
  </contrat>
  <contrat>
    <numeroseao>1140768</numeroseao>
    <numero>33827200</numero>
    <datefinale>2022-04-12</datefinale>
    <datepublicationfinale>2022-06-06</datepublicationfinale>
    <montantfinal>449918.600000</montantfinal>
    <nomcontractant>Imperméabilisation Lessard Inc</nomcontractant>
    <neqcontractant>1142593095</neqcontractant>
  </contrat>
  <contrat>
    <numeroseao>1150035</numeroseao>
    <numero>6808-18-0302</numero>
    <datefinale>2018-09-11</datefinale>
    <datepublicationfinale>2022-02-01</datepublicationfinale>
    <montantfinal>41002.850000</montantfinal>
    <nomcontractant>Signalisation Audet inc.</nomcontractant>
    <neqcontractant>1148601827</neqcontractant>
  </contrat>
  <contrat>
    <numeroseao>1153378</numeroseao>
    <numero>1001732</numero>
    <datefinale>2021-06-30</datefinale>
    <datepublicationfinale>2021-10-15</datepublicationfinale>
    <montantfinal>40731989.260000</montantfinal>
    <nomcontractant>LANAU BUS, SEC</nomcontractant>
    <neqcontractant>3366001249</neqcontractant>
  </contrat>
  <contrat>
    <numeroseao>1155903</numeroseao>
    <numero>OS-SP-29377</numero>
    <datefinale>2021-07-09</datefinale>
    <datepublicationfinale>2021-09-15</datepublicationfinale>
    <montantfinal>736568.100000</montantfinal>
    <nomcontractant>SNC-LAVALIN INC.</nomcontractant>
    <neqcontractant>1142775999</neqcontractant>
  </contrat>
  <contrat>
    <numeroseao>1155903</numeroseao>
    <numero>OS-SP-29377</numero>
    <datefinale>2021-07-09</datefinale>
    <datepublicationfinale>2021-09-15</datepublicationfinale>
    <montantfinal>335370.570000</montantfinal>
    <nomcontractant>LES SERVICES EXP INC.</nomcontractant>
    <neqcontractant>1167268128</neqcontractant>
  </contrat>
  <contrat>
    <numeroseao>1166585</numeroseao>
    <numero>33826800</numero>
    <datefinale>2022-04-08</datefinale>
    <datepublicationfinale>2022-06-27</datepublicationfinale>
    <montantfinal>4645320.480000</montantfinal>
    <nomcontractant>9090-5092 Québec inc (Coffrages Synergy)</nomcontractant>
    <neqcontractant>1149312721</neqcontractant>
  </contrat>
  <contrat>
    <numeroseao>1174233</numeroseao>
    <numero>2018-015</numero>
    <datefinale>2021-07-13</datefinale>
    <datepublicationfinale>2021-11-03</datepublicationfinale>
    <montantfinal>215405.670000</montantfinal>
    <nomcontractant>9196-2886 QUÉBEC INC.</nomcontractant>
    <neqcontractant>1166211442</neqcontractant>
  </contrat>
  <contrat>
    <numeroseao>1187292</numeroseao>
    <numero>44510115</numero>
    <datefinale />
    <datepublicationfinale>2021-10-05</datepublicationfinale>
    <montantfinal>0.000000</montantfinal>
    <nomcontractant>Groupe Promécanic  Ltée</nomcontractant>
    <neqcontractant>1164611155</neqcontractant>
  </contrat>
  <contrat>
    <numeroseao>1251207</numeroseao>
    <numero>2018-029</numero>
    <datefinale>2022-01-18</datefinale>
    <datepublicationfinale>2022-08-01</datepublicationfinale>
    <montantfinal>38347.460000</montantfinal>
    <nomcontractant>Le Groupe Roger Faguy Inc.</nomcontractant>
    <neqcontractant>1143644988</neqcontractant>
  </contrat>
  <contrat>
    <numeroseao>1253041</numeroseao>
    <numero>2019-016</numero>
    <datefinale>2021-12-14</datefinale>
    <datepublicationfinale>2022-08-01</datepublicationfinale>
    <montantfinal>331417.410000</montantfinal>
    <nomcontractant>Gazon Rive Nord Inc.</nomcontractant>
    <neqcontractant>1169865426</neqcontractant>
  </contrat>
  <contrat>
    <numeroseao>1259215</numeroseao>
    <numero>6809-19-4501</numero>
    <datefinale>2022-05-31</datefinale>
    <datepublicationfinale>2022-10-07</datepublicationfinale>
    <montantfinal>2199605.150000</montantfinal>
    <nomcontractant>ENTREPRISES DE CONSTRUCTION GASTON MORIN (1979) LTÉE</nomcontractant>
    <neqcontractant>1142330977</neqcontractant>
  </contrat>
  <contrat>
    <numeroseao>1263578</numeroseao>
    <numero>6501-18-FE29</numero>
    <datefinale>2022-09-30</datefinale>
    <datepublicationfinale>2021-09-22</datepublicationfinale>
    <montantfinal>184449.180000</montantfinal>
    <nomcontractant>Cima+ S.E.N.C.</nomcontractant>
    <neqcontractant>3340563140</neqcontractant>
  </contrat>
  <contrat>
    <numeroseao>1264014</numeroseao>
    <numero>7000639</numero>
    <datefinale>2022-06-30</datefinale>
    <datepublicationfinale>2022-09-20</datepublicationfinale>
    <montantfinal>419995.950000</montantfinal>
    <nomcontractant>CONVERGINT TECHNOLOGIES LTD.</nomcontractant>
    <neqcontractant>1140621278</neqcontractant>
  </contrat>
  <contrat>
    <numeroseao>1266921</numeroseao>
    <numero>6608-19-0901</numero>
    <datefinale>2022-08-30</datefinale>
    <datepublicationfinale>2021-02-12</datepublicationfinale>
    <montantfinal>245112.850000</montantfinal>
    <nomcontractant>SINTRA INC.</nomcontractant>
    <neqcontractant>1145755295</neqcontractant>
  </contrat>
  <contrat>
    <numeroseao>1277242</numeroseao>
    <numero>46001273</numero>
    <datefinale>2021-06-30</datefinale>
    <datepublicationfinale>2021-10-15</datepublicationfinale>
    <montantfinal>601294.600000</montantfinal>
    <nomcontractant>9358-8663 Québec inc</nomcontractant>
    <neqcontractant>1172711914</neqcontractant>
  </contrat>
  <contrat>
    <numeroseao>1280174</numeroseao>
    <numero>6807-19-4502</numero>
    <datefinale>2022-08-05</datefinale>
    <datepublicationfinale>2022-08-11</datepublicationfinale>
    <montantfinal>3093757.750000</montantfinal>
    <nomcontractant>ENTREPRISES DE CONSTRUCTION GASTON MORIN (1979) LTÉE</nomcontractant>
    <neqcontractant>1142330977</neqcontractant>
  </contrat>
  <contrat>
    <numeroseao>1281988</numeroseao>
    <numero>46001288</numero>
    <datefinale>2021-06-30</datefinale>
    <datepublicationfinale>2021-10-15</datepublicationfinale>
    <montantfinal>108071.160000</montantfinal>
    <nomcontractant>TAXI RICHELIEU PATRIOTES INC</nomcontractant>
    <neqcontractant>1171855019</neqcontractant>
  </contrat>
  <contrat>
    <numeroseao>1287184</numeroseao>
    <numero>280423940</numero>
    <datefinale>2022-04-04</datefinale>
    <datepublicationfinale>2022-05-27</datepublicationfinale>
    <montantfinal>9102548.100000</montantfinal>
    <nomcontractant>Arent Fox</nomcontractant>
    <neqcontractant />
  </contrat>
  <contrat>
    <numeroseao>1290743</numeroseao>
    <numero>6610-19-4526</numero>
    <datefinale>2022-09-12</datefinale>
    <datepublicationfinale>2020-09-11</datepublicationfinale>
    <montantfinal>4364783.280000</montantfinal>
    <nomcontractant>EXCAVATIONS TOURIGNY INC.</nomcontractant>
    <neqcontractant>1147893409</neqcontractant>
  </contrat>
  <contrat>
    <numeroseao>1291558</numeroseao>
    <numero>2019TP17-AOP</numero>
    <datefinale>2022-08-20</datefinale>
    <datepublicationfinale>2022-09-08</datepublicationfinale>
    <montantfinal>1549135.980000</montantfinal>
    <nomcontractant>PRO-JET DÉMOLITION INC.</nomcontractant>
    <neqcontractant>1149828247</neqcontractant>
  </contrat>
  <contrat>
    <numeroseao>1306638</numeroseao>
    <numero>35852100</numero>
    <datefinale>2022-09-30</datefinale>
    <datepublicationfinale>2022-10-21</datepublicationfinale>
    <montantfinal>37837.600000</montantfinal>
    <nomcontractant>Plomberie Briere inc.</nomcontractant>
    <neqcontractant>1148270136</neqcontractant>
  </contrat>
  <contrat>
    <numeroseao>1312149</numeroseao>
    <numero>6807-19-4503</numero>
    <datefinale>2022-08-05</datefinale>
    <datepublicationfinale>2022-08-11</datepublicationfinale>
    <montantfinal>2012064.950000</montantfinal>
    <nomcontractant>9150-8234 Québec Inc</nomcontractant>
    <neqcontractant>1162705264</neqcontractant>
  </contrat>
  <contrat>
    <numeroseao>1316271</numeroseao>
    <numero>2501-20-LM01</numero>
    <datefinale>2022-03-01</datefinale>
    <datepublicationfinale>2022-04-08</datepublicationfinale>
    <montantfinal>695801.370000</montantfinal>
    <nomcontractant>CIMA+ </nomcontractant>
    <neqcontractant>3340563140</neqcontractant>
  </contrat>
  <contrat>
    <numeroseao>1316271</numeroseao>
    <numero>2501-20-LM01</numero>
    <datefinale>2022-03-01</datefinale>
    <datepublicationfinale>2022-04-08</datepublicationfinale>
    <montantfinal>241130.300000</montantfinal>
    <nomcontractant>Les Services EXP inc.</nomcontractant>
    <neqcontractant>1167268128</neqcontractant>
  </contrat>
  <contrat>
    <numeroseao>1316271</numeroseao>
    <numero>2501-20-LM01</numero>
    <datefinale>2022-03-01</datefinale>
    <datepublicationfinale>2022-04-08</datepublicationfinale>
    <montantfinal>177791.830000</montantfinal>
    <nomcontractant>QDI</nomcontractant>
    <neqcontractant>1164357023</neqcontractant>
  </contrat>
  <contrat>
    <numeroseao>1316271</numeroseao>
    <numero>2501-20-LM01</numero>
    <datefinale>2022-03-01</datefinale>
    <datepublicationfinale>2022-04-08</datepublicationfinale>
    <montantfinal>446833.480000</montantfinal>
    <nomcontractant>Tetra Tech QI inc.</nomcontractant>
    <neqcontractant>1169411510</neqcontractant>
  </contrat>
  <contrat>
    <numeroseao>1316271</numeroseao>
    <numero>2501-20-LM01</numero>
    <datefinale>2022-03-01</datefinale>
    <datepublicationfinale>2022-04-08</datepublicationfinale>
    <montantfinal>107697.070000</montantfinal>
    <nomcontractant>Stantec Experts-conseils ltée</nomcontractant>
    <neqcontractant>1170241336</neqcontractant>
  </contrat>
  <contrat>
    <numeroseao>1316271</numeroseao>
    <numero>2501-20-LM01</numero>
    <datefinale>2022-03-01</datefinale>
    <datepublicationfinale>2022-04-08</datepublicationfinale>
    <montantfinal>210188.580000</montantfinal>
    <nomcontractant>SNC-Lavalin inc.</nomcontractant>
    <neqcontractant>1142775999</neqcontractant>
  </contrat>
  <contrat>
    <numeroseao>1316271</numeroseao>
    <numero>2501-20-LM01</numero>
    <datefinale>2022-03-01</datefinale>
    <datepublicationfinale>2022-04-08</datepublicationfinale>
    <montantfinal>435446.400000</montantfinal>
    <nomcontractant>Norda Stelo inc.</nomcontractant>
    <neqcontractant>1165310831</neqcontractant>
  </contrat>
  <contrat>
    <numeroseao>1316271</numeroseao>
    <numero>2501-20-LM01</numero>
    <datefinale>2022-03-01</datefinale>
    <datepublicationfinale>2022-04-08</datepublicationfinale>
    <montantfinal>245760.000000</montantfinal>
    <nomcontractant>Groupe conseil Structura international</nomcontractant>
    <neqcontractant>3367532481</neqcontractant>
  </contrat>
  <contrat>
    <numeroseao>1324824</numeroseao>
    <numero>6407-20-SB01</numero>
    <datefinale>2022-09-29</datefinale>
    <datepublicationfinale>2022-10-03</datepublicationfinale>
    <montantfinal>516344.280000</montantfinal>
    <nomcontractant>Excavations G.A.L. inc.</nomcontractant>
    <neqcontractant>1161846168</neqcontractant>
  </contrat>
  <contrat>
    <numeroseao>1345190</numeroseao>
    <numero>6507-18-SB01</numero>
    <datefinale>2019-12-17</datefinale>
    <datepublicationfinale>2022-10-20</datepublicationfinale>
    <montantfinal>16758.000000</montantfinal>
    <nomcontractant>Entreprises D. Lebrun inc.</nomcontractant>
    <neqcontractant>1167161117</neqcontractant>
  </contrat>
  <contrat>
    <numeroseao>1346798</numeroseao>
    <numero>45000981</numero>
    <datefinale>2022-08-25</datefinale>
    <datepublicationfinale>2022-04-12</datepublicationfinale>
    <montantfinal>69996.780000</montantfinal>
    <nomcontractant>Hexarem Inc.</nomcontractant>
    <neqcontractant>1168891381</neqcontractant>
  </contrat>
  <contrat>
    <numeroseao>1354962</numeroseao>
    <numero>6501-20-SG01</numero>
    <datefinale>2022-09-07</datefinale>
    <datepublicationfinale>2021-03-24</datepublicationfinale>
    <montantfinal>53430.000000</montantfinal>
    <nomcontractant>LES ENTREPRISES P.N.P. INC.</nomcontractant>
    <neqcontractant>1146721676</neqcontractant>
  </contrat>
  <contrat>
    <numeroseao>1356007</numeroseao>
    <numero>9108-18-0201</numero>
    <datefinale>2022-11-10</datefinale>
    <datepublicationfinale>2022-08-04</datepublicationfinale>
    <montantfinal>2865507.940000</montantfinal>
    <nomcontractant>COUILLARD CONSTRUCTION LIMITÉE</nomcontractant>
    <neqcontractant>1143700343</neqcontractant>
  </contrat>
  <contrat>
    <numeroseao>1356960</numeroseao>
    <numero>Contrat 2020-03-SP</numero>
    <datefinale>2022-11-11</datefinale>
    <datepublicationfinale>2021-11-10</datepublicationfinale>
    <montantfinal>80462.610000</montantfinal>
    <nomcontractant>turquoise design inc.</nomcontractant>
    <neqcontractant>1173592172</neqcontractant>
  </contrat>
  <contrat>
    <numeroseao>1361136</numeroseao>
    <numero>6507-20-SB01</numero>
    <datefinale>2022-11-22</datefinale>
    <datepublicationfinale>2022-09-01</datepublicationfinale>
    <montantfinal>37065.600000</montantfinal>
    <nomcontractant>Déneigement BG Taxi Dégelis</nomcontractant>
    <neqcontractant>2240694812</neqcontractant>
  </contrat>
  <contrat>
    <numeroseao>1363540</numeroseao>
    <numero>6610-20-4696</numero>
    <datefinale>2022-08-31</datefinale>
    <datepublicationfinale>2022-09-01</datepublicationfinale>
    <montantfinal>37615.200000</montantfinal>
    <nomcontractant>DOUVILLE, SÉBASTIEN</nomcontractant>
    <neqcontractant>2265220253</neqcontractant>
  </contrat>
  <contrat>
    <numeroseao>1364124</numeroseao>
    <numero>8907-20-4505</numero>
    <datefinale>2022-07-12</datefinale>
    <datepublicationfinale>2022-10-07</datepublicationfinale>
    <montantfinal>2045118.610000</montantfinal>
    <nomcontractant>RONALD O'CONNOR CONSTRUCTION INC.</nomcontractant>
    <neqcontractant>1144447522</neqcontractant>
  </contrat>
  <contrat>
    <numeroseao>1370641</numeroseao>
    <numero>6608-20-4573</numero>
    <datefinale>2022-08-31</datefinale>
    <datepublicationfinale>2022-09-01</datepublicationfinale>
    <montantfinal>857670.310000</montantfinal>
    <nomcontractant>MARTIN MERCIER INC.</nomcontractant>
    <neqcontractant>1141838038</neqcontractant>
  </contrat>
  <contrat>
    <numeroseao>1382500</numeroseao>
    <numero>44516931</numero>
    <datefinale>2022-11-03</datefinale>
    <datepublicationfinale>2022-04-21</datepublicationfinale>
    <montantfinal>579900.000000</montantfinal>
    <nomcontractant>TOITURES SHERBROOKE INC.</nomcontractant>
    <neqcontractant>1165849473</neqcontractant>
  </contrat>
  <contrat>
    <numeroseao>1384776</numeroseao>
    <numero>Contrat 2020-03-TR</numero>
    <datefinale>2021-01-31</datefinale>
    <datepublicationfinale>2021-11-10</datepublicationfinale>
    <montantfinal>747474.520000</montantfinal>
    <nomcontractant>LES TERRASSEMENTS MULTI-PAYSAGES INC.</nomcontractant>
    <neqcontractant>1140382590</neqcontractant>
  </contrat>
  <contrat>
    <numeroseao>1396535</numeroseao>
    <numero>46001502</numero>
    <datefinale>2021-05-31</datefinale>
    <datepublicationfinale>2021-10-15</datepublicationfinale>
    <montantfinal>3717048.010000</montantfinal>
    <nomcontractant>Lanau Bus, SEC</nomcontractant>
    <neqcontractant>3366001249</neqcontractant>
  </contrat>
  <contrat>
    <numeroseao>1397881</numeroseao>
    <numero>6706-20-NB02</numero>
    <datefinale>2021-07-06</datefinale>
    <datepublicationfinale>2021-03-24</datepublicationfinale>
    <montantfinal>82153.740000</montantfinal>
    <nomcontractant>Relais Nordik Inc.</nomcontractant>
    <neqcontractant>1143045624</neqcontractant>
  </contrat>
  <contrat>
    <numeroseao>1412481</numeroseao>
    <numero>1074</numero>
    <datefinale>2021-06-15</datefinale>
    <datepublicationfinale>2021-06-30</datepublicationfinale>
    <montantfinal>325277.360000</montantfinal>
    <nomcontractant>MAÇONNERIE RAINVILLE &amp; FRÈRES INC.</nomcontractant>
    <neqcontractant>1162473921</neqcontractant>
  </contrat>
  <contrat>
    <numeroseao>1417345</numeroseao>
    <numero>6609-20-NL02</numero>
    <datefinale>2022-08-31</datefinale>
    <datepublicationfinale>2022-09-01</datepublicationfinale>
    <montantfinal>248541.230000</montantfinal>
    <nomcontractant>EXCAVATION ROBERGE ET FILS INC.</nomcontractant>
    <neqcontractant>1164285570</neqcontractant>
  </contrat>
  <contrat>
    <numeroseao>1433745</numeroseao>
    <numero>GAT 2020-07</numero>
    <datefinale>2020-07-24</datefinale>
    <datepublicationfinale>2020-12-15</datepublicationfinale>
    <montantfinal>443047.000000</montantfinal>
    <nomcontractant>Société de l'Assurance Automobile du Québec (SAAQ)</nomcontractant>
    <neqcontractant>1141134214</neqcontractant>
  </contrat>
  <contrat>
    <numeroseao>1478903</numeroseao>
    <numero>45073425</numero>
    <datefinale>2022-11-18</datefinale>
    <datepublicationfinale>2022-08-26</datepublicationfinale>
    <montantfinal>77608.120000</montantfinal>
    <nomcontractant>BERNIER CONSEIL INC.</nomcontractant>
    <neqcontractant>1169835767</neqcontractant>
  </contrat>
  <contrat>
    <numeroseao>1488616</numeroseao>
    <numero>GRM-2937</numero>
    <datefinale>2022-11-14</datefinale>
    <datepublicationfinale>2022-09-06</datepublicationfinale>
    <montantfinal>41328.240000</montantfinal>
    <nomcontractant>LOCATION JEAN LÉGARÉ LTÉE</nomcontractant>
    <neqcontractant>1142236711</neqcontractant>
  </contrat>
  <contrat>
    <numeroseao>1492700</numeroseao>
    <numero>10163</numero>
    <datefinale />
    <datepublicationfinale>2022-06-06</datepublicationfinale>
    <montantfinal>0.000000</montantfinal>
    <nomcontractant>Genome Quebec </nomcontractant>
    <neqcontractant>1149523236</neqcontractant>
  </contrat>
  <contrat>
    <numeroseao>1512422</numeroseao>
    <numero>CR20210031</numero>
    <datefinale>2022-10-21</datefinale>
    <datepublicationfinale>2022-09-02</datepublicationfinale>
    <montantfinal>265440.900000</montantfinal>
    <nomcontractant>TEKNION ROY &amp; BRETON INC.</nomcontractant>
    <neqcontractant>1169629970</neqcontractant>
  </contrat>
  <contrat>
    <numeroseao>1532448</numeroseao>
    <numero>CS31211</numero>
    <datefinale>2021-12-23</datefinale>
    <datepublicationfinale>2022-05-12</datepublicationfinale>
    <montantfinal>411820.000000</montantfinal>
    <nomcontractant>GRAND-MAISON ET FILS INC.</nomcontractant>
    <neqcontractant>1142355925</neqcontractant>
  </contrat>
  <contrat>
    <numeroseao>1534925</numeroseao>
    <numero>400393012</numero>
    <datefinale>2022-10-14</datefinale>
    <datepublicationfinale>2022-10-14</datepublicationfinale>
    <montantfinal>93454.370000</montantfinal>
    <nomcontractant>G.E.G. CLASSEURS ET PLUS INC.</nomcontractant>
    <neqcontractant>1149318611</neqcontractant>
  </contrat>
  <contrat>
    <numeroseao>1536608</numeroseao>
    <numero>2122-370-014</numero>
    <datefinale>2022-06-28</datefinale>
    <datepublicationfinale>2022-07-06</datepublicationfinale>
    <montantfinal>78878.010000</montantfinal>
    <nomcontractant>CORPORATION GROUPE DE FILTRATION DAFCO</nomcontractant>
    <neqcontractant>1163162135</neqcontractant>
  </contrat>
  <contrat>
    <numeroseao>1536956</numeroseao>
    <numero>GG-21-031 (2020-BAT-814)</numero>
    <datefinale>2022-03-25</datefinale>
    <datepublicationfinale>2022-08-08</datepublicationfinale>
    <montantfinal>33008.240000</montantfinal>
    <nomcontractant>LES SURFACES SÉCURITAIRES CARPELL INC.</nomcontractant>
    <neqcontractant>1160561420</neqcontractant>
  </contrat>
  <contrat>
    <numeroseao>1538820</numeroseao>
    <numero>55790_511_SG_PUB_SI</numero>
    <datefinale />
    <datepublicationfinale>2022-08-15</datepublicationfinale>
    <montantfinal>0.000000</montantfinal>
    <nomcontractant>GHD CONSULTANTS LTÉE</nomcontractant>
    <neqcontractant>1171077796</neqcontractant>
  </contrat>
  <contrat>
    <numeroseao>1541507</numeroseao>
    <numero>CA-117491</numero>
    <datefinale>2022-09-30</datefinale>
    <datepublicationfinale>2022-10-25</datepublicationfinale>
    <montantfinal>32682.000000</montantfinal>
    <nomcontractant>SOCIÉTÉ DE CONTRÔLE JOHNSON CANADA S.E.C.</nomcontractant>
    <neqcontractant>3367672865</neqcontractant>
  </contrat>
  <contrat>
    <numeroseao>1556911</numeroseao>
    <numero>6806-22-PZ02 </numero>
    <datefinale>2022-09-09</datefinale>
    <datepublicationfinale>2022-09-14</datepublicationfinale>
    <montantfinal>123665.950000</montantfinal>
    <nomcontractant>LES ENTREPRISES TRÉMA INC.</nomcontractant>
    <neqcontractant>1164287592</neqcontractant>
  </contrat>
  <contrat>
    <numeroseao>1558657</numeroseao>
    <numero>6806-22-PB01</numero>
    <datefinale>2022-05-31</datefinale>
    <datepublicationfinale>2022-06-08</datepublicationfinale>
    <montantfinal>155232.000000</montantfinal>
    <nomcontractant>9257-0373 QUÉBEC INC.</nomcontractant>
    <neqcontractant>1167943928</neqcontractant>
  </contrat>
  <contrat>
    <numeroseao>1559542</numeroseao>
    <numero>45078255</numero>
    <datefinale>2022-09-20</datefinale>
    <datepublicationfinale>2022-09-20</datepublicationfinale>
    <montantfinal>43152.420000</montantfinal>
    <nomcontractant>L'ATELIER URBAIN INC.</nomcontractant>
    <neqcontractant>1164806516</neqcontractant>
  </contrat>
  <contrat>
    <numeroseao>1578018</numeroseao>
    <numero>45001667</numero>
    <datefinale>2022-08-17</datefinale>
    <datepublicationfinale>2022-10-05</datepublicationfinale>
    <montantfinal>226012.690000</montantfinal>
    <nomcontractant>Cossette média inc.</nomcontractant>
    <neqcontractant>1174211624</neqcontractant>
  </contrat>
  <contrat>
    <numeroseao>1581032</numeroseao>
    <numero>45001708</numero>
    <datefinale>2022-08-17</datefinale>
    <datepublicationfinale>2022-10-05</datepublicationfinale>
    <montantfinal>70428.190000</montantfinal>
    <nomcontractant>Cossette média inc.</nomcontractant>
    <neqcontractant>1174211624</neqcontractant>
  </contrat>
  <contrat>
    <numeroseao>1613864</numeroseao>
    <numero>445804957</numero>
    <datefinale>2022-07-19</datefinale>
    <datepublicationfinale>2022-10-19</datepublicationfinale>
    <montantfinal>108750.500000</montantfinal>
    <nomcontractant>VERSION IMAGE PLUS INC.</nomcontractant>
    <neqcontractant>1146524278</neqcontractant>
  </contrat>
  <contrat>
    <numeroseao>1618118</numeroseao>
    <numero>S 280 429 872</numero>
    <datefinale>2022-07-24</datefinale>
    <datepublicationfinale>2022-08-10</datepublicationfinale>
    <montantfinal>27953.540000</montantfinal>
    <nomcontractant>Farnborough International Limited</nomcontractant>
    <neqcontractant />
  </contrat>
  <contrat>
    <numeroseao>1618600</numeroseao>
    <numero>SE-2022-OPS-01</numero>
    <datefinale>2022-08-05</datefinale>
    <datepublicationfinale>2022-09-12</datepublicationfinale>
    <montantfinal>167768.650000</montantfinal>
    <nomcontractant>AUTOCAR EXCELLENCE INC.</nomcontractant>
    <neqcontractant>1142792077</neqcontractant>
  </contrat>
  <contrat>
    <numeroseao>1634256</numeroseao>
    <numero>9001-22-AP74</numero>
    <datefinale>2022-11-08</datefinale>
    <datepublicationfinale>2022-08-16</datepublicationfinale>
    <montantfinal>12895.000000</montantfinal>
    <nomcontractant>Airbus Helicopters Canada Limited</nomcontractant>
    <neqcontractant />
  </contrat>
  <contrat>
    <numeroseao>1636624</numeroseao>
    <numero>9415</numero>
    <datefinale>2022-09-09</datefinale>
    <datepublicationfinale>2022-08-19</datepublicationfinale>
    <montantfinal>32454.870000</montantfinal>
    <nomcontractant>HARNOIS ÉNERGIES INC.</nomcontractant>
    <neqcontractant>1162219647</neqcontractant>
  </contrat>
  <contrat>
    <numeroseao>1643807</numeroseao>
    <numero>8907-22-NM01</numero>
    <datefinale>2022-11-08</datefinale>
    <datepublicationfinale>2022-09-20</datepublicationfinale>
    <montantfinal>30870.700000</montantfinal>
    <nomcontractant>9246-2571 Québec inc.</nomcontractant>
    <neqcontractant>1167405613</neqcontractant>
  </contrat>
</export>