<?xml version="1.0" encoding="UTF-8"?>
<metadata xml:lang="fr"><Esri><CreaDate>20151123</CreaDate><CreaTime>11390900</CreaTime><ArcGISFormat>1.0</ArcGISFormat><SyncOnce>TRUE</SyncOnce><DataProperties><lineage><Process ToolSource="c:\program files (x86)\arcgis\desktop10.3\ArcToolbox\Toolboxes\Data Management Tools.tbx\CalculateField" Date="20151119" Time="170159">CalculateField Station_échantillonnage_Spécial_2015 SEGREGATION 1 VB #</Process><Process ToolSource="c:\program files (x86)\arcgis\desktop10.3\ArcToolbox\Toolboxes\Data Management Tools.tbx\CalculateField" Date="20151119" Time="170457">CalculateField Station_échantillonnage_Spécial_2015 SEGREGATION 1 VB #</Process><Process ToolSource="c:\program files (x86)\arcgis\desktop10.3\ArcToolbox\Toolboxes\Data Management Tools.tbx\CalculateField" Date="20151119" Time="172241">CalculateField Station_échantillonnage_Spécial_2015 SEGREGATION 2 VB #</Process><Process ToolSource="c:\program files (x86)\arcgis\desktop10.3\ArcToolbox\Toolboxes\Data Management Tools.tbx\CalculateField" Date="20151120" Time="090853">CalculateField Station_échantillonnage_Spécial_2015 SEGREGATION 3 VB #</Process><Process ToolSource="c:\program files (x86)\arcgis\desktop10.3\ArcToolbox\Toolboxes\Data Management Tools.tbx\CalculateField" Date="20151120" Time="091415">CalculateField Station_échantillonnage_Spécial_2015 SEGREGATION 3 VB #</Process><Process ToolSource="c:\program files (x86)\arcgis\desktop10.3\ArcToolbox\Toolboxes\Data Management Tools.tbx\CalculateField" Date="20151120" Time="091745">CalculateField Station_échantillonnage_Spécial_2015 SEGREGATION 4 VB #</Process><Process ToolSource="c:\program files (x86)\arcgis\desktop10.3\ArcToolbox\Toolboxes\Data Management Tools.tbx\CalculateField" Date="20151120" Time="091859">CalculateField Station_échantillonnage_Spécial_2015 SEGREGATION 3 VB #</Process><Process ToolSource="c:\program files (x86)\arcgis\desktop10.3\ArcToolbox\Toolboxes\Data Management Tools.tbx\CalculateField" Date="20151120" Time="110151">CalculateField Station_échantillonnage_Spécial_2015 SEGREGATION 3 VB #</Process><Process ToolSource="c:\program files (x86)\arcgis\desktop10.3\ArcToolbox\Toolboxes\Data Management Tools.tbx\CalculateField" Date="20151120" Time="141250">CalculateField Station_échantillonnage_Spécial_2015 SEGREGATION 2 VB #</Process><Process ToolSource="c:\program files (x86)\arcgis\desktop10.3\ArcToolbox\Toolboxes\Data Management Tools.tbx\CalculateField" Date="20151120" Time="141401">CalculateField Station_échantillonnage_Spécial_2015 SEGREGATION 1 VB #</Process><Process ToolSource="c:\program files (x86)\arcgis\desktop10.3\ArcToolbox\Toolboxes\Data Management Tools.tbx\CalculateField" Date="20151120" Time="141611">CalculateField Station_échantillonnage_Spécial_2015 SEGREGATION 2 VB #</Process><Process ToolSource="c:\program files (x86)\arcgis\desktop10.3\ArcToolbox\Toolboxes\Data Management Tools.tbx\CalculateField" Date="20151120" Time="161520">CalculateField Station_échantillonnage_Spécial_2015 SEGREGATION 1 VB #</Process></lineage></DataProperties></Esri></metadata>
